SITE CODE= 41329éÖãõêÏésàÍÇÃã{          ,37.4962,137.2705, 15.86,7.6,45292.6738723, 12.58, 21.45
 LAT.=   37.0388
 LON.=  137.8633
 SAMPLING RATE= 100Hz
 UNIT  = gal(cm/s/s)
INITIAL TIME = 2024 01 01 16 10 10
 NS,EW,UD
-0.024,-0.037,-0.010
-0.021,-0.040,-0.007
-0.021,-0.025,0.001
-0.018,-0.010,0.011
-0.011,-0.010,0.016
-0.012,-0.018,0.009
-0.023,-0.017,-0.007
-0.032,-0.005,-0.021
-0.025,0.007,-0.019
-0.011,0.005,0.001
-0.004,-0.011,0.022
-0.012,-0.023,0.026
-0.025,-0.025,0.014
-0.030,-0.017,-0.004
-0.020,-0.012,-0.018
-0.005,-0.012,-0.027
0.005,-0.013,-0.032
0.008,-0.011,-0.025
0.004,-0.008,-0.006
-0.002,-0.008,0.018
-0.009,-0.009,0.029
-0.014,-0.006,0.018
-0.014,-0.004,-0.007
-0.011,-0.009,-0.028
-0.009,-0.025,-0.032
-0.007,-0.041,-0.024
0.000,-0.043,-0.014
0.012,-0.028,-0.010
0.021,-0.007,-0.010
0.018,0.004,-0.013
0.003,0.002,-0.016
-0.012,-0.005,-0.020
-0.010,-0.012,-0.019
0.011,-0.018,-0.011
0.035,-0.020,0.003
0.037,-0.016,0.014
0.009,-0.005,0.012
-0.027,0.004,-0.007
-0.038,0.001,-0.033
-0.008,-0.014,-0.045
0.045,-0.024,-0.027
0.074,-0.016,0.012
0.054,0.003,0.043
0.000,0.012,0.039
-0.043,-0.001,0.002
-0.039,-0.024,-0.041
0.004,-0.032,-0.057
0.048,-0.019,-0.040
0.061,0.002,-0.006
0.043,0.008,0.019
0.013,-0.001,0.022
-0.006,-0.011,0.011
-0.011,-0.007,-0.000
-0.003,0.006,-0.006
0.009,0.014,-0.004
0.018,0.010,0.002
0.017,0.002,0.006
0.007,-0.003,0.004
0.002,0.000,-0.002
0.013,0.004,-0.004
0.030,0.006,0.003
0.032,0.009,0.014
0.005,0.015,0.017
-0.028,0.019,0.005
-0.035,0.012,-0.014
-0.005,0.000,-0.023
0.030,-0.006,-0.014
0.037,0.002,0.005
0.011,0.016,0.017
-0.015,0.020,0.017
-0.010,0.008,0.011
0.018,-0.004,0.011
0.037,0.000,0.019
0.019,0.018,0.022
-0.020,0.030,0.007
-0.046,0.021,-0.022
-0.036,0.000,-0.047
0.002,-0.005,-0.048
0.041,0.010,-0.022
0.056,0.033,0.016
0.043,0.038,0.041
0.013,0.024,0.044
-0.018,0.009,0.027
-0.034,0.006,0.001
-0.027,0.012,-0.021
-0.003,0.015,-0.029
0.021,0.011,-0.022
0.031,0.007,-0.002
0.028,0.010,0.023
0.023,0.016,0.042
0.024,0.021,0.051
0.018,0.025,0.046
-0.011,0.029,0.023
-0.054,0.028,-0.015
-0.077,0.013,-0.057
-0.048,-0.011,-0.080
0.023,-0.024,-0.064
0.092,-0.012,-0.016
0.111,0.017,0.038
0.075,0.034,0.071
0.016,0.021,0.071
-0.025,-0.009,0.049
-0.029,-0.027,0.019
-0.009,-0.016,-0.004
0.014,0.008,-0.016
0.020,0.019,-0.020
0.009,0.008,-0.023
-0.002,-0.010,-0.029
0.008,-0.015,-0.030
0.038,-0.004,-0.016
0.059,0.011,0.011
0.043,0.020,0.030
-0.010,0.020,0.022
-0.052,0.012,-0.009
-0.039,-0.001,-0.030
0.018,-0.012,-0.024
0.064,-0.012,0.002
0.056,0.003,0.014
0.005,0.020,-0.000
-0.034,0.021,-0.021
-0.024,0.002,-0.016
0.013,-0.015,0.017
0.024,-0.008,0.045
-0.011,0.019,0.027
-0.057,0.036,-0.032
-0.064,0.022,-0.085
-0.015,-0.012,-0.088
0.049,-0.032,-0.040
0.077,-0.016,0.019
0.053,0.019,0.047
0.005,0.034,0.036
-0.029,0.016,0.015
-0.035,-0.018,0.007
-0.025,-0.032,0.010
-0.014,-0.013,0.005
-0.009,0.017,-0.015
-0.005,0.026,-0.038
0.002,0.005,-0.043
0.012,-0.022,-0.025
0.022,-0.029,0.001
0.023,-0.009,0.016
0.009,0.017,0.014
-0.016,0.022,-0.002
-0.033,0.003,-0.016
-0.021,-0.019,-0.020
0.022,-0.020,-0.007
0.062,0.000,0.013
0.061,0.023,0.024
0.014,0.023,0.013
-0.037,-0.003,-0.015
-0.046,-0.032,-0.036
-0.003,-0.038,-0.026
0.048,-0.011,0.009
0.056,0.029,0.036
0.014,0.043,0.023
-0.029,0.014,-0.022
-0.020,-0.037,-0.053
0.039,-0.069,-0.032
0.089,-0.051,0.022
0.077,0.000,0.055
0.012,0.034,0.032
-0.038,0.018,-0.020
-0.027,-0.033,-0.041
0.030,-0.067,-0.009
0.070,-0.051,0.037
0.057,-0.001,0.048
0.014,0.032,0.014
-0.015,0.019,-0.025
-0.011,-0.018,-0.031
0.008,-0.034,-0.011
0.023,-0.012,0.007
0.032,0.021,0.007
0.039,0.022,0.007
0.038,-0.011,0.017
0.019,-0.044,0.030
-0.007,-0.042,0.025
-0.017,-0.011,-0.001
0.000,0.016,-0.029
0.029,0.008,-0.039
0.046,-0.022,-0.023
0.043,-0.042,0.006
0.032,-0.034,0.035
0.018,-0.007,0.046
0.002,0.012,0.032
-0.014,0.006,-0.005
-0.015,-0.017,-0.040
0.013,-0.038,-0.045
0.057,-0.039,-0.014
0.080,-0.016,0.023
0.062,0.010,0.036
0.017,0.016,0.014
-0.015,-0.007,-0.017
-0.009,-0.040,-0.024
0.027,-0.050,-0.005
0.057,-0.026,0.019
0.057,0.007,0.023
0.030,0.014,0.009
-0.001,-0.006,-0.005
-0.018,-0.029,-0.010
-0.013,-0.027,-0.009
0.011,-0.008,-0.011
0.040,0.004,-0.013
0.053,-0.003,-0.006
0.037,-0.018,0.006
0.002,-0.025,0.012
-0.020,-0.020,0.002
-0.004,-0.014,-0.012
0.034,-0.008,-0.013
0.054,0.002,0.002
0.030,0.011,0.016
-0.015,0.007,0.012
-0.037,-0.012,-0.007
-0.015,-0.029,-0.022
0.024,-0.021,-0.019
0.038,0.008,-0.004
0.016,0.026,0.007
-0.014,0.010,0.006
-0.022,-0.025,-0.000
-0.007,-0.040,-0.004
0.006,-0.015,-0.002
0.005,0.025,0.001
-0.003,0.040,0.002
-0.004,0.018,0.002
0.000,-0.014,-0.003
0.000,-0.022,-0.010
-0.004,-0.001,-0.018
-0.003,0.022,-0.018
0.006,0.021,-0.009
0.014,0.002,0.003
0.008,-0.013,0.006
-0.008,-0.007,-0.003
-0.016,0.011,-0.013
-0.007,0.021,-0.011
0.010,0.016,0.001
0.017,0.007,0.012
0.009,0.005,0.012
-0.004,0.011,0.005
-0.010,0.016,-0.000
-0.007,0.012,-0.000
-0.007,0.004,-0.002
-0.013,0.000,-0.013
-0.017,0.001,-0.027
-0.009,0.005,-0.027
0.006,0.008,-0.010
0.012,0.011,0.013
-0.001,0.014,0.019
-0.023,0.016,0.004
-0.034,0.012,-0.018
-0.024,0.005,-0.023
-0.008,0.004,-0.011
-0.007,0.008,0.000
-0.024,0.012,-0.005
-0.038,0.005,-0.020
-0.032,-0.011,-0.026
-0.011,-0.015,-0.016
0.002,0.004,-0.001
-0.002,0.035,0.000
-0.010,0.047,-0.010
-0.008,0.025,-0.016
0.002,-0.009,-0.004
0.003,-0.021,0.014
-0.013,0.001,0.016
-0.030,0.025,-0.004
-0.027,0.018,-0.030
-0.004,-0.019,-0.040
0.019,-0.046,-0.027
0.021,-0.033,-0.001
0.004,0.007,0.023
-0.012,0.035,0.037
-0.015,0.030,0.036
-0.014,0.010,0.017
-0.018,0.003,-0.013
-0.023,0.011,-0.038
-0.019,0.012,-0.042
-0.004,-0.003,-0.023
0.004,-0.021,0.001
-0.008,-0.020,0.011
-0.030,0.001,0.006
-0.037,0.020,0.001
-0.021,0.020,0.004
0.005,0.012,0.011
0.014,0.013,0.011
-0.002,0.022,0.004
-0.024,0.022,-0.002
-0.033,0.010,-0.003
-0.024,-0.001,-0.005
-0.011,0.004,-0.010
-0.004,0.016,-0.014
-0.007,0.014,-0.007
-0.015,-0.004,0.012
-0.023,-0.017,0.028
-0.029,-0.003,0.027
-0.029,0.033,0.014
-0.020,0.060,0.004
-0.007,0.055,0.005
0.002,0.023,0.009
0.000,-0.005,0.006
-0.009,-0.011,-0.004
-0.018,0.001,-0.008
-0.023,0.016,0.000
-0.023,0.021,0.012
-0.019,0.014,0.017
-0.011,0.005,0.014
-0.001,0.004,0.014
0.004,0.012,0.021
-0.006,0.025,0.025
-0.024,0.027,0.016
-0.032,0.012,-0.006
-0.023,-0.008,-0.022
-0.005,-0.014,-0.018
-0.001,0.003,0.002
-0.013,0.023,0.020
-0.028,0.025,0.025
-0.032,0.005,0.017
-0.024,-0.015,0.007
-0.016,-0.018,0.006
-0.011,-0.011,0.012
-0.003,-0.014,0.025
0.007,-0.026,0.036
0.001,-0.025,0.035
-0.027,0.002,0.016
-0.057,0.033,-0.016
-0.054,0.032,-0.037
-0.012,-0.005,-0.025
0.030,-0.041,0.011
0.030,-0.037,0.039
-0.013,-0.001,0.035
-0.053,0.025,0.009
-0.050,0.014,-0.011
-0.012,-0.011,-0.009
0.016,-0.010,0.004
0.009,0.021,0.012
-0.011,0.038,0.011
-0.013,0.011,0.012
0.003,-0.037,0.017
0.009,-0.050,0.013
-0.004,-0.012,-0.002
-0.019,0.034,-0.014
-0.011,0.037,-0.009
0.012,-0.002,0.007
0.022,-0.032,0.009
0.008,-0.018,-0.007
-0.011,0.022,-0.020
-0.012,0.038,-0.009
0.004,0.012,0.019
0.013,-0.031,0.030
0.009,-0.054,0.014
0.003,-0.043,-0.007
0.007,-0.011,-0.004
0.012,0.027,0.018
0.005,0.052,0.028
-0.011,0.045,0.005
-0.013,0.000,-0.030
0.007,-0.055,-0.040
0.025,-0.073,-0.016
0.015,-0.029,0.014
-0.013,0.037,0.020
-0.024,0.062,0.002
0.002,0.027,-0.014
0.036,-0.025,-0.011
0.035,-0.033,-0.000
-0.003,0.003,-0.000
-0.033,0.032,-0.011
-0.021,0.016,-0.014
0.017,-0.020,-0.002
0.032,-0.025,0.012
0.005,0.011,0.006
-0.029,0.041,-0.018
-0.026,0.025,-0.036
0.012,-0.019,-0.028
0.041,-0.037,0.004
0.032,-0.008,0.038
-0.002,0.034,0.047
-0.023,0.041,0.020
-0.016,0.006,-0.029
0.004,-0.033,-0.071
0.019,-0.040,-0.073
0.025,-0.016,-0.025
0.023,0.010,0.038
0.012,0.020,0.065
-0.005,0.012,0.034
-0.017,-0.001,-0.023
-0.010,-0.014,-0.051
0.013,-0.020,-0.031
0.029,-0.017,0.008
0.024,-0.007,0.024
0.007,0.003,0.007
-0.004,0.004,-0.021
-0.001,-0.001,-0.037
0.007,-0.005,-0.035
0.014,-0.010,-0.021
0.020,-0.021,0.004
0.026,-0.034,0.032
0.022,-0.026,0.048
0.004,0.010,0.037
-0.012,0.048,0.003
-0.004,0.045,-0.030
0.025,-0.006,-0.038
0.047,-0.059,-0.024
0.032,-0.059,-0.007
-0.005,-0.011,0.003
-0.026,0.026,0.008
-0.005,0.011,0.011
0.031,-0.027,0.000
0.043,-0.032,-0.026
0.022,0.004,-0.048
-0.002,0.029,-0.037
0.004,-0.002,0.006
0.029,-0.059,0.045
0.038,-0.073,0.041
0.017,-0.025,0.002
-0.005,0.030,-0.030
0.002,0.029,-0.023
0.032,-0.020,0.009
0.046,-0.054,0.024
0.024,-0.037,0.005
-0.010,-0.001,-0.024
-0.016,0.004,-0.030
0.012,-0.027,-0.016
0.045,-0.054,-0.004
0.050,-0.048,-0.005
0.032,-0.025,-0.003
0.011,-0.011,0.015
-0.002,-0.006,0.031
-0.009,0.002,0.017
-0.009,0.009,-0.021
0.009,-0.009,-0.042
0.038,-0.052,-0.018
0.049,-0.077,0.031
0.023,-0.048,0.052
-0.020,0.015,0.022
-0.035,0.046,-0.023
-0.003,0.014,-0.036
0.040,-0.037,-0.009
0.045,-0.044,0.024
0.007,-0.003,0.027
-0.029,0.029,0.005
-0.021,0.008,-0.009
0.016,-0.040,-0.001
0.032,-0.050,0.012
0.008,-0.008,0.012
-0.024,0.035,0.003
-0.023,0.029,0.002
0.008,-0.014,0.014
0.029,-0.037,0.025
0.016,-0.018,0.022
-0.012,0.010,0.007
-0.016,0.005,-0.002
0.008,-0.023,0.002
0.030,-0.033,0.008
0.025,-0.005,0.008
0.003,0.025,0.003
-0.011,0.020,0.003
-0.004,-0.017,0.009
0.006,-0.043,0.015
0.004,-0.028,0.014
-0.007,0.007,0.009
-0.012,0.025,0.007
-0.007,0.016,0.010
-0.003,-0.003,0.012
-0.005,-0.011,0.012
-0.011,-0.007,0.014
-0.011,-0.003,0.014
-0.010,-0.004,0.009
-0.018,-0.003,-0.004
-0.030,-0.001,-0.017
-0.033,-0.005,-0.018
-0.020,-0.016,-0.005
-0.005,-0.021,0.012
-0.003,-0.011,0.018
-0.015,0.006,0.013
-0.029,0.011,0.006
-0.033,-0.003,0.004
-0.028,-0.018,0.006
-0.024,-0.018,0.006
-0.023,-0.004,0.003
-0.020,0.004,0.000
-0.018,0.000,-0.002
-0.021,-0.007,-0.003
-0.029,-0.009,-0.003
-0.034,-0.006,0.000
-0.025,-0.010,0.008
-0.012,-0.017,0.016
-0.007,-0.015,0.019
-0.020,-0.001,0.013
-0.035,0.012,0.006
-0.037,0.007,0.003
-0.027,-0.014,0.002
-0.020,-0.024,0.001
-0.025,-0.011,0.001
-0.037,0.010,0.006
-0.037,0.016,0.016
-0.025,0.004,0.020
-0.015,-0.005,0.011
-0.020,0.000,-0.007
-0.034,0.009,-0.020
-0.041,0.002,-0.016
-0.033,-0.016,0.002
-0.024,-0.023,0.018
-0.025,-0.003,0.024
-0.036,0.026,0.020
-0.041,0.034,0.014
-0.033,0.019,0.007
-0.020,-0.001,-0.000
-0.015,-0.005,-0.007
-0.018,0.005,-0.008
-0.021,0.010,0.000
-0.018,0.004,0.011
-0.016,-0.001,0.014
-0.021,0.005,0.009
-0.028,0.013,0.000
-0.029,0.011,-0.003
-0.022,0.001,0.000
-0.014,-0.003,0.006
-0.013,0.009,0.008
-0.016,0.024,0.007
-0.015,0.025,0.005
-0.008,0.011,0.004
-0.003,0.000,0.003
-0.009,0.005,0.003
-0.020,0.022,0.004
-0.024,0.029,0.003
-0.015,0.019,0.001
-0.002,0.003,-0.000
0.003,-0.003,0.002
-0.006,0.007,0.006
-0.018,0.020,0.010
-0.022,0.023,0.009
-0.016,0.019,0.006
-0.007,0.011,0.006
-0.005,0.008,0.009
-0.009,0.010,0.012
-0.014,0.012,0.009
-0.013,0.016,-0.000
-0.007,0.021,-0.012
-0.001,0.027,-0.018
0.001,0.029,-0.015
-0.003,0.025,-0.007
-0.010,0.018,0.004
-0.014,0.011,0.013
-0.013,0.012,0.016
-0.008,0.019,0.011
-0.003,0.025,0.003
-0.002,0.026,-0.004
-0.003,0.021,-0.003
-0.005,0.017,0.004
-0.005,0.019,0.010
-0.001,0.026,0.010
0.006,0.032,0.005
0.009,0.032,0.000
0.007,0.028,-0.003
0.001,0.023,-0.005
-0.001,0.021,-0.005
0.005,0.020,-0.002
0.014,0.022,0.003
0.016,0.029,0.007
0.005,0.038,0.006
-0.012,0.043,0.003
-0.018,0.035,0.000
-0.010,0.019,0.003
0.007,0.006,0.007
0.017,0.008,0.009
0.015,0.025,0.005
0.007,0.043,-0.000
0.002,0.046,-0.005
0.005,0.032,-0.006
0.013,0.012,-0.005
0.018,0.002,-0.000
0.018,0.007,0.006
0.014,0.021,0.009
0.010,0.033,0.006
0.011,0.034,-0.002
0.015,0.025,-0.010
0.020,0.015,-0.008
0.022,0.009,0.004
0.022,0.011,0.020
0.020,0.021,0.027
0.017,0.032,0.020
0.013,0.037,0.004
0.011,0.030,-0.013
0.016,0.014,-0.020
0.025,0.001,-0.016
0.034,0.003,-0.007
0.036,0.019,-0.000
0.026,0.033,0.000
0.015,0.032,-0.003
0.010,0.012,-0.005
0.014,-0.006,-0.003
0.021,-0.008,0.002
0.024,0.008,0.003
0.024,0.028,0.002
0.025,0.034,0.000
0.026,0.025,-0.002
0.025,0.011,-0.005
0.019,0.004,-0.009
0.014,0.007,-0.012
0.016,0.016,-0.010
0.023,0.023,-0.004
0.027,0.023,0.003
0.023,0.016,0.001
0.014,0.007,-0.010
0.009,0.004,-0.020
0.011,0.010,-0.021
0.017,0.020,-0.012
0.021,0.025,0.000
0.021,0.023,0.007
0.020,0.016,0.006
0.018,0.013,-0.001
0.015,0.014,-0.009
0.012,0.014,-0.012
0.014,0.010,-0.011
0.018,0.005,-0.009
0.019,0.007,-0.008
0.015,0.012,-0.010
0.010,0.015,-0.013
0.011,0.011,-0.013
0.020,0.007,-0.010
0.028,0.007,-0.005
0.028,0.013,-0.001
0.022,0.019,-0.000
0.018,0.016,-0.002
0.020,0.008,-0.004
0.022,0.005,-0.008
0.019,0.009,-0.011
0.014,0.016,-0.013
0.014,0.015,-0.013
0.023,0.006,-0.010
0.032,-0.004,-0.009
0.032,-0.008,-0.011
0.022,-0.005,-0.014
0.012,-0.003,-0.014
0.009,-0.002,-0.011
0.012,-0.001,-0.009
0.012,0.000,-0.012
0.009,0.002,-0.018
0.007,0.000,-0.023
0.008,-0.002,-0.021
0.010,-0.003,-0.016
0.010,0.000,-0.010
0.007,0.002,-0.007
0.003,0.001,-0.009
0.002,-0.004,-0.011
0.002,-0.009,-0.015
0.000,-0.007,-0.018
-0.002,0.000,-0.021
-0.002,0.005,-0.021
0.003,0.002,-0.018
0.007,-0.006,-0.011
0.005,-0.015,-0.007
0.000,-0.016,-0.005
-0.004,-0.011,-0.009
-0.004,-0.004,-0.013
-0.002,-0.004,-0.015
0.000,-0.013,-0.014
-0.003,-0.024,-0.014
-0.004,-0.027,-0.017
-0.004,-0.021,-0.021
-0.002,-0.011,-0.020
-0.001,-0.005,-0.013
-0.003,-0.009,-0.004
-0.006,-0.020,0.002
-0.008,-0.031,0.001
-0.007,-0.038,-0.005
-0.006,-0.035,-0.011
-0.009,-0.026,-0.013
-0.011,-0.017,-0.011
-0.011,-0.014,-0.010
-0.007,-0.018,-0.006
-0.004,-0.026,-0.000
-0.005,-0.032,0.005
-0.008,-0.034,0.007
-0.010,-0.033,0.003
-0.009,-0.032,-0.003
-0.007,-0.031,-0.009
-0.009,-0.030,-0.009
-0.011,-0.030,-0.006
-0.011,-0.034,-0.002
-0.008,-0.041,0.003
-0.005,-0.046,0.007
-0.007,-0.044,0.011
-0.011,-0.034,0.013
-0.013,-0.026,0.013
-0.012,-0.029,0.009
-0.007,-0.040,0.002
-0.004,-0.048,-0.005
-0.003,-0.045,-0.007
-0.004,-0.032,-0.002
-0.005,-0.021,0.008
-0.009,-0.022,0.019
-0.015,-0.031,0.022
-0.019,-0.039,0.019
-0.017,-0.041,0.010
-0.009,-0.037,0.003
-0.003,-0.032,0.000
-0.002,-0.029,0.002
-0.005,-0.026,0.007
-0.011,-0.025,0.012
-0.011,-0.026,0.017
-0.008,-0.030,0.020
-0.005,-0.036,0.016
-0.004,-0.040,0.008
-0.005,-0.040,0.001
-0.007,-0.039,0.000
-0.010,-0.037,0.006
-0.011,-0.033,0.014
-0.007,-0.028,0.017
-0.002,-0.027,0.014
0.004,-0.034,0.009
0.004,-0.044,0.007
-0.002,-0.050,0.010
-0.004,-0.046,0.013
-0.004,-0.037,0.014
-0.001,-0.030,0.011
0.000,-0.030,0.009
-0.003,-0.036,0.007
-0.006,-0.039,0.008
-0.007,-0.037,0.009
-0.005,-0.036,0.010
-0.001,-0.034,0.011
0.002,-0.033,0.012
0.002,-0.029,0.012
0.000,-0.024,0.009
-0.004,-0.021,0.005
-0.008,-0.021,0.002
-0.011,-0.025,0.000
-0.009,-0.026,0.002
-0.005,-0.027,0.003
-0.002,-0.027,0.003
0.000,-0.027,0.002
0.001,-0.026,0.001
0.000,-0.023,0.003
-0.001,-0.021,0.005
-0.003,-0.020,0.006
-0.004,-0.019,0.004
-0.003,-0.016,0.002
0.002,-0.015,0.001
0.005,-0.016,0.002
0.008,-0.023,0.003
0.006,-0.030,0.003
0.002,-0.032,0.003
-0.002,-0.025,0.003
-0.004,-0.012,0.004
-0.003,-0.002,0.004
0.002,-0.001,0.003
0.005,-0.008,0.002
0.005,-0.017,0.002
0.004,-0.021,0.004
0.002,-0.018,0.006
0.003,-0.012,0.007
0.007,-0.007,0.005
0.011,-0.005,0.001
0.013,-0.005,-0.003
0.011,-0.006,-0.004
0.008,-0.005,-0.002
0.005,-0.005,0.000
0.001,-0.005,0.000
-0.002,-0.007,-0.001
-0.004,-0.007,-0.002
-0.004,-0.007,-0.000
-0.004,-0.005,0.003
-0.003,-0.003,0.006
-0.001,-0.004,0.006
0.001,-0.005,0.004
0.002,-0.005,0.002
-0.001,-0.001,0.001
-0.005,0.005,0.001
-0.008,0.008,0.001
-0.008,0.007,0.000
-0.004,0.003,-0.000
-0.001,0.003,0.002
-0.003,0.008,0.005
-0.007,0.012,0.009
-0.012,0.014,0.010
-0.013,0.010,0.006
-0.013,0.006,0.002
-0.013,0.008,-0.000
-0.011,0.013,0.002
-0.005,0.016,0.004
0.001,0.013,0.004
0.002,0.008,0.001
-0.004,0.005,-0.003
-0.014,0.007,-0.004
-0.020,0.011,-0.002
-0.017,0.016,0.001
-0.012,0.020,0.001
-0.011,0.023,-0.002
-0.012,0.025,-0.004
-0.013,0.023,-0.003
-0.011,0.018,0.002
-0.010,0.015,0.007
-0.013,0.018,0.011
-0.021,0.023,0.009
-0.025,0.025,0.004
-0.022,0.018,-0.004
-0.014,0.008,-0.009
-0.009,0.004,-0.009
-0.009,0.008,-0.004
-0.010,0.014,0.003
-0.007,0.019,0.009
-0.004,0.021,0.010
-0.003,0.023,0.006
-0.004,0.026,0.001
-0.005,0.025,-0.004
-0.004,0.017,-0.006
-0.002,0.005,-0.006
-0.002,-0.001,-0.005
-0.004,0.002,-0.005
-0.009,0.013,-0.004
-0.009,0.022,-0.000
-0.008,0.025,0.005
-0.007,0.021,0.010
-0.011,0.017,0.011
-0.015,0.018,0.005
-0.015,0.023,-0.003
-0.011,0.026,-0.011
-0.004,0.023,-0.016
0.002,0.016,-0.018
0.004,0.008,-0.017
0.005,0.006,-0.014
0.005,0.010,-0.011
0.006,0.014,-0.009
0.007,0.016,-0.008
0.005,0.014,-0.007
0.004,0.014,-0.005
0.002,0.018,-0.005
0.002,0.023,-0.007
0.004,0.025,-0.011
0.007,0.022,-0.016
0.007,0.018,-0.020
0.005,0.017,-0.020
0.002,0.018,-0.017
0.000,0.015,-0.014
0.001,0.008,-0.010
0.005,0.005,-0.008
0.007,0.009,-0.007
0.008,0.020,-0.009
0.009,0.026,-0.012
0.012,0.022,-0.016
0.016,0.012,-0.016
0.017,0.006,-0.014
0.012,0.011,-0.010
0.003,0.021,-0.008
-0.008,0.027,-0.008
-0.013,0.022,-0.012
-0.011,0.011,-0.018
-0.002,0.005,-0.024
0.005,0.004,-0.024
0.005,0.007,-0.020
0.000,0.010,-0.010
-0.006,0.010,-0.001
-0.006,0.010,0.004
0.000,0.013,0.003
0.007,0.017,-0.004
0.008,0.018,-0.013
0.005,0.014,-0.021
0.002,0.007,-0.025
0.002,0.001,-0.024
0.007,-0.001,-0.017
0.011,0.004,-0.010
0.011,0.010,-0.005
0.009,0.016,-0.005
0.007,0.018,-0.007
0.006,0.017,-0.009
0.006,0.018,-0.007
0.007,0.022,-0.007
0.007,0.023,-0.011
0.009,0.021,-0.017
0.014,0.016,-0.021
0.017,0.012,-0.020
0.017,0.014,-0.014
0.014,0.018,-0.008
0.012,0.020,-0.005
0.014,0.018,-0.005
0.017,0.019,-0.006
0.020,0.022,-0.005
0.021,0.025,-0.005
0.021,0.021,-0.006
0.018,0.013,-0.009
0.014,0.007,-0.010
0.008,0.008,-0.009
0.005,0.013,-0.007
0.008,0.017,-0.007
0.015,0.016,-0.007
0.021,0.015,-0.007
0.021,0.017,-0.005
0.017,0.020,-0.005
0.011,0.022,-0.007
0.009,0.021,-0.010
0.011,0.020,-0.010
0.013,0.019,-0.005
0.013,0.018,0.000
0.011,0.016,0.003
0.009,0.014,0.002
0.007,0.016,-0.000
0.006,0.019,-0.002
0.007,0.020,-0.002
0.010,0.015,-0.002
0.013,0.010,-0.000
0.014,0.008,0.003
0.012,0.011,0.007
0.009,0.015,0.009
0.007,0.016,0.004
0.007,0.012,-0.005
0.007,0.008,-0.010
0.007,0.005,-0.009
0.006,0.004,-0.000
0.005,0.005,0.008
0.005,0.008,0.012
0.005,0.012,0.011
0.006,0.012,0.006
0.005,0.008,0.003
0.002,0.003,0.002
-0.003,0.001,0.003
-0.009,0.007,0.004
-0.013,0.014,0.003
-0.013,0.017,0.002
-0.010,0.010,0.002
-0.005,-0.001,0.004
-0.004,-0.007,0.006
-0.005,-0.005,0.004
-0.009,-0.001,-0.000
-0.011,0.000,-0.002
-0.006,-0.005,0.002
0.000,-0.011,0.009
0.004,-0.011,0.014
-0.002,-0.005,0.012
-0.013,-0.001,0.007
-0.020,-0.004,0.005
-0.018,-0.010,0.009
-0.012,-0.009,0.013
-0.009,0.001,0.010
-0.014,0.014,-0.002
-0.021,0.018,-0.011
-0.022,0.008,-0.010
-0.013,-0.005,0.002
-0.004,-0.009,0.016
0.000,0.000,0.022
-0.002,0.010,0.017
-0.002,0.011,0.009
0.002,0.002,0.003
0.002,-0.005,0.002
-0.005,-0.003,0.001
-0.019,0.006,-0.002
-0.028,0.012,-0.006
-0.026,0.008,-0.004
-0.017,0.000,0.007
-0.012,-0.003,0.018
-0.013,0.004,0.021
-0.018,0.011,0.013
-0.018,0.011,0.003
-0.013,0.002,0.002
-0.005,-0.006,0.010
-0.003,-0.007,0.021
-0.003,0.000,0.023
-0.007,0.004,0.014
-0.011,0.001,0.002
-0.012,-0.007,-0.003
-0.011,-0.013,0.006
-0.007,-0.008,0.017
-0.004,0.003,0.022
-0.006,0.012,0.013
-0.013,0.013,0.001
-0.023,0.008,-0.003
-0.026,0.001,0.006
-0.023,-0.001,0.019
-0.013,0.004,0.025
-0.003,0.007,0.020
0.002,0.006,0.011
0.001,-0.001,0.005
-0.005,-0.009,0.004
-0.013,-0.012,0.004
-0.017,-0.009,0.002
-0.016,-0.005,-0.000
-0.012,-0.005,0.002
-0.007,-0.009,0.011
-0.005,-0.014,0.020
-0.007,-0.013,0.023
-0.008,-0.009,0.018
-0.009,-0.005,0.008
-0.010,-0.007,0.001
-0.010,-0.012,-0.001
-0.009,-0.019,-0.000
-0.005,-0.021,0.001
-0.001,-0.020,0.004
0.002,-0.016,0.009
-0.001,-0.012,0.014
-0.005,-0.010,0.018
-0.009,-0.009,0.017
-0.009,-0.009,0.012
-0.004,-0.007,0.007
0.000,-0.006,0.003
0.001,-0.005,0.003
-0.004,-0.007,0.003
-0.012,-0.009,0.006
-0.015,-0.011,0.009
-0.011,-0.011,0.014
0.001,-0.007,0.017
0.009,0.000,0.016
0.007,0.006,0.009
-0.007,0.007,0.000
-0.020,0.002,-0.005
-0.021,-0.005,-0.004
-0.012,-0.011,0.006
0.000,-0.009,0.018
0.003,-0.001,0.025
-0.004,0.008,0.022
-0.013,0.010,0.013
-0.016,0.007,0.003
-0.012,0.002,-0.004
-0.004,-0.001,-0.007
0.000,-0.002,-0.005
0.000,-0.001,-0.002
-0.004,-0.002,0.003
-0.006,-0.003,0.009
-0.005,-0.005,0.014
-0.003,-0.005,0.014
-0.001,-0.004,0.009
0.001,-0.004,0.004
0.002,-0.005,0.002
0.004,-0.005,0.002
0.004,-0.006,0.003
0.002,-0.006,0.003
-0.003,-0.005,0.002
-0.009,-0.006,0.000
-0.011,-0.007,-0.000
-0.009,-0.006,0.002
-0.003,-0.004,0.006
0.002,0.000,0.010
0.001,0.004,0.011
-0.004,0.004,0.008
-0.011,0.002,0.002
-0.015,-0.002,-0.002
-0.015,-0.004,-0.002
-0.012,-0.005,0.002
-0.009,-0.003,0.004
-0.010,0.000,0.003
-0.014,0.003,0.000
-0.016,0.004,-0.002
-0.013,0.004,-0.003
-0.005,0.003,-0.002
0.003,0.003,0.000
0.006,0.003,0.002
0.002,0.000,0.003
-0.006,-0.003,0.002
-0.011,-0.005,-0.001
-0.012,-0.005,-0.005
-0.009,-0.004,-0.007
-0.009,-0.004,-0.006
-0.010,-0.007,-0.003
-0.012,-0.007,-0.001
-0.013,-0.004,-0.002
-0.010,0.000,-0.004
-0.005,0.001,-0.005
-0.003,-0.005,-0.007
-0.003,-0.013,-0.008
-0.005,-0.016,-0.009
-0.011,-0.014,-0.009
-0.012,-0.007,-0.008
-0.012,-0.002,-0.007
-0.009,-0.001,-0.005
-0.008,-0.003,-0.005
-0.009,-0.007,-0.007
-0.010,-0.012,-0.009
-0.010,-0.016,-0.010
-0.009,-0.019,-0.010
-0.009,-0.019,-0.009
-0.011,-0.019,-0.008
-0.013,-0.020,-0.007
-0.014,-0.021,-0.009
-0.014,-0.021,-0.012
-0.013,-0.018,-0.014
-0.011,-0.016,-0.014
-0.007,-0.016,-0.012
-0.004,-0.020,-0.009
-0.002,-0.023,-0.008
0.000,-0.023,-0.009
0.003,-0.021,-0.010
0.005,-0.023,-0.011
0.007,-0.026,-0.011
0.005,-0.028,-0.011
0.002,-0.026,-0.011
0.000,-0.021,-0.011
0.001,-0.020,-0.010
0.005,-0.021,-0.009
0.009,-0.021,-0.009
0.009,-0.019,-0.010
0.006,-0.015,-0.012
0.002,-0.015,-0.014
-0.001,-0.016,-0.014
-0.002,-0.018,-0.012
-0.003,-0.017,-0.011
-0.002,-0.014,-0.010
0.002,-0.012,-0.010
0.006,-0.013,-0.009
0.008,-0.014,-0.008
0.005,-0.011,-0.007
-0.002,-0.009,-0.007
-0.004,-0.010,-0.006
-0.002,-0.014,-0.004
0.004,-0.018,-0.003
0.007,-0.020,-0.004
0.009,-0.020,-0.005
0.008,-0.020,-0.005
0.008,-0.021,-0.004
0.009,-0.021,-0.001
0.009,-0.018,0.003
0.011,-0.015,0.005
0.013,-0.013,0.005
0.016,-0.014,0.004
0.016,-0.016,0.003
0.016,-0.016,0.002
0.017,-0.015,0.001
0.021,-0.012,0.002
0.026,-0.010,0.003
0.029,-0.009,0.004
0.028,-0.009,0.005
0.025,-0.009,0.004
0.025,-0.012,0.004
0.029,-0.015,0.004
0.035,-0.017,0.005
0.039,-0.018,0.007
0.039,-0.018,0.010
0.039,-0.016,0.013
0.037,-0.012,0.014
0.034,-0.008,0.012
0.032,-0.005,0.009
0.032,-0.005,0.005
0.035,-0.008,0.004
0.038,-0.011,0.004
0.038,-0.011,0.006
0.036,-0.009,0.007
0.033,-0.007,0.010
0.034,-0.007,0.012
0.037,-0.008,0.013
0.038,-0.006,0.012
0.037,0.000,0.009
0.037,0.007,0.007
0.038,0.010,0.007
0.043,0.007,0.010
0.046,0.002,0.011
0.045,-0.001,0.009
0.040,-0.002,0.006
0.036,-0.001,0.004
0.034,0.000,0.005
0.032,0.002,0.009
0.029,0.003,0.012
0.027,0.004,0.012
0.023,0.005,0.011
0.020,0.008,0.009
0.018,0.009,0.008
0.016,0.010,0.009
0.016,0.008,0.010
0.017,0.007,0.012
0.019,0.008,0.015
0.020,0.012,0.016
0.018,0.016,0.014
0.014,0.016,0.009
0.012,0.011,0.007
0.014,0.004,0.006
0.018,0.000,0.007
0.021,0.001,0.007
0.019,0.004,0.005
0.016,0.007,0.003
0.012,0.008,0.002
0.012,0.010,0.003
0.012,0.011,0.004
0.012,0.011,0.007
0.011,0.009,0.011
0.011,0.004,0.012
0.013,0.000,0.011
0.015,0.000,0.006
0.016,0.000,0.000
0.016,0.000,-0.002
0.016,-0.001,-0.000
0.018,-0.001,0.006
0.020,-0.001,0.012
0.020,0.000,0.014
0.017,0.000,0.013
0.012,-0.001,0.009
0.008,-0.003,0.003
0.007,-0.003,-0.003
0.007,-0.003,-0.005
0.009,-0.003,-0.004
0.011,-0.003,-0.001
0.012,-0.003,0.002
0.010,-0.001,0.002
0.007,0.000,0.002
0.004,0.001,0.000
0.000,-0.001,0.000
-0.003,-0.004,0.001
-0.008,-0.006,0.002
-0.013,-0.007,0.002
-0.016,-0.004,0.001
-0.017,-0.001,-0.002
-0.016,0.003,-0.004
-0.014,0.004,-0.003
-0.015,0.002,0.002
-0.018,0.000,0.007
-0.023,0.000,0.011
-0.027,0.001,0.007
-0.027,0.002,-0.003
-0.023,0.000,-0.013
-0.018,-0.001,-0.016
-0.015,0.000,-0.007
-0.018,0.003,0.006
-0.023,0.004,0.013
-0.027,0.002,0.008
-0.027,-0.001,-0.006
-0.024,-0.002,-0.019
-0.020,0.002,-0.022
-0.016,0.008,-0.014
-0.015,0.011,-0.002
-0.015,0.010,0.006
-0.018,0.006,0.007
-0.020,0.002,0.002
-0.019,-0.001,-0.007
-0.013,-0.004,-0.014
-0.009,-0.005,-0.017
-0.011,-0.003,-0.013
-0.016,0.004,-0.005
-0.023,0.010,0.004
-0.021,0.010,0.007
-0.013,0.005,0.003
-0.005,0.002,-0.006
-0.004,0.003,-0.013
-0.009,0.007,-0.013
-0.013,0.008,-0.007
-0.012,0.005,0.003
-0.006,0.000,0.007
-0.003,0.002,0.005
-0.003,0.008,-0.003
-0.007,0.014,-0.012
-0.009,0.014,-0.016
-0.009,0.008,-0.011
-0.008,0.002,-0.005
-0.009,-0.001,-0.001
-0.009,0.000,-0.005
-0.007,0.002,-0.013
-0.004,0.001,-0.020
-0.004,0.000,-0.019
-0.008,0.003,-0.012
-0.013,0.008,-0.005
-0.013,0.012,-0.005
-0.008,0.012,-0.007
-0.003,0.007,-0.005
-0.003,0.001,0.003
-0.010,0.000,0.015
-0.018,0.004,0.019
-0.023,0.010,0.012
-0.021,0.017,-0.003
-0.016,0.021,-0.012
-0.012,0.021,-0.010
-0.009,0.016,0.002
-0.009,0.010,0.012
-0.010,0.006,0.012
-0.013,0.008,0.002
-0.019,0.014,-0.009
-0.022,0.019,-0.012
-0.019,0.018,-0.006
-0.013,0.011,0.000
-0.007,0.006,0.000
-0.007,0.008,-0.006
-0.012,0.017,-0.008
-0.016,0.025,-0.000
-0.016,0.025,0.010
-0.013,0.012,0.011
-0.011,-0.001,-0.002
-0.010,-0.003,-0.018
-0.011,0.008,-0.023
-0.011,0.022,-0.012
-0.012,0.026,-0.002
-0.015,0.018,-0.007
-0.020,0.004,-0.028
-0.023,-0.005,-0.054
-0.021,-0.005,-0.069
-0.013,-0.001,-0.067
-0.003,0.002,-0.054
0.004,0.002,-0.034
0.001,0.003,-0.010
-0.008,0.007,0.016
-0.017,0.012,0.040
-0.019,0.014,0.059
-0.015,0.009,0.067
-0.012,0.001,0.063
-0.016,-0.004,0.043
-0.023,-0.003,0.009
-0.026,0.006,-0.032
-0.023,0.017,-0.062
-0.015,0.024,-0.062
-0.012,0.025,-0.029
-0.015,0.022,0.017
-0.022,0.018,0.050
-0.027,0.017,0.051
-0.026,0.018,0.027
-0.020,0.016,0.000
-0.011,0.011,-0.008
-0.003,0.005,0.003
0.001,0.003,0.018
0.000,0.004,0.022
-0.004,0.007,0.019
-0.009,0.007,0.017
-0.013,0.003,0.022
-0.018,-0.002,0.023
-0.025,-0.003,0.004
-0.033,0.003,-0.035
-0.036,0.012,-0.070
-0.032,0.022,-0.075
-0.023,0.025,-0.043
-0.016,0.022,0.008
-0.015,0.017,0.048
-0.017,0.012,0.053
-0.015,0.008,0.019
-0.007,-0.004,-0.054
0.004,-0.024,-0.167
0.014,-0.044,-0.305
0.017,-0.052,-0.436
0.016,-0.046,-0.510
0.016,-0.032,-0.497
0.017,-0.025,-0.407
0.013,-0.033,-0.287
-0.002,-0.050,-0.182
-0.025,-0.065,-0.110
-0.045,-0.079,-0.066
-0.049,-0.097,-0.051
-0.032,-0.121,-0.076
-0.006,-0.137,-0.136
0.015,-0.130,-0.192
0.023,-0.099,-0.189
0.025,-0.055,-0.104
0.027,-0.021,0.033
0.029,-0.009,0.161
0.024,-0.008,0.238
0.004,-0.004,0.259
-0.021,0.011,0.235
-0.034,0.032,0.180
-0.023,0.051,0.105
0.006,0.068,0.039
0.033,0.087,0.019
0.041,0.107,0.065
0.030,0.123,0.170
0.015,0.123,0.298
0.004,0.105,0.407
-0.005,0.073,0.443
-0.021,0.041,0.356
-0.043,0.023,0.145
-0.059,0.031,-0.104
-0.057,0.059,-0.245
-0.039,0.087,-0.190
-0.025,0.089,-0.014
-0.028,0.051,0.093
-0.043,-0.006,0.000
-0.053,-0.050,-0.243
-0.045,-0.061,-0.467
-0.022,-0.053,-0.569
0.000,-0.057,-0.595
0.011,-0.080,-0.646
0.007,-0.101,-0.729
-0.004,-0.095,-0.738
-0.013,-0.071,-0.597
-0.012,-0.073,-0.374
0.002,-0.132,-0.218
0.018,-0.235,-0.211
0.020,-0.323,-0.303
0.007,-0.349,-0.385
-0.004,-0.314,-0.409
0.017,-0.259,-0.416
0.070,-0.224,-0.470
0.125,-0.218,-0.603
0.141,-0.216,-0.778
0.116,-0.196,-0.898
0.080,-0.166,-0.849
0.068,-0.150,-0.587
0.077,-0.169,-0.218
0.080,-0.219,0.029
0.061,-0.266,-0.019
0.036,-0.276,-0.301
0.032,-0.240,-0.537
0.058,-0.172,-0.439
0.091,-0.107,0.030
0.103,-0.066,0.600
0.090,-0.050,0.907
0.065,-0.039,0.779
0.047,-0.002,0.369
0.036,0.070,0.035
0.014,0.159,0.049
-0.040,0.230,0.412
-0.120,0.271,0.916
-0.191,0.307,1.374
-0.210,0.368,1.775
-0.159,0.448,2.191
-0.063,0.499,2.591
0.030,0.480,2.793
0.087,0.412,2.640
0.110,0.362,2.159
0.127,0.380,1.498
0.159,0.444,0.758
0.210,0.479,-0.043
0.257,0.434,-0.822
0.264,0.319,-1.356
0.200,0.188,-1.481
0.061,0.078,-1.338
-0.109,-0.011,-1.325
-0.242,-0.108,-1.721
-0.281,-0.239,-2.404
-0.221,-0.414,-2.986
-0.108,-0.612,-3.191
0.001,-0.788,-3.017
0.072,-0.902,-2.545
0.099,-0.952,-1.765
0.099,-0.987,-0.702
0.093,-1.068,0.333
0.099,-1.206,0.810
0.124,-1.326,0.451
0.164,-1.323,-0.386
0.207,-1.135,-0.887
0.243,-0.786,-0.452
0.263,-0.370,0.794
0.259,0.004,2.126
0.235,0.268,2.840
0.211,0.396,2.755
0.215,0.401,2.168
0.256,0.325,1.438
0.311,0.238,0.709
0.355,0.225,0.041
0.387,0.344,-0.335
0.429,0.578,-0.066
0.477,0.822,0.918
0.484,0.928,2.115
0.396,0.807,2.740
0.209,0.496,2.392
-0.009,0.134,1.463
-0.165,-0.121,0.835
-0.205,-0.190,1.119
-0.148,-0.093,2.185
-0.074,0.088,3.333
-0.075,0.258,3.870
-0.183,0.349,3.511
-0.336,0.341,2.400
-0.416,0.262,0.895
-0.356,0.189,-0.573
-0.217,0.198,-1.583
-0.134,0.318,-1.835
-0.179,0.497,-1.371
-0.289,0.633,-0.680
-0.326,0.649,-0.473
-0.214,0.538,-1.163
0.006,0.354,-2.433
0.229,0.139,-3.366
0.379,-0.104,-3.156
0.439,-0.370,-1.860
0.422,-0.603,-0.437
0.357,-0.714,0.057
0.293,-0.671,-0.588
0.287,-0.547,-1.561
0.340,-0.464,-1.830
0.378,-0.499,-1.092
0.308,-0.649,0.045
0.120,-0.872,0.767
-0.070,-1.114,0.818
-0.092,-1.291,0.537
0.132,-1.285,0.276
0.526,-1.015,-0.023
0.907,-0.535,-0.579
1.103,-0.036,-1.272
1.061,0.286,-1.622
0.848,0.340,-1.342
0.576,0.158,-0.774
0.313,-0.160,-0.570
0.045,-0.498,-0.903
-0.267,-0.725,-1.162
-0.620,-0.731,-0.550
-0.938,-0.485,1.060
-1.140,-0.070,2.970
-1.213,0.372,4.351
-1.224,0.703,4.944
-1.228,0.842,5.057
-1.179,0.777,5.008
-0.960,0.600,4.813
-0.514,0.521,4.394
0.046,0.769,3.908
0.495,1.392,3.655
0.680,2.135,3.705
0.644,2.588,3.723
0.555,2.515,3.237
0.516,2.048,2.030
0.482,1.533,0.305
0.367,1.223,-1.419
0.209,1.118,-2.533
0.152,1.098,-2.687
0.250,1.093,-2.165
0.339,1.072,-1.937
0.177,0.924,-3.008
-0.267,0.483,-5.404
-0.719,-0.266,-7.802
-0.860,-1.063,-8.451
-0.653,-1.570,-6.742
-0.368,-1.705,-3.900
-0.270,-1.717,-1.992
-0.317,-1.874,-2.172
-0.237,-2.140,-3.836
0.127,-2.210,-5.412
0.621,-1.878,-5.813
0.970,-1.275,-5.087
1.080,-0.731,-3.856
1.097,-0.441,-2.497
1.150,-0.347,-1.043
1.145,-0.303,0.315
0.854,-0.253,1.029
0.210,-0.205,0.724
-0.557,-0.130,-0.149
-1.118,0.014,-0.505
-1.315,0.138,0.407
-1.247,0.028,2.259
-1.097,-0.424,3.966
-0.972,-1.029,4.694
-0.885,-1.421,4.470
-0.826,-1.390,3.862
-0.789,-1.053,3.315
-0.734,-0.677,2.928
-0.588,-0.404,2.734
-0.315,-0.197,2.842
0.033,0.006,3.183
0.355,0.198,3.280
0.555,0.400,2.585
0.555,0.746,1.129
0.309,1.343,-0.277
-0.123,2.066,-0.651
-0.528,2.604,0.274
-0.639,2.775,1.733
-0.395,2.741,2.520
-0.074,2.840,1.909
-0.087,3.182,0.125
-0.575,3.526,-1.974
-1.206,3.551,-3.592
-1.455,3.202,-4.424
-1.082,2.678,-4.550
-0.353,2.129,-4.142
0.211,1.483,-3.404
0.290,0.649,-2.739
-0.016,-0.202,-2.673
-0.362,-0.711,-3.369
-0.471,-0.732,-4.254
-0.274,-0.567,-4.348
0.166,-0.694,-3.189
0.753,-1.240,-1.382
1.353,-1.831,-0.096
1.761,-1.985,-0.011
1.786,-1.621,-0.789
1.419,-1.123,-1.532
0.872,-0.936,-1.602
0.413,-1.210,-0.945
0.132,-1.794,0.164
-0.077,-2.467,1.388
-0.335,-3.031,2.297
-0.596,-3.233,2.403
-0.708,-2.827,1.541
-0.600,-1.841,0.274
-0.368,-0.749,-0.346
-0.154,-0.223,0.316
0.000,-0.592,1.753
0.146,-1.552,2.649
0.296,-2.424,2.091
0.357,-2.685,0.532
0.213,-2.274,-0.507
-0.139,-1.465,0.208
-0.553,-0.591,2.456
-0.812,0.094,4.701
-0.762,0.438,5.397
-0.408,0.437,4.277
0.027,0.342,2.489
0.198,0.568,1.573
-0.155,1.367,2.255
-0.969,2.519,4.010
-1.854,3.425,5.533
-2.367,3.568,5.608
-2.333,2.924,3.799
-1.885,1.928,0.753
-1.227,1.092,-2.024
-0.442,0.675,-2.986
0.439,0.677,-1.677
1.253,1.013,0.658
1.771,1.584,1.787
1.956,2.197,0.208
2.064,2.549,-3.508
2.371,2.391,-7.061
2.792,1.730,-8.270
2.925,0.858,-6.780
2.490,0.169,-4.137
1.690,-0.063,-2.308
0.997,0.204,-2.130
0.629,0.792,-3.012
0.323,1.378,-3.871
-0.320,1.623,-4.137
-1.315,1.349,-3.884
-2.203,0.657,-3.262
-2.472,-0.149,-2.127
-2.015,-0.804,-0.376
-1.168,-1.295,1.497
-0.389,-1.848,2.496
0.062,-2.704,1.997
0.177,-3.856,0.515
0.097,-4.978,-0.556
0.000,-5.603,-0.119
0.020,-5.422,1.683
0.143,-4.520,3.630
0.158,-3.364,4.477
-0.208,-2.524,3.877
-1.016,-2.312,2.490
-1.980,-2.604,1.399
-2.655,-2.950,1.358
-2.765,-2.884,2.306
-2.342,-2.225,3.402
-1.574,-1.177,3.663
-0.615,-0.205,2.798
0.390,0.256,1.485
1.188,0.107,0.700
1.516,-0.308,0.750
1.415,-0.415,1.081
1.356,0.200,1.070
1.883,1.515,0.753
3.059,3.142,0.548
4.291,4.629,0.417
4.797,5.681,-0.236
4.247,6.182,-1.662
2.972,6.164,-3.066
1.597,5.860,-3.255
0.542,5.698,-2.033
-0.162,6.021,-0.649
-0.679,6.687,-0.578
-1.131,7.010,-1.963
-1.532,6.253,-3.428
-1.855,4.283,-3.444
-2.078,1.722,-1.771
-2.168,-0.553,0.430
-2.058,-2.068,1.714
-1.686,-2.915,1.487
-1.079,-3.432,0.262
-0.432,-3.846,-0.950
-0.071,-4.212,-1.424
-0.288,-4.561,-1.149
-1.090,-4.936,-0.694
-2.093,-5.280,-0.694
-2.711,-5.406,-1.280
-2.568,-5.167,-1.903
-1.813,-4.627,-1.723
-1.013,-4.025,-0.319
-0.687,-3.529,1.856
-0.845,-3.089,3.682
-1.001,-2.526,4.190
-0.597,-1.764,3.353
0.481,-0.951,2.153
1.798,-0.335,1.731
2.702,-0.026,2.342
2.825,0.089,3.127
2.319,0.211,3.040
1.669,0.412,2.035
1.293,0.555,1.177
1.242,0.479,1.469
1.232,0.238,2.626
0.950,0.141,3.260
0.351,0.488,2.362
-0.287,1.256,0.493
-0.592,2.069,-0.689
-0.401,2.499,-0.074
0.127,2.410,1.794
0.667,2.003,3.245
1.001,1.562,2.982
1.147,1.195,1.124
1.247,0.838,-1.025
1.348,0.432,-2.041
1.322,0.034,-1.391
0.979,-0.228,0.236
0.280,-0.253,1.412
-0.610,0.023,1.005
-1.445,0.651,-0.910
-2.060,1.596,-3.023
-2.411,2.622,-3.807
-2.473,3.302,-2.768
-2.181,3.284,-0.798
-1.480,2.604,0.648
-0.462,1.734,0.739
0.607,1.236,-0.248
1.420,1.320,-1.363
1.800,1.696,-1.744
1.780,1.876,-1.134
1.566,1.613,0.009
1.416,1.068,0.774
1.535,0.564,0.443
1.948,0.208,-0.832
2.426,-0.209,-1.982
2.540,-0.982,-1.933
1.928,-2.177,-0.722
0.603,-3.548,0.410
-0.935,-4.739,0.239
-1.983,-5.515,-1.154
-2.108,-5.834,-2.463
-1.447,-5.774,-2.486
-0.560,-5.449,-1.223
0.027,-5.009,0.383
0.159,-4.652,1.526
0.020,-4.552,2.065
-0.171,-4.695,2.107
-0.373,-4.800,1.558
-0.655,-4.440,0.430
-0.986,-3.364,-0.619
-1.180,-1.754,-0.574
-1.058,-0.148,0.795
-0.628,0.968,2.287
-0.088,1.552,2.162
0.339,1.991,-0.117
0.546,2.668,-3.185
0.548,3.566,-4.976
0.403,4.338,-4.637
0.180,4.747,-3.142
-0.021,4.950,-2.070
-0.058,5.295,-1.945
0.193,5.892,-1.936
0.731,6.465,-1.039
1.365,6.641,0.722
1.766,6.307,2.352
1.652,5.616,2.939
1.006,4.763,2.440
0.149,3.886,1.475
-0.470,3.191,0.628
-0.645,2.970,0.106
-0.610,3.317,-0.114
-0.823,3.807,-0.142
-1.509,3.663,-0.196
-2.419,2.400,-0.548
-3.071,0.331,-1.187
-3.193,-1.624,-1.706
-2.886,-2.714,-1.745
-2.355,-2.911,-1.577
-1.623,-2.776,-1.964
-0.593,-2.870,-3.204
0.626,-3.357,-4.477
1.619,-4.131,-4.488
2.001,-5.106,-2.867
1.813,-6.237,-0.757
1.444,-7.266,0.246
1.151,-7.634,-0.262
0.730,-6.839,-1.060
-0.219,-4.940,-0.575
-1.712,-2.661,1.474
-3.159,-0.899,3.758
-3.756,-0.084,4.577
-3.114,0.023,3.352
-1.495,-0.068,0.976
0.443,-0.106,-1.082
2.058,-0.196,-1.896
2.962,-0.451,-1.442
3.058,-0.653,-0.213
2.531,-0.387,1.241
1.786,0.458,2.405
1.231,1.411,2.781
0.979,1.722,2.140
0.769,1.058,0.882
0.250,-0.132,-0.066
-0.601,-0.938,0.005
-1.370,-0.734,0.903
-1.566,0.361,1.699
-1.061,1.720,1.675
-0.181,2.796,1.024
0.634,3.462,0.489
1.217,3.853,0.400
1.714,4.034,0.239
2.286,3.950,-0.678
2.831,3.639,-2.239
3.024,3.319,-3.438
2.604,3.185,-3.366
1.611,3.152,-2.181
0.364,2.932,-0.964
-0.746,2.361,-0.604
-1.461,1.571,-0.936
-1.724,0.766,-1.073
-1.660,-0.070,-0.499
-1.502,-1.130,0.353
-1.491,-2.428,0.652
-1.747,-3.597,0.127
-2.191,-4.170,-0.693
-2.613,-4.035,-1.130
-2.820,-3.549,-0.996
-2.742,-3.177,-0.462
-2.399,-3.071,0.433
-1.819,-3.039,1.752
-1.056,-2.851,3.090
-0.295,-2.446,3.461
0.120,-1.840,2.185
-0.118,-0.936,-0.092
-0.966,0.386,-1.688
-1.916,1.972,-1.433
-2.280,3.280,0.152
-1.695,3.714,1.433
-0.423,3.140,1.338
0.850,2.044,0.218
1.559,1.134,-0.882
1.694,0.755,-1.395
1.712,0.688,-1.394
2.035,0.485,-0.919
2.615,-0.028,0.243
2.991,-0.617,1.910
2.785,-0.936,3.132
2.126,-0.899,3.006
1.585,-0.730,1.827
1.676,-0.671,0.921
2.432,-0.722,1.114
3.412,-0.701,1.705
4.064,-0.546,1.400
4.058,-0.498,0.100
3.319,-0.923,-0.804
1.900,-1.913,-0.168
-0.037,-3.072,1.302
-2.139,-3.724,1.743
-3.849,-3.387,0.405
-4.639,-2.137,-1.313
-4.315,-0.539,-1.446
-3.152,0.787,0.195
-1.713,1.591,1.758
-0.527,2.059,1.473
0.150,2.509,-0.359
0.361,3.013,-1.787
0.303,3.310,-1.377
0.159,3.102,0.431
0.024,2.428,2.084
-0.043,1.737,2.616
0.049,1.557,2.265
0.393,2.067,1.694
0.920,2.986,1.130
1.281,3.851,0.503
0.989,4.379,0.055
-0.179,4.554,0.301
-1.876,4.428,1.244
-3.289,3.943,1.980
-3.690,3.004,1.467
-2.982,1.693,-0.276
-1.769,0.301,-1.982
-0.879,-0.895,-2.368
-0.719,-1.841,-1.479
-1.024,-2.661,-0.618
-1.164,-3.461,-0.881
-0.689,-4.246,-1.913
0.354,-5.002,-2.268
1.530,-5.729,-0.951
2.379,-6.293,1.551
2.697,-6.330,3.782
2.556,-5.484,4.700
2.180,-3.849,4.389
1.757,-2.094,3.557
1.326,-1.009,2.641
0.769,-0.863,1.590
-0.057,-1.232,0.360
-1.095,-1.427,-0.737
-2.000,-1.071,-1.329
-2.326,-0.251,-1.473
-1.869,0.728,-1.563
-0.851,1.589,-1.770
0.244,2.121,-1.784
1.029,2.195,-1.304
1.422,1.905,-0.617
1.568,1.639,-0.394
1.633,1.816,-0.806
1.691,2.457,-1.138
1.728,3.092,-0.583
1.720,3.180,0.634
1.682,2.629,1.245
1.722,1.819,0.276
2.007,1.121,-1.759
2.606,0.514,-3.261
3.318,-0.252,-3.138
3.720,-1.195,-1.785
3.484,-1.967,-0.467
2.677,-2.238,-0.023
1.693,-2.120,-0.374
0.830,-2.052,-1.074
-0.024,-2.278,-1.871
-1.231,-2.555,-2.561
-2.909,-2.459,-2.732
-4.643,-1.919,-2.097
-5.742,-1.321,-1.090
-5.781,-1.060,-0.712
-4.903,-1.096,-1.452
-3.623,-1.035,-2.530
-2.396,-0.621,-2.515
-1.413,0.000,-0.845
-0.712,0.507,1.423
-0.354,0.806,2.550
-0.384,1.081,1.794
-0.651,1.494,0.117
-0.806,1.985,-0.813
-0.595,2.429,-0.285
-0.139,2.886,0.823
0.171,3.528,1.031
0.093,4.309,-0.127
-0.181,4.824,-1.541
-0.243,4.625,-1.625
0.075,3.663,-0.015
0.542,2.338,1.948
0.877,1.097,2.542
1.131,0.050,1.480
1.588,-0.967,0.265
2.301,-2.053,0.624
2.884,-3.029,2.664
2.866,-3.619,4.740
2.222,-3.699,5.130
1.394,-3.355,3.687
0.786,-2.736,1.712
0.351,-1.982,0.433
-0.219,-1.288,-0.094
-0.978,-0.916,-0.567
-1.569,-1.002,-1.293
-1.613,-1.369,-1.848
-1.141,-1.612,-1.841
-0.542,-1.436,-1.643
-0.158,-0.894,-2.070
-0.032,-0.266,-3.398
-0.041,0.213,-4.927
-0.120,0.460,-5.601
-0.249,0.432,-4.936
-0.325,0.075,-3.288
-0.221,-0.514,-1.375
-0.002,-0.984,0.255
0.062,-0.937,1.323
-0.200,-0.317,1.704
-0.604,0.507,1.460
-0.792,1.120,0.971
-0.678,1.478,0.761
-0.585,1.882,1.020
-0.845,2.529,1.328
-1.324,3.217,1.020
-1.466,3.541,-0.070
-0.864,3.324,-1.306
0.296,2.724,-1.797
1.390,1.975,-1.293
1.922,1.156,-0.491
1.873,0.296,-0.384
1.539,-0.417,-1.275
1.159,-0.726,-2.468
0.770,-0.633,-2.941
0.350,-0.504,-2.334
-0.060,-0.717,-1.223
-0.435,-1.210,-0.466
-0.890,-1.503,-0.315
-1.578,-1.197,-0.248
-2.419,-0.399,0.375
-3.011,0.403,1.564
-2.935,0.825,2.668
-2.189,0.858,3.045
-1.259,0.704,2.688
-0.707,0.483,2.208
-0.643,0.161,2.242
-0.634,-0.318,2.922
-0.161,-0.948,3.791
0.857,-1.704,4.124
1.982,-2.544,3.372
2.670,-3.279,1.511
2.743,-3.533,-0.842
2.478,-2.983,-2.701
2.292,-1.694,-3.359
2.355,-0.161,-2.916
2.476,1.058,-2.135
2.334,1.749,-1.676
1.802,2.074,-1.464
1.082,2.276,-0.947
0.540,2.423,0.082
0.383,2.427,1.092
0.476,2.194,1.372
0.486,1.673,0.900
0.219,0.833,0.412
-0.180,-0.254,0.564
-0.374,-1.247,1.156
-0.178,-1.579,1.340
0.269,-0.861,0.579
0.649,0.669,-0.717
0.713,2.208,-1.540
0.374,2.993,-1.208
-0.376,2.915,0.089
-1.487,2.501,1.555
-2.725,2.280,2.491
-3.634,2.221,2.750
-3.799,1.837,2.616
-3.227,0.782,2.369
-2.411,-0.744,2.016
-1.910,-2.200,1.485
-1.844,-3.199,0.974
-1.862,-3.726,0.972
-1.613,-3.915,1.766
-1.188,-3.810,2.908
-1.009,-3.428,3.386
-1.302,-2.944,2.492
-1.776,-2.591,0.600
-1.884,-2.319,-1.054
-1.360,-1.721,-1.431
-0.448,-0.472,-0.547
0.411,1.134,0.715
1.028,2.265,1.511
1.556,2.261,1.646
2.176,1.258,1.347
2.786,0.031,0.727
3.060,-0.753,-0.281
2.799,-1.061,-1.482
2.166,-1.292,-2.205
1.578,-1.734,-1.794
1.372,-2.318,-0.380
1.567,-2.832,0.986
1.904,-3.176,1.095
2.042,-3.352,-0.429
1.720,-3.310,-2.849
0.831,-2.988,-4.943
-0.528,-2.452,-5.907
-2.025,-1.873,-5.768
-3.146,-1.269,-5.112
-3.421,-0.431,-4.556
-2.702,0.760,-4.398
-1.315,1.965,-4.579
0.081,2.529,-4.779
0.856,2.128,-4.544
0.752,1.191,-3.484
0.020,0.533,-1.561
-0.757,0.554,0.686
-1.056,0.912,2.283
-0.794,1.048,2.409
-0.376,0.911,1.072
-0.344,1.007,-0.715
-0.861,1.737,-1.590
-1.552,2.846,-0.897
-1.863,3.631,0.762
-1.629,3.643,2.058
-1.221,3.071,2.118
-1.121,2.468,1.238
-1.398,2.221,0.441
-1.663,2.358,0.388
-1.527,2.749,0.813
-0.992,3.327,1.038
-0.352,4.025,0.894
0.203,4.606,0.947
0.772,4.668,1.752
1.515,3.897,3.037
2.376,2.322,3.789
3.124,0.335,3.202
3.612,-1.515,1.523
3.870,-2.804,-0.081
3.930,-3.407,-0.458
3.637,-3.514,0.628
2.788,-3.488,2.371
1.436,-3.614,3.567
-0.009,-3.926,3.483
-1.027,-4.202,2.343
-1.361,-4.152,1.104
-1.138,-3.630,0.737
-0.683,-2.729,1.532
-0.267,-1.707,2.932
0.007,-0.835,3.991
0.164,-0.294,4.063
0.307,-0.142,3.213
0.572,-0.326,2.105
1.073,-0.724,1.495
1.770,-1.192,1.659
2.406,-1.586,2.144
2.616,-1.748,2.112
2.195,-1.497,1.115
1.294,-0.694,-0.398
0.348,0.619,-1.403
-0.238,2.172,-1.308
-0.389,3.596,-0.550
-0.383,4.658,-0.081
-0.583,5.346,-0.261
-1.160,5.701,-0.493
-2.003,5.591,-0.055
-2.850,4.751,0.894
-3.447,3.107,1.445
-3.651,1.036,1.069
-3.461,-0.792,0.326
-3.037,-1.909,0.242
-2.624,-2.391,1.117
-2.367,-2.687,2.227
-2.145,-3.105,2.670
-1.653,-3.514,2.240
-0.688,-3.569,1.325
0.632,-3.174,0.266
1.962,-2.636,-0.801
3.002,-2.344,-1.508
3.645,-2.333,-1.167
3.869,-2.278,0.433
3.624,-1.886,2.234
2.939,-1.253,2.447
2.095,-0.772,0.230
1.548,-0.721,-3.238
1.582,-1.005,-5.665
2.067,-1.294,-5.731
2.636,-1.336,-4.174
3.043,-1.092,-2.766
3.291,-0.620,-2.438
3.404,0.042,-2.594
3.250,0.824,-2.152
2.702,1.519,-0.869
1.926,1.869,0.532
1.325,1.807,1.258
1.121,1.550,1.097
1.060,1.413,0.258
0.649,1.489,-1.015
-0.312,1.551,-2.347
-1.498,1.277,-3.036
-2.353,0.555,-2.438
-2.543,-0.430,-0.779
-2.131,-1.354,0.709
-1.394,-1.962,0.801
-0.596,-2.138,-0.528
0.098,-1.822,-2.058
0.603,-0.964,-2.535
0.866,0.403,-1.827
0.806,2.045,-0.860
0.284,3.519,-0.576
-0.779,4.337,-1.114
-2.182,4.210,-1.930
-3.394,3.210,-2.474
-3.890,1.764,-2.601
-3.634,0.481,-2.426
-3.168,-0.098,-2.012
-3.111,0.251,-1.342
-3.554,1.320,-0.557
-3.997,2.575,-0.079
-3.886,3.460,-0.343
-3.139,3.715,-1.350
-2.130,3.472,-2.494
-1.266,3.054,-2.916
-0.698,2.701,-2.110
-0.416,2.437,-0.313
-0.432,2.156,1.604
-0.740,1.734,2.618
-1.124,1.043,2.117
-1.188,-0.070,0.298
-0.665,-1.714,-1.810
0.329,-3.763,-2.849
1.400,-5.779,-2.031
2.253,-7.192,0.184
2.888,-7.642,2.305
3.443,-7.196,2.881
3.924,-6.271,1.562
4.185,-5.327,-0.773
4.131,-4.556,-2.769
3.882,-3.796,-3.478
3.635,-2.700,-2.727
3.443,-1.066,-0.969
3.176,0.904,1.029
2.695,2.648,2.569
1.987,3.608,3.383
1.094,3.679,3.728
0.026,3.328,3.985
-1.158,3.249,4.126
-2.192,3.825,3.723
-2.679,4.878,2.558
-2.422,5.880,1.033
-1.701,6.393,-0.228
-1.096,6.282,-1.082
-1.043,5.621,-1.888
-1.572,4.534,-2.747
-2.438,3.196,-3.099
-3.412,1.897,-2.398
-4.355,0.917,-1.044
-5.102,0.261,-0.191
-5.462,-0.401,-0.452
-5.410,-1.402,-1.130
-5.185,-2.653,-1.041
-5.076,-3.649,0.060
-5.104,-3.933,1.278
-5.014,-3.548,1.807
-4.595,-2.969,1.878
-3.947,-2.656,2.164
-3.355,-2.733,2.539
-2.954,-3.060,2.052
-2.605,-3.456,0.316
-2.126,-3.746,-1.604
-1.538,-3.731,-2.155
-0.995,-3.312,-1.067
-0.474,-2.737,0.310
0.333,-2.529,0.620
1.752,-3.010,0.020
3.726,-3.858,-0.250
5.745,-4.277,0.386
7.187,-3.683,1.108
7.789,-2.214,0.923
7.798,-0.552,0.162
7.704,0.671,0.216
7.838,1.252,1.789
8.163,1.315,3.928
8.400,1.065,5.042
8.300,0.731,4.633
7.822,0.606,3.579
7.114,0.942,2.822
6.367,1.759,2.307
5.694,2.841,1.498
5.084,3.976,0.551
4.432,5.092,0.347
3.611,6.076,1.272
2.570,6.527,2.430
1.396,5.916,2.522
0.258,4.120,1.356
-0.733,1.737,0.050
-1.642,-0.299,-0.363
-2.663,-1.454,-0.164
-3.944,-1.921,-0.465
-5.442,-2.201,-1.668
-6.944,-2.496,-2.850
-8.211,-2.591,-2.827
-9.097,-2.293,-1.557
-9.546,-1.786,-0.172
-9.532,-1.437,0.298
-9.052,-1.346,-0.086
-8.180,-1.217,-0.513
-7.107,-0.737,-0.499
-6.050,0.034,-0.322
-5.105,0.733,-0.464
-4.140,1.086,-0.922
-2.901,1.155,-1.230
-1.254,1.167,-1.045
0.598,1.244,-0.483
2.167,1.365,0.094
2.996,1.533,0.443
2.995,1.825,0.488
2.501,2.228,0.172
1.986,2.500,-0.495
1.711,2.319,-1.175
1.633,1.575,-1.210
1.618,0.455,-0.143
1.659,-0.784,1.703
1.850,-2.067,3.302
2.179,-3.439,3.742
2.436,-4.805,3.022
2.384,-5.798,1.985
2.006,-6.022,1.492
1.567,-5.400,1.698
1.400,-4.266,2.119
1.652,-3.073,2.280
2.213,-2.066,2.149
2.820,-1.238,1.966
3.202,-0.558,1.799
3.165,-0.131,1.457
2.636,-0.059,0.807
1.717,-0.172,0.085
0.670,-0.037,-0.239
-0.182,0.696,0.098
-0.627,1.934,0.843
-0.676,3.210,1.378
-0.534,4.139,1.217
-0.472,4.762,0.396
-0.690,5.422,-0.594
-1.215,6.320,-1.293
-1.871,7.272,-1.700
-2.384,7.895,-2.213
-2.563,7.964,-3.134
-2.439,7.532,-4.261
-2.223,6.749,-5.046
-2.095,5.702,-5.123
-2.044,4.467,-4.629
-1.908,3.256,-3.971
-1.554,2.363,-3.391
-0.994,1.930,-2.842
-0.383,1.801,-2.249
0.054,1.639,-1.710
0.078,1.193,-1.365
-0.454,0.417,-1.156
-1.439,-0.628,-0.823
-2.464,-1.910,-0.144
-3.039,-3.413,0.859
-2.988,-5.024,1.909
-2.585,-6.512,2.524
-2.262,-7.650,2.183
-2.114,-8.371,0.701
-1.785,-8.771,-1.353
-0.879,-8.933,-2.743
0.545,-8.776,-2.417
1.952,-8.106,-0.449
2.834,-6.869,1.909
3.205,-5.348,3.223
3.567,-4.032,2.935
4.399,-3.220,1.535
5.674,-2.716,-0.060
6.844,-1.972,-1.063
7.270,-0.611,-0.979
6.710,1.174,0.213
5.474,2.742,1.743
4.173,3.536,2.199
3.266,3.504,0.612
2.771,3.009,-2.399
2.360,2.415,-4.824
1.730,1.818,-4.973
0.897,1.197,-3.020
0.133,0.708,-0.712
-0.373,0.717,0.390
-0.716,1.480,0.176
-1.109,2.789,-0.466
-1.577,4.036,-0.938
-1.906,4.678,-1.396
-1.941,4.697,-2.009
-1.830,4.579,-2.263
-1.853,4.772,-1.400
-2.047,5.167,0.514
-2.124,5.147,2.262
-1.845,4.223,2.444
-1.430,2.599,0.813
-1.449,1.042,-1.442
-2.252,0.147,-2.702
-3.560,-0.193,-2.215
-4.694,-0.552,-0.501
-5.177,-1.249,1.326
-5.053,-2.015,2.472
-4.647,-2.394,2.753
-4.140,-2.346,2.267
-3.488,-2.283,1.131
-2.683,-2.496,-0.302
-1.913,-2.727,-1.206
-1.371,-2.433,-0.685
-0.970,-1.451,1.302
-0.406,-0.274,3.524
0.458,0.411,4.321
1.349,0.390,3.073
1.810,0.070,0.783
1.662,-0.008,-0.914
1.196,0.254,-1.289
0.891,0.449,-0.978
1.008,0.100,-1.014
1.463,-0.882,-1.661
2.005,-2.132,-2.330
2.449,-3.112,-2.410
2.745,-3.430,-1.853
2.944,-2.995,-0.932
3.161,-2.039,0.227
3.523,-1.108,1.557
4.060,-0.897,2.654
4.614,-1.853,2.850
4.925,-3.709,1.893
4.831,-5.415,0.395
4.388,-5.690,-0.617
3.760,-3.897,-0.637
3.044,-0.520,-0.038
2.256,3.161,0.486
1.481,5.924,0.669
0.919,7.259,0.761
0.690,7.420,0.977
0.594,7.027,1.083
0.154,6.644,0.622
-0.986,6.595,-0.508
-2.685,6.894,-1.780
-4.329,7.223,-2.406
-5.262,7.022,-2.009
-5.231,5.837,-0.958
-4.466,3.734,-0.071
-3.435,1.425,0.071
-2.537,-0.132,-0.413
-1.963,-0.380,-0.872
-1.706,0.459,-0.763
-1.630,1.564,-0.186
-1.565,2.078,0.228
-1.425,1.588,-0.020
-1.279,0.236,-0.710
-1.257,-1.511,-0.964
-1.361,-3.164,-0.015
-1.385,-4.395,1.981
-1.046,-5.076,3.842
-0.193,-5.234,4.206
1.122,-4.979,2.679
2.738,-4.456,0.268
4.471,-3.812,-1.381
6.077,-3.188,-1.321
7.234,-2.717,-0.050
7.669,-2.521,1.034
7.358,-2.683,0.884
6.523,-3.156,-0.422
5.392,-3.680,-2.008
3.952,-3.808,-3.107
2.044,-3.182,-3.594
-0.289,-1.888,-3.749
-2.601,-0.562,-3.749
-4.299,0.018,-3.467
-5.149,-0.421,-2.690
-5.492,-1.352,-1.405
-5.860,-1.891,0.086
-6.331,-1.654,1.254
-6.329,-1.145,1.580
-5.195,-1.270,0.917
-3.043,-2.399,-0.278
-0.999,-3.922,-1.188
-0.400,-4.710,-1.350
-1.596,-3.994,-1.122
-3.518,-1.864,-1.278
-4.536,0.963,-2.021
-3.869,3.672,-2.580
-2.229,5.682,-1.983
-1.102,6.700,-0.201
-1.422,6.735,1.676
-2.870,6.166,2.516
-4.349,5.613,2.219
-4.967,5.512,1.622
-4.581,5.720,1.428
-3.581,5.645,1.511
-2.413,4.886,1.295
-1.329,3.759,0.587
-0.421,3.088,-0.181
0.323,3.391,-0.476
1.000,4.256,-0.240
1.704,4.584,0.045
2.367,3.502,-0.278
2.771,1.140,-1.664
2.805,-1.419,-4.061
2.667,-2.905,-6.716
2.674,-2.711,-8.334
2.858,-1.245,-7.854
2.869,0.330,-5.425
2.408,0.797,-2.595
1.702,-0.341,-1.222
1.379,-2.402,-1.929
1.793,-3.790,-3.604
2.579,-3.074,-4.447
2.990,-0.239,-3.531
2.672,2.927,-1.359
1.988,3.917,0.878
1.546,1.401,2.371
1.493,-3.585,3.038
1.422,-8.265,3.214
0.938,-10.126,3.341
0.189,-8.684,3.867
-0.270,-5.650,5.024
-0.120,-3.525,6.384
0.315,-3.842,6.842
0.343,-6.307,5.448
-0.436,-9.200,2.413
-1.716,-10.526,-0.844
-2.670,-9.185,-2.820
-2.513,-5.582,-3.039
-0.984,-1.428,-2.027
1.486,1.232,-0.513
3.963,1.283,0.965
5.428,-0.675,1.724
5.298,-2.649,0.880
3.810,-2.567,-1.718
1.937,0.239,-4.581
0.796,4.474,-5.314
0.894,7.691,-2.827
1.785,8.009,1.249
2.423,5.522,3.826
1.924,2.267,3.212
0.148,0.674,0.566
-2.242,1.605,-1.623
-4.199,3.649,-2.161
-4.883,4.417,-1.963
-4.169,2.783,-2.369
-2.848,0.028,-3.270
-2.290,-1.309,-3.305
-3.575,0.086,-1.713
-6.605,2.866,0.544
-9.936,4.096,1.750
-11.633,1.958,1.230
-10.591,-2.431,-0.114
-7.234,-5.827,-0.972
-3.098,-5.534,-0.951
0.236,-1.546,-0.614
1.905,3.665,-0.527
1.818,7.247,-0.629
0.380,7.947,-0.607
-1.600,6.438,-0.551
-2.889,4.243,-0.954
-2.255,2.601,-2.070
0.634,2.109,-3.427
4.542,2.846,-4.064
7.227,4.370,-3.243
7.089,5.681,-1.046
4.571,5.701,1.550
1.904,4.198,3.189
1.261,2.230,2.998
2.984,1.360,1.306
5.505,2.256,-0.448
6.885,4.124,-0.771
6.365,5.563,0.646
4.541,5.836,2.689
2.397,5.142,3.883
0.503,3.778,3.690
-0.936,1.460,2.770
-1.719,-2.239,2.091
-1.753,-6.913,1.998
-1.448,-11.148,2.149
-1.543,-13.537,2.111
-2.298,-13.832,1.718
-2.982,-13.012,0.943
-2.493,-12.273,-0.230
-0.560,-12.033,-1.585
1.829,-11.771,-2.470
3.286,-10.620,-2.196
3.178,-8.068,-0.773
1.827,-4.378,0.872
-0.199,-0.616,1.662
-2.689,1.736,1.413
-5.603,1.566,1.062
-8.645,-1.131,1.720
-11.346,-5.205,3.512
-13.532,-9.160,5.396
-15.423,-12.185,6.144
-17.109,-14.489,5.467
-18.124,-16.711,4.117
-17.761,-19.090,2.961
-15.823,-21.204,2.090
-12.884,-22.362,0.923
-9.724,-22.124,-0.917
-6.611,-20.481,-3.003
-3.234,-17.726,-4.465
0.769,-14.303,-4.845
5.303,-10.699,-4.470
9.836,-7.223,-4.008
13.728,-3.724,-3.795
16.525,0.433,-3.639
18.085,5.879,-3.186
18.645,12.577,-2.351
18.743,19.661,-1.382
18.916,26.006,-0.610
19.352,31.029,-0.169
19.846,34.894,0.073
20.156,37.951,0.324
20.352,40.127,0.564
20.725,40.974,0.459
21.403,40.283,-0.252
22.114,38.400,-1.161
22.391,35.784,-1.163
21.888,32.321,0.606
20.472,27.291,3.611
18.081,20.134,5.925
14.681,11.198,5.785
10.426,1.640,3.266
5.762,-7.353,0.232
1.218,-15.168,-1.459
-2.960,-21.664,-1.575
-6.934,-26.731,-1.215
-11.027,-30.159,-1.203
-15.312,-31.918,-1.187
-19.434,-32.371,-0.394
-22.789,-32.112,1.132
-24.909,-31.605,2.466
-25.795,-31.031,2.892
-25.956,-30.375,2.709
-26.096,-29.569,2.861
-26.595,-28.519,3.981
-27.152,-27.141,5.906
-26.917,-25.433,7.846
-25.097,-23.454,8.763
-21.569,-21.174,7.774
-17.004,-18.384,4.726
-12.390,-14.879,0.631
-8.366,-10.736,-2.778
-4.930,-6.318,-4.365
-1.704,-1.909,-4.554
1.568,2.588,-4.848
4.770,7.461,-6.342
7.555,12.644,-8.839
9.656,17.450,-11.352
11.018,20.976,-13.065
11.714,22.794,-13.552
11.876,23.232,-12.409
11.723,22.949,-9.397
11.569,22.277,-5.230
11.613,21.036,-1.779
11.706,18.973,-0.787
11.382,16.323,-2.204
10.266,13.843,-4.123
8.464,12.278,-4.650
6.520,11.782,-3.647
4.982,11.846,-2.394
4.038,11.727,-1.777
3.544,10.932,-1.458
3.302,9.334,-1.033
3.188,6.984,-1.375
3.032,3.914,-3.887
2.513,0.151,-8.255
1.297,-4.120,-11.664
-0.668,-8.432,-11.088
-2.998,-12.063,-6.431
-5.028,-14.267,-0.910
-6.161,-14.625,1.971
-6.164,-13.315,1.627
-5.265,-11.016,0.436
-3.961,-8.450,0.943
-2.656,-5.961,3.505
-1.316,-3.566,6.620
0.561,-1.435,8.867
3.551,-0.158,9.997
7.710,-0.319,10.401
12.278,-1.730,10.256
16.006,-3.214,9.582
17.940,-3.343,8.785
18.086,-1.492,8.599
17.381,1.798,9.341
16.950,5.423,10.502
17.222,8.574,11.206
17.610,11.011,10.925
17.033,12.728,9.536
14.853,13.601,6.847
11.423,13.461,2.568
7.802,12.296,-2.896
4.908,10.207,-7.785
2.877,7.140,-9.676
1.169,2.888,-7.360
-0.744,-2.501,-2.237
-2.824,-8.347,2.340
-4.577,-13.496,3.465
-5.698,-16.947,0.809
-6.577,-18.336,-3.285
-8.094,-17.870,-5.704
-10.836,-15.938,-4.744
-14.405,-12.894,-0.951
-17.499,-9.163,3.620
-18.800,-5.328,6.827
-17.953,-1.964,7.537
-15.845,0.660,5.984
-13.940,2.618,3.477
-13.253,4.055,1.635
-13.827,4.958,1.450
-14.997,5.235,2.740
-16.006,4.966,4.404
-16.345,4.454,5.361
-15.666,3.965,5.365
-13.670,3.514,5.015
-10.276,3.006,5.048
-5.871,2.569,5.668
-1.197,2.598,6.481
3.149,3.296,6.926
7.092,4.236,6.686
10.852,4.574,5.802
14.309,3.864,4.525
16.648,2.670,3.036
16.799,2.236,1.188
14.419,3.492,-1.488
10.509,6.359,-5.276
7.021,9.996,-9.548
5.625,13.546,-12.595
6.597,16.537,-12.547
8.737,18.652,-8.821
10.340,19.384,-2.846
10.357,18.204,2.667
8.816,15.024,5.378
6.415,10.436,4.638
3.890,5.399,1.661
1.726,0.736,-1.375
0.124,-3.093,-2.631
-1.073,-5.896,-1.580
-2.454,-7.583,0.842
-4.732,-8.134,2.919
-8.068,-7.653,3.194
-11.678,-6.406,1.253
-14.282,-4.825,-2.065
-15.128,-3.466,-4.952
-14.612,-2.799,-5.304
-13.931,-2.913,-1.803
-14.084,-3.424,4.962
-15.148,-3.852,12.211
-16.230,-4.272,16.232
-15.984,-5.552,14.714
-13.279,-8.767,8.455
-7.847,-14.146,1.009
-0.680,-20.490,-3.674
6.180,-25.690,-3.978
10.612,-27.989,-1.717
11.666,-27.000,-0.703
10.169,-23.700,-3.744
8.102,-19.580,-10.374
7.207,-15.709,-17.299
7.923,-12.388,-21.158
9.391,-9.397,-21.016
10.372,-6.433,-18.255
10.214,-3.361,-14.428
9.190,-0.216,-9.867
8.149,2.921,-4.643
7.855,6.107,-0.162
8.459,9.614,1.336
9.356,13.811,-0.680
9.514,18.788,-3.600
8.159,24.030,-3.664
5.381,28.513,0.444
2.171,31.315,6.336
-0.251,32.259,10.364
-1.292,31.929,10.966
-1.294,31.030,9.406
-1.072,29.673,7.711
-1.204,27.355,6.615
-1.753,23.650,5.599
-2.520,18.911,4.219
-3.384,14.212,2.703
-4.322,10.545,1.348
-5.244,8.022,-0.022
-5.930,5.854,-1.631
-6.149,3.075,-3.093
-5.744,-0.644,-3.621
-4.616,-4.824,-2.923
-2.767,-8.662,-1.596
-0.506,-11.678,-0.513
1.409,-13.947,-0.058
2.017,-15.865,-0.114
0.738,-17.705,-0.481
-2.145,-19.344,-0.793
-5.557,-20.314,-0.064
-8.202,-20.128,2.885
-9.222,-18.690,7.746
-8.527,-16.450,11.662
-6.647,-14.120,10.942
-4.301,-12.136,4.843
-1.994,-10.397,-2.470
0.115,-8.577,-4.707
2.032,-6.689,0.951
3.685,-5.260,10.926
4.855,-4.855,18.181
5.363,-5.498,18.264
5.264,-6.621,12.564
4.811,-7.579,6.036
4.153,-8.068,2.308
3.101,-8.015,1.176
1.237,-7.201,0.232
-1.602,-5.234,-1.930
-4.920,-1.993,-4.361
-7.709,1.968,-5.093
-9.149,5.567,-3.286
-9.254,7.784,-0.058
-8.740,8.186,2.435
-8.183,7.005,2.589
-7.309,4.924,0.285
-5.230,2.793,-3.276
-1.427,1.379,-6.412
3.543,1.033,-7.709
8.346,1.462,-6.509
11.775,1.876,-3.272
13.312,1.623,0.260
13.000,0.833,1.711
11.092,0.376,-0.264
8.029,1.037,-4.458
4.532,2.653,-7.550
1.351,4.147,-6.783
-1.231,4.542,-2.616
-3.509,3.890,1.397
-5.794,3.078,1.695
-7.823,2.658,-2.145
-8.868,2.065,-7.229
-8.473,0.203,-10.113
-6.915,-3.139,-9.648
-4.878,-6.682,-7.406
-2.747,-8.610,-5.836
-0.366,-8.131,-6.289
2.554,-6.017,-8.457
5.916,-3.694,-11.045
9.106,-2.055,-12.614
11.269,-1.167,-12.108
11.685,-0.797,-9.263
10.141,-0.763,-4.992
7.215,-0.708,-1.291
4.177,0.051,-0.194
2.306,2.042,-2.244
1.985,4.966,-5.761
2.458,7.800,-7.886
2.622,9.709,-6.809
2.173,10.762,-3.280
1.897,11.657,0.085
2.749,12.839,1.136
4.702,14.063,-0.110
6.625,14.708,-2.009
7.345,14.284,-3.255
6.734,12.526,-3.917
5.594,9.336,-4.509
4.479,4.997,-4.524
2.783,0.465,-2.547
-0.772,-2.920,2.007
-6.637,-4.383,7.723
-13.553,-4.417,12.179
-19.357,-4.382,14.136
-22.807,-5.272,14.509
-24.528,-6.859,15.192
-26.065,-8.032,17.205
-28.069,-7.896,20.004
-29.553,-6.494,22.142
-28.968,-4.617,22.207
-25.780,-3.090,19.407
-20.860,-2.290,14.037
-15.415,-2.160,7.822
-9.922,-2.389,3.361
-4.210,-2.492,2.421
1.663,-1.867,4.437
7.024,-0.133,6.878
11.142,2.432,7.384
13.916,4.881,5.539
15.779,6.316,2.626
17.013,6.863,0.015
17.440,7.848,-1.843
16.934,10.777,-3.056
16.019,15.906,-3.627
15.640,21.778,-3.509
16.177,26.239,-2.982
16.812,27.954,-2.456
16.115,27.044,-1.957
13.475,24.443,-1.332
9.933,20.883,-1.116
7.442,16.514,-2.614
7.088,11.266,-6.383
7.932,5.241,-10.695
7.708,-1.248,-12.331
4.807,-7.816,-9.589
-0.302,-13.987,-4.405
-5.583,-19.186,-0.941
-9.344,-22.997,-1.816
-11.657,-25.520,-5.816
-13.971,-27.339,-9.345
-17.456,-28.961,-9.821
-21.777,-30.254,-7.509
-25.377,-30.483,-4.472
-26.752,-28.899,-2.346
-25.409,-25.350,-1.285
-21.862,-20.439,-0.473
-17.046,-15.244,0.863
-11.842,-10.800,2.881
-6.860,-7.597,5.070
-2.289,-5.390,6.602
2.202,-3.582,6.989
7.192,-1.985,6.554
12.852,-1.190,6.077
18.444,-1.958,5.747
22.638,-4.090,4.689
24.506,-6.068,1.902
24.278,-6.120,-2.262
23.074,-3.799,-5.970
21.838,-0.448,-7.492
20.550,1.957,-6.792
18.542,2.403,-5.295
15.553,1.388,-4.271
12.323,0.219,-3.862
9.969,0.061,-3.723
8.738,1.551,-4.038
7.511,4.785,-5.309
4.798,9.151,-7.147
0.307,13.212,-7.890
-4.564,15.276,-5.947
-7.991,14.600,-1.582
-9.521,12.155,2.841
-10.534,10.017,4.623
-12.844,9.778,2.905
-16.892,11.421,-0.689
-21.362,13.645,-3.371
-24.440,15.123,-3.225
-25.268,15.368,-0.335
-24.188,14.549,3.700
-21.940,12.789,7.183
-19.046,9.905,9.379
-15.963,5.823,10.446
-13.321,1.083,10.642
-11.526,-3.252,9.866
-10.062,-6.231,8.104
-7.580,-7.613,6.113
-2.988,-7.913,5.235
3.509,-7.928,6.191
10.611,-8.194,8.043
17.083,-8.738,8.648
22.512,-9.167,6.431
26.919,-8.994,1.914
29.961,-7.984,-2.492
30.969,-6.367,-4.212
29.876,-4.755,-2.296
27.795,-3.736,2.035
26.328,-3.353,6.191
26.174,-2.891,7.662
26.522,-1.259,5.426
25.845,2.216,0.644
23.215,7.135,-3.952
18.870,12.069,-5.959
13.756,15.383,-5.148
8.785,16.240,-3.469
4.504,15.025,-2.990
1.067,12.861,-3.884
-1.868,10.659,-4.696
-5.186,8.514,-4.519
-9.908,5.931,-4.314
-16.330,2.586,-5.678
-23.497,-1.156,-8.630
-29.639,-4.432,-11.274
-33.341,-6.588,-11.780
-34.381,-7.695,-10.113
-33.580,-8.382,-7.499
-31.939,-9.158,-4.686
-29.883,-9.911,-1.479
-27.129,-10.095,2.058
-23.086,-9.401,4.770
-17.412,-8.168,5.314
-10.472,-7.048,3.588
-3.468,-6.307,0.772
1.936,-5.617,-1.881
4.440,-4.612,-3.827
3.912,-3.549,-4.943
1.509,-3.172,-5.171
-1.006,-3.870,-4.810
-2.291,-5.128,-4.519
-2.017,-5.987,-4.391
-0.728,-5.964,-3.335
0.766,-5.303,-0.313
1.975,-4.328,3.688
2.980,-2.817,5.920
4.315,-0.292,4.991
6.576,3.127,3.203
9.956,6.450,4.482
13.965,8.517,9.569
17.575,8.890,14.281
19.773,7.927,13.686
20.155,6.148,7.836
19.083,3.789,2.187
17.287,1.018,1.753
15.288,-1.646,5.558
13.166,-3.391,7.902
10.811,-3.612,5.039
8.296,-2.305,-0.473
5.946,0.000,-2.724
4.105,2.475,0.793
2.947,4.169,6.334
2.558,4.199,7.906
3.096,2.158,3.327
4.737,-1.516,-4.146
7.402,-5.603,-9.495
10.572,-8.715,-10.258
13.413,-9.973,-7.306
15.109,-9.254,-2.781
15.152,-6.964,1.534
13.450,-3.712,4.192
10.221,-0.180,3.925
5.757,2.877,0.434
0.278,4.683,-4.997
-5.870,4.687,-10.397
-11.758,2.939,-14.594
-15.826,0.334,-17.339
-16.772,-1.645,-18.099
-14.869,-1.822,-15.678
-12.256,-0.379,-9.805
-11.473,0.902,-2.758
-13.348,-0.162,1.625
-16.346,-4.181,1.192
-18.138,-9.039,-2.331
-17.733,-10.938,-4.722
-16.021,-7.113,-2.984
-14.423,1.850,2.230
-13.422,12.112,7.550
-12.583,19.127,9.905
-11.655,20.623,8.749
-11.180,17.595,5.833
-11.888,12.789,3.270
-13.728,8.328,1.841
-15.727,4.661,0.911
-16.719,1.373,-0.408
-16.080,-1.563,-2.200
-13.802,-3.657,-3.868
-10.131,-4.826,-5.028
-5.330,-5.923,-5.924
0.190,-8.006,-6.815
5.617,-11.145,-7.160
9.780,-14.210,-5.767
11.651,-15.903,-1.921
11.013,-15.841,3.662
8.646,-14.568,8.959
5.697,-12.780,11.662
2.734,-10.860,10.354
-0.490,-9.097,5.395
-4.185,-7.939,-0.740
-7.542,-7.635,-4.261
-8.992,-7.734,-2.280
-7.660,-7.215,4.734
-4.432,-5.365,12.511
-1.201,-2.415,15.632
0.968,0.761,11.497
2.715,3.535,2.284
5.308,5.967,-6.737
8.977,8.394,-10.974
12.663,10.709,-9.352
15.416,12.135,-4.486
17.657,11.709,-0.669
20.745,8.982,-1.123
25.318,4.388,-5.948
30.246,-0.934,-11.906
33.202,-5.706,-14.613
32.265,-9.040,-12.017
27.161,-10.620,-6.346
19.403,-10.459,-2.366
11.449,-8.546,-3.200
5.463,-4.881,-7.687
2.315,0.136,-11.953
1.391,5.423,-13.371
1.318,9.554,-12.531
1.042,11.569,-11.362
0.352,11.481,-10.129
-0.488,10.004,-7.206
-1.407,7.762,-1.871
-2.713,4.792,3.581
-4.625,0.824,5.413
-6.786,-3.990,2.276
-8.333,-8.645,-2.996
-8.494,-11.610,-5.748
-7.193,-11.739,-3.693
-5.166,-9.057,1.247
-3.539,-4.843,4.973
-3.164,-0.934,4.807
-4.206,1.286,1.366
-6.257,1.575,-2.400
-8.784,0.824,-3.567
-11.418,0.464,-1.021
-13.770,1.647,4.094
-15.059,4.595,9.099
-14.165,8.427,11.289
-10.342,11.584,9.715
-4.053,12.705,6.150
2.896,11.428,4.118
8.227,8.519,6.255
10.537,5.246,12.077
10.112,2.543,18.267
8.608,0.690,21.368
7.872,-0.415,20.424
8.790,-0.909,17.237
10.972,-0.994,14.345
13.292,-1.161,12.884
14.686,-2.041,12.116
14.546,-3.770,10.461
12.748,-5.544,6.726
9.640,-6.050,0.732
6.113,-4.620,-6.592
3.396,-2.020,-13.420
2.410,-0.003,-17.643
3.081,0.112,-17.803
4.322,-1.504,-13.857
4.779,-3.476,-7.277
3.710,-4.495,-0.563
1.278,-4.317,3.567
-1.805,-3.554,3.324
-4.816,-2.731,-0.823
-7.412,-1.700,-5.702
-9.782,0.014,-7.075
-12.547,2.536,-2.903
-16.309,5.448,4.452
-20.973,8.202,9.608
-25.428,10.534,8.455
-28.081,12.409,1.604
-27.994,13.724,-6.164
-25.627,14.269,-9.798
-22.489,13.993,-7.635
-19.987,13.150,-1.971
-18.489,12.085,3.139
-17.305,10.900,4.606
-15.364,9.382,1.818
-11.893,7.210,-3.406
-6.740,4.214,-7.968
-0.428,0.508,-9.178
5.915,-3.479,-6.102
10.895,-7.092,0.255
13.592,-9.782,7.836
14.266,-11.596,14.460
14.261,-13.325,18.082
14.891,-15.871,17.006
16.150,-19.204,10.952
16.546,-21.947,2.275
14.425,-22.224,-4.562
9.696,-19.228,-5.863
4.268,-14.054,-1.658
0.682,-8.980,4.233
0.166,-5.816,7.353
1.919,-4.820,6.042
4.166,-5.066,2.149
5.775,-5.621,-1.060
6.821,-6.231,-1.470
7.778,-6.917,0.828
8.543,-7.237,4.019
8.499,-6.317,5.733
7.421,-3.764,4.411
5.973,-0.372,0.476
5.098,2.378,-3.565
5.029,3.664,-4.739
5.113,4.042,-1.959
4.658,4.677,3.062
3.728,5.903,7.389
2.981,6.763,9.304
2.872,6.130,9.034
3.297,4.169,7.306
4.036,2.487,3.945
5.255,2.745,-1.433
7.244,5.214,-7.486
9.693,8.628,-10.917
11.533,11.256,-9.049
11.746,11.946,-2.787
10.337,10.390,3.519
8.339,6.924,5.642
6.790,2.449,3.019
5.715,-1.620,-1.220
4.164,-3.890,-3.496
1.184,-3.909,-2.820
-3.248,-2.618,-0.907
-8.102,-1.687,-0.001
-11.915,-2.234,-1.014
-13.496,-4.040,-3.403
-12.390,-5.882,-5.979
-9.100,-6.464,-7.418
-5.065,-5.110,-6.532
-2.103,-1.835,-2.947
-1.305,2.869,2.079
-2.110,8.217,5.952
-2.649,13.207,6.619
-1.392,16.831,4.531
1.250,18.407,2.558
3.054,17.844,3.540
1.909,15.674,7.635
-2.226,12.802,12.047
-7.267,10.102,13.467
-10.797,8.089,10.895
-11.903,6.876,6.209
-11.371,6.455,2.187
-10.467,6.987,0.153
-9.788,8.672,-0.555
-9.184,11.220,-1.293
-8.326,13.462,-2.757
-6.998,13.692,-4.918
-4.944,10.705,-7.641
-1.847,4.693,-10.673
2.223,-2.730,-12.896
6.385,-9.406,-12.275
9.186,-13.646,-7.359
9.470,-14.750,0.849
7.116,-12.954,8.871
3.080,-9.151,13.143
-1.169,-4.620,12.695
-4.310,-0.681,9.505
-5.632,1.729,6.324
-5.225,2.353,4.422
-3.874,1.539,3.484
-2.563,-0.100,3.119
-1.835,-2.000,3.637
-1.469,-3.785,5.011
-0.803,-5.351,5.690
0.615,-6.965,3.386
2.661,-9.148,-2.532
4.765,-12.179,-9.726
6.241,-15.529,-14.432
6.447,-17.944,-14.458
4.917,-18.318,-10.624
1.713,-16.667,-5.472
-2.165,-14.170,-1.016
-4.923,-12.136,2.166
-4.950,-10.861,4.219
-1.960,-9.477,5.194
2.679,-6.853,5.214
6.800,-2.601,5.011
8.735,2.666,5.656
8.105,7.835,7.399
5.704,11.889,8.789
2.834,14.244,7.279
0.600,14.887,1.258
-0.554,14.466,-7.925
-0.948,14.049,-15.849
-1.351,14.382,-17.595
-2.355,15.076,-11.491
-3.876,14.689,-0.920
-5.171,12.011,7.894
-5.351,7.544,10.679
-3.934,3.508,8.302
-1.074,1.972,5.328
2.534,2.737,5.398
5.871,3.216,7.999
7.947,0.703,9.686
8.278,-5.102,8.080
7.226,-11.856,4.245
5.752,-16.721,1.143
4.590,-18.546,0.272
3.576,-17.962,0.309
1.912,-15.874,-0.961
-0.811,-12.591,-3.949
-3.849,-8.539,-6.853
-5.733,-5.116,-7.712
-5.487,-3.897,-6.397
-3.435,-4.770,-4.493
-0.803,-5.464,-3.663
1.398,-3.563,-4.398
2.955,0.992,-5.966
3.975,5.780,-6.907
4.092,8.361,-5.636
2.496,8.504,-1.502
-1.022,7.769,4.042
-5.226,7.338,7.792
-8.051,7.011,7.401
-8.461,6.463,3.988
-7.661,6.709,1.359
-8.075,9.407,1.962
-10.799,14.626,4.074
-14.122,19.991,3.872
-14.932,22.632,0.268
-11.756,21.875,-3.451
-6.261,19.555,-3.336
-1.596,17.649,0.573
0.565,16.099,4.307
1.088,13.353,4.450
1.654,8.737,1.513
2.569,3.662,-1.385
2.685,0.154,-2.125
1.196,-1.436,-0.981
-1.122,-2.790,0.916
-2.748,-5.621,3.038
-3.125,-9.657,5.076
-3.126,-12.880,6.315
-3.908,-13.614,6.503
-5.647,-12.101,6.887
-7.549,-9.964,9.131
-8.775,-8.430,12.802
-9.079,-7.331,14.880
-8.644,-5.712,12.698
-7.634,-3.022,7.176
-6.025,0.423,2.278
-3.690,3.853,0.989
-0.475,6.497,2.371
3.680,7.655,3.063
8.502,6.834,1.409
13.173,4.226,-0.619
16.498,0.971,0.086
17.425,-1.446,3.707
15.516,-2.321,6.448
11.031,-2.124,3.813
4.741,-1.673,-4.978
-2.239,-1.050,-15.740
-8.567,0.403,-22.378
-12.941,2.989,-21.392
-14.581,5.821,-14.056
-13.596,7.329,-5.052
-10.900,6.573,0.625
-7.618,3.940,0.229
-4.474,0.640,-5.539
-1.644,-2.320,-12.603
0.834,-4.641,-15.219
2.611,-6.513,-9.587
3.151,-8.267,2.570
2.356,-10.254,14.109
0.989,-12.780,17.591
0.191,-15.782,11.594
0.403,-18.451,2.036
0.860,-19.347,-3.223
0.346,-17.201,-1.220
-1.457,-11.913,4.576
-3.498,-4.925,8.876
-4.329,1.413,9.612
-3.464,5.052,8.245
-1.654,5.192,6.389
0.068,2.391,3.869
1.359,-2.066,0.418
2.536,-6.905,-2.135
3.864,-11.197,-0.954
5.223,-14.335,4.276
6.438,-15.916,9.902
7.563,-15.758,11.193
8.548,-13.953,6.655
8.744,-10.815,-0.833
7.146,-6.786,-6.925
3.362,-2.385,-9.310
-1.681,1.805,-8.464
-6.130,5.266,-6.066
-8.394,7.743,-3.735
-8.090,9.308,-3.096
-6.063,10.144,-5.586
-3.708,10.246,-10.931
-2.215,9.414,-16.017
-2.126,7.595,-16.632
-3.239,5.227,-11.270
-4.802,3.200,-3.025
-5.933,2.420,2.890
-6.107,3.355,3.548
-5.408,5.890,-0.047
-4.392,9.541,-5.245
-3.669,13.772,-10.440
-3.520,18.142,-14.837
-3.762,22.163,-16.676
-3.861,25.014,-13.672
-3.154,25.496,-5.994
-1.127,22.571,2.299
2.271,16.282,6.253
6.368,8.298,4.568
9.877,1.300,0.362
11.547,-2.582,-2.694
10.993,-3.143,-3.984
8.992,-2.117,-5.188
6.860,-1.833,-7.007
5.438,-3.684,-8.208
4.691,-7.532,-7.928
4.196,-12.195,-7.287
3.724,-16.250,-7.537
3.139,-18.550,-7.457
1.936,-18.506,-4.318
-0.552,-16.417,2.087
-4.164,-13.614,7.614
-7.396,-11.847,7.260
-8.425,-11.944,0.455
-6.878,-12.771,-7.841
-4.352,-11.805,-11.665
-2.906,-7.254,-9.414
-3.104,0.010,-4.756
-3.719,6.729,-2.634
-3.213,9.763,-4.574
-1.140,8.617,-7.525
1.921,5.571,-6.940
5.337,3.426,-1.222
8.795,3.233,6.419
11.866,4.123,10.490
13.781,4.870,8.027
14.058,5.019,1.197
13.122,4.487,-4.880
11.875,2.728,-6.857
10.570,-0.906,-5.401
8.422,-5.895,-2.908
4.583,-10.212,0.047
-0.594,-11.833,4.875
-5.506,-10.597,11.577
-8.533,-8.300,16.491
-9.184,-6.868,14.899
-7.999,-6.706,6.372
-5.653,-6.923,-3.121
-2.495,-6.824,-5.472
0.991,-6.684,2.393
3.702,-6.985,15.219
4.400,-7.331,23.366
2.872,-6.588,20.665
0.351,-4.147,9.254
-1.528,-0.782,-2.667
-2.286,1.941,-7.872
-2.977,3.100,-5.542
-4.944,3.165,-0.671
-8.295,3.324,1.279
-11.728,4.129,-0.945
-13.752,4.829,-4.382
-13.904,4.044,-5.659
-12.812,1.179,-4.372
-11.368,-2.704,-2.907
-10.000,-5.374,-3.495
-8.521,-4.975,-5.823
-6.355,-1.439,-7.475
-2.932,3.340,-6.490
1.767,6.658,-3.360
6.814,6.612,-0.584
10.772,3.083,-0.318
12.915,-2.388,-2.402
14.092,-7.530,-4.552
16.012,-10.442,-4.401
19.453,-10.365,-1.390
23.301,-7.886,3.038
25.584,-4.515,6.760
25.354,-1.809,8.381
23.339,-0.455,7.707
20.758,0.118,5.458
17.894,1.232,2.843
14.122,3.734,1.150
9.167,6.994,1.240
3.939,9.083,3.143
-0.086,8.240,6.194
-2.203,4.484,9.655
-3.039,-0.169,13.043
-3.821,-3.230,15.717
-5.109,-3.620,16.436
-6.220,-2.171,13.959
-5.874,-0.383,8.596
-3.575,1.081,3.075
-0.535,2.594,1.230
0.785,4.524,5.072
-1.604,6.367,12.647
-7.580,7.072,18.792
-14.832,6.089,18.556
-20.453,3.908,10.803
-22.796,1.620,-0.689
-22.029,0.073,-9.541
-19.242,-0.573,-10.934
-15.336,-0.692,-4.736
-10.756,-0.736,4.575
-5.934,-0.808,11.085
-1.521,-0.509,11.378
1.975,0.783,6.395
4.609,3.242,0.049
6.845,6.039,-4.081
8.933,7.625,-5.262
10.529,6.874,-5.445
11.056,4.155,-6.829
10.364,1.150,-9.559
8.898,-0.600,-11.778
7.147,-1.113,-11.871
5.042,-1.878,-10.381
2.112,-4.289,-9.331
-1.657,-8.182,-9.680
-5.307,-12.014,-10.039
-7.502,-14.423,-8.360
-7.722,-15.423,-4.625
-6.731,-16.022,-0.990
-5.698,-16.924,0.982
-4.916,-17.968,2.411
-3.566,-18.774,5.451
-0.783,-19.443,9.682
3.189,-20.201,11.331
7.033,-20.529,7.103
9.476,-19.273,-1.473
10.243,-15.983,-8.483
9.914,-11.903,-8.911
9.020,-9.174,-3.204
7.488,-8.851,3.705
5.019,-9.844,7.413
1.925,-9.898,7.367
-0.651,-7.523,5.299
-1.575,-2.925,1.743
-0.954,2.649,-4.407
-0.477,8.181,-12.753
-2.239,13.472,-19.294
-6.880,18.817,-19.214
-12.710,24.337,-12.164
-16.712,29.529,-3.699
-16.612,33.285,-0.291
-12.275,34.342,-2.863
-5.451,31.962,-6.065
1.528,26.394,-4.291
6.886,18.831,2.247
9.723,10.987,8.164
9.918,4.682,9.194
8.068,1.485,6.671
5.388,2.082,5.167
3.248,5.462,6.593
2.427,8.852,8.066
2.674,9.248,5.978
2.985,5.795,0.999
2.371,0.825,-2.296
0.544,-1.864,-0.828
-1.935,-0.248,3.169
-4.035,4.206,4.631
-4.907,8.015,1.536
-4.413,8.783,-2.817
-3.195,6.836,-3.730
-2.150,4.059,-0.377
-1.703,1.712,3.753
-1.535,-0.276,5.310
-1.029,-2.231,4.658
0.046,-3.762,4.489
1.365,-4.383,5.896
2.524,-4.764,7.297
3.446,-6.614,7.255
4.217,-10.849,6.844
4.659,-16.144,7.958
4.435,-19.790,9.816
3.677,-20.204,8.801
3.246,-18.350,2.592
4.009,-16.506,-6.309
5.813,-15.790,-12.359
7.465,-15.265,-12.415
7.937,-13.540,-8.683
7.498,-10.846,-5.892
7.395,-9.043,-6.150
8.414,-9.515,-7.367
9.979,-11.405,-6.554
10.833,-12.272,-3.616
10.453,-10.499,-1.130
9.526,-6.811,-0.811
8.984,-3.382,-1.317
8.754,-1.650,-0.157
7.683,-1.177,2.813
4.690,-0.455,4.821
-0.103,1.579,3.398
-5.366,4.938,-0.597
-9.569,9.074,-4.071
-11.960,13.455,-5.710
-12.714,17.537,-7.751
-12.390,20.543,-12.777
-11.427,21.696,-19.197
-10.152,20.763,-21.454
-9.044,18.237,-15.818
-8.724,14.923,-5.489
-9.488,11.469,1.457
-10.835,8.328,-0.070
-11.633,5.939,-6.857
-10.957,4.675,-10.653
-8.933,4.512,-6.567
-6.797,4.920,2.497
-5.963,5.225,9.751
-6.820,5.084,11.653
-8.251,4.584,10.112
-8.379,3.953,8.268
-6.090,3.342,6.172
-2.067,2.916,1.964
1.663,2.999,-3.621
3.465,3.895,-6.311
3.568,5.412,-3.095
3.764,6.648,3.054
5.521,6.461,5.224
8.411,4.402,-0.010
10.542,1.261,-8.277
10.507,-1.434,-11.751
8.686,-2.632,-7.630
6.524,-2.497,-1.216
4.812,-1.883,-0.100
3.088,-1.149,-6.090
0.703,0.176,-13.860
-1.991,2.391,-17.239
-3.978,4.534,-15.449
-4.923,4.927,-12.374
-5.650,3.038,-10.665
-6.926,0.476,-8.439
-8.007,-0.468,-2.604
-6.932,0.655,5.732
-2.588,1.901,11.061
3.587,1.256,9.399
8.240,-0.697,3.433
8.649,-1.062,0.362
4.865,2.265,4.377
-0.453,8.223,12.224
-4.149,13.754,16.944
-4.684,17.118,15.350
-2.680,19.347,10.536
0.054,22.131,7.001
1.825,24.829,5.019
1.718,24.458,1.436
-0.390,18.845,-4.603
-3.928,9.245,-9.136
-7.660,-0.683,-7.947
-9.967,-8.363,-2.393
-9.671,-14.151,1.541
-7.003,-19.687,0.246
-3.774,-25.042,-3.401
-2.154,-28.225,-4.242
-2.787,-27.468,-1.844
-3.938,-23.323,-1.008
-2.813,-18.101,-5.110
1.805,-13.619,-11.194
8.007,-10.085,-13.342
11.985,-7.138,-9.851
11.087,-5.194,-4.873
5.918,-5.039,-2.813
-0.384,-6.211,-3.151
-4.740,-6.511,-2.177
-6.058,-3.714,1.343
-5.112,2.156,4.313
-3.229,8.491,3.266
-1.338,12.188,-1.443
0.194,12.198,-6.364
1.490,10.181,-8.950
3.086,8.834,-9.507
5.459,9.519,-9.297
8.230,11.211,-8.090
10.025,11.487,-4.638
9.566,8.564,0.624
7.068,2.755,4.337
4.329,-3.666,2.618
3.200,-7.955,-4.715
3.993,-8.574,-12.502
5.376,-6.015,-13.753
5.681,-2.393,-5.904
4.205,-0.144,6.290
1.502,-0.550,14.853
-1.213,-2.943,16.039
-2.878,-5.209,13.266
-3.175,-5.363,12.231
-2.654,-3.030,13.960
-2.221,0.558,14.077
-2.218,4.117,8.978
-1.987,7.769,1.087
-0.540,12.724,-3.464
2.187,19.319,-1.853
4.839,25.670,2.208
5.567,28.704,2.645
3.509,26.687,-2.704
-0.563,20.579,-10.673
-4.874,12.787,-16.685
-7.841,4.893,-18.666
-8.925,-3.008,-17.099
-8.807,-10.902,-12.909
-8.899,-17.556,-6.822
-10.254,-21.219,-0.489
-12.387,-21.451,3.506
-13.098,-19.630,4.054
-10.041,-17.388,3.579
-3.051,-15.024,6.257
5.057,-11.921,13.237
10.442,-8.263,20.092
11.315,-5.439,20.233
9.139,-4.263,11.541
6.795,-3.294,-0.799
5.832,0.148,-8.790
5.701,6.984,-9.016
5.345,14.860,-5.246
4.763,20.236,-3.753
4.623,21.918,-6.773
4.802,22.036,-11.000
4.110,23.292,-11.945
1.685,25.666,-8.719
-1.824,26.388,-4.317
-4.966,23.144,-2.043
-7.119,16.767,-2.443
-8.903,10.395,-3.527
-10.940,6.218,-3.242
-12.843,3.620,-1.412
-13.935,0.597,0.385
-14.564,-3.525,0.521
-15.860,-7.279,-0.935
-17.896,-8.725,-1.885
-18.756,-7.299,0.328
-16.252,-3.822,6.837
-10.581,0.666,16.298
-4.606,5.311,25.755
-1.055,8.755,32.155
0.172,9.072,33.204
1.341,5.335,27.736
3.673,-0.715,16.593
5.670,-5.335,3.505
5.190,-5.770,-5.981
2.685,-2.703,-8.087
1.350,0.546,-4.131
3.695,1.374,0.118
8.611,0.342,-0.773
12.540,0.355,-7.299
13.369,3.631,-14.982
12.390,9.670,-18.745
12.192,15.989,-17.200
13.378,20.426,-12.977
14.115,22.481,-9.544
12.645,22.708,-8.253
9.283,21.421,-8.247
5.562,18.449,-8.357
2.213,14.070,-8.314
-1.018,9.627,-8.126
-3.649,6.753,-7.082
-3.639,5.947,-4.251
0.828,6.179,0.065
8.851,6.051,4.148
16.698,5.109,6.821
20.469,3.699,9.184
18.870,1.636,13.323
13.576,-2.483,18.790
7.413,-10.122,21.241
2.422,-20.936,16.024
-0.853,-32.280,3.637
-3.080,-40.798,-9.159
-5.562,-44.549,-14.676
-9.527,-43.818,-10.980
-15.390,-40.240,-3.004
-22.323,-35.432,2.802
-28.512,-30.216,4.343
-31.850,-24.562,4.484
-30.653,-17.923,6.876
-24.316,-9.852,12.335
-13.992,-0.792,19.093
-2.697,7.622,25.165
5.937,13.369,29.300
9.992,15.613,30.004
10.712,15.613,25.326
11.403,15.962,14.970
14.492,18.708,2.606
19.497,23.944,-5.182
23.770,29.854,-3.718
25.005,33.884,5.212
22.904,34.135,13.827
18.774,30.418,14.350
14.217,24.584,5.572
10.460,19.705,-6.138
8.366,18.078,-12.632
8.152,19.444,-11.291
8.747,21.280,-6.830
7.890,21.351,-5.938
3.603,19.983,-10.340
-4.105,19.312,-15.410
-13.046,20.023,-15.474
-20.370,19.368,-9.774
-24.248,13.367,-2.735
-24.274,1.321,1.175
-20.839,-12.277,1.814
-14.689,-20.899,2.289
-7.164,-21.261,4.451
-0.442,-15.554,6.688
3.061,-8.888,6.346
1.955,-5.050,3.271
-3.150,-4.590,-0.048
-9.727,-5.897,-1.673
-14.575,-7.013,-2.387
-15.687,-6.431,-4.029
-13.699,-3.417,-6.200
-11.783,1.263,-5.879
-13.640,4.953,-1.091
-20.731,4.499,5.588
-30.870,-1.024,8.451
-39.468,-8.920,4.542
-42.509,-14.700,-2.217
-38.848,-15.797,-4.031
-30.233,-13.685,2.707
-19.591,-12.461,12.758
-9.447,-15.374,16.647
-1.596,-22.483,10.471
2.466,-31.081,0.370
1.669,-37.924,-3.659
-3.704,-41.211,1.887
-11.407,-41.178,10.863
-18.171,-39.329,14.659
-21.925,-37.004,11.078
-23.401,-34.139,5.008
-25.423,-29.237,1.309
-30.173,-20.934,-0.645
-36.798,-10.076,-4.550
-41.545,-0.156,-10.984
-40.382,4.862,-15.771
-31.888,3.599,-14.671
-18.126,-1.852,-8.254
-3.164,-8.156,-1.255
9.316,-13.606,2.146
17.571,-18.566,1.527
21.940,-23.378,-0.746
23.982,-26.745,-2.369
25.379,-26.806,-2.669
27.108,-23.411,-2.282
29.138,-18.314,-2.129
30.646,-12.767,-2.442
30.616,-5.585,-2.246
28.573,5.355,-0.005
25.083,19.515,4.497
21.631,32.278,8.878
19.664,37.823,9.670
19.395,33.637,5.866
19.472,22.204,0.661
18.101,8.674,-1.233
14.748,-2.687,1.560
10.606,-10.051,5.255
7.292,-13.340,4.421
5.328,-13.273,-2.585
4.317,-11.253,-11.751
4.531,-9.297,-16.974
7.524,-9.076,-15.439
14.409,-10.644,-9.647
23.571,-12.274,-4.487
30.839,-11.740,-2.463
32.466,-7.927,-1.716
27.874,-1.503,1.408
19.380,5.559,7.885
9.645,10.984,14.051
0.060,13.127,14.330
-8.545,11.591,6.323
-14.720,7.294,-6.384
-16.960,1.936,-16.498
-15.363,-2.766,-18.535
-11.846,-5.543,-12.750
-8.287,-5.537,-4.160
-4.867,-2.270,2.140
-0.801,4.019,4.893
3.558,12.005,6.522
6.227,19.554,9.690
5.635,24.700,14.270
2.768,26.515,17.475
0.683,25.152,16.494
1.821,21.265,10.916
6.077,15.604,3.105
11.425,9.102,-3.164
15.814,2.957,-4.588
18.066,-1.837,-0.039
17.370,-5.243,8.272
12.917,-8.410,15.164
4.629,-12.974,15.237
-6.011,-19.876,6.833
-16.420,-28.572,-6.064
-24.507,-37.174,-16.364
-29.748,-43.383,-19.141
-32.856,-45.625,-14.867
-34.760,-43.678,-7.692
-36.231,-38.421,-0.975
-38.182,-30.961,4.977
-41.658,-21.993,11.016
-46.894,-11.989,16.214
-52.337,-1.918,17.959
-54.967,6.577,14.967
-52.140,12.099,9.276
-43.557,14.733,4.623
-31.634,16.176,3.273
-19.842,18.249,4.948
-10.309,21.009,8.268
-2.705,22.334,11.838
4.691,19.677,13.481
12.730,12.659,9.822
20.103,4.243,-1.347
24.380,-0.790,-17.737
24.606,0.862,-32.646
22.997,8.512,-39.546
23.834,17.805,-36.784
30.152,23.689,-27.730
41.075,23.590,-17.117
52.297,18.376,-8.191
59.387,10.870,-2.869
60.864,3.809,-2.330
58.251,-0.957,-5.556
53.449,-2.246,-7.991
46.591,0.332,-4.113
36.738,5.608,7.040
24.294,10.908,19.584
11.843,13.960,25.420
2.095,15.245,21.482
-4.586,17.957,11.739
-9.851,24.866,2.149
-14.535,34.970,-4.947
-16.966,43.601,-10.483
-14.798,46.238,-13.982
-8.162,42.228,-11.807
-0.044,34.640,-1.496
6.716,26.669,13.179
12.004,18.642,23.485
17.226,8.672,23.017
22.006,-4.276,13.398
23.383,-18.668,2.484
19.038,-31.849,-2.586
10.690,-42.587,-0.323
3.252,-51.556,5.905
0.332,-59.351,11.718
1.119,-64.738,14.243
2.031,-65.428,12.364
0.990,-60.505,6.585
-0.508,-51.580,-0.730
0.629,-41.365,-6.122
5.790,-31.520,-7.403
13.565,-22.362,-5.539
21.232,-14.525,-3.688
26.545,-10.012,-4.157
28.241,-10.775,-6.648
25.852,-16.178,-9.548
19.978,-22.429,-12.160
12.684,-25.206,-14.762
6.835,-23.028,-16.593
4.356,-18.012,-15.073
4.937,-13.268,-8.289
6.506,-9.665,1.660
6.909,-5.104,8.832
5.198,3.262,8.023
1.618,16.173,-0.524
-3.143,31.156,-11.221
-8.582,43.757,-18.066
-14.624,49.937,-19.354
-21.574,48.223,-17.583
-29.648,40.572,-15.356
-38.079,31.368,-12.319
-44.635,24.818,-6.433
-46.577,22.338,2.388
-42.720,22.062,11.040
-34.719,21.005,16.121
-25.949,17.880,17.558
-18.882,13.860,18.469
-13.592,10.803,21.145
-8.842,9.279,23.874
-4.317,8.614,22.587
-1.274,8.517,15.632
-0.890,9.858,6.007
-2.253,13.496,-1.802
-2.345,18.766,-6.671
1.859,23.730,-11.430
11.132,27.009,-18.388
23.361,28.978,-25.417
34.660,31.061,-27.771
41.190,34.228,-23.644
40.779,38.490,-16.567
33.867,43.429,-11.422
23.445,48.341,-8.849
13.798,51.506,-5.007
8.508,49.950,2.873
8.870,40.946,11.980
13.669,24.388,16.180
20.242,3.682,12.673
25.932,-15.921,5.372
29.040,-30.218,1.179
29.018,-37.899,3.287
26.165,-40.465,8.563
21.178,-40.987,11.063
14.832,-42.728,7.460
7.854,-48.034,-0.727
0.926,-57.497,-9.011
-5.388,-69.628,-13.238
-10.830,-81.328,-11.825
-15.575,-88.996,-6.381
-20.070,-89.735,-0.864
-24.635,-82.246,0.756
-29.152,-67.234,-2.617
-33.159,-47.254,-8.239
-36.210,-25.921,-12.029
-38.080,-6.776,-12.347
-38.541,7.732,-10.781
-36.940,16.786,-8.863
-32.253,21.310,-4.961
-23.932,23.666,3.922
-13.046,26.722,16.892
-2.459,32.346,27.288
4.599,40.160,27.961
6.727,47.706,18.673
5.334,52.104,7.033
3.329,51.884,1.335
2.620,47.473,3.100
2.901,40.248,7.292
2.836,31.417,8.873
2.214,21.800,7.336
2.581,12.267,4.699
5.657,3.874,1.222
11.373,-2.632,-4.764
17.665,-7.370,-13.170
22.095,-11.238,-20.468
23.425,-15.260,-22.953
21.767,-19.842,-20.958
17.793,-24.365,-18.621
12.314,-27.309,-19.460
6.481,-26.994,-22.880
1.640,-22.720,-25.058
-1.652,-15.557,-22.628
-4.442,-7.953,-15.397
-8.702,-2.171,-6.297
-15.311,1.242,0.806
-22.565,3.636,3.845
-26.854,6.877,4.042
-25.130,11.553,4.626
-17.128,16.201,7.408
-5.526,18.113,10.497
5.829,15.153,10.108
14.066,7.376,4.809
18.288,-2.685,-2.613
19.182,-11.444,-7.964
18.073,-16.526,-9.601
16.184,-18.186,-8.796
14.277,-18.682,-6.848
12.434,-20.105,-3.567
10.003,-22.582,0.637
5.958,-24.325,2.652
-0.294,-23.187,-1.220
-8.173,-18.181,-10.423
-15.943,-9.980,-18.693
-21.559,-0.601,-18.909
-23.708,7.220,-9.820
-22.273,11.052,2.360
-18.026,10.248,9.345
-12.007,6.923,7.901
-5.149,5.012,2.120
1.661,7.442,-0.738
7.376,13.739,3.434
10.765,20.512,12.619
10.715,24.559,20.949
6.717,25.590,23.575
-0.807,25.874,19.850
-10.558,27.444,12.713
-20.766,30.025,5.634
-29.629,31.761,0.120
-35.484,31.496,-4.417
-36.908,29.662,-9.013
-33.087,26.748,-13.579
-24.570,21.505,-16.665
-13.735,11.621,-16.529
-4.091,-3.341,-12.502
1.628,-19.942,-5.653
3.344,-32.550,1.746
3.774,-37.659,7.471
6.383,-36.659,10.316
12.595,-34.133,10.135
20.600,-33.144,7.328
26.765,-32.224,2.599
28.450,-27.094,-2.837
25.837,-15.393,-7.297
21.386,0.364,-9.343
17.657,14.546,-8.655
15.501,23.003,-6.108
14.006,25.974,-2.985
11.898,26.690,-0.121
8.931,27.589,2.280
6.024,28.106,4.311
4.263,25.953,6.083
3.885,19.905,7.677
4.393,10.939,9.058
5.610,0.923,9.733
8.371,-9.075,8.503
13.686,-18.680,4.048
20.854,-26.814,-3.527
26.539,-31.355,-11.322
26.324,-30.839,-14.516
17.826,-26.415,-10.071
2.645,-21.519,-0.509
-14.664,-19.239,6.780
-29.535,-20.048,5.714
-39.530,-22.251,-2.097
-44.217,-24.371,-8.026
-43.962,-26.524,-4.782
-39.480,-29.244,5.870
-32.287,-31.464,14.777
-24.673,-30.527,15.167
-18.398,-24.804,9.692
-13.362,-16.155,6.717
-7.944,-9.201,10.256
-1.024,-7.554,15.423
6.282,-10.442,14.546
10.978,-13.093,6.380
10.406,-10.688,-2.456
4.352,-2.322,-5.053
-4.669,8.467,-1.473
-12.993,16.914,2.373
-17.830,20.975,1.976
-18.280,22.762,-1.186
-15.026,26.442,-2.194
-9.549,34.433,1.648
-3.724,44.921,8.359
0.330,52.640,13.566
0.929,52.423,14.209
-1.896,42.916,10.532
-5.846,27.612,5.810
-7.850,12.419,4.289
-6.805,1.830,7.991
-4.872,-3.249,14.415
-5.517,-4.694,18.030
-9.943,-4.818,15.424
-15.603,-4.859,9.148
-18.440,-5.060,5.424
-16.510,-5.305,7.637
-11.239,-5.270,12.909
-5.373,-4.319,15.679
-0.275,-1.881,13.587
4.569,1.931,8.485
9.915,6.355,2.332
15.363,10.831,-5.453
19.717,15.567,-15.423
22.213,20.959,-24.682
23.028,26.535,-28.751
22.790,30.876,-27.278
22.070,32.818,-25.846
21.455,32.608,-30.337
21.729,31.613,-39.947
23.529,30.768,-47.235
26.694,29.301,-45.428
29.979,24.988,-34.793
31.453,15.806,-21.403
29.332,1.744,-10.720
22.916,-14.631,-3.633
13.297,-29.481,1.414
3.348,-40.180,4.254
-3.484,-47.007,2.631
-5.188,-52.339,-3.977
-2.579,-57.747,-11.790
1.231,-61.846,-15.533
3.050,-61.344,-13.940
1.741,-54.498,-11.223
-1.467,-43.281,-12.164
-4.528,-31.786,-16.397
-6.501,-22.625,-18.964
-8.179,-15.436,-16.537
-11.126,-8.970,-11.374
-16.120,-3.752,-7.868
-22.318,-1.639,-6.369
-27.542,-2.724,-2.715
-29.224,-3.765,5.822
-25.386,-0.814,16.380
-15.474,6.625,23.941
-0.960,14.843,27.562
14.782,19.779,30.577
27.805,21.176,34.331
35.647,22.261,34.328
38.557,25.460,24.824
38.656,29.332,6.633
37.782,30.329,-11.596
36.096,27.163,-20.432
32.637,22.520,-17.161
26.908,20.209,-6.372
19.597,21.212,5.101
11.886,23.112,12.502
4.479,23.091,13.662
-2.486,20.639,8.053
-8.851,17.145,-2.740
-14.162,13.743,-13.933
-18.040,10.670,-18.695
-20.627,8.667,-12.405
-22.461,9.728,2.822
-23.891,15.262,17.787
-24.621,23.527,22.061
-23.756,29.931,12.472
-20.431,30.640,-3.275
-14.636,25.850,-12.517
-7.547,19.025,-8.749
-0.911,13.014,2.649
4.175,7.469,10.054
7.908,0.351,6.786
11.164,-8.571,-3.589
14.294,-16.555,-12.237
16.697,-20.409,-13.584
17.523,-19.755,-8.615
16.466,-17.366,-1.950
13.748,-16.374,1.908
9.775,-17.456,-0.061
5.377,-18.655,-8.578
2.329,-17.440,-20.433
2.809,-12.663,-28.821
7.514,-5.004,-28.097
14.299,3.715,-19.279
19.289,11.441,-9.759
19.839,16.859,-6.463
16.493,20.372,-9.620
11.993,24.200,-13.863
8.571,30.719,-14.784
6.423,39.929,-13.053
4.564,48.619,-11.877
2.449,52.691,-11.864
0.292,50.720,-9.800
-2.020,45.025,-2.605
-5.574,38.913,8.425
-11.553,33.020,18.005
-19.835,24.838,21.511
-28.927,11.926,19.015
-37.460,-4.871,14.580
-45.482,-21.765,11.650
-53.850,-35.243,9.594
-62.287,-44.413,5.390
-68.426,-50.187,-1.387
-69.250,-52.980,-6.549
-63.675,-51.949,-5.601
-53.630,-46.446,0.293
-42.549,-37.444,4.518
-32.885,-27.095,2.332
-25.021,-17.019,-3.211
-18.135,-7.359,-4.589
-11.537,2.649,1.136
-5.131,13.584,8.913
0.784,25.333,12.572
5.474,37.151,13.157
7.636,47.707,17.577
6.079,55.143,28.851
1.173,57.561,40.495
-4.542,53.859,42.732
-7.893,44.237,33.400
-7.662,30.017,20.736
-5.713,13.187,15.254
-5.360,-3.815,20.221
-8.515,-18.400,30.190
-14.181,-28.673,36.833
-19.314,-34.622,34.815
-20.926,-38.306,23.463
-17.695,-42.311,5.662
-10.311,-47.399,-13.822
-0.746,-51.492,-30.452
9.031,-51.273,-42.112
18.172,-45.188,-49.239
27.197,-35.189,-52.199
37.072,-25.479,-49.091
47.847,-19.332,-37.645
58.087,-16.927,-19.776
65.602,-16.002,-3.036
68.823,-14.286,4.232
67.646,-11.055,0.025
63.187,-6.626,-9.122
56.804,-1.249,-13.485
49.216,4.738,-8.225
40.388,9.929,3.078
30.309,12.202,12.266
19.943,10.872,13.890
11.287,8.152,9.380
6.133,7.396,4.876
4.522,9.441,5.559
4.449,11.358,12.033
3.244,9.597,21.249
-0.608,4.226,29.364
-6.808,-0.793,32.998
-13.991,-1.868,29.195
-20.792,0.228,17.032
-26.278,1.113,0.751
-29.794,-2.817,-10.313
-30.770,-11.400,-7.967
-28.738,-21.922,7.128
-23.515,-32.129,24.669
-15.668,-41.123,32.771
-6.978,-47.845,27.124
-0.077,-50.197,12.621
3.232,-46.707,-2.422
3.739,-38.800,-12.235
4.513,-30.477,-15.069
8.050,-25.290,-12.152
13.503,-23.805,-7.141
17.131,-24.164,-4.988
15.786,-24.748,-8.284
9.800,-25.705,-13.901
2.308,-27.812,-14.995
-3.886,-30.414,-7.803
-8.255,-31.084,4.088
-11.707,-27.443,13.230
-14.833,-19.173,15.600
-17.570,-8.245,13.433
-20.035,2.467,11.328
-22.591,10.622,11.273
-24.827,14.871,11.970
-25.178,14.851,11.270
-22.250,11.389,7.619
-16.333,6.742,-0.123
-9.063,3.967,-11.946
-1.614,5.444,-24.902
6.103,11.632,-33.577
14.196,21.166,-34.098
21.389,32.041,-27.844
25.712,42.601,-20.324
26.700,51.630,-16.153
26.198,57.994,-15.469
26.411,60.724,-14.946
27.243,59.594,-11.353
25.945,55.415,-4.050
19.489,49.545,4.607
7.123,43.053,10.274
-9.274,36.351,9.000
-26.784,29.476,0.656
-42.938,22.501,-9.533
-55.822,15.568,-14.641
-63.524,8.635,-12.894
-64.206,1.458,-10.418
-57.044,-6.087,-15.256
-43.078,-13.692,-27.870
-25.020,-20.750,-38.804
-6.107,-26.860,-37.305
11.091,-32.208,-22.306
25.086,-37.359,-3.829
35.136,-42.574,6.967
40.759,-47.215,8.445
41.724,-49.848,8.756
38.462,-49.078,16.193
32.336,-44.504,30.457
25.332,-36.960,43.487
19.337,-27.821,47.429
15.536,-18.080,40.614
14.245,-8.152,26.655
15.009,1.413,10.401
16.721,9.338,-3.732
17.903,14.239,-11.263
17.392,16.180,-9.283
15.182,17.416,-0.488
12.645,20.943,6.339
11.593,27.713,3.187
12.742,35.182,-8.742
14.924,38.975,-19.182
15.894,36.409,-18.990
14.119,28.649,-9.607
9.924,19.631,-0.990
5.034,13.027,-0.541
1.065,10.180,-5.957
-1.614,10.295,-9.394
-3.805,11.724,-6.610
-6.606,12.693,-0.171
-10.558,11.469,5.149
-15.245,6.968,7.344
-19.252,-0.205,7.156
-20.644,-7.704,5.772
-18.108,-13.132,4.661
-12.154,-16.052,6.359
-5.089,-18.060,12.469
0.719,-20.689,20.378
4.845,-23.430,24.359
8.873,-24.083,21.700
14.218,-20.958,16.483
20.080,-14.492,15.039
23.913,-6.795,17.794
23.923,-0.033,17.997
20.714,4.612,9.837
16.290,6.945,-3.524
11.867,7.631,-11.997
7.180,8.341,-8.618
1.857,11.444,3.821
-3.193,18.680,16.418
-6.234,29.785,22.964
-6.426,42.512,24.004
-4.864,54.204,23.180
-3.977,63.298,21.906
-5.997,69.402,18.896
-11.580,72.416,14.083
-19.063,72.089,11.053
-24.855,68.418,14.236
-25.334,61.851,23.663
-19.617,52.701,33.436
-10.913,40.637,36.378
-4.657,25.371,30.597
-4.607,7.942,21.030
-10.350,-9.141,14.115
-18.468,-23.386,11.311
-25.829,-33.716,8.646
-31.689,-40.148,2.522
-37.130,-42.505,-5.510
-43.277,-40.387,-10.866
-50.246,-34.822,-11.934
-57.101,-29.201,-11.930
-62.079,-27.402,-14.078
-63.044,-30.478,-16.689
-58.701,-35.535,-15.103
-49.994,-38.356,-8.427
-40.054,-37.104,-2.303
-32.058,-33.326,-3.693
-26.859,-29.596,-13.543
-22.830,-26.754,-25.657
-18.042,-23.559,-32.512
-12.307,-18.476,-31.248
-6.965,-11.188,-24.376
-3.107,-2.481,-16.349
-0.531,6.638,-10.320
1.525,15.224,-7.063
3.188,22.006,-5.342
3.879,25.431,-3.130
3.226,24.570,0.655
1.612,20.050,5.415
-0.206,13.911,10.401
-1.493,8.262,16.446
-1.197,3.835,24.406
2.442,-0.339,31.301
11.006,-5.832,30.282
23.939,-13.135,17.356
37.558,-20.781,-2.024
46.698,-26.078,-16.070
48.125,-26.981,-18.167
42.675,-23.602,-13.632
34.176,-18.069,-12.766
26.381,-12.780,-18.167
21.027,-8.627,-22.126
18.533,-4.853,-17.237
19.669,-0.642,-6.330
25.513,3.260,0.987
35.505,4.808,0.077
46.217,2.784,-4.188
53.063,-1.396,-4.958
53.709,-4.479,-1.766
49.628,-4.378,1.166
44.103,-2.442,2.451
38.930,-2.401,4.943
33.384,-6.791,9.188
26.234,-14.519,9.624
18.100,-22.052,0.782
11.397,-26.797,-13.995
8.248,-28.891,-23.767
8.959,-29.750,-21.284
12.536,-29.653,-11.093
18.112,-27.598,-4.547
25.392,-23.530,-7.533
33.891,-19.796,-15.049
42.285,-19.545,-18.060
48.823,-23.629,-13.800
52.305,-29.645,-7.833
52.554,-34.285,-6.680
50.076,-36.351,-10.411
45.371,-37.100,-13.527
38.532,-37.878,-12.352
29.388,-38.077,-9.805
18.140,-35.817,-11.804
6.014,-30.382,-19.380
-4.896,-23.446,-25.877
-12.918,-17.580,-23.369
-18.246,-13.679,-11.951
-22.876,-10.064,-1.508
-28.541,-4.238,-2.918
-34.602,4.398,-17.054
-38.328,13.501,-32.900
-37.691,19.423,-37.111
-33.803,20.153,-25.787
-30.244,17.032,-7.379
-29.830,13.719,5.369
-32.215,13.255,6.341
-34.757,15.687,0.188
-35.482,18.228,-2.944
-34.909,17.715,3.372
-35.015,13.167,16.597
-36.716,6.321,27.920
-38.460,-0.031,30.153
-37.093,-4.225,23.847
-30.028,-6.638,16.259
-17.031,-8.857,14.354
-0.580,-12.051,18.721
15.253,-15.802,24.067
26.733,-18.136,25.017
32.199,-16.697,20.821
32.627,-10.349,14.732
30.749,-0.080,10.048
29.291,11.522,7.426
29.423,21.824,5.273
30.308,29.389,1.616
30.002,33.876,-4.173
27.089,35.017,-10.187
21.771,32.056,-12.170
15.338,24.442,-6.509
8.459,13.021,5.307
0.201,0.412,15.531
-10.725,-9.985,15.470
-23.562,-15.627,3.443
-34.867,-16.012,-12.617
-41.043,-12.724,-21.247
-41.778,-8.329,-16.787
-40.501,-4.720,-3.434
-40.931,-1.968,8.856
-43.161,1.384,12.180
-43.534,6.792,5.741
-38.537,14.351,-4.916
-28.690,22.982,-12.975
-18.430,31.791,-15.367
-12.295,40.852,-13.440
-11.259,50.312,-8.904
-12.540,58.947,-0.141
-12.441,64.118,15.417
-9.202,63.551,34.579
-3.504,57.145,46.691
3.001,46.935,42.485
9.065,35.426,25.473
13.820,24.164,11.391
16.092,13.636,13.123
14.484,3.836,26.600
8.605,-5.647,34.316
0.100,-15.850,23.546
-7.986,-27.919,-0.953
-13.303,-41.734,-23.357
-15.896,-55.029,-33.486
-17.863,-64.241,-34.312
-21.303,-66.456,-33.857
-26.405,-60.723,-34.002
-31.188,-47.993,-30.095
-32.781,-30.623,-19.729
-29.062,-12.316,-7.877
-19.725,2.228,-1.802
-6.514,9.192,-2.754
7.297,8.342,-4.704
18.168,3.830,-1.093
23.914,1.413,8.507
24.781,4.118,18.450
23.057,10.472,22.375
21.366,16.947,18.045
20.833,21.826,8.204
20.581,26.319,-1.622
18.949,32.126,-6.027
15.476,38.715,-2.182
11.937,43.540,8.615
11.371,44.642,20.975
15.607,42.341,27.655
23.281,38.208,23.327
30.256,32.944,7.922
32.386,25.900,-12.609
28.411,16.544,-29.094
20.561,5.695,-34.386
12.557,-5.183,-27.905
6.975,-15.602,-15.959
4.116,-26.277,-6.997
2.661,-37.462,-5.248
0.828,-47.357,-8.173
-2.899,-52.775,-9.991
-9.263,-51.642,-7.703
-17.539,-44.792,-3.536
-25.181,-35.110,-1.763
-28.758,-24.971,-3.900
-26.048,-14.646,-7.665
-17.738,-3.167,-10.212
-7.244,9.641,-11.173
1.264,22.398,-11.854
5.053,33.390,-12.302
3.828,42.054,-10.658
-0.710,48.803,-5.897
-6.016,53.454,-0.049
-9.851,54.437,3.687
-11.148,50.054,4.946
-10.389,40.495,6.792
-9.207,28.258,11.246
-9.215,16.475,15.101
-10.750,7.064,12.323
-12.594,0.581,1.632
-13.045,-2.756,-9.602
-11.394,-2.926,-11.227
-8.416,-1.340,-0.968
-5.520,-1.446,11.831
-3.630,-6.700,14.502
-2.962,-17.114,3.408
-3.476,-28.054,-12.300
-4.886,-33.432,-19.157
-6.003,-30.882,-11.212
-4.771,-24.051,5.906
0.103,-19.682,20.912
7.276,-22.194,25.778
13.219,-30.718,20.055
15.315,-40.822,9.002
14.602,-48.486,-1.170
14.877,-52.323,-7.034
18.763,-52.636,-8.658
24.841,-49.482,-7.444
28.981,-42.528,-3.411
28.333,-32.780,4.907
23.727,-23.678,17.275
18.323,-19.532,29.092
14.514,-22.259,33.728
12.399,-29.521,28.891
10.729,-36.297,20.068
8.491,-38.658,16.000
5.437,-36.377,20.054
1.796,-32.278,26.867
-1.805,-29.316,28.243
-4.198,-28.445,21.798
-4.239,-29.060,12.627
-2.114,-30.821,6.627
0.007,-34.207,3.918
-0.866,-38.820,0.275
-6.212,-41.466,-5.638
-14.554,-36.938,-8.837
-22.216,-21.703,-3.523
-25.661,2.641,8.625
-23.556,29.592,17.811
-17.319,51.678,15.277
-10.018,64.595,2.712
-4.458,68.179,-8.793
-1.506,64.345,-9.734
0.303,54.842,-1.593
3.457,40.977,5.122
9.207,24.596,1.562
16.173,8.466,-11.527
21.157,-4.506,-26.089
21.603,-12.197,-35.380
17.586,-13.602,-39.360
11.708,-9.090,-42.162
7.361,-0.947,-45.686
7.019,6.747,-46.517
11.478,9.944,-39.146
19.642,7.274,-22.192
28.520,0.952,-1.625
34.045,-5.281,12.476
33.223,-9.335,13.570
26.278,-11.901,4.325
16.503,-14.750,-5.138
7.440,-18.470,-5.574
0.163,-22.108,3.663
-6.318,-24.648,14.614
-12.094,-26.151,18.369
-14.686,-27.269,13.119
-11.152,-27.981,5.087
-1.791,-27.171,1.823
9.029,-23.429,4.524
16.237,-16.092,6.957
18.060,-5.627,2.249
16.532,6.636,-9.049
14.536,18.980,-18.315
13.219,29.793,-17.415
12.402,38.194,-8.118
12.522,44.567,-1.485
14.957,50.500,-6.380
20.195,57.770,-19.163
26.428,66.737,-26.969
30.680,75.338,-21.990
31.303,79.884,-10.490
28.984,77.652,-5.437
25.354,69.340,-10.984
21.146,58.841,-17.452
16.050,49.923,-13.195
9.936,42.732,0.831
3.509,33.909,11.542
-2.395,20.704,8.782
-7.618,4.921,-3.009
-12.357,-7.840,-10.093
-16.364,-13.301,-4.783
-19.179,-12.648,7.241
-21.415,-11.229,14.946
-25.254,-13.207,14.248
-32.918,-18.045,10.082
-44.409,-22.388,7.747
-57.011,-24.699,5.952
-67.285,-27.096,0.180
-73.518,-32.410,-9.155
-76.201,-40.164,-15.316
-76.445,-46.261,-12.842
-74.404,-46.692,-4.489
-69.364,-41.019,1.522
-61.108,-31.980,0.724
-50.830,-22.275,-3.179
-40.662,-12.595,-3.810
-32.378,-2.919,-0.228
-26.449,5.342,2.645
-21.995,9.791,1.486
-17.461,9.948,-0.151
-11.535,8.801,3.777
-3.900,10.303,12.805
4.520,15.166,18.130
12.045,19.908,11.650
17.181,20.644,-4.000
19.344,17.449,-16.740
18.884,14.125,-17.340
16.552,13.642,-9.155
12.953,14.726,-3.995
8.270,13.660,-8.598
2.317,8.956,-17.326
-4.997,3.193,-19.502
-12.745,0.004,-12.573
-18.349,0.182,-5.412
-18.483,1.571,-7.936
-11.609,2.294,-19.500
0.048,2.829,-29.538
11.675,4.396,-28.907
19.825,6.208,-18.256
25.203,5.543,-4.757
31.017,0.830,6.648
38.612,-6.017,15.946
45.559,-11.027,22.905
48.589,-11.971,23.229
47.722,-10.505,12.730
46.240,-10.372,-5.417
46.359,-13.510,-20.418
46.107,-17.958,-22.556
41.605,-19.621,-12.056
32.219,-16.313,1.010
22.414,-10.128,5.258
17.971,-5.641,-3.319
20.754,-5.393,-19.439
27.412,-7.112,-33.309
32.603,-5.721,-37.327
32.894,1.550,-30.122
28.050,12.113,-16.069
20.015,20.273,-1.380
11.540,22.547,10.000
5.249,20.538,17.477
2.740,18.528,21.669
3.848,18.701,22.298
6.859,19.237,19.107
9.705,17.071,14.487
11.003,11.896,13.588
10.122,6.800,20.180
6.845,4.884,31.962
1.524,5.824,40.653
-4.587,6.293,37.709
-9.878,3.846,20.956
-13.811,-0.149,-3.391
-17.643,-1.997,-24.715
-23.249,-0.095,-34.744
-31.004,2.682,-32.296
-39.066,1.535,-23.056
-44.909,-5.376,-14.746
-47.385,-15.203,-11.359
-47.021,-23.820,-11.110
-44.562,-30.412,-9.761
-40.007,-37.726,-5.789
-33.699,-47.548,-1.723
-27.912,-56.748,-0.084
-26.022,-58.914,1.084
-29.053,-50.252,6.964
-33.232,-33.559,19.380
-32.193,-16.093,32.390
-22.631,-3.662,36.412
-7.735,3.273,27.976
5.531,8.507,14.908
12.697,16.121,10.278
14.978,27.547,20.088
16.331,41.265,37.011
18.312,54.070,47.071
18.913,62.507,42.846
16.276,64.164,29.728
12.172,58.786,19.091
10.716,48.611,16.313
13.957,37.401,16.834
19.853,28.590,13.688
24.869,23.726,6.655
27.658,22.027,1.988
29.356,21.082,3.926
30.766,18.309,9.325
30.624,12.578,12.087
27.294,5.010,11.003
21.476,-1.954,10.359
16.207,-6.857,12.738
14.016,-10.840,14.342
14.602,-16.651,10.073
15.514,-25.559,2.284
14.662,-35.220,1.011
11.891,-41.071,13.132
8.674,-40.252,32.042
7.119,-34.179,40.794
9.218,-26.966,27.777
15.861,-21.119,-0.283
25.337,-14.923,-22.133
32.810,-4.342,-20.647
32.526,12.397,1.101
21.922,32.208,22.446
4.135,49.124,24.533
-13.895,58.842,7.369
-26.442,61.298,-12.476
-32.671,59.141,-20.052
-35.819,54.288,-15.797
-39.183,46.382,-10.686
-43.044,34.487,-10.865
-45.129,19.657,-11.509
-43.327,5.308,-6.491
-37.512,-5.042,0.417
-29.118,-10.250,-1.165
-19.845,-11.793,-14.124
-11.243,-11.855,-27.512
-5.112,-11.425,-27.292
-3.470,-10.175,-11.979
-7.676,-7.770,5.129
-17.705,-4.730,9.318
-32.355,-1.753,-1.854
-49.779,1.608,-18.180
-67.543,6.945,-27.550
-82.504,15.059,-25.616
-91.542,24.008,-16.886
-93.003,29.687,-9.389
-87.430,29.199,-8.635
-76.670,23.940,-14.369
-62.423,18.963,-21.409
-45.883,18.727,-24.356
-28.529,23.297,-22.862
-12.506,28.850,-22.074
0.339,31.800,-26.783
9.725,32.034,-35.256
16.981,31.922,-40.250
23.759,32.700,-36.812
30.712,32.696,-28.004
37.121,29.460,-21.582
41.297,23.149,-21.110
41.339,17.071,-21.602
36.206,14.731,-14.824
26.831,16.694,1.141
16.282,20.577,17.972
8.264,23.767,23.204
4.922,25.567,11.223
5.887,26.553,-10.626
9.296,26.442,-26.810
13.405,23.447,-25.984
17.138,16.105,-10.490
19.675,5.494,5.900
20.436,-5.007,10.545
19.883,-12.546,3.215
19.833,-17.417,-4.776
22.114,-22.708,-2.573
26.542,-31.219,9.207
30.499,-42.774,19.364
31.058,-54.547,17.526
27.841,-63.800,4.448
23.652,-70.068,-8.559
21.901,-74.747,-9.932
22.978,-78.976,2.069
23.129,-82.256,18.408
17.275,-83.021,27.689
3.536,-80.133,25.873
-14.703,-73.704,18.588
-31.249,-64.826,14.640
-41.834,-54.895,17.835
-46.694,-45.100,25.262
-48.929,-36.057,32.325
-50.829,-27.605,37.164
-52.060,-19.016,39.175
-50.900,-9.619,35.722
-46.361,0.846,24.390
-38.682,12.476,9.434
-28.259,25.437,1.918
-14.876,39.376,8.677
1.780,52.447,21.355
21.135,61.559,21.456
41.363,64.371,0.094
59.612,61.247,-29.006
72.466,54.816,-40.575
76.873,47.281,-23.167
71.723,38.370,8.891
59.069,26.337,30.265
43.493,10.971,29.251
29.654,-4.862,15.664
20.026,-17.019,6.539
14.578,-23.389,8.642
11.971,-25.304,15.981
10.595,-25.820,19.749
8.951,-26.873,16.028
6.194,-28.047,5.158
2.996,-27.624,-10.563
1.331,-24.381,-25.585
2.414,-18.412,-30.888
4.695,-10.726,-20.259
4.700,-2.478,2.099
0.577,5.542,23.001
-5.458,13.223,31.408
-8.874,21.402,27.500
-7.201,31.695,20.017
-2.261,45.406,16.160
2.041,61.929,16.027
3.573,78.069,15.999
3.170,89.372,14.411
2.443,92.751,12.433
1.490,88.239,11.396
-0.738,78.282,11.569
-4.336,65.324,12.935
-7.627,50.078,14.687
-8.616,32.063,13.703
-6.809,11.631,6.188
-3.274,-8.726,-7.052
0.802,-25.214,-18.459
5.177,-35.133,-19.846
10.184,-38.875,-11.353
15.644,-39.928,-2.245
20.260,-42.713,-1.457
21.863,-49.805,-8.660
18.200,-60.608,-16.234
7.984,-72.471,-18.696
-8.172,-83.024,-17.280
-27.690,-91.317,-15.092
-47.303,-96.676,-11.418
-64.851,-96.992,-3.884
-79.862,-89.206,5.251
-92.335,-72.359,9.081
-101.294,-50.166,3.881
-105.215,-29.825,-5.277
-104.086,-17.395,-8.913
-100.504,-13.776,-2.365
-97.915,-14.889,10.704
-97.514,-15.468,22.646
-97.207,-12.604,27.159
-93.829,-6.112,21.253
-86.152,3.377,6.663
-75.451,15.619,-7.982
-63.509,29.939,-10.023
-50.818,44.138,5.922
-37.037,55.345,28.068
-22.701,62.540,33.914
-9.783,67.879,11.773
-0.458,74.801,-24.437
4.325,84.336,-45.999
4.955,93.378,-37.050
2.295,97.029,-10.028
-2.812,93.012,7.827
-9.185,83.872,1.852
-14.861,74.753,-17.909
-17.423,68.788,-30.490
-15.119,64.438,-26.103
-7.982,57.086,-13.069
1.841,43.191,-5.558
11.055,23.198,-8.416
17.172,0.906,-14.869
20.236,-19.559,-16.158
22.918,-36.187,-10.336
28.666,-49.014,-1.755
39.258,-58.427,4.993
53.577,-64.135,8.237
68.257,-65.951,7.443
79.291,-65.197,1.733
83.439,-64.632,-7.743
79.122,-66.460,-15.557
67.067,-70.311,-15.543
50.528,-73.344,-8.035
34.409,-72.481,-1.623
23.112,-66.623,-4.893
18.203,-56.944,-15.989
17.634,-45.571,-22.582
17.329,-34.353,-14.190
14.182,-24.695,5.697
8.367,-17.763,21.418
3.299,-14.218,19.969
3.359,-13.753,3.826
11.013,-15.390,-11.506
25.241,-18.453,-12.642
42.111,-22.959,-0.712
56.952,-28.701,11.189
66.841,-34.181,12.111
72.059,-37.150,3.829
75.630,-36.708,-2.876
81.005,-34.633,-1.356
89.209,-33.988,3.433
97.626,-36.056,1.473
101.647,-38.858,-9.718
98.097,-39.001,-21.588
87.555,-34.886,-24.386
73.535,-27.719,-18.511
59.443,-19.382,-13.577
46.222,-9.993,-16.266
32.684,1.664,-21.557
17.607,15.319,-17.898
1.131,27.566,-0.525
-15.741,33.862,21.996
-32.285,32.330,34.985
-48.019,25.374,30.873
-61.543,17.388,15.478
-70.103,10.981,2.368
-71.146,5.514,1.456
-64.659,-0.979,11.706
-53.747,-8.825,23.116
-42.540,-15.706,25.516
-33.398,-18.397,16.792
-26.130,-15.413,3.855
-19.773,-8.245,-4.261
-14.745,-0.332,-4.693
-13.025,5.241,-2.299
-16.441,7.536,-3.136
-25.140,7.887,-7.333
-37.732,8.642,-9.627
-52.491,11.677,-6.758
-68.006,17.586,-2.280
-82.812,25.505,-2.237
-94.944,33.158,-6.851
-102.259,37.384,-9.130
-103.163,35.805,-3.030
-97.040,29.135,8.730
-84.405,22.045,17.393
-67.168,20.752,18.531
-48.492,28.514,17.128
-31.254,42.852,21.041
-15.636,57.251,31.190
1.516,65.835,40.589
23.822,66.694,42.564
51.057,61.373,37.308
78.149,52.199,29.670
99.207,40.695,23.163
112.599,27.975,18.458
121.373,15.347,16.060
128.548,3.830,16.713
132.906,-6.402,18.476
130.263,-15.353,16.828
118.398,-22.175,10.401
99.535,-25.739,4.821
77.806,-26.588,7.148
55.725,-27.539,16.165
34.384,-31.286,21.719
16.244,-37.254,16.144
5.340,-41.517,4.292
3.372,-40.326,-1.324
6.579,-33.617,4.542
8.366,-24.944,13.250
5.490,-18.472,12.864
0.660,-16.552,3.551
-1.572,-19.702,-1.054
-0.685,-27.507,11.146
-0.926,-38.421,36.194
-6.667,-49.049,56.236
-18.352,-54.976,55.930
-33.318,-53.375,36.097
-49.094,-45.137,12.083
-64.323,-34.465,0.262
-76.852,-26.404,5.892
-83.045,-24.254,21.430
-80.553,-28.029,33.843
-71.429,-34.069,33.671
-61.214,-36.302,19.980
-54.348,-29.603,-0.322
-50.834,-13.770,-17.341
-47.504,5.514,-24.236
-41.958,20.818,-20.811
-34.707,29.191,-12.324
-27.893,34.499,-4.779
-22.835,43.285,-1.000
-19.066,58.237,-0.683
-15.062,75.900,-3.028
-9.276,90.459,-7.895
-0.779,99.029,-14.033
10.254,102.933,-17.602
22.223,104.624,-14.470
32.550,104.542,-4.747
38.945,101.306,5.869
40.510,94.069,10.481
37.883,83.745,6.977
32.687,71.922,-0.841
27.032,59.410,-7.975
22.984,46.374,-13.120
21.500,33.503,-18.242
21.225,22.298,-24.216
18.586,13.994,-28.761
10.017,8.619,-29.707
-5.038,5.465,-29.389
-22.840,4.239,-33.748
-37.143,5.166,-45.776
-42.931,7.863,-60.218
-39.461,10.657,-66.182
-30.529,11.714,-56.411
-21.751,10.922,-34.667
-16.763,10.130,-13.885
-15.065,11.043,-6.174
-13.179,12.886,-13.219
-8.142,12.550,-25.359
-0.266,7.270,-30.097
7.276,-2.871,-22.711
11.464,-14.999,-9.830
12.028,-25.632,-3.029
11.338,-32.679,-8.388
12.152,-35.844,-21.610
15.711,-36.159,-32.694
21.629,-35.733,-34.977
28.882,-37.413,-29.691
36.460,-43.403,-22.783
43.381,-53.392,-18.717
48.781,-64.294,-17.520
52.303,-72.685,-16.354
54.051,-77.906,-12.550
53.716,-82.418,-5.661
49.834,-88.596,1.672
40.610,-95.213,4.527
26.074,-97.604,-0.781
9.386,-91.683,-12.241
-4.627,-77.632,-21.825
-12.880,-59.359,-21.663
-16.241,-40.463,-11.458
-18.269,-21.300,0.959
-21.647,-0.373,6.899
-25.869,21.809,4.055
-28.431,41.120,-3.381
-28.212,52.655,-10.014
-27.546,55.153,-13.146
-30.743,52.247,-12.647
-40.211,49.200,-9.816
-53.539,48.507,-7.228
-64.275,48.768,-7.608
-66.191,47.445,-10.872
-57.948,44.204,-13.074
-44.434,41.379,-10.162
-33.436,41.585,-2.570
-30.081,45.317,5.787
-33.479,50.727,13.108
-38.137,55.076,21.564
-38.468,56.064,31.752
-32.300,52.342,37.365
-20.920,43.883,29.279
-6.813,32.467,6.024
8.138,21.397,-22.138
22.833,13.726,-41.589
36.538,10.118,-47.038
48.862,8.435,-43.617
59.798,5.735,-38.669
69.194,0.880,-34.245
76.250,-4.711,-28.328
80.044,-8.795,-20.789
80.787,-10.746,-15.253
80.142,-12.421,-14.883
79.927,-16.697,-17.826
80.596,-25.068,-17.804
81.300,-36.390,-9.326
81.259,-47.869,6.914
80.491,-57.299,22.698
78.935,-64.462,26.978
75.267,-70.447,14.714
67.238,-75.823,-6.773
53.436,-79.793,-21.342
34.690,-81.231,-17.133
13.846,-80.161,1.968
-5.528,-77.674,18.816
-20.332,-74.252,18.834
-28.628,-68.572,4.065
-30.131,-58.533,-8.962
-26.489,-43.737,-5.635
-20.818,-26.854,12.515
-16.377,-12.240,29.652
-15.141,-2.873,31.004
-17.147,1.779,16.421
-20.944,5.099,-0.355
-24.731,10.416,-4.896
-27.589,18.283,5.381
-30.053,26.212,20.704
-33.499,30.999,29.556
-38.651,31.530,28.947
-44.472,29.579,24.476
-48.631,28.184,21.997
-49.279,29.424,21.606
-46.560,33.550,20.585
-42.528,39.500,19.871
-39.672,45.450,23.959
-39.333,48.877,33.382
-41.086,47.087,40.302
-43.262,38.842,35.262
-44.144,25.827,18.622
-43.027,12.088,2.345
-40.370,1.501,-1.705
-37.029,-4.402,5.837
-33.552,-6.358,13.139
-30.395,-5.717,10.439
-28.415,-3.365,-0.280
-28.197,-0.014,-9.420
-28.465,3.301,-11.130
-26.118,5.654,-8.115
-19.361,7.097,-5.960
-11.075,8.668,-5.750
-7.652,11.444,-3.833
-12.953,15.678,2.588
-23.490,20.729,11.752
-30.899,25.394,19.181
-29.835,28.076,21.729
-22.856,27.025,19.322
-17.006,21.030,13.902
-16.330,10.219,7.865
-18.797,-3.794,3.340
-20.189,-18.533,1.946
-19.136,-31.401,4.592
-17.169,-40.203,11.234
-14.780,-43.690,20.404
-9.376,-42.157,28.738
2.144,-37.360,31.920
19.762,-31.306,27.877
40.172,-24.979,19.945
59.839,-18.513,15.779
77.176,-12.739,21.226
91.610,-9.913,34.613
101.576,-12.122,47.921
104.518,-18.679,54.314
98.893,-25.500,54.006
85.597,-27.630,52.116
67.245,-22.639,51.592
46.465,-11.726,50.110
25.203,2.124,44.399
5.223,16.619,35.784
-11.616,30.819,29.320
-24.081,43.934,27.630
-32.400,54.184,27.651
-37.981,59.273,24.567
-42.288,58.080,17.501
-46.202,51.930,9.488
-50.435,44.083,2.426
-55.963,37.656,-5.340
-63.196,33.482,-15.159
-70.345,29.562,-23.749
-73.024,22.621,-25.540
-66.458,10.596,-19.815
-49.106,-5.869,-13.490
-24.635,-23.858,-15.052
-0.188,-39.803,-26.041
18.116,-50.902,-39.626
28.968,-55.767,-47.503
35.954,-54.769,-47.176
43.931,-50.346,-42.404
54.731,-46.512,-38.007
65.703,-46.976,-35.707
72.040,-52.873,-34.902
70.611,-62.186,-35.922
62.016,-71.550,-40.997
49.564,-78.600,-51.390
36.681,-82.438,-63.861
25.149,-82.260,-70.931
15.103,-76.603,-66.097
6.000,-64.797,-49.858
-2.517,-48.924,-30.362
-10.223,-33.222,-16.839
-16.291,-20.785,-11.559
-19.765,-11.087,-8.623
-20.281,-1.458,-1.270
-18.223,8.873,10.039
-13.786,16.905,17.696
-6.058,18.618,14.962
6.058,13.501,2.719
21.303,5.831,-12.164
34.961,1.357,-23.807
41.630,2.973,-31.093
39.981,9.672,-35.321
34.359,18.992,-37.035
30.866,29.563,-36.892
31.757,41.111,-37.879
34.061,52.720,-43.184
33.469,61.972,-50.883
28.558,66.034,-53.330
20.738,63.461,-44.789
11.261,55.027,-29.392
0.057,43.227,-18.708
-12.141,31.038,-19.749
-22.111,20.487,-26.785
-26.180,11.510,-27.098
-24.043,2.035,-14.694
-19.614,-10.149,3.539
-17.805,-24.784,15.601
-20.998,-38.266,16.329
-28.656,-45.867,10.279
-39.009,-45.368,4.599
-49.771,-38.647,2.203
-57.722,-29.616,2.460
-59.716,-20.614,5.485
-55.592,-10.842,12.532
-49.555,1.802,22.470
-47.200,17.660,30.699
-50.673,34.142,33.280
-57.230,47.390,31.155
-62.734,54.903,28.814
-65.739,56.663,29.007
-67.512,54.086,30.074
-68.737,48.201,28.828
-67.596,38.969,24.996
-61.494,26.335,21.849
-49.763,11.749,22.569
-33.893,-1.699,26.609
-15.585,-11.148,29.912
4.357,-16.326,28.738
25.066,-20.044,23.428
44.560,-25.961,18.309
60.471,-35.429,17.472
71.638,-46.319,20.510
78.444,-54.813,23.042
81.692,-58.308,21.960
81.709,-56.668,19.384
78.568,-51.158,20.104
72.361,-42.880,25.258
62.706,-32.637,30.382
48.468,-21.915,30.755
29.024,-12.983,27.036
6.126,-7.110,23.346
-16.127,-2.467,20.370
-33.915,5.713,13.764
-46.409,21.959,1.370
-55.677,46.570,-10.247
-63.926,74.113,-10.397
-71.048,95.847,3.661
-74.779,104.501,21.851
-72.824,98.182,30.661
-64.684,81.070,26.401
-51.905,61.016,17.062
-37.170,46.001,11.492
-23.176,41.454,9.656
-11.753,49.038,5.161
-3.360,66.469,-4.648
2.865,88.140,-14.521
8.430,107.027,-18.039
14.564,117.878,-16.202
21.549,120.005,-16.824
28.547,117.196,-25.226
33.994,114.170,-37.366
36.535,112.212,-43.678
36.231,107.841,-39.423
35.091,95.722,-29.841
35.987,73.133,-24.301
40.185,42.128,-26.124
45.387,7.989,-29.624
46.400,-24.108,-27.451
38.634,-51.487,-19.380
21.980,-74.245,-12.171
1.831,-93.980,-11.063
-13.857,-111.956,-13.481
-19.307,-127.636,-12.559
-13.917,-138.419,-5.768
-1.666,-141.027,2.144
11.804,-133.710,5.153
21.942,-117.524,2.986
26.507,-95.738,0.531
25.720,-72.274,1.105
21.945,-50.790,2.585
18.625,-34.502,1.126
18.186,-25.508,-2.610
20.074,-23.229,-2.715
20.847,-23.715,6.172
16.768,-21.686,23.043
6.955,-14.266,40.691
-5.519,-2.920,51.185
-15.410,8.491,51.120
-18.527,17.437,42.726
-14.248,24.166,31.329
-5.868,29.680,21.983
1.363,33.191,17.028
3.514,32.470,15.017
0.559,26.661,11.473
-3.639,18.048,2.072
-4.123,10.649,-12.986
1.638,7.281,-27.168
12.066,8.294,-31.434
22.523,12.713,-21.842
27.866,19.860,-4.222
24.820,29.573,9.436
13.291,41.403,10.577
-3.670,54.222,1.029
-21.349,66.731,-9.252
-35.905,78.046,-11.230
-46.327,87.706,-3.898
-54.157,95.235,6.391
-61.089,99.797,12.191
-66.628,100.302,10.267
-68.055,96.134,2.436
-62.595,88.251,-6.594
-49.608,79.514,-11.767
-30.851,73.089,-10.069
-8.933,69.636,-2.729
14.232,66.204,4.719
37.515,58.836,6.312
59.526,46.760,1.146
78.008,33.427,-5.189
90.720,22.516,-5.704
97.088,13.005,1.201
98.554,-0.790,10.554
96.702,-23.561,16.328
90.828,-53.502,17.208
77.990,-82.866,16.540
56.408,-103.894,17.846
29.191,-113.945,22.038
4.154,-115.291,28.776
-11.041,-111.137,38.282
-14.219,-102.825,50.062
-9.492,-90.528,60.539
-3.043,-75.380,64.107
1.593,-60.008,57.692
4.243,-47.101,43.832
5.215,-37.990,28.759
3.159,-32.589,17.801
-3.565,-30.168,12.738
-14.035,-29.689,12.357
-24.529,-29.538,13.870
-31.720,-27.411,13.786
-35.607,-20.953,9.296
-38.532,-8.938,0.486
-41.258,7.744,-9.012
-40.919,26.002,-14.856
-33.671,41.725,-16.062
-19.417,51.862,-15.838
-3.280,55.989,-18.216
8.084,55.831,-24.380
11.742,52.868,-32.371
10.279,46.275,-39.258
8.833,33.622,-42.337
10.570,14.028,-38.930
14.499,-9.564,-27.610
16.775,-31.839,-11.545
13.951,-49.201,0.459
5.827,-62.302,-0.519
-3.901,-74.276,-14.840
-9.914,-86.635,-32.023
-9.290,-97.348,-39.552
-4.133,-103.030,-34.993
-0.103,-102.509,-28.251
-1.732,-97.691,-30.698
-8.913,-91.091,-42.845
-17.874,-83.266,-54.275
-25.129,-73.170,-55.469
-29.807,-60.645,-47.525
-32.371,-47.797,-39.091
-32.401,-37.559,-35.576
-28.878,-31.157,-34.105
-22.416,-27.213,-29.119
-15.866,-22.980,-20.150
-11.916,-15.993,-12.065
-10.520,-4.760,-8.772
-9.455,11.000,-8.938
-7.286,29.660,-8.148
-4.987,47.165,-3.607
-4.363,58.224,3.944
-5.377,59.321,11.580
-5.537,51.213,16.160
-1.714,38.553,15.725
7.663,26.761,10.515
21.588,18.826,2.791
36.604,14.517,-5.250
47.804,11.983,-13.438
50.988,9.773,-22.602
45.328,7.589,-31.609
34.248,5.831,-37.016
22.836,5.107,-36.837
13.594,6.371,-33.677
4.685,11.118,-32.298
-7.416,20.607,-33.931
-23.680,34.153,-34.418
-41.284,48.031,-28.739
-56.452,56.731,-16.599
-67.913,56.316,-2.953
-77.128,47.289,6.135
-85.355,34.285,7.392
-91.173,22.754,1.356
-91.315,15.735,-8.326
-83.889,13.440,-16.395
-70.566,15.088,-18.843
-55.490,20.145,-15.921
-42.029,27.508,-11.647
-30.528,34.429,-8.974
-19.201,37.615,-5.933
-7.116,36.035,1.589
3.926,32.315,12.820
10.713,30.676,19.822
12.022,33.260,14.421
10.585,38.429,-2.409
11.431,42.444,-19.389
18.029,42.394,-24.023
29.720,37.511,-12.954
42.423,28.455,6.287
51.377,16.319,22.718
53.433,2.612,30.658
47.842,-10.520,32.295
36.259,-21.271,33.375
22.518,-30.082,37.142
11.624,-40.535,41.905
7.556,-57.507,43.605
11.061,-83.372,40.219
19.287,-115.139,33.652
27.722,-145.143,27.666
32.803,-165.179,24.519
33.264,-171.055,23.823
29.826,-164.192,24.003
24.219,-149.357,23.807
18.372,-130.889,22.306
13.753,-110.620,18.688
10.738,-88.508,13.266
8.501,-64.327,8.246
5.853,-38.327,6.124
2.506,-10.611,6.894
-0.544,19.266,7.870
-2.048,51.446,7.032
-1.890,84.434,5.847
-1.225,114.859,7.602
-1.025,138.841,13.150
-0.539,153.892,19.462
2.661,159.918,22.712
11.012,158.741,21.780
25.231,152.699,18.313
43.907,143.347,14.624
64.205,131.000,12.864
82.693,115.284,15.335
96.077,96.097,23.083
102.410,74.116,33.186
102.481,50.461,39.189
99.645,26.054,36.417
97.000,1.476,26.724
93.881,-22.564,16.355
85.491,-44.917,8.799
67.004,-64.432,1.397
38.664,-80.619,-9.807
6.722,-93.455,-23.256
-20.869,-102.200,-32.356
-39.666,-104.560,-33.258
-49.869,-97.685,-30.390
-53.278,-80.721,-32.346
-50.412,-56.763,-42.256
-41.194,-32.061,-53.352
-27.715,-12.639,-54.751
-15.007,-0.815,-41.513
-8.180,5.712,-19.102
-8.659,11.712,1.345
-13.276,21.180,11.826
-16.964,35.482,12.639
-16.417,53.561,10.597
-11.709,73.019,12.979
-5.217,90.722,22.184
0.625,102.943,34.369
5.008,106.185,42.386
9.036,99.048,41.008
14.696,83.724,31.128
23.073,65.229,19.566
32.913,48.253,13.785
40.829,34.017,15.447
43.476,20.043,18.936
40.133,3.167,16.912
33.220,-17.001,7.501
25.985,-37.532,-4.568
19.487,-54.989,-13.845
12.092,-68.701,-19.698
2.099,-81.104,-24.853
-9.404,-94.830,-29.566
-18.838,-109.396,-29.955
-23.513,-120.596,-23.240
-24.503,-123.016,-12.804
-26.017,-113.444,-5.467
-32.001,-92.743,-3.613
-43.378,-65.425,-2.238
-58.023,-37.761,4.692
-72.533,-15.497,16.010
-83.751,-1.880,23.482
-89.449,3.466,20.520
-88.853,4.206,9.429
-83.115,5.318,-1.067
-74.907,10.525,-4.999
-66.933,20.901,-4.789
-60.640,35.621,-7.599
-56.359,53.761,-16.858
-54.308,74.859,-28.114
-54.737,97.236,-33.292
-56.714,116.119,-28.724
-57.174,124.611,-18.783
-52.021,118.064,-11.594
-38.808,98.244,-11.168
-18.664,72.940,-13.795
4.306,50.706,-12.310
25.561,35.192,-3.958
42.498,23.987,6.103
55.168,12.389,9.416
65.417,-1.907,2.469
75.364,-17.257,-9.658
86.054,-30.113,-17.899
96.787,-38.100,-17.350
105.461,-41.577,-10.809
109.819,-43.054,-4.735
108.811,-45.367,-2.718
102.986,-49.881,-3.567
93.745,-55.924,-4.933
82.366,-61.851,-6.675
69.743,-66.902,-9.320
56.681,-72.103,-10.365
43.911,-79.134,-4.917
31.659,-88.190,8.389
19.550,-97.004,23.251
7.251,-102.064,29.763
-5.015,-100.789,23.565
-17.011,-92.655,10.275
-29.416,-78.721,0.306
-43.504,-60.768,-0.072
-59.351,-41.239,7.759
-74.644,-23.545,18.514
-85.904,-11.416,27.893
-91.118,-7.016,33.621
-90.917,-9.402,34.371
-87.197,-15.130,30.421
-81.215,-20.786,25.168
-73.445,-25.102,23.379
-64.696,-28.579,26.194
-56.262,-31.221,28.659
-48.623,-31.157,23.907
-40.776,-26.127,9.994
-31.683,-16.439,-8.281
-22.195,-6.031,-24.323
-14.822,0.059,-35.039
-11.366,-0.284,-40.641
-11.359,-4.600,-41.090
-13.094,-7.999,-35.579
-15.622,-6.833,-26.033
-18.990,-0.508,-18.685
-22.802,9.456,-19.561
-25.608,21.201,-28.298
-26.410,33.318,-38.088
-26.219,44.782,-42.436
-27.183,55.044,-40.982
-29.869,64.041,-38.013
-31.831,71.092,-36.457
-29.116,73.243,-34.938
-19.173,65.569,-30.485
-2.627,44.873,-22.451
16.707,14.141,-13.202
32.818,-17.175,-6.405
39.401,-38.807,-5.599
33.026,-46.894,-12.865
16.142,-46.038,-26.353
-3.246,-43.983,-39.055
-16.350,-43.988,-42.796
-19.192,-42.376,-35.744
-13.811,-33.489,-25.156
-4.386,-16.685,-20.490
6.793,2.054,-23.418
18.944,15.655,-26.254
29.575,22.775,-20.947
34.015,28.594,-8.150
29.630,38.666,3.883
19.871,52.402,8.164
12.373,63.258,4.600
12.089,65.464,-2.644
16.677,60.111,-10.113
19.322,54.209,-15.521
16.094,54.034,-15.612
10.162,59.963,-7.754
8.817,67.739,5.198
16.715,73.828,14.594
31.938,78.570,13.814
48.013,84.174,6.312
59.346,90.735,3.366
65.019,95.212,12.352
68.016,94.301,28.290
71.046,87.622,38.458
73.006,77.747,35.123
69.474,67.570,22.467
56.888,58.315,10.933
36.379,50.144,6.341
13.423,43.785,5.742
-6.330,40.559,3.023
-20.707,40.501,-3.527
-30.737,41.043,-9.932
-37.583,38.301,-11.277
-40.756,29.865,-5.869
-39.379,16.206,5.171
-34.277,-0.510,20.250
-27.946,-18.376,37.250
-22.598,-36.134,51.572
-18.895,-52.262,56.837
-16.676,-64.917,49.958
-16.136,-73.547,35.721
-17.631,-80.089,24.434
-20.597,-87.541,23.014
-23.505,-96.911,27.944
-25.199,-105.973,28.002
-25.837,-111.472,14.985
-26.133,-112.303,-8.059
-25.885,-109.906,-29.344
-23.848,-105.488,-38.874
-19.111,-97.610,-36.272
-12.119,-83.375,-28.770
-3.991,-62.155,-22.857
4.784,-37.711,-18.808
14.306,-16.213,-12.798
23.860,-1.977,-2.768
31.265,5.046,8.683
34.401,8.144,16.527
33.404,10.790,17.488
30.715,14.699,12.467
28.597,20.121,6.220
26.960,26.999,5.007
24.242,35.182,12.897
20.379,43.525,28.235
18.073,49.381,43.386
20.313,49.765,49.593
26.585,43.555,43.798
32.175,32.622,30.946
31.850,20.602,19.067
24.558,10.444,12.153
14.610,3.293,8.310
8.316,-0.293,4.328
9.256,1.165,0.151
16.274,9.195,-2.321
25.369,22.357,-3.581
33.260,34.786,-6.939
39.379,39.212,-13.399
44.990,32.555,-17.688
50.777,18.651,-11.974
55.349,5.067,5.431
55.874,-3.003,26.081
49.967,-5.765,37.431
37.101,-6.373,33.390
18.763,-6.557,18.954
-2.108,-5.416,4.886
-21.810,-2.174,-1.693
-36.909,1.070,-1.909
-45.733,0.290,-1.885
-49.282,-6.684,-6.138
-50.203,-17.705,-14.023
-50.299,-27.787,-21.535
-49.100,-32.908,-25.536
-45.346,-32.455,-26.099
-39.852,-28.618,-25.483
-36.192,-24.193,-25.755
-37.822,-21.238,-27.625
-44.392,-21.139,-30.522
-51.278,-24.887,-32.235
-53.088,-32.688,-28.261
-47.784,-43.547,-13.608
-37.646,-55.865,11.984
-26.607,-68.575,40.064
-16.886,-81.190,57.196
-7.943,-92.286,55.794
1.825,-98.307,41.937
12.597,-94.918,30.651
22.239,-80.445,31.881
27.624,-58.083,41.486
26.821,-34.192,46.963
20.128,-13.972,41.249
9.290,1.284,28.955
-3.841,12.924,18.877
-17.666,21.541,13.027
-30.402,25.465,5.824
-40.415,22.626,-6.389
-47.705,13.344,-18.359
-54.400,0.853,-20.741
-62.386,-10.714,-10.911
-69.759,-18.444,3.360
-70.528,-20.930,11.461
-59.272,-17.538,9.548
-36.618,-8.461,1.879
-9.530,4.192,-5.586
14.377,16.164,-10.612
32.648,22.948,-14.123
48.053,22.592,-17.060
63.698,16.725,-19.667
79.226,8.690,-22.672
91.955,0.618,-26.773
100.427,-7.706,-30.624
105.455,-17.327,-31.171
107.791,-27.887,-27.323
106.138,-37.137,-22.471
98.504,-42.525,-21.945
85.306,-42.912,-27.926
70.218,-38.690,-37.675
57.548,-30.756,-46.467
48.927,-20.198,-50.989
42.723,-9.280,-49.880
36.370,-1.991,-43.057
28.833,-2.282,-32.415
20.791,-10.765,-22.309
12.814,-23.119,-16.708
3.892,-32.431,-14.696
-7.857,-33.948,-10.261
-22.890,-28.208,1.691
-38.730,-20.044,19.125
-51.048,-14.690,33.719
-56.586,-14.332,37.992
-55.192,-17.272,31.135
-49.135,-19.451,18.470
-40.752,-16.836,7.024
-31.185,-7.450,1.958
-21.340,7.713,4.759
-13.169,25.324,11.919
-8.881,41.611,15.488
-8.473,54.190,8.144
-8.580,62.450,-9.818
-4.667,66.533,-29.196
5.111,66.442,-39.581
18.045,62.405,-38.726
28.652,55.769,-33.092
32.227,48.801,-29.146
27.210,43.048,-26.316
15.340,37.858,-20.224
0.638,30.901,-11.294
-11.935,20.582,-6.488
-18.380,8.250,-10.779
-17.969,-1.814,-18.989
-14.173,-4.806,-19.576
-12.463,1.530,-7.744
-15.934,15.326,7.161
-22.517,31.540,9.973
-26.738,44.860,-3.856
-24.790,52.597,-21.519
-18.294,55.542,-24.340
-13.282,56.230,-6.473
-15.468,56.138,18.653
-26.066,54.421,31.325
-41.423,49.378,24.631
-56.030,41.105,9.750
-65.940,32.453,2.533
-70.146,27.052,6.790
-69.761,26.306,12.662
-66.539,28.402,10.595
-61.999,30.215,3.409
-57.224,29.918,2.005
-52.693,27.593,10.616
-47.903,23.720,20.391
-41.344,17.875,19.650
-31.353,9.339,8.221
-17.389,-1.328,-2.057
-0.519,-11.962,-1.546
17.448,-20.122,5.712
35.177,-24.228,7.371
51.876,-23.019,-1.669
66.098,-14.414,-12.648
74.988,3.815,-13.200
75.553,31.298,-1.732
67.216,63.105,11.383
53.122,91.500,16.551
38.493,110.677,15.563
27.232,120.344,17.463
19.767,124.804,25.613
13.913,128.491,32.397
7.643,132.284,28.066
1.048,133.728,12.921
-4.042,130.226,-1.578
-5.905,121.598,-3.807
-4.263,109.712,7.429
-0.082,96.278,23.486
5.455,81.482,35.141
11.660,64.614,39.639
18.354,45.471,39.426
25.686,24.794,36.802
33.939,3.675,31.842
42.950,-16.799,24.883
51.072,-35.114,18.593
54.644,-49.071,15.854
49.264,-56.728,16.014
32.628,-57.854,14.917
6.793,-54.222,9.605
-22.268,-48.244,2.309
-47.770,-41.529,-1.631
-65.496,-34.965,-0.145
-75.128,-29.749,2.470
-79.080,-27.416,0.170
-80.237,-28.323,-7.386
-80.112,-30.653,-13.689
-78.129,-31.778,-12.679
-72.212,-30.966,-6.145
-60.578,-30.348,-2.025
-44.018,-32.962,-5.109
-26.922,-40.255,-11.150
-15.572,-51.876,-11.512
-14.300,-67.393,-2.838
-22.375,-86.728,9.512
-34.385,-107.976,17.532
-43.933,-125.305,18.191
-47.555,-130.560,14.247
-45.680,-118.357,9.366
-40.616,-90.248,4.852
-34.234,-54.302,1.023
-27.572,-20.874,-0.961
-21.741,1.688,-0.521
-17.935,9.081,0.227
-16.028,1.427,-1.823
-13.772,-16.818,-6.542
-8.433,-37.947,-9.780
0.421,-53.940,-8.102
10.333,-60.061,-3.432
18.726,-56.337,-1.425
26.017,-45.684,-5.239
35.070,-30.787,-12.231
47.118,-12.787,-17.290
58.726,7.660,-18.204
63.613,29.156,-16.599
57.640,49.950,-14.322
41.702,69.208,-10.812
19.839,87.143,-4.841
-4.478,103.620,2.376
-29.368,116.917,7.322
-52.517,124.217,7.692
-69.981,123.384,4.878
-78.421,114.379,2.472
-78.332,99.389,2.536
-73.923,81.991,3.620
-69.175,66.009,2.247
-64.290,54.358,-3.796
-56.395,48.278,-13.135
-43.400,47.535,-21.224
-26.694,51.525,-23.468
-10.345,60.016,-19.072
1.500,72.332,-12.262
6.219,85.617,-8.914
2.888,94.356,-11.011
-7.653,92.557,-14.556
-22.352,77.339,-13.876
-36.188,51.142,-8.160
-43.763,20.835,-2.797
-41.316,-5.642,-3.455
-27.798,-22.886,-9.391
-4.867,-29.938,-13.717
23.603,-29.654,-10.388
52.349,-26.134,-0.109
76.329,-21.981,10.808
92.591,-17.370,16.252
101.041,-11.501,14.154
103.453,-4.863,6.020
101.815,0.025,-4.695
97.415,0.158,-12.961
90.707,-5.798,-13.412
81.136,-16.790,-4.495
67.015,-30.515,7.933
46.655,-44.996,13.537
20.735,-59.219,6.627
-6.358,-72.817,-7.207
-28.341,-85.598,-14.867
-40.893,-97.361,-7.272
-43.866,-107.941,12.456
-39.758,-117.451,31.804
-30.528,-126.741,39.247
-16.465,-137.549,32.405
2.031,-151.465,18.038
22.616,-167.863,5.870
41.812,-182.720,1.900
57.668,-190.210,5.239
71.062,-186.460,9.567
84.034,-172.080,8.047
96.925,-150.846,-1.573
107.194,-125.828,-15.790
110.883,-97.311,-29.198
105.284,-64.923,-39.222
90.883,-31.374,-46.431
71.572,-2.843,-50.611
53.057,15.553,-48.535
39.986,24.949,-37.409
33.337,32.788,-20.140
30.191,46.863,-5.189
26.704,68.616,0.136
22.040,91.944,-3.968
19.351,108.341,-10.535
22.243,113.322,-12.402
29.949,108.654,-7.649
36.427,99.666,0.405
34.910,91.318,6.880
23.605,86.335,8.772
6.721,85.271,6.371
-10.133,86.630,2.684
-25.169,86.672,0.908
-40.957,80.579,1.032
-60.479,65.550,-1.218
-83.591,43.597,-10.604
-107.478,21.008,-26.465
-129.606,4.376,-41.116
-149.207,-3.551,-45.587
-166.081,-4.814,-37.681
-178.999,-3.686,-24.153
-185.981,-3.185,-14.619
-185.730,-3.151,-13.233
-178.084,-0.683,-15.883
-163.140,7.713,-14.587
-140.720,23.348,-4.123
-111.270,43.367,14.653
-77.007,61.137,35.879
-41.564,69.458,51.828
-8.153,64.895,56.183
21.943,50.090,47.244
49.037,32.054,30.179
73.288,17.522,15.503
93.168,8.833,12.289
105.513,3.353,20.261
107.256,-3.342,28.811
97.846,-13.256,26.071
80.780,-24.177,10.481
63.028,-31.612,-7.305
52.285,-32.587,-15.150
53.454,-28.006,-11.590
66.412,-21.782,-5.887
86.376,-17.967,-6.123
106.560,-18.632,-9.590
121.491,-23.951,-6.913
129.067,-33.577,5.403
130.310,-47.474,19.365
127.307,-65.519,23.421
121.086,-86.737,14.160
111.166,-109.265,-1.663
97.036,-131.061,-15.642
80.033,-150.521,-25.429
63.605,-166.389,-33.220
51.392,-177.240,-39.237
44.716,-181.346,-40.011
41.816,-177.258,-33.473
39.649,-164.632,-23.133
36.608,-144.521,-14.924
33.593,-118.895,-10.396
32.501,-89.996,-5.274
33.820,-60.047,4.325
35.726,-31.208,15.721
35.264,-5.271,21.651
29.984,16.806,18.403
18.581,34.871,10.301
0.858,48.785,5.112
-21.799,57.780,6.072
-45.825,60.927,9.999
-66.428,58.347,12.817
-80.345,51.715,14.619
-87.887,43.422,18.045
-91.665,35.567,23.335
-93.049,30.104,27.612
-90.437,29.570,29.218
-81.568,36.490,30.255
-67.263,51.034,33.080
-52.103,69.321,35.577
-41.213,85.024,32.442
-36.833,93.688,21.517
-38.104,95.891,6.965
-43.231,96.085,-4.782
-50.724,98.185,-10.800
-58.692,102.097,-11.996
-64.487,104.232,-9.270
-66.396,100.980,-2.470
-65.525,91.715,6.035
-64.913,78.907,9.706
-66.146,65.962,3.039
-67.282,54.936,-11.337
-64.643,45.716,-22.982
-56.434,36.755,-22.516
-43.953,26.523,-9.923
-29.228,14.695,6.188
-12.268,2.357,16.417
8.637,-8.999,16.907
34.006,-19.014,9.557
61.210,-29.177,-1.053
85.614,-41.895,-9.764
103.209,-58.600,-11.810
111.815,-78.558,-4.635
110.332,-99.322,10.066
98.112,-118.071,26.776
75.997,-132.538,39.520
47.781,-141.298,45.114
19.633,-144.230,43.590
-2.784,-143.193,36.635
-17.034,-141.549,26.631
-23.997,-141.571,16.849
-25.706,-141.463,10.960
-23.418,-135.422,10.970
-17.508,-117.910,15.430
-8.384,-88.839,20.343
3.137,-54.723,22.451
16.182,-24.462,21.836
29.906,-3.626,21.299
42.936,7.744,23.238
53.033,12.827,27.193
57.800,14.508,30.357
55.933,14.141,30.333
47.942,12.545,27.143
36.062,10.772,22.443
23.807,9.436,17.028
15.285,8.021,9.789
13.836,5.941,-0.278
20.290,4.699,-11.386
32.316,8.299,-19.436
45.876,20.349,-22.115
57.710,39.829,-22.011
66.467,59.762,-24.262
71.579,70.910,-30.503
71.638,67.991,-36.176
64.548,53.112,-35.131
49.428,33.518,-26.694
28.017,16.069,-16.756
3.806,3.635,-11.394
-20.133,-3.988,-10.633
-42.254,-7.190,-9.663
-61.548,-5.713,-5.274
-76.076,-0.559,0.857
-83.236,4.728,5.402
-81.965,6.041,7.558
-74.547,2.165,8.289
-65.686,-4.409,6.887
-59.181,-10.434,1.376
-55.260,-15.141,-6.873
-51.275,-19.892,-11.651
-45.110,-24.882,-7.988
-37.852,-27.174,0.485
-33.013,-22.751,3.123
-33.235,-10.318,-6.830
-38.000,7.454,-23.662
-44.500,26.554,-33.421
-50.305,45.021,-27.394
-54.829,63.470,-10.812
-58.405,82.632,2.158
-60.580,101.116,1.637
-59.755,115.983,-9.765
-54.326,125.308,-20.647
-43.844,129.634,-21.331
-29.098,130.680,-11.064
-11.519,128.851,3.086
7.256,122.550,12.611
25.527,110.163,13.125
41.828,92.381,5.692
55.356,71.966,-5.359
65.985,50.940,-15.597
73.763,28.440,-22.525
78.528,2.017,-25.634
80.207,-28.707,-25.169
79.269,-60.100,-21.311
76.415,-86.767,-15.039
71.655,-105.878,-9.610
64.111,-119.082,-10.002
53.276,-130.187,-19.253
40.469,-141.314,-34.754
28.491,-151.544,-49.036
19.387,-158.904,-55.628
12.725,-162.818,-54.730
6.594,-164.133,-52.694
0.284,-163.014,-55.410
-4.623,-157.440,-62.245
-6.309,-144.146,-66.724
-5.587,-121.171,-62.940
-6.022,-89.829,-50.842
-10.884,-54.770,-35.328
-20.297,-22.234,-21.064
-31.663,2.769,-9.107
-42.490,19.336,1.568
-52.183,31.882,10.521
-61.087,47.943,15.267
-68.700,72.912,14.568
-73.743,105.244,11.390
-76.020,136.558,11.233
-77.390,157.363,16.842
-80.236,163.887,24.900
-84.929,160.039,28.673
-89.058,153.001,24.252
-89.246,146.879,14.052
-83.655,140.313,4.258
-72.940,129.531,-0.664
-59.248,113.098,-0.703
-44.623,93.710,1.541
-30.147,76.018,3.928
-16.091,63.204,5.500
-2.561,55.391,5.212
9.871,50.490,1.554
19.962,46.008,-6.048
26.306,40.188,-16.183
28.400,32.227,-26.413
27.484,22.244,-34.932
26.251,11.598,-40.787
27.269,3.293,-42.997
31.149,1.506,-40.723
35.929,9.562,-34.783
38.389,27.166,-28.065
36.525,49.103,-23.339
31.328,67.188,-20.632
26.330,74.748,-17.404
25.013,70.441,-11.217
27.997,58.357,-1.524
32.376,44.472,11.016
33.911,32.594,25.375
30.382,23.021,39.199
23.319,14.289,48.244
16.708,5.645,49.228
13.875,-2.080,43.993
15.119,-7.428,39.019
17.800,-9.507,38.947
18.405,-8.296,41.145
14.791,-4.359,38.643
7.079,1.161,28.785
-2.895,6.257,17.266
-12.753,8.356,12.321
-20.606,5.689,15.903
-25.695,-1.212,22.038
-28.627,-9.443,23.461
-30.990,-15.534,18.148
-34.189,-17.794,9.311
-38.041,-17.177,1.335
-40.379,-15.927,-2.540
-38.338,-15.343,-0.037
-30.492,-14.765,9.363
-17.997,-12.700,22.104
-3.818,-8.939,30.951
9.068,-5.538,30.177
18.831,-5.613,21.032
24.804,-10.975,11.153
27.212,-20.652,8.032
27.223,-31.380,13.191
26.729,-39.388,22.364
27.145,-41.891,30.127
27.937,-37.567,33.548
26.689,-26.565,32.321
21.317,-10.731,27.337
12.493,6.264,20.194
3.618,19.862,13.497
-2.056,26.729,10.292
-4.481,26.605,12.291
-6.958,22.107,18.394
-13.031,16.418,24.962
-22.966,10.847,27.809
-33.075,4.435,24.636
-38.423,-4.192,16.532
-36.516,-14.767,7.546
-28.891,-25.151,2.364
-19.629,-32.914,3.410
-12.434,-36.833,9.455
-8.713,-36.704,16.897
-7.875,-31.993,22.655
-9.037,-21.247,26.147
-12.426,-3.390,28.724
-19.353,20.202,31.413
-30.967,45.018,33.408
-46.818,65.200,32.819
-64.387,76.591,28.782
-79.966,78.706,22.516
-90.424,74.250,16.029
-94.619,66.809,9.736
-93.362,58.627,1.827
-87.936,50.049,-9.304
-78.577,40.681,-21.767
-64.617,30.859,-30.066
-46.360,21.868,-29.647
-26.720,14.662,-22.193
-10.397,8.507,-15.629
-0.833,1.254,-17.425
2.243,-8.791,-27.284
2.154,-21.253,-37.116
2.142,-34.120,-39.000
2.951,-45.763,-32.953
3.281,-56.300,-26.210
1.859,-66.793,-25.104
-1.605,-77.312,-28.785
-7.267,-86.171,-31.416
-15.822,-91.238,-29.457
-27.375,-91.914,-25.375
-39.711,-89.852,-24.282
-48.639,-87.925,-28.399
-50.808,-88.493,-35.550
-46.336,-92.145,-41.986
-38.532,-97.407,-45.162
-31.113,-101.401,-44.035
-25.789,-101.322,-38.644
-22.154,-96.089,-30.792
-19.081,-87.030,-24.350
-15.725,-76.956,-22.955
-11.572,-68.241,-26.537
-6.421,-61.458,-30.789
-0.852,-55.484,-30.893
3.634,-48.603,-25.721
5.580,-39.579,-17.985
5.046,-28.123,-10.740
3.976,-14.878,-4.793
4.800,-1.104,0.258
8.516,11.847,3.758
14.066,23.008,4.324
19.521,31.714,2.458
23.798,37.071,1.326
27.305,37.755,3.594
31.133,32.876,7.748
35.764,23.265,8.877
40.449,11.742,3.812
43.619,1.708,-5.087
43.782,-4.802,-12.043
40.265,-7.797,-13.528
33.459,-8.307,-10.963
24.657,-6.989,-7.718
15.703,-3.790,-4.652
8.610,1.368,0.134
5.153,8.015,7.386
6.446,15.352,14.120
12.614,22.791,16.062
22.765,30.008,12.247
35.359,36.572,6.175
48.744,41.849,2.196
61.546,45.401,1.568
72.815,47.292,2.557
82.152,47.761,3.635
89.844,46.631,5.325
96.576,43.296,8.712
102.423,37.544,13.214
105.695,30.386,16.808
102.965,23.915,18.215
90.904,20.146,18.009
68.815,19.773,17.435
39.719,21.819,16.984
8.985,24.334,16.724
-18.392,25.403,17.423
-39.729,23.771,20.169
-54.726,18.895,24.530
-64.369,10.842,27.867
-69.886,0.374,27.271
-72.239,-10.893,22.172
-71.942,-20.759,14.664
-69.067,-27.303,7.464
-63.695,-29.820,2.199
-56.644,-28.926,-0.355
-49.771,-25.522,0.418
-45.241,-19.477,4.084
-44.154,-9.397,7.635
-45.599,6.009,6.298
-46.938,25.943,-2.571
-45.207,46.669,-16.023
-38.917,62.804,-26.608
-29.251,69.968,-27.818
-19.758,66.962,-18.979
-14.292,55.975,-5.133
-14.310,40.846,7.491
-17.693,24.808,15.691
-20.350,9.334,19.518
-19.431,-5.384,19.607
-15.266,-19.167,15.637
-10.333,-31.103,7.814
-6.513,-39.933,-0.895
-3.434,-44.968,-5.445
0.659,-46.625,-2.511
6.670,-46.266,6.344
13.368,-45.724,15.706
18.225,-46.838,20.660
19.600,-50.920,20.153
18.407,-58.034,16.549
17.759,-66.558,12.916
20.577,-73.637,11.312
26.947,-76.402,12.957
33.550,-73.091,18.365
35.877,-63.435,26.289
31.445,-48.527,33.218
21.228,-30.665,35.349
8.350,-12.945,31.753
-4.317,1.874,25.139
-15.408,12.869,18.950
-24.623,21.376,14.008
-31.628,29.569,8.598
-35.359,38.233,1.656
-33.878,45.755,-5.172
-24.890,49.081,-9.219
-7.174,45.560,-9.917
17.526,34.283,-9.255
43.887,16.643,-9.113
65.172,-3.637,-9.151
77.118,-21.382,-8.022
80.341,-32.167,-6.040
78.964,-34.878,-5.478
76.657,-32.289,-7.948
73.652,-28.632,-12.420
67.220,-26.078,-16.466
54.712,-23.390,-18.886
36.200,-17.809,-20.045
14.584,-8.080,-19.845
-6.335,4.173,-17.003
-23.677,15.385,-11.557
-35.719,21.835,-7.236
-41.084,20.992,-9.155
-38.627,12.353,-17.971
-28.742,-1.933,-27.351
-14.685,-17.213,-29.177
-1.737,-27.991,-21.920
5.922,-30.654,-12.874
8.039,-25.436,-10.926
7.916,-15.999,-17.197
9.067,-6.816,-23.712
12.161,-0.332,-21.610
15.056,3.998,-10.033
15.233,8.222,3.509
11.658,13.406,10.843
4.480,18.392,10.227
-6.008,20.882,6.094
-19.154,19.755,3.457
-32.842,16.301,3.765
-43.637,13.126,5.467
-49.019,11.905,6.619
-49.605,12.276,5.984
-48.806,12.876,2.895
-49.948,13.171,-2.011
-53.624,14.124,-5.579
-57.586,17.246,-3.371
-58.818,23.379,6.198
-55.528,32.400,19.047
-47.669,43.587,28.157
-36.440,55.698,29.963
-23.877,66.618,27.522
-12.623,73.512,26.550
-5.116,73.962,28.592
-2.127,67.282,29.262
-1.785,54.746,23.777
-0.405,38.571,13.540
5.159,20.747,6.204
15.510,2.713,8.924
28.697,-14.231,21.805
42.012,-28.591,37.803
53.794,-38.832,48.397
63.786,-43.787,49.261
72.271,-43.020,41.710
79.140,-37.226,30.384
83.526,-28.720,19.966
83.786,-21.448,12.788
77.739,-19.742,7.913
63.610,-25.840,2.188
41.686,-37.695,-6.840
15.459,-49.105,-18.180
-9.240,-52.923,-27.680
-26.907,-45.541,-31.678
-34.735,-29.340,-30.535
-32.861,-10.966,-28.124
-22.939,3.388,-27.494
-7.024,11.864,-27.332
12.212,16.802,-23.287
30.974,21.176,-13.028
45.071,25.382,0.317
51.763,27.545,10.285
51.062,26.657,12.959
45.207,24.700,10.648
36.848,25.085,9.400
27.582,28.943,12.652
17.847,33.377,17.526
7.745,33.849,17.703
-2.330,28.442,9.920
-11.834,19.734,-2.769
-20.550,12.506,-14.223
-28.644,9.743,-21.101
-36.067,10.705,-25.036
-41.961,12.340,-29.429
-44.791,12.033,-35.215
-43.254,9.054,-40.215
-37.191,4.157,-41.696
-27.838,-1.214,-38.488
-17.343,-5.017,-30.934
-7.990,-4.499,-20.399
-1.439,2.860,-9.649
1.824,17.480,-2.511
2.547,36.562,-1.248
1.977,55.266,-3.806
0.748,69.574,-4.973
-1.556,78.393,-1.495
-5.606,83.065,4.112
-11.180,84.998,5.756
-17.149,83.996,-0.007
-22.737,78.847,-10.404
-28.450,69.161,-19.273
-35.187,56.191,-22.965
-42.292,41.881,-23.085
-46.929,27.610,-23.769
-46.025,14.190,-26.765
-39.051,2.727,-29.187
-28.724,-5.369,-25.799
-18.660,-9.707,-13.835
-10.212,-11.878,3.586
-1.545,-14.402,18.545
10.282,-18.314,23.817
26.296,-22.030,18.638
44.350,-22.981,9.480
60.412,-20.450,4.552
71.067,-16.562,6.887
75.305,-14.229,12.584
74.638,-14.096,15.459
71.846,-13.540,12.703
69.267,-8.730,5.853
67.597,2.247,-2.535
65.825,18.012,-11.473
62.286,35.185,-20.485
56.105,50.786,-27.445
47.975,63.588,-29.090
39.738,73.730,-23.901
33.138,81.616,-13.734
28.731,87.332,-2.406
25.646,90.714,6.745
22.246,91.405,11.855
17.139,88.570,12.514
9.886,80.772,10.267
1.031,66.535,8.861
-8.435,45.396,12.070
-17.608,18.609,19.775
-25.680,-11.007,26.654
-31.488,-39.926,26.315
-33.277,-64.892,17.506
-29.279,-83.751,5.814
-18.902,-95.945,-1.275
-3.612,-102.492,-0.872
13.318,-105.191,3.787
28.109,-105.387,7.488
38.097,-103.187,7.709
42.769,-97.815,5.324
43.665,-88.820,2.051
43.180,-76.933,-1.530
42.917,-63.738,-5.511
42.825,-50.595,-9.275
41.914,-38.036,-11.326
39.905,-26.300,-10.387
37.958,-16.261,-6.322
37.356,-9.507,-0.056
37.388,-7.232,7.061
35.074,-9.001,13.792
27.695,-12.673,19.399
15.813,-15.709,23.873
3.457,-16.746,27.640
-5.069,-16.210,30.622
-8.662,-15.622,31.539
-9.788,-16.260,28.607
-11.781,-18.136,21.387
-16.137,-19.881,11.873
-22.251,-19.599,3.274
-28.882,-16.241,-2.496
-35.090,-10.735,-5.963
-39.838,-6.037,-8.640
-41.616,-5.828,-10.781
-39.258,-12.467,-11.092
-33.250,-25.459,-8.636
-25.882,-41.476,-4.513
-19.837,-55.927,-1.274
-16.463,-65.047,-0.637
-15.105,-67.228,-1.862
-13.721,-63.070,-2.230
-10.164,-54.588,0.792
-3.483,-44.350,7.279
5.308,-34.833,14.197
13.579,-27.755,17.361
18.588,-23.279,14.983
19.076,-19.623,9.674
15.546,-13.764,6.275
9.087,-3.253,7.160
0.225,11.972,9.996
-10.912,29.140,10.695
-23.616,44.080,8.187
-36.450,53.756,5.350
-48.397,58.203,5.237
-59.890,60.513,7.559
-72.236,64.746,9.538
-85.857,73.125,9.158
-99.202,84.579,6.318
-109.363,95.691,1.298
-113.623,103.237,-5.974
-110.508,106.135,-14.332
-99.930,105.317,-20.477
-82.979,102.072,-21.337
-61.878,96.696,-17.216
-39.842,88.661,-11.428
-20.498,77.697,-6.830
-6.844,64.362,-3.996
-0.136,49.537,-3.114
0.687,33.675,-5.813
-1.591,16.871,-13.061
-4.402,-0.284,-21.621
-7.480,-16.136,-25.068
-12.954,-28.658,-19.964
-22.545,-37.004,-10.317
-34.074,-42.422,-4.373
-41.096,-47.300,-6.621
-37.038,-52.837,-13.720
-20.509,-57.426,-18.426
3.204,-57.658,-16.548
25.859,-51.553,-9.508
41.506,-41.212,-1.177
48.678,-32.138,6.038
48.808,-29.325,11.555
44.000,-33.440,14.589
36.665,-40.525,13.545
30.152,-45.430,7.864
28.070,-45.740,-0.277
32.222,-42.747,-6.898
41.440,-39.108,-9.124
52.760,-35.954,-7.335
63.611,-32.283,-4.767
72.742,-26.831,-5.006
79.565,-20.192,-9.214
83.525,-15.021,-14.997
84.502,-14.250,-17.945
83.337,-19.017,-15.065
81.315,-27.990,-7.410
79.054,-38.295,0.662
76.214,-47.012,5.189
72.279,-52.127,5.697
67.115,-52.754,4.614
60.433,-49.102,4.071
51.110,-42.519,3.995
37.837,-35.326,3.370
20.866,-29.969,2.388
2.867,-27.680,2.370
-12.451,-27.658,3.808
-22.853,-27.595,5.675
-28.784,-25.312,7.140
-32.117,-20.267,9.080
-33.827,-13.814,12.834
-32.949,-8.205,17.692
-27.784,-5.201,20.891
-18.109,-5.242,20.646
-6.184,-7.527,18.462
4.438,-10.786,17.561
11.284,-14.179,19.334
14.432,-17.702,22.302
15.897,-21.750,24.595
17.654,-26.141,26.264
20.108,-29.547,28.290
22.110,-30.030,29.991
22.047,-26.395,28.860
18.933,-19.103,23.335
12.952,-9.855,14.812
5.545,-0.287,6.118
-0.948,8.924,-1.412
-4.323,17.775,-8.275
-3.824,26.089,-14.257
-0.636,33.274,-16.885
3.064,38.912,-13.616
5.619,43.232,-5.415
6.426,46.680,2.977
5.179,49.042,7.079
1.112,49.361,6.767
-6.625,46.972,5.789
-17.983,42.432,7.106
-31.737,37.060,9.270
-46.095,31.484,8.009
-59.149,25.076,1.357
-68.600,17.240,-7.539
-71.700,9.201,-13.501
-66.360,3.987,-15.140
-52.688,4.225,-16.640
-33.258,9.916,-22.846
-11.708,18.511,-32.809
8.810,27.021,-39.482
26.028,33.768,-36.681
38.333,38.177,-25.800
45.235,39.523,-14.474
48.191,36.612,-8.526
50.013,28.852,-6.409
52.399,17.255,-2.377
53.883,4.148,5.894
50.810,-7.932,14.532
40.780,-16.892,18.342
25.068,-21.039,16.573
7.593,-19.334,12.441
-8.083,-12.370,8.063
-20.327,-3.109,2.375
-28.435,3.972,-5.209
-31.272,5.168,-11.302
-27.852,-0.442,-11.386
-19.139,-10.740,-6.164
-8.399,-22.013,-2.605
0.814,-30.847,-6.801
6.858,-35.398,-16.569
10.007,-35.760,-23.219
10.647,-33.559,-21.116
8.285,-30.840,-13.908
2.644,-28.639,-9.994
-4.817,-26.046,-12.708
-11.339,-20.652,-16.897
-15.117,-10.267,-15.525
-16.802,5.287,-7.897
-18.449,23.730,0.136
-21.085,41.507,3.325
-23.657,55.650,2.324
-24.384,64.957,1.326
-22.783,69.922,2.242
-20.094,71.801,3.052
-17.810,71.621,1.527
-16.011,69.700,-1.472
-13.147,65.774,-3.438
-7.292,59.647,-3.686
2.251,51.980,-3.623
14.016,44.659,-3.752
24.588,40.161,-2.239
30.054,40.043,2.327
28.243,43.508,7.765
20.403,47.337,9.673
10.688,47.534,6.393
3.316,41.657,1.385
-0.474,30.146,-0.332
-2.892,15.710,2.396
-6.964,1.422,6.036
-13.326,-10.872,6.903
-19.578,-20.718,5.374
-22.627,-28.151,4.975
-21.433,-33.038,8.048
-17.524,-35.454,13.411
-13.260,-36.450,18.152
-10.083,-37.843,20.533
-8.451,-40.757,20.598
-8.840,-44.246,18.954
-12.149,-45.754,16.314
-18.893,-43.350,14.234
-28.220,-37.770,14.822
-37.973,-32.169,18.559
-45.825,-29.707,22.797
-50.431,-31.094,23.650
-51.726,-34.106,19.997
-50.364,-35.191,15.122
-46.960,-31.627,13.721
-41.760,-22.810,17.212
-34.942,-10.259,22.252
-27.159,3.299,23.925
-19.648,15.259,20.177
-13.647,24.294,13.337
-9.664,30.692,7.839
-7.535,35.550,6.711
-7.314,39.483,9.678
-9.904,41.954,13.814
-16.252,41.780,15.772
-25.639,38.150,13.988
-34.959,31.153,9.419
-40.240,21.548,4.367
-39.257,10.341,0.397
-32.859,-1.339,-2.715
-23.852,-12.281,-5.969
-14.804,-21.585,-9.233
-6.911,-29.230,-10.667
-0.569,-36.105,-8.346
3.593,-43.132,-2.487
4.597,-50.124,4.070
1.893,-55.454,7.750
-4.052,-56.982,6.921
-12.048,-53.546,3.081
-20.965,-45.823,-0.359
-30.155,-35.889,-0.695
-39.168,-25.916,2.187
-47.148,-17.115,6.109
-52.549,-9.726,8.692
-53.470,-3.765,9.241
-48.487,0.476,8.718
-37.567,2.870,8.173
-22.594,4.344,7.552
-7.096,7.063,6.140
4.949,13.257,3.860
10.839,23.446,1.758
10.494,35.553,1.197
6.483,45.763,2.731
2.508,50.588,5.631
1.365,48.769,8.134
3.786,41.889,8.139
8.783,33.509,4.334
14.755,27.437,-2.581
20.156,26.083,-9.779
23.452,29.641,-14.077
23.174,36.268,-14.502
18.724,42.911,-13.225
11.364,46.366,-13.765
4.101,44.430,-17.994
0.020,36.928,-24.637
0.189,26.009,-30.330
2.913,14.992,-32.109
5.065,6.120,-29.446
4.528,-1.031,-24.631
1.915,-8.832,-21.210
0.219,-19.029,-21.217
2.549,-30.848,-23.159
9.539,-41.803,-22.883
18.480,-50.365,-17.316
25.124,-57.547,-7.895
26.931,-65.584,0.047
25.081,-75.155,1.880
23.383,-84.256,-2.133
25.060,-90.014,-7.390
30.371,-91.521,-9.642
37.148,-90.690,-8.751
43.243,-90.348,-7.780
48.064,-91.553,-9.026
51.783,-92.649,-11.799
53.739,-90.581,-14.034
52.419,-83.038,-15.008
47.190,-69.808,-15.504
39.570,-52.958,-15.629
32.298,-36.075,-13.896
27.144,-22.792,-9.359
23.916,-14.857,-4.048
21.580,-10.827,-1.892
19.846,-6.732,-4.583
19.248,1.255,-9.224
19.896,14.100,-11.003
20.789,29.424,-8.254
20.736,43.591,-4.123
19.763,54.311,-2.940
19.189,61.586,-5.512
20.122,66.681,-8.573
21.951,70.667,-8.562
22.391,73.879,-5.132
19.098,76.305,-0.784
11.491,77.998,2.057
1.478,79.066,2.804
-7.381,79.380,1.957
-11.783,78.383,-0.184
-10.621,75.114,-3.392
-5.656,68.446,-6.694
-0.329,57.560,-8.721
2.560,42.476,-9.181
2.430,24.239,-9.482
0.504,4.577,-11.323
-2.012,-14.705,-14.702
-5.212,-32.121,-17.640
-10.066,-46.559,-17.967
-17.058,-57.259,-15.231
-25.543,-63.842,-10.904
-34.353,-66.246,-7.107
-42.700,-64.437,-5.366
-50.248,-58.214,-6.206
-56.503,-47.515,-9.073
-60.511,-33.058,-12.163
-61.312,-16.636,-12.761
-58.597,-0.567,-8.802
-52.875,13.300,-0.758
-45.187,24.190,8.248
-36.893,32.170,14.880
-29.631,37.443,18.369
-25.012,39.809,20.556
-23.741,38.635,23.019
-24.729,33.343,24.722
-25.158,24.205,23.280
-21.905,13.022,18.446
-13.557,2.999,13.351
-1.508,-2.594,11.521
10.849,-2.329,13.040
20.408,2.459,14.562
26.322,8.804,13.239
29.992,14.515,9.827
33.153,19.698,7.392
35.965,25.845,7.656
37.053,33.346,9.655
35.361,39.882,11.936
31.649,41.437,14.765
27.927,35.218,19.150
25.429,21.984,24.234
23.525,5.823,27.025
20.771,-8.386,25.422
16.786,-17.860,20.937
12.700,-23.034,17.602
9.727,-26.345,18.058
7.653,-29.731,21.121
5.015,-32.770,23.301
0.609,-32.837,22.216
-5.518,-27.201,18.157
-12.610,-15.429,12.704
-20.262,-0.104,6.787
-28.545,14.828,0.639
-37.126,26.676,-4.842
-44.738,35.302,-7.736
-49.803,42.081,-6.756
-51.545,47.781,-3.070
-50.272,51.660,0.111
-46.686,52.538,0.133
-41.271,50.448,-2.961
-34.558,46.892,-6.782
-27.730,43.435,-8.829
-22.431,40.274,-8.253
-19.601,36.368,-5.883
-18.506,30.842,-3.241
-17.140,24.059,-1.673
-13.745,17.286,-1.860
-8.010,11.533,-3.493
-0.897,6.869,-5.404
6.558,2.753,-6.515
14.136,-1.289,-6.785
22.219,-5.396,-6.830
30.917,-9.509,-6.392
39.576,-13.519,-3.836
47.178,-17.284,1.901
53.155,-20.820,8.818
57.780,-24.617,12.411
61.717,-29.475,9.885
65.132,-35.551,3.682
67.126,-41.448,-0.276
66.026,-44.623,1.448
60.479,-43.215,6.084
50.643,-37.632,7.670
38.641,-30.161,3.642
27.826,-22.923,-2.547
21.250,-16.377,-5.722
20.286,-9.898,-4.907
24.218,-3.387,-3.810
30.860,2.378,-5.700
37.682,7.203,-9.363
42.765,12.716,-11.063
45.269,21.303,-9.526
45.369,33.431,-7.351
43.744,46.220,-7.345
40.870,54.923,-8.991
36.542,55.817,-9.733
29.974,47.764,-8.877
20.439,31.659,-8.481
7.932,9.413,-10.041
-6.652,-16.049,-11.853
-21.850,-40.543,-11.019
-36.097,-59.826,-7.556
-48.023,-72.014,-4.996
-56.670,-78.732,-6.477
-61.829,-83.237,-11.263
-64.392,-87.016,-15.874
-66.252,-88.376,-17.942
-69.435,-84.590,-17.891
-74.836,-75.415,-17.140
-81.545,-64.315,-16.174
-87.437,-56.183,-15.113
-90.714,-53.816,-15.099
-91.084,-56.226,-17.602
-89.570,-59.757,-22.202
-87.211,-60.545,-26.190
-83.967,-56.447,-27.049
-78.805,-47.661,-24.913
-70.671,-36.221,-21.987
-59.275,-24.730,-19.926
-45.157,-14.855,-18.566
-29.401,-6.503,-17.143
-13.506,1.653,-15.699
0.786,10.639,-14.656
12.091,20.067,-13.611
20.229,28.456,-11.610
26.398,34.492,-8.738
32.276,37.828,-6.660
38.751,38.781,-7.060
45.415,37.612,-9.908
51.084,34.419,-13.737
54.637,29.599,-17.346
55.448,23.953,-20.454
53.394,17.957,-22.694
48.830,11.040,-22.961
42.583,2.012,-20.726
35.708,-9.394,-17.714
29.043,-21.485,-17.088
22.982,-31.407,-20.210
17.791,-37.320,-24.529
14.179,-39.826,-25.460
13.479,-41.101,-20.607
17.099,-42.531,-11.885
25.466,-43.164,-3.425
37.118,-40.492,2.135
48.615,-32.716,5.018
55.650,-20.403,6.539
55.032,-6.273,7.035
46.478,6.363,6.052
32.966,15.204,4.065
19.258,19.783,2.982
9.479,21.410,4.381
5.324,22.389,7.504
5.971,24.712,9.639
9.462,28.966,8.769
14.354,34.290,5.540
20.347,39.492,2.208
27.560,44.205,-0.197
35.326,48.846,-2.849
41.857,53.451,-6.720
45.362,56.830,-9.728
45.638,57.219,-7.590
44.520,53.907,1.738
44.577,48.170,15.042
47.191,42.493,26.313
51.696,38.789,32.303
56.027,37.211,34.758
57.886,36.389,36.836
55.485,34.590,38.427
47.972,30.710,36.499
36.021,24.530,29.908
22.225,16.392,22.130
10.283,6.848,18.028
2.968,-3.436,18.551
0.483,-13.551,20.124
0.865,-22.289,19.440
2.123,-28.482,17.557
3.932,-31.634,18.240
7.192,-32.276,22.862
12.103,-31.527,28.353
16.955,-30.040,30.641
18.959,-27.392,29.341
16.245,-22.761,28.250
9.089,-16.425,31.307
-0.592,-10.536,38.655
-10.727,-8.111,46.748
-20.114,-10.938,51.824
-28.336,-18.335,52.974
-35.081,-27.902,52.099
-39.748,-37.521,51.460
-41.609,-46.684,51.443
-40.134,-56.104,50.447
-35.075,-66.277,46.687
-26.458,-76.580,40.154
-14.882,-85.594,33.016
-2.046,-91.963,28.117
9.236,-94.699,26.833
16.107,-92.775,28.129
17.313,-84.966,29.619
13.984,-70.660,29.526
8.641,-51.080,27.593
3.182,-29.503,24.235
-2.332,-9.882,19.344
-9.029,5.124,12.533
-17.502,15.011,4.634
-26.751,20.618,-1.797
-34.642,22.793,-4.265
-39.202,21.989,-2.752
-39.492,18.951,0.162
-35.673,15.377,1.951
-28.752,13.472,2.578
-20.411,14.642,3.902
-12.729,18.492,6.855
-7.535,23.083,9.927
-5.757,26.289,10.704
-7.387,27.206,8.398
-12.046,26.620,4.273
-19.375,26.259,-0.253
-28.738,27.511,-5.194
-38.734,30.645,-11.337
-47.470,34.981,-18.445
-53.670,39.550,-24.710
-57.443,43.440,-28.145
-59.725,45.663,-28.254
-60.847,45.119,-26.338
-59.782,41.141,-24.385
-55.008,34.200,-23.738
-46.114,25.940,-24.352
-34.522,18.351,-24.869
-22.706,12.851,-23.488
-12.824,10.022,-19.383
-5.938,9.847,-13.648
-2.034,11.757,-8.620
-0.217,14.354,-5.811
1.033,15.470,-4.507
3.159,13.023,-2.789
6.351,6.170,-0.073
8.997,-4.251,1.825
8.813,-16.312,0.659
4.998,-27.921,-3.348
-0.612,-37.254,-7.251
-4.677,-42.807,-8.419
-4.680,-43.712,-7.516
-0.207,-40.501,-7.893
7.665,-35.505,-11.899
17.585,-31.938,-18.260
28.238,-31.817,-23.426
37.888,-34.228,-25.283
44.468,-35.515,-25.049
46.540,-31.625,-25.488
44.028,-21.000,-27.751
37.742,-5.864,-30.445
28.374,9.096,-31.656
16.326,19.584,-31.302
2.531,24.000,-31.008
-11.086,23.745,-31.815
-22.429,21.830,-32.518
-30.503,21.112,-30.676
-35.589,23.219,-25.198
-38.170,28.260,-17.627
-38.043,34.959,-10.690
-34.799,41.107,-5.808
-29.027,44.420,-2.419
-22.676,43.556,0.204
-18.044,38.647,0.974
-16.451,31.002,-2.438
-17.840,22.362,-10.681
-21.360,14.367,-20.647
-26.066,8.394,-26.969
-31.201,5.367,-26.158
-36.218,5.362,-19.563
-40.846,7.401,-12.315
-45.009,9.874,-9.254
-48.465,11.410,-11.554
-50.496,11.426,-16.646
-50.136,9.992,-20.802
-46.804,7.406,-21.746
-40.632,4.037,-19.597
-32.144,0.495,-16.273
-21.789,-2.272,-14.272
-10.090,-3.180,-15.246
1.736,-1.390,-18.829
11.561,3.316,-22.701
17.197,10.213,-24.445
17.781,17.571,-23.798
14.530,23.235,-22.837
10.183,25.870,-23.517
7.493,25.953,-25.245
7.804,25.380,-25.588
10.597,25.717,-23.453
14.177,26.723,-20.761
16.975,26.759,-20.194
18.595,24.826,-21.698
19.917,22.111,-22.338
22.319,21.246,-19.962
26.677,23.904,-16.107
32.762,29.103,-14.223
39.183,33.942,-15.247
43.736,36.013,-16.119
44.083,35.116,-13.291
38.822,32.791,-7.059
28.512,30.443,-1.420
15.786,28.158,0.455
4.036,25.299,-0.174
-4.598,21.913,1.017
-10.332,19.132,6.732
-14.941,17.945,15.241
-19.758,17.807,22.141
-24.303,16.861,24.464
-26.801,13.811,22.933
-26.069,9.475,20.597
-22.930,6.229,19.798
-19.801,5.828,20.482
-18.819,7.942,21.097
-20.321,10.947,20.668
-23.067,13.965,19.875
-25.827,17.792,20.165
-28.547,23.678,21.989
-31.881,31.400,24.021
-35.704,38.807,24.223
-38.434,43.422,21.788
-38.093,44.510,18.124
-34.112,43.655,15.929
-27.968,43.363,17.071
-21.940,44.979,21.051
-17.141,47.673,25.298
-12.695,49.286,27.054
-6.774,48.230,25.327
1.445,44.787,21.338
10.739,40.648,17.183
18.616,37.089,14.051
23.264,33.605,11.785
24.933,28.420,10.066
25.468,20.519,9.644
26.458,11.130,11.793
27.856,2.975,16.357
28.515,-2.112,20.756
28.020,-4.872,21.685
27.684,-7.875,18.106
29.451,-13.097,12.415
33.843,-20.195,8.395
39.308,-27.057,8.046
43.733,-31.866,10.431
46.403,-34.605,13.190
48.211,-36.724,14.652
50.094,-39.658,14.506
51.660,-43.733,13.224
51.557,-48.284,11.578
48.945,-52.520,10.617
44.247,-56.179,11.403
38.601,-59.541,14.294
32.990,-63.055,18.663
28.078,-66.950,23.528
24.499,-71.007,28.256
22.759,-74.544,32.377
22.780,-76.637,34.972
23.893,-76.556,34.959
25.519,-74.110,32.341
27.664,-69.593,28.774
30.434,-63.373,26.295
33.152,-55.534,25.344
34.292,-45.957,24.327
32.519,-34.747,21.274
27.703,-22.507,15.719
20.806,-10.175,8.824
12.989,1.439,2.042
5.123,11.960,-3.840
-1.871,21.385,-8.315
-6.748,29.808,-10.499
-8.562,37.197,-9.573
-7.722,43.346,-5.959
-6.172,47.899,-1.566
-6.231,50.440,1.601
-9.066,50.688,3.107
-14.174,48.807,4.054
-20.113,45.579,5.296
-25.618,42.177,5.961
-30.120,39.569,4.048
-33.605,38.036,-1.517
-36.279,37.220,-9.780
-38.421,36.654,-18.844
-40.298,36.205,-27.672
-41.969,35.922,-36.297
-43.123,35.469,-44.168
-43.228,33.805,-49.031
-41.947,29.637,-48.380
-39.454,22.386,-42.409
-36.268,12.852,-35.038
-32.705,2.892,-31.265
-28.456,-5.711,-33.007
-22.808,-12.331,-37.538
-15.382,-17.676,-40.119
-6.749,-22.951,-38.155
1.713,-28.761,-32.872
8.664,-34.641,-27.335
13.642,-39.491,-23.393
17.174,-42.352,-20.743
20.175,-42.730,-18.433
23.244,-40.335,-16.431
26.373,-34.792,-15.239
29.070,-25.925,-14.375
30.651,-14.457,-12.020
30.622,-2.369,-6.678
29.180,7.637,0.936
27.531,13.293,8.082
27.479,13.763,12.207
30.236,9.916,12.845
35.343,3.835,11.236
40.812,-2.052,8.434
44.604,-5.898,4.342
46.169,-7.058,-1.223
46.599,-6.148,-7.037
47.265,-4.417,-10.795
48.294,-2.856,-11.234
48.341,-1.695,-9.668
45.799,-0.722,-8.935
40.190,-0.020,-10.759
32.507,-0.228,-14.303
24.422,-1.898,-17.342
17.284,-4.509,-18.480
11.712,-6.381,-17.994
7.786,-5.981,-16.748
5.374,-3.632,-14.916
4.359,-1.921,-12.042
4.835,-4.092,-8.082
7.183,-11.694,-3.868
11.755,-23.548,-0.478
18.212,-36.871,1.687
25.178,-49.310,3.118
30.836,-59.951,4.652
34.096,-68.711,6.691
35.246,-75.266,8.639
35.378,-78.840,8.971
35.220,-78.920,6.293
34.535,-75.876,0.929
32.554,-70.773,-4.593
28.788,-64.730,-7.378
23.460,-58.514,-6.997
17.452,-52.559,-6.173
12.064,-46.974,-8.011
8.679,-41.373,-12.504
8.196,-34.853,-16.347
10.435,-26.562,-16.453
14.113,-16.597,-13.145
17.541,-6.437,-9.429
19.512,1.693,-7.520
19.608,6.265,-6.905
17.887,7.568,-5.880
14.532,7.527,-4.023
9.843,8.248,-2.351
4.382,10.500,-1.457
-1.178,13.489,-0.520
-6.400,16.145,1.512
-11.282,18.626,4.417
-16.116,22.457,6.999
-21.245,29.050,8.621
-26.870,38.012,9.800
-32.871,46.915,11.287
-38.614,52.794,13.128
-43.062,53.951,14.877
-45.348,50.519,16.204
-45.403,43.592,16.743
-43.890,34.111,15.679
-41.382,22.681,12.363
-37.667,10.192,7.659
-32.115,-1.785,4.012
-24.807,-11.575,3.401
-17.101,-18.454,5.257
-10.772,-23.100,7.036
-6.523,-26.936,7.113
-3.476,-31.005,6.577
-0.143,-35.370,7.658
4.186,-39.395,10.635
9.130,-42.375,13.081
14.056,-43.929,12.501
18.919,-44.059,9.291
24.163,-43.143,6.547
29.970,-41.908,6.968
35.788,-41.147,10.289
40.519,-41.178,13.725
43.029,-41.491,14.511
42.559,-41.038,11.903
39.009,-39.038,7.294
32.992,-35.577,3.132
25.480,-31.493,1.682
17.174,-27.663,3.948
8.305,-24.373,8.956
-0.680,-21.242,14.072
-8.314,-17.689,16.603
-12.503,-13.529,15.634
-12.239,-9.282,12.472
-8.972,-5.986,9.361
-5.898,-4.593,7.808
-5.567,-5.271,7.976
-8.148,-7.066,9.203
-12.001,-8.246,10.602
-15.707,-7.232,11.261
-19.267,-3.573,10.421
-23.407,1.649,7.998
-28.121,6.263,4.890
-32.200,8.010,2.378
-34.066,5.556,0.972
-32.863,-0.919,-0.030
-28.787,-9.690,-1.552
-22.800,-17.945,-3.243
-16.299,-22.718,-3.249
-10.928,-22.157,0.089
-8.146,-16.603,6.086
-8.473,-8.625,11.401
-10.964,-1.625,12.291
-13.574,2.308,7.612
-14.416,3.648,-0.241
-12.982,4.679,-7.411
-10.370,7.408,-11.695
-8.328,12.091,-13.840
-7.964,17.670,-16.056
-9.180,23.407,-19.474
-11.179,29.706,-22.992
-13.337,37.142,-24.288
-15.570,44.891,-21.774
-18.000,50.558,-15.846
-20.541,51.818,-8.625
-22.924,48.217,-2.543
-25.102,41.328,1.236
-27.430,33.302,3.405
-30.372,25.515,5.622
-33.993,18.530,8.902
-37.678,12.862,12.905
-40.244,9.195,16.798
-40.384,7.796,20.435
-37.262,8.132,24.198
-31.013,9.480,27.702
-22.810,11.868,29.372
-14.302,16.039,27.991
-6.739,22.221,24.508
-0.428,29.047,21.629
5.134,33.983,21.293
10.692,35.024,22.842
16.735,32.067,23.947
23.318,26.781,23.045
30.132,21.351,20.475
36.696,17.390,17.535
42.640,15.681,15.155
47.905,16.356,13.706
52.564,18.895,13.413
56.308,22.038,14.170
58.108,24.158,15.046
56.556,24.139,14.600
50.727,21.983,12.065
40.858,18.468,7.955
28.325,14.156,3.351
15.097,8.895,-1.129
3.117,2.422,-5.369
-6.207,-4.592,-9.103
-12.356,-10.356,-11.852
-15.718,-12.964,-13.631
-17.047,-11.655,-15.235
-16.705,-7.026,-17.409
-14.544,-0.153,-19.921
-10.691,8.233,-21.850
-6.381,17.618,-22.780
-3.650,27.071,-23.332
-3.917,35.268,-24.385
-6.862,41.472,-26.041
-10.804,46.319,-27.601
-14.141,51.234,-28.419
-16.329,56.816,-28.456
-17.622,61.894,-27.983
-18.301,64.368,-26.993
-18.489,63.086,-25.070
-18.553,58.866,-21.791
-19.209,53.722,-17.196
-20.921,49.175,-11.978
-23.268,45.282,-7.223
-25.096,41.018,-3.768
-25.386,35.343,-1.621
-23.979,27.958,-0.092
-21.583,19.425,1.198
-19.204,10.868,1.390
-17.537,3.491,-1.215
-16.549,-2.041,-7.388
-15.432,-6.070,-15.434
-13.080,-9.805,-21.660
-9.103,-14.483,-22.805
-4.631,-20.475,-18.481
-2.006,-27.124,-11.490
-3.256,-33.446,-5.701
-8.551,-38.912,-3.266
-16.075,-43.560,-3.518
-23.425,-47.470,-4.349
-29.145,-50.295,-4.638
-32.955,-51.371,-5.340
-34.728,-50.181,-8.224
-33.588,-46.627,-13.667
-28.319,-40.897,-19.895
-18.727,-33.243,-24.405
-6.523,-24.023,-26.012
5.250,-13.993,-25.425
13.835,-4.443,-24.145
18.027,3.082,-23.116
18.177,7.388,-22.370
15.187,8.134,-21.443
9.622,5.972,-19.774
1.717,2.265,-16.946
-7.986,-1.456,-13.009
-18.233,-3.997,-8.701
-27.409,-4.750,-4.975
-34.254,-3.578,-2.112
-38.266,-0.519,0.513
-39.478,4.344,3.541
-38.054,10.686,6.655
-34.245,17.658,8.876
-28.659,24.038,9.841
-22.375,28.842,10.457
-16.564,31.896,12.070
-11.881,33.755,15.221
-8.120,35.066,19.348
-4.501,36.027,23.422
-0.375,36.442,26.320
4.132,36.098,26.746
8.080,34.929,23.668
10.396,32.895,17.603
10.806,30.013,11.236
10.169,26.693,7.852
9.818,23.897,8.621
10.495,22.568,11.679
11.938,22.688,14.238
13.555,23.005,15.357
15.298,21.939,16.082
17.681,18.926,17.007
20.908,14.857,16.626
24.315,11.165,12.938
26.904,8.468,6.461
28.364,6.063,0.707
29.269,2.627,-0.904
30.162,-2.615,1.632
30.727,-9.276,5.110
30.145,-16.002,6.541
28.231,-21.142,5.894
25.892,-23.405,5.311
24.218,-22.365,6.211
23.231,-18.748,7.844
21.807,-14.286,8.692
18.891,-10.980,8.541
14.652,-10.080,8.499
10.281,-11.509,9.175
6.752,-14.224,9.693
3.944,-17.154,9.015
0.984,-19.786,7.800
-2.786,-21.869,8.055
-7.344,-22.691,10.704
-12.322,-20.925,14.201
-17.398,-15.448,16.308
-22.162,-6.400,16.961
-25.817,4.577,18.381
-27.489,15.247,21.903
-27.106,24.020,25.521
-25.858,30.437,25.689
-25.490,34.663,21.551
-26.949,36.698,16.370
-29.711,36.202,14.154
-32.442,33.019,15.477
-34.253,27.662,17.517
-35.266,21.174,17.883
-36.113,14.494,17.146
-37.068,8.061,17.000
-37.783,2.042,17.027
-37.762,-3.175,14.763
-36.927,-6.894,9.123
-35.678,-8.532,2.515
-34.462,-8.129,-1.401
-33.327,-6.439,-1.687
-31.880,-4.627,-0.905
-29.556,-3.889,-1.847
-25.900,-5.152,-4.282
-20.654,-8.762,-5.441
-13.720,-14.223,-3.279
-5.240,-20.289,1.455
4.226,-25.585,6.269
13.649,-29.393,9.260
21.822,-31.963,10.053
27.850,-34.062,9.020
31.466,-36.204,6.450
32.970,-38.204,2.690
32.898,-39.331,-1.404
31.727,-38.825,-4.659
29.734,-36.314,-6.321
26.964,-31.939,-6.536
23.303,-26.208,-6.207
18.721,-19.835,-6.471
13.615,-13.687,-8.065
8.900,-8.801,-10.742
5.582,-6.238,-13.200
4.026,-6.639,-13.964
3.610,-9.755,-12.742
3.218,-14.402,-10.864
2.272,-18.982,-10.005
1.321,-22.176,-10.378
1.508,-23.272,-10.457
3.298,-22.084,-8.683
5.629,-18.880,-5.212
6.426,-14.527,-1.628
4.110,-10.470,0.958
-1.194,-8.121,3.042
-7.836,-7.943,5.699
-13.940,-9.128,8.795
-18.585,-10.343,10.768
-21.891,-10.875,10.288
-24.203,-11.048,7.820
-25.444,-11.495,5.296
-25.254,-12.102,4.448
-23.613,-11.734,5.617
-21.146,-9.071,7.966
-18.808,-3.785,10.381
-17.327,2.915,12.028
-16.919,8.844,12.426
-17.381,12.089,11.408
-18.271,12.167,9.127
-19.015,10.290,6.050
-19.000,8.535,2.966
-17.802,8.502,0.963
-15.427,10.394,0.983
-12.314,13.186,2.859
-9.009,15.604,4.753
-5.719,16.991,4.251
-2.158,17.454,0.664
2.119,17.466,-3.852
7.100,17.552,-6.119
11.941,18.280,-5.175
15.287,20.217,-3.341
16.179,23.486,-3.685
14.867,27.185,-6.656
12.759,29.403,-9.766
11.405,28.108,-10.636
11.310,22.361,-9.727
11.596,12.891,-9.612
10.838,1.551,-11.843
8.304,-9.807,-15.169
4.505,-20.140,-16.997
0.669,-29.228,-16.131
-2.236,-37.204,-13.716
-3.972,-44.164,-11.757
-4.693,-50.091,-11.212
-4.387,-54.870,-11.605
-2.804,-58.220,-12.061
0.064,-59.690,-12.323
3.594,-58.930,-12.726
6.816,-56.091,-13.364
9.138,-51.872,-13.436
10.693,-47.052,-11.577
11.878,-41.954,-7.155
12.564,-36.434,-1.435
11.947,-30.448,2.800
9.308,-24.454,3.398
4.894,-19.143,0.938
-0.081,-14.709,-1.517
-4.281,-10.580,-1.124
-6.976,-6.022,2.252
-7.912,-1.048,6.371
-6.744,3.366,9.242
-3.043,6.074,10.910
2.928,6.766,12.506
9.648,6.215,14.147
14.908,5.559,14.610
17.175,5.379,13.158
16.430,5.474,10.955
13.729,5.399,9.996
10.124,5.126,10.768
6.139,5.135,11.598
2.110,5.934,10.589
-1.410,7.588,7.865
-3.943,9.740,5.496
-5.728,12.045,5.243
-7.772,14.512,6.711
-11.004,17.381,7.795
-15.319,20.701,6.743
-19.546,24.054,3.654
-22.388,26.683,0.201
-23.340,27.882,-1.796
-22.724,27.226,-1.563
-20.980,24.509,0.405
-18.137,19.646,2.831
-14.030,12.836,4.318
-8.890,4.919,3.958
-3.557,-2.551,1.795
0.953,-7.874,-1.040
4.030,-10.106,-2.838
5.620,-9.506,-2.333
5.890,-7.115,0.449
4.919,-3.868,4.262
2.743,-0.182,7.567
-0.336,3.600,9.448
-3.616,6.577,9.731
-6.252,7.420,8.511
-7.770,5.375,5.877
-8.429,1.115,2.167
-9.098,-3.592,-1.824
-10.658,-7.222,-5.242
-13.323,-9.550,-7.882
-16.396,-11.438,-10.344
-18.679,-13.669,-13.349
-19.167,-16.102,-16.822
-17.563,-17.885,-19.612
-14.328,-18.257,-20.077
-10.461,-16.899,-17.163
-7.212,-13.625,-11.371
-5.660,-8.092,-4.947
-6.128,-0.235,-0.849
-7.756,8.949,-0.842
-8.822,17.326,-4.091
-7.820,22.739,-7.704
-4.514,24.480,-9.045
-0.053,23.715,-7.752
3.940,22.462,-5.613
6.464,22.100,-4.604
7.521,22.753,-5.278
7.733,23.841,-6.970
7.757,24.900,-9.039
7.983,25.781,-11.355
8.496,26.321,-13.605
9.069,26.196,-14.764
9.230,25.204,-13.824
8.512,23.516,-11.038
6.846,21.367,-7.991
4.732,18.586,-6.165
2.974,14.671,-5.536
2.167,9.571,-4.834
2.354,4.306,-3.116
3.097,0.587,-0.829
3.865,-0.357,0.756
4.374,1.347,0.952
4.650,4.420,0.286
4.834,7.372,-0.126
4.965,9.260,0.401
4.930,9.788,1.717
4.597,9.076,3.097
3.919,7.571,3.740
2.923,6.109,3.255
1.627,5.726,2.039
0.110,7.133,1.205
-1.343,10.206,1.739
-2.285,13.993,3.543
-2.495,17.232,5.537
-2.392,18.999,6.993
-2.964,19.055,8.593
-5.047,17.773,11.642
-8.546,15.842,16.128
-12.307,13.927,20.058
-14.832,12.354,21.267
-15.211,10.903,19.760
-13.494,8.864,17.689
-10.311,5.481,16.770
-6.214,0.599,16.263
-1.388,-4.970,14.096
4.151,-9.766,9.884
10.169,-12.590,6.009
16.054,-13.382,5.130
20.992,-13.332,6.881
24.262,-14.081,7.781
25.436,-16.550,4.825
24.403,-20.263,-1.109
21.315,-23.657,-5.886
16.571,-25.210,-6.191
10.826,-24.501,-2.677
4.979,-22.370,1.100
0.021,-20.000,2.563
-3.208,-17.742,2.485
-4.283,-14.868,3.486
-3.290,-10.561,6.710
-0.721,-5.155,10.514
2.785,-0.207,12.387
6.668,2.856,11.632
10.521,4.179,9.781
14.038,5.395,8.637
16.977,7.970,8.450
19.253,11.643,8.173
20.986,14.585,7.105
22.377,15.077,5.847
23.421,12.993,5.624
23.802,9.673,6.939
23.188,6.520,9.003
21.740,3.892,10.420
20.286,1.261,10.394
19.853,-1.781,9.453
20.895,-4.934,9.010
22.948,-7.556,10.030
25.020,-9.475,11.908
26.270,-11.281,12.766
26.273,-13.786,11.113
24.709,-17.216,7.262
21.068,-20.910,2.931
14.979,-23.812,-0.523
6.974,-25.239,-3.126
-1.234,-25.222,-5.447
-7.572,-24.173,-7.190
-11.063,-22.316,-7.301
-12.610,-19.557,-5.610
-14.247,-15.943,-3.799
-17.370,-12.199,-4.160
-21.444,-9.599,-7.387
-24.350,-9.063,-11.857
-24.095,-10.205,-15.159
-20.370,-11.249,-16.054
-14.648,-10.044,-14.968
-8.876,-5.510,-13.085
-4.047,1.582,-11.431
0.100,9.111,-10.706
4.265,15.018,-11.296
8.665,18.587,-13.002
12.904,20.596,-14.900
16.527,22.296,-15.925
19.443,24.124,-15.749
21.757,25.375,-14.923
23.333,25.060,-14.057
23.684,22.999,-13.086
22.385,19.965,-11.562
19.603,16.704,-9.492
16.262,13.036,-7.502
13.604,8.168,-6.020
12.402,1.961,-4.629
12.404,-4.299,-2.637
12.557,-8.684,-0.225
12.018,-10.277,1.418
11.082,-10.024,1.357
11.006,-9.821,0.037
12.660,-10.765,-1.234
15.318,-12.279,-1.818
16.988,-12.926,-2.249
16.127,-11.911,-3.006
13.020,-9.714,-3.309
9.442,-7.341,-1.860
7.101,-5.214,1.199
6.577,-2.979,3.773
7.633,-0.380,3.845
10.034,1.945,1.814
13.639,2.779,0.207
17.796,1.497,0.945
21.196,-1.198,3.330
22.742,-3.834,5.110
22.589,-5.487,5.151
22.123,-6.498,4.412
22.831,-7.890,4.232
25.189,-10.136,4.350
28.545,-12.562,3.218
31.793,-13.914,0.111
34.020,-13.445,-3.738
34.692,-11.526,-6.391
33.673,-9.297,-7.201
31.329,-7.798,-7.168
28.526,-7.321,-7.481
26.229,-7.375,-8.257
24.895,-7.196,-8.910
24.218,-6.365,-9.284
23.486,-5.126,-9.810
22.187,-4.208,-10.548
20.318,-4.280,-10.661
18.235,-5.462,-9.310
16.322,-7.255,-6.958
14.777,-8.915,-5.285
13.537,-9.953,-5.559
12.268,-10.330,-7.330
10.480,-10.313,-8.986
7.816,-10.186,-9.557
4.335,-10.065,-9.615
0.507,-9.896,-10.346
-3.113,-9.496,-12.050
-6.186,-8.632,-13.901
-8.590,-7.112,-15.072
-10.224,-4.918,-15.636
-10.947,-2.215,-16.141
-10.760,0.794,-16.565
-9.887,4.047,-16.209
-8.539,7.579,-14.720
-6.585,11.259,-12.934
-3.575,14.606,-12.335
0.840,16.973,-13.679
6.532,18.009,-16.302
12.959,17.970,-18.790
19.505,17.525,-20.166
25.608,17.234,-20.397
30.582,17.170,-20.019
33.575,17.009,-19.543
33.955,16.339,-19.185
31.821,14.853,-18.836
27.994,12.288,-18.130
23.376,8.420,-16.670
18.325,3.300,-14.441
12.728,-2.490,-11.989
6.645,-7.944,-10.027
0.749,-12.143,-8.767
-3.999,-14.726,-7.736
-7.069,-15.912,-6.295
-8.699,-16.175,-4.249
-9.531,-16.004,-1.874
-10.001,-15.901,0.481
-10.180,-16.305,2.615
-10.126,-17.225,4.342
-10.277,-17.927,5.484
-11.348,-17.241,6.213
-13.818,-14.529,7.218
-17.492,-10.426,9.186
-21.589,-6.525,11.966
-25.266,-4.150,14.482
-28.120,-3.348,15.698
-30.225,-3.050,15.651
-31.739,-2.190,15.391
-32.515,-0.652,15.874
-32.159,0.824,17.093
-30.445,1.546,18.338
-27.645,1.593,19.115
-24.373,1.678,19.513
-21.125,2.407,19.606
-18.033,3.727,18.774
-15.088,5.052,16.003
-12.521,5.831,11.087
-10.824,5.941,5.446
-10.338,5.622,1.441
-10.861,5.226,0.563
-11.717,5.109,2.133
-12.230,5.671,3.864
-12.102,7.239,3.841
-11.387,9.776,2.140
-10.165,12.729,0.535
-8.325,15.335,0.715
-5.612,17.169,2.781
-1.854,18.376,5.378
2.909,19.386,7.099
8.446,20.464,7.631
14.438,21.576,7.695
20.562,22.555,8.136
26.493,23.192,9.222
31.905,23.132,10.706
36.508,21.863,12.236
40.088,19.075,13.529
42.472,15.078,14.176
43.415,10.704,13.525
42.515,6.752,11.052
39.335,3.512,7.035
33.727,0.949,2.830
26.171,-0.842,0.176
17.812,-1.598,-0.139
10.115,-1.407,0.906
4.292,-1.074,1.232
0.837,-1.664,-0.509
-0.599,-3.525,-3.576
-0.916,-5.805,-5.624
-1.041,-7.046,-4.780
-1.482,-6.306,-1.447
-2.233,-3.757,1.853
-3.045,-0.321,2.520
-3.747,3.134,-0.010
-4.335,6.233,-3.898
-4.817,8.916,-6.525
-5.124,11.067,-6.604
-5.282,12.427,-5.019
-5.635,12.855,-3.765
-6.744,12.619,-4.033
-8.983,12.378,-5.132
-12.228,12.827,-5.137
-15.975,14.243,-2.631
-19.734,16.247,2.004
-23.201,17.978,6.843
-26.124,18.594,9.899
-28.167,17.735,10.520
-29.093,15.600,9.606
-29.052,12.579,8.666
-28.538,8.797,8.663
-28.002,4.054,9.481
-27.569,-1.728,10.253
-27.208,-8.041,10.160
-27.073,-13.833,9.131
-27.493,-18.194,7.933
-28.539,-20.984,7.534
-29.761,-22.808,8.195
-30.509,-24.331,9.175
-30.550,-25.685,9.473
-30.256,-26.602,8.897
-30.130,-27.073,8.240
-30.269,-27.675,8.245
-30.404,-29.048,8.561
-30.448,-30.980,8.034
-30.830,-32.143,6.067
-32.133,-30.962,3.416
-34.439,-26.958,1.404
-37.113,-21.371,0.532
-39.274,-16.449,0.149
-40.422,-13.998,-0.560
-40.597,-14.350,-1.672
-40.041,-16.449,-2.784
-38.812,-18.728,-3.755
-36.762,-19.962,-4.721
-33.789,-19.595,-5.433
-30.035,-17.653,-5.119
-25.855,-14.569,-3.378
-21.665,-11.007,-0.979
-17.853,-7.602,0.621
-14.770,-4.684,0.594
-12.759,-2.260,-0.658
-12.112,-0.316,-2.219
-12.923,0.929,-3.618
-14.896,1.180,-4.877
-17.308,0.510,-5.895
-19.303,-0.478,-6.249
-20.374,-1.117,-5.634
-20.641,-1.305,-4.126
-20.573,-1.565,-1.856
-20.402,-2.407,1.262
-19.825,-3.642,5.051
-18.309,-4.424,8.473
-15.665,-3.962,10.033
-12.263,-2.155,9.118
-8.764,0.465,6.697
-5.792,3.280,4.404
-3.891,6.020,2.969
-3.603,8.745,1.853
-5.269,11.591,0.403
-8.664,14.637,-1.042
-12.951,17.876,-1.511
-17.235,21.146,-0.636
-21.200,23.999,0.915
-25.144,25.744,2.341
-29.362,25.792,3.659
-33.577,24.036,5.443
-37.027,20.923,7.721
-39.046,17.130,9.529
-39.482,13.213,9.734
-38.586,9.527,8.130
-36.677,6.434,5.525
-34.025,4.442,2.829
-30.936,4.028,0.314
-27.721,5.265,-2.142
-24.439,7.637,-4.326
-20.768,10.255,-5.544
-16.308,12.370,-5.311
-11.105,13.786,-4.065
-5.813,14.889,-2.971
-1.243,16.245,-2.910
2.296,18.114,-3.641
5.180,20.215,-3.985
7.965,21.950,-2.852
10.756,22.883,-0.133
13.106,23.082,3.257
14.543,23.028,6.074
15.133,23.186,7.497
15.426,23.645,7.381
15.891,24.146,6.055
16.467,24.405,4.026
16.789,24.365,1.820
16.826,24.129,-0.075
17.186,23.718,-1.348
18.671,22.982,-2.070
21.498,21.769,-2.762
24.968,20.062,-4.058
27.931,17.880,-6.105
29.555,15.096,-8.215
29.687,11.535,-9.239
28.559,7.404,-8.503
26.338,3.537,-6.477
23.035,1.036,-4.509
18.812,0.475,-3.817
14.251,1.414,-4.685
10.203,2.756,-6.527
7.333,3.576,-8.532
5.771,3.673,-10.151
5.127,3.368,-11.107
4.791,2.970,-11.253
4.238,2.503,-10.600
3.164,1.870,-9.381
1.520,1.080,-7.905
-0.498,0.206,-6.398
-2.502,-0.834,-5.110
-4.102,-2.294,-4.566
-5.160,-4.345,-5.371
-5.909,-6.822,-7.465
-6.740,-9.260,-9.627
-7.771,-11.173,-10.114
-8.575,-12.325,-8.117
-8.392,-12.827,-4.621
-6.723,-13.057,-1.653
-3.819,-13.421,-0.580
-0.597,-14.030,-1.140
1.964,-14.494,-2.078
3.445,-14.099,-2.540
4.155,-12.347,-2.714
4.751,-9.418,-3.233
5.688,-6.100,-4.279
6.912,-3.274,-5.473
7.961,-1.526,-6.499
8.361,-1.180,-7.518
7.996,-2.463,-8.773
7.206,-5.337,-9.912
6.546,-9.141,-9.971
6.421,-12.684,-8.210
6.926,-15.023,-4.942
7.950,-16.225,-1.447
9.351,-17.204,1.040
10.912,-18.662,2.327
12.182,-20.235,3.313
12.548,-20.803,5.057
11.681,-19.655,7.704
9.946,-17.295,10.233
8.264,-15.071,11.248
7.437,-14.064,10.132
7.572,-14.332,7.548
8.187,-15.099,4.866
8.813,-15.565,3.051
9.433,-15.518,2.096
10.370,-15.315,1.477
11.909,-15.351,1.026
14.086,-15.547,1.222
16.748,-15.311,2.547
19.617,-14.016,4.693
22.254,-11.570,6.565
24.091,-8.532,7.129
24.656,-5.601,6.228
23.803,-2.973,4.543
21.683,-0.250,2.845
18.535,2.993,1.362
14.617,6.575,-0.182
10.345,9.758,-2.032
6.393,12.022,-3.975
3.484,13.766,-5.342
2.028,16.140,-5.398
1.970,20.083,-3.841
2.986,25.375,-1.123
4.742,30.612,1.661
6.933,34.125,3.357
9.143,35.088,3.473
10.812,33.904,2.470
11.445,31.658,1.309
10.872,29.204,0.665
9.318,26.678,0.517
7.264,23.718,0.458
5.234,20.038,0.317
3.650,15.783,0.351
2.765,11.486,0.846
2.633,7.798,1.595
3.158,5.259,1.983
4.210,4.137,1.691
5.756,4.299,1.319
7.849,5.193,2.104
10.517,6.097,4.786
13.651,6.510,8.640
17.020,6.380,11.794
20.304,5.954,12.748
23.066,5.430,11.694
24.716,4.784,10.260
24.713,3.911,9.841
23.028,2.840,10.296
20.480,1.802,10.369
18.435,1.099,9.334
17.893,0.944,7.873
18.739,1.333,7.178
19.919,1.957,7.394
20.453,2.213,7.364
20.260,1.522,6.041
20.002,-0.170,3.860
20.170,-2.122,2.399
20.515,-3.146,2.714
20.366,-2.449,4.268
19.399,-0.248,5.621
17.870,2.385,5.936
16.135,4.329,5.577
14.141,5.124,5.302
11.560,5.026,5.184
8.346,4.490,4.506
4.968,3.699,2.637
1.988,2.563,-0.149
-0.439,1.049,-2.787
-2.499,-0.608,-4.288
-4.142,-2.059,-4.561
-4.736,-3.132,-4.448
-3.432,-3.928,-4.979
0.071,-4.633,-6.478
5.130,-5.340,-8.332
10.515,-6.090,-9.614
15.149,-7.046,-9.988
18.586,-8.468,-9.983
20.950,-10.424,-10.468
22.522,-12.545,-11.884
23.422,-14.166,-13.953
23.572,-14.836,-15.952
22.852,-14.687,-17.136
21.287,-14.331,-17.050
19.108,-14.328,-15.762
16.709,-14.746,-13.980
14.515,-15.193,-12.752
12.840,-15.242,-12.757
11.765,-14.815,-13.753
11.107,-14.169,-14.819
10.494,-13.548,-15.239
9.527,-12.884,-15.086
7.950,-11.874,-14.903
5.763,-10.353,-14.893
3.205,-8.587,-14.614
0.641,-7.172,-13.545
-1.602,-6.623,-11.820
-3.363,-7.061,-10.269
-4.629,-8.264,-9.668
-5.385,-9.945,-10.028
-5.483,-11.940,-10.692
-4.701,-14.134,-11.070
-2.990,-16.341,-11.201
-0.650,-18.347,-11.493
1.785,-20.069,-11.973
3.876,-21.586,-11.985
5.493,-22.977,-10.815
6.696,-24.178,-8.623
7.461,-25.097,-6.580
7.640,-25.841,-5.870
7.205,-26.720,-6.532
6.482,-27.910,-7.419
5.995,-29.155,-7.388
6.027,-29.877,-6.495
6.365,-29.658,-5.861
6.500,-28.612,-6.351
6.077,-27.247,-7.485
5.076,-26.006,-7.816
3.581,-24.950,-6.390
1.488,-23.849,-3.739
-1.409,-22.477,-1.376
-5.007,-20.775,-0.321
-8.653,-18.841,-0.239
-11.433,-16.908,0.018
-12.762,-15.346,1.177
-12.702,-14.534,2.975
-11.728,-14.557,4.661
-10.213,-14.992,5.731
-8.195,-15.142,6.107
-5.598,-14.581,5.853
-2.604,-13.467,5.133
0.214,-12.238,4.434
2.112,-11.019,4.459
2.569,-9.423,5.464
1.556,-7.017,6.796
-0.421,-3.897,7.363
-2.554,-0.689,6.642
-4.098,2.026,5.064
-4.685,4.199,3.410
-4.402,6.156,2.102
-3.602,8.020,1.325
-2.681,9.400,1.523
-1.990,9.675,3.241
-1.829,8.520,6.220
-2.363,6.144,8.987
-3.476,3.110,9.851
-4.797,0.042,8.466
-6.045,-2.503,6.236
-7.374,-4.053,4.994
-9.299,-4.322,5.307
-12.140,-3.366,6.166
-15.519,-1.593,6.281
-18.498,0.499,5.487
-20.317,2.676,4.831
-21.039,5.063,5.364
-21.468,7.894,6.978
-22.416,11.105,8.478
-23.982,14.156,8.741
-25.523,16.271,7.762
-26.256,16.921,6.581
-25.916,16.169,6.240
-24.919,14.599,6.857
-23.969,12.906,7.687
-23.528,11.492,7.974
-23.581,10.410,7.637
-23.797,9.603,7.149
-23.838,9.152,6.933
-23.531,9.242,7.025
-22.807,9.906,7.293
-21.612,10.840,7.744
-19.942,11.525,8.456
-17.964,11.577,9.260
-16.004,11.015,9.702
-14.306,10.198,9.461
-12.777,9.532,8.760
-11.081,9.215,8.246
-9.076,9.213,8.373
-7.167,9.376,8.970
-6.119,9.510,9.436
-6.415,9.343,9.385
-7.765,8.537,9.056
-9.288,6.862,9.042
-10.208,4.450,9.640
-10.389,1.884,10.480
-10.255,-0.085,10.846
-10.288,-0.986,10.373
-10.683,-0.928,9.385
-11.400,-0.468,8.513
-12.363,-0.187,7.970
-13.478,-0.322,7.322
-14.513,-0.755,6.042
-15.161,-1.311,4.287
-15.341,-2.053,2.960
-15.437,-3.275,2.907
-16.114,-5.266,4.041
-17.831,-8.057,5.377
-20.456,-11.367,6.007
-23.362,-14.718,5.977
-25.865,-17.569,6.145
-27.584,-19.463,7.131
-28.477,-20.185,8.551
-28.639,-19.896,9.379
-28.119,-19.088,9.045
-26.933,-18.285,8.015
-25.182,-17.707,7.136
-23.124,-17.206,6.507
-21.104,-16.555,5.277
-19.387,-15.765,2.704
-18.047,-15.064,-0.727
-17.026,-14.571,-3.504
-16.294,-14.081,-4.434
-15.972,-13.251,-3.641
-16.206,-12.004,-2.167
-16.924,-10.652,-0.870
-17.685,-9.586,0.018
-17.854,-8.902,0.441
-16.976,-8.392,0.155
-15.047,-7.877,-0.891
-12.429,-7.374,-2.119
-9.551,-6.905,-2.695
-6.637,-6.212,-2.425
-3.699,-4.878,-1.982
-0.715,-2.803,-2.129
2.216,-0.474,-2.911
4.874,1.365,-3.792
7.028,2.354,-4.375
8.550,2.788,-4.691
9.473,3.267,-4.860
10.007,4.124,-4.853
10.513,5.257,-4.720
11.369,6.399,-4.750
12.739,7.422,-5.112
14.393,8.284,-5.487
15.806,8.806,-5.419
16.533,8.653,-5.084
16.570,7.637,-5.390
16.307,6.030,-7.048
16.079,4.536,-9.677
15.790,3.925,-12.030
15.022,4.629,-13.127
13.563,6.601,-12.999
11.752,9.461,-12.385
10.260,12.751,-11.955
9.550,16.103,-11.937
9.588,19.286,-12.285
10.064,22.177,-12.925
10.743,24.721,-13.738
11.524,26.885,-14.477
12.233,28.621,-14.808
12.562,29.842,-14.451
12.326,30.461,-13.314
11.719,30.465,-11.590
11.172,29.946,-9.753
10.946,29.020,-8.354
10.892,27.710,-7.664
10.684,25.920,-7.484
10.186,23.582,-7.352
9.523,20.843,-6.937
8.797,18.091,-6.227
7.876,15.726,-5.384
6.589,13.873,-4.547
5.094,12.265,-3.815
3.919,10.424,-3.310
3.518,8.019,-3.139
3.779,5.123,-3.302
4.005,2.155,-3.696
3.456,-0.452,-4.202
1.939,-2.617,-4.667
-0.069,-4.626,-4.784
-1.800,-6.778,-4.170
-2.682,-8.967,-2.694
-2.540,-10.651,-0.759
-1.512,-11.271,0.906
0.124,-10.735,1.828
2.027,-9.456,2.180
3.848,-7.940,2.567
5.339,-6.385,3.434
6.483,-4.680,4.664
7.485,-2.724,5.697
8.570,-0.619,5.998
9.719,1.473,5.478
10.578,3.562,4.586
10.647,5.800,4.017
9.620,8.226,4.196
7.626,10.594,4.894
5.176,12.511,5.370
2.884,13.737,5.009
1.170,14.341,3.927
0.161,14.585,2.947
-0.199,14.699,2.900
-0.009,14.723,3.910
0.628,14.487,5.339
1.563,13.694,6.391
2.581,12.062,6.709
3.482,9.486,6.454
4.203,6.122,5.990
4.857,2.330,5.647
5.651,-1.497,5.719
6.728,-5.055,6.403
8.041,-8.119,7.505
9.354,-10.472,8.289
10.367,-11.919,7.930
10.903,-12.404,6.382
10.987,-12.116,4.682
10.752,-11.423,4.124
10.276,-10.695,4.961
9.534,-10.144,6.055
8.562,-9.787,6.012
7.617,-9.514,4.651
7.099,-9.182,3.182
7.260,-8.646,2.874
7.953,-7.800,3.713
8.724,-6.622,4.552
9.120,-5.238,4.496
8.921,-3.909,3.861
8.099,-2.900,3.657
6.652,-2.288,4.317
4.547,-1.875,5.169
1.807,-1.341,5.147
-1.421,-0.565,3.849
-4.906,0.166,1.809
-8.408,0.321,-0.093
-11.673,-0.441,-1.336
-14.395,-1.937,-1.960
-16.270,-3.551,-2.278
-17.139,-4.708,-2.529
-17.039,-5.255,-2.742
-16.110,-5.401,-2.889
-14.461,-5.342,-3.161
-12.200,-4.980,-4.043
-9.612,-4.057,-5.952
-7.193,-2.488,-8.652
-5.414,-0.514,-11.117
-4.381,1.466,-12.254
-3.740,3.185,-11.947
-2.956,4.592,-11.312
-1.718,5.733,-11.691
-0.123,6.636,-13.328
1.465,7.318,-15.100
2.692,7.809,-15.636
3.409,8.103,-14.666
3.671,8.118,-13.205
3.602,7.809,-12.488
3.232,7.398,-12.868
2.446,7.383,-13.729
1.095,8.191,-14.277
-0.806,9.744,-14.192
-2.982,11.425,-13.569
-5.052,12.561,-12.503
-6.782,12.962,-10.995
-8.200,12.950,-9.235
-9.416,12.859,-7.742
-10.384,12.580,-7.043
-10.886,11.687,-7.206
-10.741,10.025,-7.793
-9.989,8.074,-8.247
-8.810,6.656,-8.244
-7.316,6.224,-7.668
-5.501,6.480,-6.468
-3.428,6.687,-4.741
-1.397,6.325,-2.983
0.193,5.446,-1.967
1.200,4.459,-2.141
1.939,3.715,-3.145
2.973,3.320,-4.067
4.647,3.261,-4.265
6.791,3.548,-3.860
8.849,4.190,-3.356
10.310,5.085,-2.922
11.035,6.012,-2.239
11.260,6.701,-1.112
11.353,6.857,-0.012
11.578,6.167,0.184
12.041,4.478,-0.924
12.746,2.075,-2.738
13.659,-0.236,-4.081
14.725,-1.559,-4.175
15.878,-1.562,-3.227
17.026,-0.733,-2.147
18.012,0.089,-1.702
18.556,0.505,-1.862
18.312,0.840,-1.878
17.093,1.666,-0.960
15.106,3.085,1.004
12.941,4.540,3.344
11.258,5.323,5.169
10.406,5.201,6.070
10.296,4.541,6.286
10.602,3.915,6.253
11.089,3.689,6.144
11.744,3.963,5.931
12.695,4.761,5.811
14.038,6.074,6.292
15.757,7.658,7.707
17.732,8.920,9.719
19.751,9.155,11.522
21.503,8.087,12.602
22.638,6.196,13.179
22.937,4.491,13.818
22.493,3.846,14.714
21.736,4.441,15.531
21.237,5.752,15.906
21.356,7.045,15.904
22.040,7.911,15.838
22.892,8.374,15.818
23.481,8.583,15.706
23.569,8.514,15.513
23.122,8.030,15.561
22.127,7.181,16.059
20.510,6.325,16.631
18.240,5.844,16.600
15.497,5.744,15.814
12.618,5.628,15.022
9.854,5.096,15.187
7.194,4.122,16.435
4.509,2.961,17.852
1.866,1.714,18.327
-0.353,0.093,17.550
-1.712,-2.297,16.097
-2.120,-5.490,14.739
-1.950,-9.014,13.797
-1.731,-12.234,13.121
-1.764,-14.743,12.448
-2.003,-16.426,11.645
-2.287,-17.258,10.727
-2.595,-17.253,9.800
-3.030,-16.640,9.002
-3.596,-15.961,8.359
-4.093,-15.781,7.681
-4.259,-16.201,6.726
-3.991,-16.713,5.535
-3.355,-16.618,4.488
-2.400,-15.642,3.885
-1.034,-14.132,3.532
0.821,-12.677,2.915
2.957,-11.567,1.877
4.860,-10.627,0.921
6.022,-9.504,0.673
6.313,-8.061,1.112
6.010,-6.513,1.527
5.492,-5.246,1.286
4.939,-4.550,0.435
4.324,-4.491,-0.581
3.613,-4.928,-1.612
2.887,-5.608,-2.903
2.224,-6.246,-4.459
1.552,-6.614,-5.647
0.669,-6.629,-5.760
-0.571,-6.407,-4.948
-2.151,-6.232,-4.295
-3.951,-6.386,-4.787
-5.872,-6.958,-6.312
-7.831,-7.759,-7.882
-9.678,-8.482,-8.786
-11.180,-8.955,-9.316
-12.166,-9.289,-10.244
-12.693,-9.739,-11.737
-13.029,-10.439,-13.032
-13.451,-11.254,-13.246
-14.054,-11.898,-12.377
-14.710,-12.158,-11.394
-15.196,-11.997,-11.307
-15.324,-11.511,-12.207
-15.004,-10.826,-13.195
-14.250,-10.064,-13.241
-13.186,-9.332,-12.097
-12.044,-8.655,-10.465
-11.114,-7.907,-9.340
-10.663,-6.887,-9.201
-10.876,-5.507,-9.771
-11.803,-3.956,-10.435
-13.335,-2.648,-10.812
-15.191,-1.965,-10.927
-16.949,-2.000,-11.010
-18.180,-2.492,-11.252
-18.584,-2.984,-11.758
-18.049,-3.082,-12.547
-16.613,-2.624,-13.443
-14.418,-1.696,-14.018
-11.743,-0.512,-13.817
-9.030,0.722,-12.759
-6.738,1.852,-11.293
-5.057,2.741,-10.075
-3.749,3.270,-9.456
-2.334,3.393,-9.278
-0.535,3.215,-9.131
1.460,2.913,-8.755
3.161,2.555,-8.205
4.216,1.980,-7.705
4.672,0.953,-7.399
4.827,-0.503,-7.243
4.884,-1.939,-7.132
4.775,-2.721,-7.113
4.279,-2.534,-7.426
3.259,-1.631,-8.225
1.786,-0.554,-9.237
0.124,0.405,-9.805
-1.357,1.427,-9.443
-2.296,2.806,-8.396
-2.481,4.402,-7.506
-1.961,5.563,-7.395
-1.017,5.674,-7.825
0.012,4.768,-7.991
0.927,3.548,-7.425
1.725,2.795,-6.432
2.496,2.777,-5.602
3.270,3.254,-5.080
3.942,3.920,-4.555
4.308,4.733,-3.908
4.193,5.777,-3.522
3.610,6.970,-3.728
2.820,8.053,-4.124
2.204,8.844,-3.797
1.996,9.375,-2.322
2.135,9.707,-0.324
2.409,9.698,1.173
2.749,9.086,1.845
3.371,7.839,2.308
4.581,6.294,3.261
6.449,4.900,4.625
8.663,3.843,5.703
10.678,3.002,6.028
11.982,2.222,5.797
12.273,1.513,5.508
11.519,0.909,5.448
9.932,0.260,5.697
7.855,-0.664,6.408
5.580,-1.819,7.727
3.230,-2.729,9.369
0.869,-2.810,10.554
-1.243,-1.879,10.682
-2.595,-0.246,10.066
-2.724,1.668,9.797
-1.671,3.722,10.718
-0.045,5.977,12.558
1.411,8.318,14.148
2.364,10.293,14.470
3.020,11.447,13.453
3.753,11.740,11.815
4.677,11.551,10.301
5.601,11.258,9.183
6.322,10.880,8.387
6.839,10.184,7.904
7.263,9.086,7.882
7.567,7.818,8.371
7.549,6.693,9.091
7.068,5.743,9.523
6.269,4.697,9.262
5.497,3.310,8.278
4.976,1.666,6.896
4.616,0.138,5.572
4.154,-0.961,4.627
3.487,-1.642,4.073
2.793,-2.196,3.582
2.313,-2.949,2.665
2.044,-4.053,1.039
1.706,-5.441,-1.083
1.017,-6.874,-3.035
-0.000,-7.997,-4.139
-1.041,-8.457,-4.154
-1.803,-8.099,-3.364
-2.244,-7.112,-2.262
-2.570,-5.951,-1.211
-3.056,-5.023,-0.367
-3.923,-4.407,0.182
-5.348,-3.860,0.364
-7.427,-3.089,0.193
-10.035,-2.015,-0.167
-12.692,-0.813,-0.508
-14.727,0.235,-0.690
-15.687,0.920,-0.624
-15.676,1.177,-0.192
-15.262,1.097,0.690
-15.030,0.867,1.873
-15.137,0.662,2.923
-15.288,0.533,3.343
-15.084,0.382,2.900
-14.405,0.080,1.725
-13.474,-0.397,0.186
-12.616,-0.925,-1.274
-11.989,-1.320,-2.241
-11.550,-1.432,-2.482
-11.221,-1.169,-2.153
-11.042,-0.510,-1.810
-11.111,0.435,-2.035
-11.409,1.381,-2.967
-11.755,1.946,-4.234
-12.000,1.913,-5.364
-12.230,1.425,-6.179
-12.723,0.912,-6.738
-13.631,0.754,-7.021
-14.707,0.954,-6.878
-15.429,1.124,-6.330
-15.404,0.778,-5.772
-14.653,-0.322,-5.687
-13.462,-2.051,-6.172
-12.027,-4.058,-6.881
-10.308,-5.962,-7.420
-8.259,-7.422,-7.675
-6.134,-8.118,-7.682
-4.469,-7.827,-7.346
-3.721,-6.594,-6.512
-3.922,-4.855,-5.318
-4.656,-3.258,-4.256
-5.342,-2.312,-3.685
-5.561,-2.117,-3.370
-5.163,-2.438,-2.693
-4.200,-2.982,-1.367
-2.781,-3.610,0.209
-1.005,-4.276,1.391
1.045,-4.853,1.992
3.271,-5.077,2.392
5.567,-4.673,3.007
7.840,-3.522,3.820
9.986,-1.719,4.513
11.819,0.489,4.885
13.018,2.785,4.975
13.254,4.871,4.825
12.427,6.568,4.378
10.818,7.906,3.697
8.956,9.120,3.161
7.287,10.467,3.192
5.965,12.001,3.764
4.945,13.493,4.342
4.202,14.580,4.441
3.827,15.011,4.200
3.928,14.765,4.268
4.516,13.975,5.057
5.529,12.781,6.162
6.896,11.286,6.603
8.508,9.673,5.665
10.101,8.276,3.562
11.264,7.467,1.298
11.604,7.374,-0.066
10.952,7.720,-0.104
9.386,7.964,0.840
7.113,7.668,2.034
4.399,6.792,2.851
1.562,5.645,3.031
-1.033,4.570,2.703
-3.092,3.692,2.271
-4.546,2.932,2.233
-5.522,2.209,2.919
-6.161,1.562,4.228
-6.445,1.082,5.599
-6.222,0.779,6.322
-5.411,0.588,5.979
-4.195,0.511,4.686
-3.009,0.737,2.945
-2.349,1.569,1.316
-2.518,3.208,0.147
-3.507,5.595,-0.540
-5.039,8.410,-0.989
-6.751,11.201,-1.481
-8.346,13.522,-2.038
-9.641,15.030,-2.349
-10.553,15.561,-2.132
-11.073,15.191,-1.634
-11.257,14.232,-1.600
-11.169,13.133,-2.524
-10.775,12.287,-3.908
-9.930,11.847,-4.477
-8.533,11.631,-3.327
-6.739,11.209,-0.842
-4.950,10.143,1.621
-3.503,8.280,2.938
-2.356,5.905,2.984
-1.137,3.616,2.319
0.449,2.008,1.429
2.272,1.413,0.513
3.846,1.832,-0.168
4.733,3.075,-0.180
4.846,4.885,0.620
4.411,6.948,1.727
3.687,8.881,2.411
2.782,10.318,2.535
1.637,11.055,2.753
0.164,11.121,3.757
-1.625,10.676,5.467
-3.509,9.857,7.149
-5.067,8.757,8.240
-5.844,7.538,8.856
-5.632,6.527,9.349
-4.619,6.104,9.606
-3.248,6.425,9.045
-1.934,7.245,7.428
-0.897,8.015,5.468
-0.266,8.222,4.410
-0.197,7.681,4.912
-0.811,6.577,6.353
-1.987,5.262,7.321
-3.332,4.064,6.826
-4.436,3.248,5.116
-5.191,3.088,3.379
-5.810,3.843,2.687
-6.536,5.580,3.182
-7.358,7.980,4.156
-8.005,10.383,4.816
-8.195,12.085,4.904
-7.832,12.670,4.637
-6.987,12.139,4.198
-5.779,10.800,3.443
-4.338,9.117,2.168
-2.916,7.651,0.563
-1.916,6.999,-0.763
-1.721,7.561,-1.295
-2.400,9.215,-1.129
-3.600,11.189,-0.924
-4.769,12.453,-1.302
-5.549,12.421,-2.330
-6.004,11.393,-3.526
-6.479,10.299,-4.318
-7.247,9.936,-4.450
-8.281,10.351,-4.011
-9.325,10.900,-3.211
-10.133,10.819,-2.221
-10.613,9.710,-1.199
-10.759,7.593,-0.371
-10.542,4.674,0.053
-9.936,1.230,0.072
-9.092,-2.338,-0.002
-8.376,-5.512,0.244
-8.144,-7.914,0.945
-8.407,-9.568,1.784
-8.762,-10.845,2.280
-8.747,-12.083,2.303
-8.274,-13.278,2.257
-7.688,-14.138,2.666
-7.357,-14.432,3.583
-7.251,-14.248,4.518
-6.937,-13.944,4.992
-6.005,-13.885,5.074
-4.454,-14.218,5.191
-2.651,-14.820,5.463
-1.004,-15.395,5.431
0.288,-15.635,4.632
1.254,-15.376,3.344
2.051,-14.673,2.480
2.906,-13.734,2.615
4.037,-12.736,3.307
5.468,-11.674,3.557
6.893,-10.368,2.955
7.820,-8.650,2.101
7.969,-6.550,1.833
7.562,-4.365,2.221
7.175,-2.543,2.624
7.279,-1.474,2.657
7.923,-1.292,2.795
8.815,-1.831,3.784
9.654,-2.769,5.584
10.338,-3.851,7.182
10.920,-4.991,7.528
11.435,-6.186,6.506
11.805,-7.350,4.911
11.871,-8.295,3.605
11.484,-8.909,2.876
10.579,-9.319,2.529
9.236,-9.816,2.342
7.668,-10.593,2.254
6.145,-11.546,2.276
4.878,-12.338,2.413
3.939,-12.629,2.729
3.291,-12.261,3.336
2.849,-11.271,4.197
2.484,-9.833,5.013
2.007,-8.227,5.384
1.215,-6.822,5.134
0.052,-5.988,4.457
-1.244,-5.942,3.805
-2.192,-6.626,3.634
-2.361,-7.720,4.155
-1.694,-8.770,5.139
-0.594,-9.387,5.915
0.327,-9.406,5.759
0.644,-8.941,4.507
0.339,-8.293,2.863
-0.290,-7.743,1.937
-0.897,-7.388,2.357
-1.286,-7.146,3.787
-1.423,-6.922,5.323
-1.350,-6.780,6.260
-1.122,-6.910,6.446
-0.787,-7.445,6.041
-0.355,-8.293,5.193
0.241,-9.176,4.075
1.095,-9.844,3.009
2.177,-10.221,2.297
3.214,-10.358,1.842
3.790,-10.258,1.106
3.650,-9.818,-0.366
2.932,-9.002,-2.409
2.110,-8.048,-4.298
1.654,-7.446,-5.392
1.710,-7.627,-5.667
2.078,-8.651,-5.596
2.448,-10.203,-5.543
2.677,-11.917,-5.369
2.833,-13.675,-4.655
3.034,-15.573,-3.312
3.278,-17.642,-1.893
3.443,-19.649,-1.193
3.438,-21.212,-1.494
3.328,-22.071,-2.189
3.258,-22.211,-2.294
3.277,-21.764,-1.393
3.252,-20.842,-0.094
3.005,-19.515,0.498
2.510,-17.901,-0.224
1.934,-16.215,-1.880
1.445,-14.700,-3.512
1.029,-13.535,-4.347
0.546,-12.807,-4.200
-0.058,-12.556,-3.378
-0.632,-12.764,-2.407
-0.985,-13.276,-1.816
-1.150,-13.736,-1.909
-1.415,-13.703,-2.554
-2.058,-12.897,-3.210
-3.058,-11.461,-3.333
-4.090,-9.959,-2.804
-4.822,-9.053,-1.986
-5.209,-9.071,-1.379
-5.533,-9.819,-1.289
-6.168,-10.812,-1.772
-7.317,-11.714,-2.701
-8.871,-12.560,-3.784
-10.459,-13.551,-4.625
-11.619,-14.674,-4.945
-12.046,-15.574,-4.777
-11.778,-15.830,-4.326
-11.198,-15.310,-3.648
-10.801,-14.239,-2.583
-10.883,-12.962,-1.120
-11.375,-11.703,0.344
-11.951,-10.566,1.270
-12.256,-9.664,1.479
-12.080,-9.141,1.204
-11.416,-9.038,0.631
-10.440,-9.205,-0.366
-9.476,-9.395,-1.856
-8.867,-9.448,-3.371
-8.791,-9.348,-4.144
-9.119,-9.126,-3.920
-9.499,-8.768,-3.297
-9.642,-8.227,-3.097
-9.559,-7.478,-3.457
-9.527,-6.512,-3.742
-9.802,-5.279,-3.325
-10.369,-3.707,-2.254
-10.980,-1.820,-1.092
-11.422,0.167,-0.261
-11.737,1.917,0.260
-12.150,3.106,0.676
-12.780,3.540,1.041
-13.450,3.152,1.261
-13.780,1.980,1.294
-13.487,0.219,1.197
-12.590,-1.749,0.974
-11.381,-3.436,0.476
-10.243,-4.443,-0.471
-9.497,-4.638,-1.822
-9.343,-4.165,-3.214
-9.817,-3.287,-4.146
-10.739,-2.246,-4.366
-11.742,-1.225,-4.136
-12.429,-0.387,-4.045
-12.583,0.160,-4.433
-12.244,0.442,-4.999
-11.578,0.654,-5.080
-10.686,1.042,-4.378
-9.538,1.720,-3.323
-8.076,2.585,-2.577
-6.365,3.460,-2.265
-4.622,4.297,-1.901
-3.097,5.218,-1.141
-1.910,6.333,-0.380
-0.987,7.545,-0.384
-0.160,8.570,-1.317
0.656,9.183,-2.402
1.366,9.418,-2.675
1.765,9.504,-1.999
1.706,9.607,-1.169
1.213,9.705,-1.031
0.427,9.728,-1.618
-0.517,9.801,-2.196
-1.545,10.246,-2.014
-2.567,11.285,-0.913
-3.377,12.740,0.693
-3.689,14.089,2.216
-3.296,14.850,3.226
-2.204,14.932,3.526
-0.655,14.622,3.126
0.994,14.248,2.196
2.424,13.923,1.018
3.466,13.570,-0.104
4.135,13.137,-0.906
4.554,12.702,-1.212
4.851,12.362,-1.008
5.069,12.111,-0.487
5.217,11.897,0.021
5.389,11.779,0.264
5.841,11.966,0.239
6.892,12.628,0.189
8.714,13.670,0.437
11.191,14.762,1.254
13.951,15.593,2.749
16.516,16.102,4.720
18.447,16.434,6.532
19.464,16.701,7.328
19.531,16.835,6.623
18.890,16.689,4.845
17.976,16.211,3.167
17.219,15.490,2.618
16.847,14.628,3.262
16.823,13.685,4.269
16.930,12.771,4.779
16.918,12.133,4.656
16.640,12.016,4.411
16.131,12.370,4.532
15.580,12.741,5.005
15.175,12.587,5.470
14.908,11.752,5.679
14.513,10.620,5.685
13.663,9.753,5.640
12.257,9.358,5.544
10.534,9.139,5.251
8.897,8.646,4.687
7.641,7.783,3.983
6.852,6.941,3.392
6.493,6.708,3.091
6.505,7.425,3.101
6.795,9.008,3.348
7.196,11.070,3.769
7.531,13.173,4.297
7.743,15.006,4.798
7.946,16.434,5.106
8.320,17.472,5.206
8.956,18.207,5.313
9.832,18.664,5.643
10.870,18.693,6.066
11.986,17.988,6.124
13.077,16.300,5.544
13.987,13.723,4.675
14.532,10.765,4.221
14.578,8.122,4.460
14.108,6.266,4.901
13.228,5.215,4.878
12.146,4.648,4.354
11.103,4.241,3.865
10.302,3.894,3.610
9.839,3.686,2.929
9.707,3.649,1.044
9.828,3.620,-1.768
10.126,3.325,-4.108
10.525,2.585,-4.784
10.925,1.454,-4.056
11.174,0.184,-3.304
11.080,-0.938,-3.526
10.470,-1.749,-4.383
9.296,-2.249,-4.811
7.730,-2.548,-4.294
6.122,-2.754,-3.291
4.829,-2.907,-2.508
4.011,-2.989,-2.123
3.590,-2.972,-1.907
3.414,-2.848,-1.907
3.425,-2.594,-2.627
3.657,-2.137,-4.395
4.063,-1.397,-6.725
4.435,-0.385,-8.508
4.548,0.705,-8.977
4.367,1.546,-8.419
4.063,1.807,-7.913
3.810,1.305,-8.328
3.580,0.070,-9.559
3.204,-1.674,-10.712
2.571,-3.610,-11.017
1.764,-5.428,-10.558
0.972,-6.913,-10.124
0.341,-7.959,-10.357
-0.093,-8.520,-11.081
-0.374,-8.555,-11.502
-0.616,-8.063,-11.049
-1.025,-7.160,-9.971
-1.840,-6.070,-9.079
-3.158,-4.993,-8.982
-4.783,-3.961,-9.602
-6.305,-2.866,-10.401
-7.368,-1.673,-10.899
-7.893,-0.617,-10.945
-8.053,-0.148,-10.629
-8.051,-0.644,-10.126
-7.948,-2.149,-9.666
-7.688,-4.345,-9.454
-7.236,-6.747,-9.484
-6.664,-8.912,-9.500
-6.127,-10.538,-9.278
-5.754,-11.471,-8.981
-5.593,-11.726,-9.074
-5.606,-11.511,-9.802
-5.715,-11.170,-10.793
-5.854,-11.028,-11.323
-5.993,-11.226,-10.973
-6.105,-11.671,-10.004
-6.129,-12.142,-9.058
-5.974,-12.444,-8.571
-5.587,-12.500,-8.451
-5.014,-12.350,-8.242
-4.389,-12.133,-7.513
-3.832,-12.049,-6.202
-3.369,-12.296,-4.722
-2.950,-12.964,-3.743
-2.554,-13.954,-3.673
-2.237,-15.001,-4.247
-2.091,-15.859,-4.692
-2.135,-16.460,-4.457
-2.281,-16.904,-3.782
-2.401,-17.254,-3.406
-2.440,-17.319,-3.634
-2.438,-16.743,-3.849
-2.438,-15.347,-3.150
-2.377,-13.420,-1.432
-2.103,-11.617,0.335
-1.537,-10.461,1.097
-0.815,-9.909,0.857
-0.220,-9.406,0.686
0.046,-8.408,1.489
0.059,-6.899,2.915
0.107,-5.391,3.619
0.436,-4.484,2.636
1.063,-4.416,0.390
1.850,-5.034,-1.682
2.710,-6.100,-2.431
3.700,-7.521,-1.883
4.884,-9.254,-0.897
6.149,-11.054,-0.163
7.179,-12.443,0.400
7.630,-13.005,1.298
7.319,-12.698,2.727
6.277,-11.851,4.260
4.670,-10.836,5.249
2.726,-9.767,5.451
0.713,-8.531,5.225
-1.072,-7.073,5.158
-2.384,-5.612,5.503
-3.143,-4.539,5.992
-3.444,-4.130,6.162
-3.439,-4.340,5.847
-3.184,-4.830,5.351
-2.611,-5.192,5.158
-1.651,-5.162,5.508
-0.398,-4.720,6.271
0.868,-4.047,7.159
1.824,-3.395,7.961
2.281,-2.933,8.548
2.248,-2.684,8.761
1.865,-2.569,8.459
1.286,-2.484,7.741
0.642,-2.341,7.025
0.030,-2.046,6.771
-0.492,-1.529,7.075
-0.936,-0.829,7.530
-1.371,-0.152,7.534
-1.864,0.214,6.774
-2.426,0.116,5.519
-3.024,-0.328,4.508
-3.652,-0.792,4.528
-4.340,-0.940,5.910
-5.121,-0.598,8.226
-5.987,0.207,10.449
-6.898,1.301,11.542
-7.802,2.408,11.131
-8.611,3.237,9.735
-9.195,3.635,8.364
-9.461,3.726,7.813
-9.491,3.877,8.191
-9.566,4.383,8.944
-9.962,5.198,9.294
-10.702,5.932,8.753
-11.539,6.229,7.408
-12.246,6.113,5.858
-12.890,5.978,4.771
-13.767,6.227,4.366
-15.024,6.939,4.254
-16.393,7.898,3.851
-17.353,8.892,2.985
-17.565,9.893,2.084
-17.133,10.913,1.727
-16.412,11.749,2.044
-15.635,11.978,2.620
-14.745,11.266,2.933
-13.594,9.697,2.785
-12.197,7.765,2.286
-10.749,6.033,1.567
-9.435,4.779,0.670
-8.297,3.921,-0.301
-7.294,3.217,-1.100
-6.428,2.474,-1.533
-5.735,1.625,-1.667
-5.169,0.687,-1.737
-4.584,-0.287,-1.862
-3.882,-1.227,-1.945
-3.128,-2.071,-1.901
-2.462,-2.840,-1.838
-1.878,-3.657,-1.938
-1.137,-4.638,-2.209
0.066,-5.757,-2.480
1.849,-6.822,-2.662
4.050,-7.643,-2.895
6.355,-8.210,-3.341
8.461,-8.687,-3.901
10.145,-9.188,-4.256
11.232,-9.582,-4.242
11.600,-9.522,-4.126
11.233,-8.709,-4.376
10.263,-7.089,-5.151
8.945,-4.859,-6.063
7.567,-2.312,-6.530
6.343,0.237,-6.400
5.360,2.459,-6.156
4.585,4.040,-6.445
3.976,4.852,-7.360
3.578,5.090,-8.296
3.505,5.146,-8.595
3.794,5.273,-8.305
4.266,5.345,-8.132
4.585,4.971,-8.598
4.516,3.845,-9.355
4.124,1.978,-9.572
3.724,-0.371,-9.030
3.630,-2.900,-8.594
3.924,-5.310,-9.363
4.449,-7.217,-11.325
4.959,-8.170,-13.073
5.281,-7.895,-12.987
5.380,-6.563,-10.729
5.345,-4.747,-7.515
5.328,-3.045,-5.011
5.452,-1.707,-4.085
5.732,-0.619,-4.503
6.082,0.398,-5.538
6.420,1.333,-6.577
6.766,2.017,-7.254
7.229,2.370,-7.388
7.886,2.518,-7.063
8.683,2.653,-6.727
9.467,2.799,-6.929
10.082,2.783,-7.776
10.440,2.453,-8.697
10.527,1.909,-8.838
10.414,1.491,-7.738
10.264,1.546,-5.650
10.296,2.201,-3.342
10.660,3.335,-1.641
11.326,4.704,-1.124
12.103,6.063,-1.936
12.819,7.200,-3.680
13.456,7.916,-5.489
14.111,8.047,-6.456
14.823,7.527,-6.239
15.462,6.456,-5.340
15.810,5.117,-4.742
15.734,3.955,-5.140
15.260,3.436,-6.393
14.484,3.812,-7.628
13.453,4.918,-7.911
12.173,6.191,-6.953
10.724,6.996,-5.316
9.338,7.024,-3.944
8.314,6.486,-3.380
7.825,5.906,-3.373
7.825,5.742,-3.259
8.126,6.095,-2.735
8.551,6.703,-2.188
8.974,7.182,-2.187
9.248,7.307,-2.712
9.161,7.187,-3.079
8.561,7.181,-2.692
7.542,7.620,-1.756
6.475,8.498,-1.056
5.759,9.409,-1.031
5.503,9.839,-1.241
5.445,9.565,-0.852
5.204,8.826,0.443
4.618,8.099,2.117
3.844,7.739,3.393
3.139,7.804,3.955
2.602,8.166,4.019
2.134,8.675,3.851
1.621,9.168,3.444
1.076,9.403,2.672
0.583,9.125,1.610
0.128,8.273,0.524
-0.419,7.086,-0.390
-1.151,5.935,-1.154
-1.985,5.001,-1.849
-2.705,4.170,-2.423
-3.146,3.261,-2.735
-3.312,2.326,-2.754
-3.326,1.693,-2.592
-3.314,1.673,-2.312
-3.357,2.269,-1.809
-3.505,3.144,-1.001
-3.759,3.858,-0.175
-3.999,4.122,-0.004
-3.969,3.890,-1.019
-3.403,3.322,-2.972
-2.235,2.696,-4.767
-0.718,2.306,-5.203
0.674,2.316,-3.969
1.530,2.664,-1.932
1.744,3.100,-0.426
1.564,3.356,-0.162
1.389,3.308,-0.796
1.472,2.991,-1.471
1.770,2.508,-1.672
2.064,1.948,-1.547
2.210,1.371,-1.505
2.295,0.834,-1.691
2.535,0.383,-1.901
3.031,0.025,-1.904
3.626,-0.259,-1.687
4.006,-0.505,-1.394
3.929,-0.746,-1.114
3.380,-1.011,-0.825
2.524,-1.315,-0.478
1.563,-1.638,-0.071
0.644,-1.954,0.364
-0.105,-2.276,0.789
-0.520,-2.672,1.171
-0.452,-3.193,1.500
0.087,-3.809,1.830
0.873,-4.443,2.260
1.613,-5.078,2.808
2.194,-5.813,3.320
2.736,-6.763,3.564
3.378,-7.895,3.465
4.012,-8.982,3.221
4.301,-9.752,3.134
4.007,-10.109,3.318
3.267,-10.216,3.558
2.500,-10.367,3.510
2.050,-10.754,3.022
1.946,-11.333,2.279
2.013,-11.909,1.655
2.137,-12.331,1.427
2.352,-12.634,1.627
2.706,-12.955,2.095
3.129,-13.330,2.599
3.483,-13.555,2.901
3.710,-13.302,2.805
3.891,-12.411,2.295
4.143,-11.104,1.659
4.522,-9.899,1.388
5.009,-9.287,1.789
5.557,-9.399,2.654
6.118,-9.957,3.357
6.622,-10.465,3.352
6.958,-10.506,2.602
6.998,-9.917,1.523
6.594,-8.784,0.576
5.614,-7.342,-0.014
3.971,-5.847,-0.199
1.713,-4.478,0.077
-0.934,-3.293,0.852
-3.632,-2.247,1.957
-6.043,-1.288,2.979
-7.913,-0.439,3.495
-9.060,0.171,3.366
-9.357,0.418,2.809
-8.780,0.314,2.208
-7.499,0.061,1.877
-5.878,-0.036,1.945
-4.327,0.250,2.374
-3.107,0.929,3.000
-2.276,1.774,3.603
-1.793,2.450,3.982
-1.658,2.684,4.058
-1.876,2.388,3.928
-2.324,1.681,3.809
-2.715,0.817,3.862
-2.784,0.070,4.026
-2.536,-0.355,4.022
-2.274,-0.345,3.589
-2.338,0.130,2.763
-2.804,1.017,1.882
-3.443,2.172,1.260
-3.958,3.386,0.882
-4.235,4.471,0.445
-4.377,5.342,-0.257
-4.547,6.050,-1.054
-4.827,6.704,-1.553
-5.206,7.386,-1.525
-5.628,8.120,-1.097
-6.002,8.927,-0.590
-6.193,9.847,-0.277
-6.062,10.891,-0.323
-5.595,11.954,-0.834
-4.976,12.822,-1.794
-4.524,13.291,-2.929
-4.539,13.315,-3.806
-5.184,13.029,-4.181
-6.450,12.625,-4.224
-8.180,12.206,-4.291
-10.087,11.758,-4.471
-11.796,11.224,-4.499
-12.967,10.595,-4.159
-13.458,9.908,-3.642
-13.374,9.189,-3.334
-12.948,8.419,-3.276
-12.351,7.583,-3.083
-11.598,6.726,-2.531
-10.633,5.975,-2.085
-9.480,5.469,-2.552
-8.311,5.274,-4.090
-7.383,5.351,-5.740
-6.949,5.571,-6.171
-7.164,5.769,-4.948
-8.028,5.829,-2.974
-9.324,5.753,-1.633
-10.642,5.685,-1.563
-11.543,5.859,-2.300
-11.794,6.460,-2.985
-11.478,7.508,-3.233
-10.863,8.853,-3.257
-10.126,10.293,-3.357
-9.213,11.708,-3.491
-7.931,13.065,-3.412
-6.189,14.309,-3.073
-4.131,15.280,-2.731
-2.056,15.769,-2.652
-0.259,15.650,-2.807
1.099,14.989,-2.957
2.005,13.976,-2.990
2.575,12.799,-3.050
3.017,11.555,-3.300
3.540,10.287,-3.588
4.217,9.065,-3.501
4.913,8.008,-2.772
5.364,7.241,-1.611
5.384,6.830,-0.562
4.988,6.750,-0.042
4.352,6.888,-0.041
3.636,7.053,-0.235
2.879,7.042,-0.304
2.016,6.726,-0.115
0.976,6.150,0.309
-0.250,5.492,0.867
-1.598,4.937,1.375
-2.929,4.542,1.605
-4.064,4.238,1.445
-4.865,3.940,1.071
-5.322,3.652,0.880
-5.555,3.460,1.179
-5.702,3.444,1.911
-5.811,3.622,2.723
-5.849,3.944,3.337
-5.793,4.323,3.824
-5.656,4.619,4.473
-5.410,4.657,5.358
-4.923,4.310,6.124
-4.058,3.629,6.279
-2.852,2.867,5.747
-1.572,2.341,5.048
-0.535,2.200,4.822
0.132,2.329,5.191
0.546,2.487,5.646
0.901,2.534,5.630
1.282,2.552,5.157
1.667,2.715,4.782
2.042,3.078,4.988
2.490,3.505,5.720
3.119,3.825,6.563
3.934,4.049,7.248
4.797,4.385,7.870
5.502,5.029,8.601
5.873,5.920,9.347
5.829,6.717,9.784
5.398,7.043,9.686
4.708,6.755,9.153
3.952,6.035,8.518
3.293,5.257,8.129
2.761,4.756,8.181
2.233,4.700,8.653
1.553,5.077,9.301
0.719,5.756,9.733
-0.033,6.568,9.641
-0.357,7.357,9.033
-0.054,8.007,8.253
0.769,8.419,7.747
1.774,8.470,7.772
2.689,8.006,8.291
3.505,6.946,9.030
4.425,5.419,9.595
5.587,3.810,9.591
6.835,2.602,8.810
7.768,2.112,7.440
8.021,2.304,6.059
7.519,2.850,5.331
6.512,3.377,5.546
5.387,3.682,6.404
4.432,3.747,7.231
3.753,3.613,7.460
3.323,3.264,7.005
3.085,2.643,6.282
3.001,1.751,5.838
3.056,0.733,5.921
3.236,-0.160,6.338
3.535,-0.686,6.717
3.956,-0.748,6.919
4.503,-0.471,7.135
5.167,-0.137,7.498
5.913,-0.010,7.677
6.688,-0.155,7.031
7.394,-0.391,5.307
7.884,-0.449,3.140
7.993,-0.216,1.657
7.636,0.149,1.480
6.900,0.335,2.157
6.015,0.144,2.667
5.212,-0.342,2.431
4.577,-0.865,1.712
4.061,-1.245,1.043
3.590,-1.554,0.503
3.153,-2.012,-0.258
2.734,-2.727,-1.323
2.216,-3.552,-2.164
1.422,-4.238,-2.180
0.285,-4.703,-1.510
-1.052,-5.107,-1.036
-2.355,-5.607,-1.472
-3.519,-6.074,-2.527
-4.618,-6.106,-3.163
-5.710,-5.394,-2.700
-6.648,-4.070,-1.543
-7.138,-2.641,-0.733
-7.002,-1.561,-0.819
-6.349,-0.873,-1.309
-5.468,-0.304,-1.278
-4.575,0.308,-0.406
-3.701,0.751,0.705
-2.786,0.643,1.230
-1.823,-0.112,1.011
-0.867,-1.152,0.656
0.030,-1.978,0.790
0.820,-2.438,1.366
1.372,-2.842,1.749
1.462,-3.578,1.406
0.908,-4.629,0.392
-0.223,-5.527,-0.807
-1.578,-5.792,-1.763
-2.683,-5.395,-2.331
-3.198,-4.784,-2.510
-3.050,-4.482,-2.274
-2.372,-4.688,-1.679
-1.381,-5.242,-1.039
-0.280,-5.871,-0.797
0.758,-6.384,-1.147
1.572,-6.656,-1.799
2.028,-6.558,-2.195
2.068,-6.062,-1.989
1.782,-5.433,-1.311
1.422,-5.175,-0.596
1.317,-5.654,-0.184
1.692,-6.698,-0.089
2.524,-7.652,-0.074
3.562,-7.880,0.093
4.517,-7.243,0.460
5.261,-6.088,0.885
5.827,-4.812,1.140
6.255,-3.497,1.056
6.464,-2.016,0.612
6.337,-0.408,-0.060
5.869,0.951,-0.760
5.200,1.617,-1.334
4.443,1.499,-1.731
3.545,1.000,-1.976
2.387,0.706,-2.088
1.034,0.914,-2.029
-0.173,1.417,-1.738
-0.826,1.717,-1.227
-0.762,1.445,-0.680
-0.150,0.652,-0.422
0.719,-0.264,-0.738
1.681,-0.876,-1.630
2.716,-0.999,-2.724
3.789,-0.716,-3.471
4.710,-0.206,-3.515
5.205,0.409,-2.958
5.081,1.055,-2.292
4.347,1.609,-2.041
3.193,1.917,-2.389
1.909,1.923,-3.071
0.782,1.742,-3.585
0.020,1.553,-3.588
-0.297,1.398,-3.161
-0.182,1.128,-2.738
0.313,0.569,-2.731
1.120,-0.269,-3.171
2.124,-1.192,-3.649
3.126,-2.008,-3.630
3.909,-2.697,-2.870
4.341,-3.362,-1.575
4.426,-4.058,-0.195
4.232,-4.718,0.892
3.807,-5.246,1.518
3.180,-5.658,1.639
2.417,-6.076,1.242
1.625,-6.591,0.449
0.852,-7.151,-0.373
0.027,-7.597,-0.738
-0.965,-7.818,-0.453
-2.114,-7.859,0.117
-3.236,-7.881,0.298
-4.090,-8.037,-0.249
-4.550,-8.353,-1.135
-4.655,-8.733,-1.557
-4.516,-9.049,-1.045
-4.194,-9.229,0.125
-3.673,-9.250,1.229
-2.911,-9.054,1.737
-1.903,-8.512,1.623
-0.701,-7.531,1.152
0.572,-6.196,0.564
1.697,-4.800,0.036
2.372,-3.658,-0.172
2.320,-2.891,0.216
1.471,-2.397,1.183
0.088,-2.031,2.246
-1.322,-1.802,2.750
-2.296,-1.860,2.406
-2.703,-2.299,1.523
-2.775,-3.002,0.692
-2.840,-3.697,0.300
-2.995,-4.122,0.320
-3.023,-4.154,0.550
-2.638,-3.807,0.918
-1.779,-3.190,1.504
-0.685,-2.490,2.314
0.298,-1.922,3.134
0.931,-1.602,3.677
1.114,-1.409,3.835
0.802,-1.013,3.742
-0.010,-0.118,3.589
-1.190,1.235,3.419
-2.419,2.594,3.185
-3.330,3.361,2.939
-3.742,3.211,2.896
-3.774,2.349,3.212
-3.710,1.366,3.757
-3.758,0.846,4.157
-3.919,1.017,4.100
-4.068,1.693,3.562
-4.108,2.485,2.758
-4.037,3.059,1.924
-3.890,3.263,1.190
-3.666,3.098,0.590
-3.337,2.662,0.057
-2.932,2.091,-0.614
-2.589,1.533,-1.634
-2.499,1.076,-2.892
-2.801,0.716,-3.751
-3.508,0.403,-3.377
-4.537,0.140,-1.473
-5.772,0.020,1.249
-7.081,0.149,3.444
-8.293,0.506,4.124
-9.204,0.879,3.391
-9.672,0.967,2.247
-9.700,0.559,1.727
-9.439,-0.320,2.156
-9.086,-1.424,3.125
-8.793,-2.413,4.048
-8.646,-3.032,4.643
-8.701,-3.200,4.968
-8.984,-2.999,5.114
-9.448,-2.597,5.018
-9.944,-2.141,4.605
-10.272,-1.685,4.018
-10.276,-1.163,3.575
-9.898,-0.441,3.438
-9.172,0.572,3.419
-8.190,1.829,3.216
-7.110,3.132,2.895
-6.153,4.258,2.949
-5.529,5.066,3.750
-5.292,5.514,4.953
-5.241,5.558,5.646
-5.023,5.097,5.217
-4.382,4.048,4.044
-3.387,2.479,3.147
-2.405,0.622,3.132
-1.840,-1.258,3.565
-1.869,-3.018,3.484
-2.404,-4.613,2.478
-3.258,-5.972,1.149
-4.312,-6.951,0.489
-5.524,-7.449,0.894
-6.811,-7.585,1.855
-8.008,-7.693,2.546
-8.949,-8.088,2.596
-9.575,-8.828,2.283
-9.928,-9.664,2.094
-10.055,-10.267,2.234
-9.952,-10.461,2.540
-9.621,-10.293,2.763
-9.143,-9.888,2.820
-8.674,-9.286,2.768
-8.334,-8.439,2.633
-8.134,-7.352,2.367
-8.005,-6.197,1.998
-7.869,-5.244,1.726
-7.690,-4.669,1.769
-7.449,-4.440,2.066
-7.111,-4.379,2.240
-6.625,-4.339,1.981
-5.965,-4.295,1.476
-5.167,-4.301,1.348
-4.329,-4.424,2.031
-3.590,-4.719,3.239
-3.091,-5.227,4.166
-2.913,-5.904,4.257
-3.013,-6.533,3.723
-3.234,-6.781,3.217
-3.365,-6.431,3.075
-3.261,-5.587,2.977
-2.882,-4.625,2.389
-2.286,-3.898,1.205
-1.571,-3.465,-0.149
-0.844,-3.114,-1.180
-0.215,-2.619,-1.752
0.212,-1.975,-2.032
0.367,-1.396,-2.167
0.252,-1.119,-2.151
-0.045,-1.197,-2.001
-0.371,-1.419,-1.892
-0.595,-1.398,-2.003
-0.701,-0.773,-2.285
-0.826,0.544,-2.460
-1.171,2.229,-2.305
-1.829,3.638,-1.905
-2.661,4.164,-1.612
-3.354,3.611,-1.777
-3.641,2.305,-2.514
-3.490,0.829,-3.637
-3.089,-0.401,-4.736
-2.653,-1.402,-5.338
-2.255,-2.513,-5.150
-1.828,-4.072,-4.296
-1.284,-6.141,-3.324
-0.587,-8.472,-2.865
0.255,-10.680,-3.127
1.232,-12.477,-3.701
2.301,-13.777,-3.907
3.345,-14.637,-3.423
4.215,-15.115,-2.605
4.839,-15.192,-2.180
5.272,-14.808,-2.591
5.599,-13.996,-3.569
5.786,-12.947,-4.316
5.680,-11.947,-4.130
5.151,-11.225,-2.941
4.253,-10.831,-1.356
3.216,-10.651,-0.181
2.299,-10.509,0.175
1.658,-10.269,-0.048
1.327,-9.881,-0.268
1.277,-9.363,-0.126
1.458,-8.737,0.168
1.774,-7.964,0.039
2.073,-6.929,-0.891
2.198,-5.515,-2.402
2.087,-3.751,-3.802
1.854,-1.889,-4.432
1.789,-0.307,-4.123
2.185,0.757,-3.269
3.115,1.382,-2.528
4.292,1.862,-2.381
5.205,2.372,-2.830
5.460,2.717,-3.420
5.058,2.421,-3.625
4.361,1.143,-3.345
3.765,-0.965,-3.059
3.387,-3.270,-3.398
3.006,-5.034,-4.454
2.289,-5.851,-5.546
1.030,-5.795,-5.785
-0.758,-5.245,-4.949
-2.885,-4.571,-3.773
-5.044,-3.965,-3.317
-6.863,-3.461,-4.061
-8.014,-3.038,-5.606
-8.371,-2.702,-7.178
-8.085,-2.496,-8.284
-7.472,-2.483,-8.837
-6.780,-2.731,-8.845
-6.049,-3.304,-8.207
-5.203,-4.232,-6.943
-4.239,-5.493,-5.475
-3.314,-6.997,-4.487
-2.613,-8.563,-4.359
-2.158,-9.897,-4.783
-1.747,-10.623,-4.989
-1.079,-10.406,-4.414
0.047,-9.156,-3.161
1.624,-7.133,-1.857
3.424,-4.820,-1.118
5.071,-2.654,-1.146
6.173,-0.801,-1.755
6.488,0.788,-2.633
6.072,2.164,-3.519
5.240,3.231,-4.195
4.342,3.851,-4.493
3.516,4.047,-4.431
2.652,4.059,-4.292
1.620,4.170,-4.436
0.521,4.512,-4.947
-0.335,5.057,-5.521
-0.702,5.752,-5.763
-0.645,6.576,-5.596
-0.469,7.436,-5.279
-0.401,8.076,-5.043
-0.374,8.222,-4.811
-0.138,7.849,-4.354
0.421,7.269,-3.673
1.122,6.876,-3.065
1.655,6.803,-2.798
1.869,6.830,-2.816
1.856,6.653,-2.854
1.791,6.195,-2.768
1.764,5.627,-2.646
1.796,5.125,-2.564
1.991,4.673,-2.409
2.533,4.124,-2.032
3.493,3.443,-1.529
4.663,2.825,-1.229
5.650,2.581,-1.333
6.170,2.900,-1.646
6.241,3.701,-1.733
6.102,4.657,-1.350
5.992,5.339,-0.664
6.045,5.380,-0.042
6.341,4.619,0.329
6.949,3.181,0.565
7.849,1.456,0.860
8.835,-0.068,1.188
9.590,-1.038,1.275
9.901,-1.388,0.893
9.795,-1.286,0.167
9.433,-0.964,-0.404
8.890,-0.569,-0.278
8.101,-0.177,0.713
7.030,0.123,2.190
5.844,0.232,3.423
4.851,0.160,3.796
4.257,0.109,3.215
4.013,0.342,2.208
3.928,0.935,1.578
3.905,1.673,1.830
4.025,2.240,2.796
4.410,2.496,3.827
5.046,2.547,4.416
5.783,2.534,4.621
6.446,2.412,4.839
6.896,2.014,5.153
6.966,1.318,5.073
6.450,0.594,4.034
5.245,0.241,2.136
3.571,0.454,0.191
1.951,1.067,-1.040
0.892,1.721,-1.552
0.512,2.160,-1.917
0.485,2.362,-2.442
0.369,2.456,-2.737
-0.022,2.528,-2.225
-0.535,2.554,-0.960
-0.935,2.474,0.289
-1.172,2.311,0.813
-1.375,2.208,0.701
-1.607,2.339,0.684
-1.686,2.775,1.283
-1.289,3.422,2.244
-0.258,4.066,2.831
1.209,4.519,2.586
2.676,4.759,1.753
3.761,4.952,0.949
4.365,5.333,0.517
4.651,6.013,0.231
4.886,6.870,-0.396
5.319,7.607,-1.557
6.152,7.928,-2.904
7.529,7.652,-3.837
9.468,6.715,-4.022
11.811,5.110,-3.633
14.270,2.931,-3.107
16.554,0.457,-2.768
18.462,-1.876,-2.667
19.895,-3.740,-2.749
20.820,-5.189,-3.021
21.280,-6.636,-3.516
21.363,-8.461,-4.137
21.111,-10.593,-4.670
20.400,-12.498,-4.980
18.994,-13.599,-5.122
16.780,-13.704,-5.182
13.989,-13.022,-5.026
11.121,-11.834,-4.331
8.627,-10.206,-2.955
6.659,-8.057,-1.270
5.141,-5.455,-0.022
4.043,-2.736,0.236
3.504,-0.350,-0.392
3.682,1.413,-1.269
4.532,2.498,-1.838
5.822,2.965,-2.107
7.315,2.856,-2.519
8.894,2.238,-3.364
10.433,1.329,-4.393
11.648,0.519,-5.072
12.159,0.214,-5.168
11.770,0.581,-5.008
10.647,1.451,-5.100
9.188,2.417,-5.547
7.736,3.092,-5.897
6.430,3.297,-5.594
5.319,3.086,-4.500
4.495,2.624,-2.959
4.030,2.060,-1.413
3.801,1.496,-0.036
3.460,0.999,1.212
2.675,0.594,2.287
1.404,0.227,2.920
-0.072,-0.223,2.865
-1.398,-0.845,2.232
-2.414,-1.590,1.512
-3.206,-2.317,1.200
-3.955,-2.929,1.396
-4.778,-3.455,1.775
-5.683,-3.958,1.957
-6.600,-4.386,1.875
-7.410,-4.578,1.775
-7.954,-4.439,1.921
-8.099,-4.086,2.328
-7.824,-3.770,2.789
-7.259,-3.639,3.071
-6.605,-3.603,3.035
-5.999,-3.459,2.613
-5.399,-3.114,1.796
-4.603,-2.662,0.721
-3.387,-2.239,-0.263
-1.673,-1.871,-0.708
0.369,-1.490,-0.345
2.380,-1.125,0.720
3.989,-0.989,2.057
4.989,-1.355,3.166
5.374,-2.291,3.733
5.239,-3.535,3.739
4.659,-4.610,3.418
3.677,-5.110,3.107
2.390,-4.903,3.045
0.991,-4.141,3.224
-0.308,-3.123,3.410
-1.402,-2.128,3.356
-2.337,-1.318,3.033
-3.241,-0.706,2.661
-4.219,-0.173,2.480
-5.298,0.457,2.488
-6.441,1.292,2.451
-7.552,2.274,2.207
-8.479,3.217,1.959
-9.072,3.949,2.176
-9.290,4.440,3.128
-9.259,4.803,4.509
-9.201,5.160,5.594
-9.244,5.524,5.873
-9.310,5.819,5.531
-9.188,5.963,5.264
-8.738,5.915,5.563
-7.992,5.615,6.219
-7.087,4.934,6.547
-6.123,3.725,6.079
-5.133,1.987,4.989
-4.166,-0.062,3.850
-3.337,-2.078,3.048
-2.758,-3.796,2.503
-2.443,-5.135,1.876
-2.338,-6.145,0.976
-2.460,-6.851,-0.086
-2.938,-7.207,-1.045
-3.862,-7.189,-1.702
-5.058,-6.880,-2.058
-6.058,-6.429,-2.300
-6.339,-5.908,-2.656
-5.635,-5.243,-3.160
-4.056,-4.338,-3.503
-1.947,-3.280,-3.175
0.325,-2.391,-1.896
2.484,-2.043,0.033
4.326,-2.406,1.868
5.688,-3.340,2.952
6.495,-4.513,3.180
6.816,-5.594,2.952
6.840,-6.373,2.739
6.741,-6.754,2.697
6.555,-6.725,2.646
6.190,-6.373,2.338
5.540,-5.894,1.704
4.589,-5.549,0.914
3.389,-5.541,0.256
1.955,-5.906,-0.067
0.232,-6.482,-0.081
-1.801,-7.009,-0.021
-3.960,-7.294,-0.128
-5.822,-7.332,-0.483
-6.896,-7.281,-0.997
-6.911,-7.288,-1.571
-5.980,-7.324,-2.178
-4.541,-7.172,-2.802
-3.126,-6.577,-3.367
-2.123,-5.443,-3.822
-1.689,-3.882,-4.253
-1.815,-2.119,-4.796
-2.421,-0.361,-5.421
-3.397,1.238,-5.888
-4.568,2.559,-6.014
-5.663,3.525,-5.932
-6.383,4.167,-5.947
-6.537,4.667,-6.143
-6.149,5.276,-6.231
-5.420,6.143,-5.891
-4.598,7.183,-5.172
-3.853,8.138,-4.458
-3.252,8.763,-4.046
-2.789,9.015,-3.882
-2.417,9.050,-3.748
-2.067,9.028,-3.576
-1.698,8.918,-3.471
-1.374,8.486,-3.462
-1.263,7.526,-3.409
-1.526,6.092,-3.209
-2.154,4.517,-2.995
-2.939,3.172,-3.056
-3.616,2.220,-3.537
-4.058,1.575,-4.297
-4.334,1.053,-5.029
-4.579,0.533,-5.473
-4.837,-0.036,-5.498
-5.003,-0.681,-5.097
-4.923,-1.384,-4.382
-4.547,-1.996,-3.555
-4.005,-2.281,-2.824
-3.566,-2.094,-2.292
-3.484,-1.524,-1.954
-3.853,-0.810,-1.776
-4.556,-0.080,-1.722
-5.382,0.788,-1.667
-6.181,2.010,-1.386
-6.917,3.617,-0.724
-7.585,5.356,0.173
-8.075,6.857,0.875
-8.176,7.896,0.991
-7.721,8.481,0.486
-6.728,8.769,-0.321
-5.405,8.935,-1.059
-4.029,9.120,-1.584
-2.820,9.430,-1.973
-1.895,9.913,-2.310
-1.258,10.521,-2.519
-0.831,11.118,-2.397
-0.501,11.548,-1.810
-0.216,11.714,-0.840
-0.053,11.616,0.219
-0.202,11.336,1.019
-0.844,11.012,1.373
-2.032,10.780,1.327
-3.648,10.716,1.076
-5.465,10.779,0.793
-7.254,10.816,0.587
-8.869,10.649,0.566
-10.279,10.185,0.870
-11.540,9.473,1.529
-12.711,8.666,2.311
-13.754,7.915,2.803
-14.511,7.265,2.757
-14.792,6.667,2.326
-14.498,6.063,1.949
-13.672,5.466,1.967
-12.444,4.931,2.376
-10.923,4.459,2.940
-9.184,3.944,3.442
-7.351,3.262,3.810
-5.665,2.405,4.063
-4.413,1.520,4.230
-3.737,0.777,4.308
-3.505,0.226,4.236
-3.387,-0.200,3.882
-3.072,-0.539,3.175
-2.451,-0.682,2.324
-1.612,-0.444,1.808
-0.708,0.250,1.980
0.142,1.286,2.610
0.889,2.448,2.964
1.542,3.605,2.518
2.164,4.736,1.614
2.836,5.802,1.290
3.568,6.614,2.324
4.215,6.895,4.427
4.519,6.484,6.422
4.285,5.488,7.236
3.541,4.181,6.725
2.549,2.790,5.596
1.645,1.383,4.605
1.050,-0.012,3.921
0.771,-1.220,3.200
0.637,-1.887,2.162
0.449,-1.674,0.988
0.140,-0.484,0.157
-0.156,1.452,-0.022
-0.186,3.712,0.325
0.238,5.887,0.811
1.106,7.730,1.142
2.234,9.190,1.309
3.392,10.372,1.505
4.383,11.456,1.932
5.013,12.588,2.696
5.071,13.804,3.764
4.393,14.998,4.949
3.015,15.950,5.957
1.209,16.419,6.555
-0.635,16.252,6.757
-2.214,15.481,6.810
-3.412,14.357,6.935
-4.234,13.248,7.087
-4.686,12.439,7.003
-4.730,11.936,6.522
-4.345,11.444,5.782
-3.598,10.563,5.121
-2.649,9.078,4.785
-1.684,7.155,4.801
-0.853,5.241,5.081
-0.252,3.758,5.551
0.073,2.818,6.093
0.119,2.198,6.444
-0.067,1.588,6.281
-0.414,0.904,5.491
-0.875,0.381,4.339
-1.472,0.368,3.291
-2.264,1.052,2.648
-3.244,2.310,2.359
-4.273,3.814,2.194
-5.087,5.228,2.048
-5.428,6.322,2.027
-5.150,6.952,2.250
-4.272,7.003,2.664
-2.954,6.398,3.086
-1.469,5.156,3.401
-0.156,3.445,3.642
0.639,1.545,3.858
0.666,-0.243,3.974
-0.135,-1.704,3.836
-1.627,-2.754,3.390
-3.566,-3.434,2.736
-5.719,-3.858,1.996
-7.926,-4.143,1.198
-10.062,-4.329,0.357
-11.934,-4.377,-0.365
-13.235,-4.227,-0.700
-13.631,-3.904,-0.565
-12.939,-3.571,-0.253
-11.255,-3.466,-0.231
-8.919,-3.706,-0.658
-6.353,-4.157,-1.193
-3.920,-4.488,-1.338
-1.911,-4.426,-0.990
-0.570,-3.990,-0.603
-0.070,-3.466,-0.761
-0.407,-3.132,-1.612
-1.351,-2.981,-2.752
-2.535,-2.713,-3.610
-3.619,-2.006,-3.891
-4.407,-0.794,-3.642
-4.828,0.687,-2.981
-4.891,2.087,-1.906
-4.668,3.133,-0.412
-4.293,3.720,1.235
-3.917,3.901,2.457
-3.625,3.856,2.682
-3.416,3.828,1.816
-3.270,3.967,0.401
-3.202,4.185,-0.744
-3.217,4.182,-1.179
-3.228,3.721,-1.229
-3.071,2.877,-1.698
-2.657,2.028,-3.095
-2.105,1.543,-5.055
-1.690,1.479,-6.545
-1.628,1.568,-6.744
-1.918,1.490,-5.796
-2.355,1.162,-4.698
-2.702,0.781,-4.409
-2.810,0.650,-5.043
-2.634,0.941,-5.895
-2.188,1.563,-6.232
-1.540,2.185,-5.957
-0.836,2.399,-5.508
-0.245,1.957,-5.206
0.165,0.937,-4.869
0.524,-0.288,-4.145
1.080,-1.313,-3.102
1.968,-1.959,-2.317
3.043,-2.307,-2.291
3.967,-2.483,-2.885
4.506,-2.438,-3.443
4.752,-2.009,-3.486
5.041,-1.173,-3.188
5.612,-0.181,-3.091
6.333,0.619,-3.460
6.767,1.106,-4.003
6.523,1.440,-4.210
5.564,1.814,-3.860
4.192,2.184,-3.140
2.782,2.358,-2.394
1.522,2.325,-1.894
0.377,2.394,-1.812
-0.741,2.886,-2.214
-1.786,3.709,-2.929
-2.562,4.344,-3.521
-2.893,4.326,-3.604
-2.829,3.724,-3.266
-2.669,3.101,-3.061
-2.764,2.970,-3.432
-3.192,3.336,-4.150
-3.661,3.770,-4.434
-3.726,3.861,-3.703
-3.155,3.564,-2.147
-2.073,3.112,-0.528
-0.773,2.724,0.505
0.578,2.431,0.828
1.996,2.157,0.678
3.462,1.869,0.300
4.742,1.628,-0.129
5.486,1.512,-0.400
5.508,1.555,-0.332
4.937,1.751,-0.028
4.080,2.087,0.090
3.205,2.566,-0.355
2.471,3.201,-1.271
2.001,4.002,-2.122
1.911,4.925,-2.395
2.202,5.833,-2.000
2.672,6.495,-1.235
2.988,6.696,-0.439
2.863,6.357,0.254
2.205,5.548,0.857
1.122,4.383,1.377
-0.139,2.895,1.746
-1.252,1.043,1.907
-1.925,-1.155,1.921
-2.053,-3.490,1.986
-1.812,-5.558,2.321
-1.559,-6.900,2.955
-1.552,-7.229,3.614
-1.765,-6.584,3.878
-1.953,-5.312,3.563
-1.900,-3.892,2.931
-1.580,-2.684,2.481
-1.099,-1.793,2.441
-0.532,-1.133,2.566
0.109,-0.578,2.461
0.778,-0.058,2.111
1.301,0.466,1.980
1.476,1.021,2.533
1.284,1.596,3.707
0.995,2.117,4.895
1.006,2.538,5.499
1.503,2.970,5.462
2.271,3.653,5.279
2.858,4.716,5.464
2.945,5.942,6.022
2.581,6.871,6.455
2.053,7.194,6.270
1.527,7.068,5.479
0.873,6.985,4.548
-0.167,7.284,3.892
-1.647,7.798,3.504
-3.330,7.993,3.132
-4.881,7.444,2.734
-6.114,6.182,2.603
-6.993,4.589,2.946
-7.483,3.018,3.496
-7.524,1.557,3.707
-7.183,0.139,3.373
-6.752,-1.216,2.881
-6.546,-2.345,2.768
-6.582,-3.148,3.101
-6.535,-3.773,3.432
-6.074,-4.515,3.370
-5.228,-5.501,3.049
-4.349,-6.512,2.949
-3.708,-7.160,3.320
-3.198,-7.263,3.905
-2.483,-6.994,4.223
-1.413,-6.663,4.049
-0.223,-6.400,3.582
0.676,-6.112,3.228
1.077,-5.761,3.252
1.123,-5.574,3.594
1.137,-5.881,3.933
1.365,-6.730,3.891
1.853,-7.741,3.301
2.499,-8.396,2.336
3.149,-8.472,1.392
3.670,-8.134,0.772
3.976,-7.629,0.473
4.037,-6.991,0.293
3.870,-6.112,0.121
3.530,-5.045,0.041
3.100,-4.129,0.100
2.688,-3.723,0.048
2.399,-3.843,-0.551
2.282,-4.121,-1.830
2.301,-4.143,-3.344
2.363,-3.792,-4.377
2.356,-3.271,-4.610
2.177,-2.843,-4.397
1.754,-2.578,-4.371
1.088,-2.395,-4.820
0.308,-2.244,-5.494
-0.359,-2.239,-5.946
-0.712,-2.569,-5.927
-0.687,-3.315,-5.426
-0.344,-4.337,-4.538
0.230,-5.340,-3.482
0.986,-6.034,-2.664
1.864,-6.264,-2.494
2.716,-6.043,-2.974
3.289,-5.504,-3.573
3.341,-4.834,-3.668
2.777,-4.206,-3.139
1.718,-3.694,-2.447
0.488,-3.220,-2.115
-0.496,-2.605,-2.228
-0.888,-1.738,-2.474
-0.569,-0.724,-2.547
0.309,0.139,-2.394
1.448,0.549,-2.114
2.605,0.371,-1.825
3.710,-0.368,-1.676
4.787,-1.599,-1.830
5.810,-3.247,-2.256
6.637,-5.132,-2.573
7.115,-6.903,-2.287
7.229,-8.150,-1.325
7.136,-8.654,-0.253
7.055,-8.496,0.152
7.095,-7.907,-0.416
7.189,-7.060,-1.549
7.173,-6.039,-2.544
6.946,-5.006,-2.990
6.580,-4.279,-2.975
6.261,-4.163,-2.836
6.153,-4.662,-2.803
6.270,-5.415,-2.858
6.510,-5.948,-2.849
6.781,-6.026,-2.685
7.091,-5.770,-2.472
7.486,-5.478,-2.456
7.919,-5.347,-2.781
8.210,-5.356,-3.262
8.182,-5.340,-3.447
7.820,-5.133,-2.997
7.278,-4.682,-2.024
6.720,-4.072,-1.032
6.166,-3.495,-0.486
5.534,-3.122,-0.457
4.817,-2.974,-0.664
4.181,-2.856,-0.791
3.861,-2.474,-0.699
3.981,-1.659,-0.373
4.497,-0.532,0.187
5.313,0.537,0.921
6.391,1.141,1.612
7.721,1.062,1.954
9.203,0.378,1.833
10.611,-0.607,1.507
11.704,-1.531,1.439
12.359,-2.153,1.868
12.600,-2.452,2.568
12.520,-2.584,3.053
12.216,-2.746,3.040
11.803,-3.032,2.672
11.432,-3.409,2.273
11.249,-3.756,1.976
11.321,-3.932,1.661
11.607,-3.788,1.249
11.999,-3.195,0.923
12.392,-2.126,0.937
12.700,-0.740,1.240
12.863,0.646,1.448
12.827,1.715,1.260
12.541,2.305,0.838
11.972,2.426,0.643
11.138,2.142,0.897
10.166,1.494,1.311
9.282,0.522,1.413
8.714,-0.638,1.079
8.532,-1.744,0.655
8.590,-2.539,0.552
8.597,-2.885,0.836
8.269,-2.797,1.240
7.448,-2.405,1.503
6.147,-1.887,1.573
4.551,-1.423,1.513
2.990,-1.139,1.340
1.810,-1.042,1.045
1.192,-1.004,0.733
1.049,-0.819,0.614
1.136,-0.328,0.826
1.290,0.493,1.273
1.549,1.536,1.696
2.031,2.634,1.880
2.688,3.644,1.777
3.225,4.494,1.451
3.273,5.185,0.961
2.655,5.775,0.326
1.511,6.307,-0.449
0.211,6.748,-1.352
-0.841,6.971,-2.347
-1.376,6.852,-3.350
-1.342,6.389,-4.208
-0.885,5.749,-4.764
-0.239,5.164,-4.989
0.433,4.759,-5.034
1.134,4.489,-5.096
1.990,4.238,-5.184
3.114,3.955,-5.085
4.512,3.694,-4.625
6.095,3.499,-3.978
7.746,3.323,-3.653
9.324,3.056,-4.047
10.625,2.664,-4.971
11.396,2.224,-5.704
11.454,1.834,-5.592
10.813,1.495,-4.685
9.676,1.166,-3.722
8.296,0.894,-3.439
6.869,0.853,-3.864
5.519,1.145,-4.303
4.363,1.592,-4.046
3.516,1.756,-3.057
3.011,1.256,-1.955
2.748,0.077,-1.366
2.553,-1.421,-1.357
2.303,-2.795,-1.512
1.987,-3.793,-1.461
1.669,-4.386,-1.207
1.387,-4.586,-0.955
1.122,-4.343,-0.754
0.847,-3.628,-0.457
0.605,-2.601,-0.004
0.512,-1.617,0.386
0.683,-1.018,0.383
1.142,-0.911,-0.128
1.782,-1.132,-0.958
2.418,-1.420,-1.817
2.884,-1.627,-2.530
3.100,-1.761,-3.040
3.045,-1.893,-3.301
2.708,-2.047,-3.287
2.064,-2.197,-3.091
1.159,-2.305,-2.930
0.169,-2.331,-2.969
-0.642,-2.217,-3.154
-1.088,-1.918,-3.233
-1.192,-1.494,-2.988
-1.134,-1.174,-2.417
-1.072,-1.240,-1.728
-1.019,-1.832,-1.174
-0.919,-2.829,-0.856
-0.819,-3.939,-0.681
-0.906,-4.893,-0.462
-1.342,-5.561,-0.091
-2.055,-5.933,0.347
-2.752,-6.059,0.651
-3.155,-6.040,0.687
-3.229,-6.061,0.510
-3.170,-6.368,0.277
-3.187,-7.159,0.050
-3.311,-8.461,-0.286
-3.427,-10.082,-0.883
-3.452,-11.657,-1.707
-3.473,-12.772,-2.489
-3.676,-13.132,-2.928
-4.156,-12.709,-2.939
-4.793,-11.769,-2.697
-5.315,-10.740,-2.445
-5.487,-9.963,-2.267
-5.276,-9.532,-2.071
-4.841,-9.282,-1.751
-4.395,-8.951,-1.336
-4.056,-8.343,-0.928
-3.829,-7.426,-0.526
-3.659,-6.337,0.028
-3.476,-5.327,0.872
-3.199,-4.672,1.880
-2.740,-4.540,2.647
-2.088,-4.902,2.792
-1.368,-5.526,2.282
-0.792,-6.110,1.433
-0.494,-6.463,0.590
-0.407,-6.620,-0.175
-0.323,-6.795,-0.974
-0.104,-7.204,-1.746
0.185,-7.905,-2.118
0.327,-8.771,-1.734
0.130,-9.614,-0.731
-0.438,-10.319,0.227
-1.254,-10.860,0.536
-2.144,-11.204,0.251
-2.973,-11.220,0.048
-3.701,-10.727,0.551
-4.365,-9.641,1.735
-5.063,-8.064,3.016
-5.897,-6.254,3.875
-6.899,-4.497,4.284
-7.977,-3.013,4.541
-8.934,-1.916,4.818
-9.592,-1.210,4.986
-9.908,-0.806,4.857
-9.965,-0.571,4.462
-9.835,-0.438,4.028
-9.457,-0.465,3.724
-8.689,-0.782,3.518
-7.505,-1.448,3.282
-6.120,-2.352,2.958
-4.866,-3.265,2.625
-3.937,-3.997,2.434
-3.261,-4.487,2.505
-2.673,-4.778,2.830
-2.158,-4.918,3.224
-1.924,-4.923,3.409
-2.185,-4.810,3.225
-2.946,-4.643,2.826
-3.981,-4.547,2.584
-5.016,-4.661,2.740
-5.867,-5.075,3.137
-6.423,-5.766,3.361
-6.575,-6.545,3.170
-6.250,-7.096,2.739
-5.507,-7.126,2.462
-4.544,-6.557,2.535
-3.558,-5.598,2.822
-2.601,-4.611,3.090
-1.623,-3.852,3.262
-0.623,-3.319,3.386
0.282,-2.827,3.388
0.965,-2.224,3.041
1.438,-1.513,2.219
1.834,-0.792,1.179
2.246,-0.102,0.456
2.608,0.614,0.449
2.798,1.425,1.082
2.812,2.286,1.866
2.816,3.056,2.283
2.968,3.604,2.122
3.259,3.888,1.541
3.525,3.929,0.890
3.647,3.756,0.494
3.646,3.402,0.523
3.584,2.954,0.942
3.405,2.544,1.530
2.955,2.262,1.953
2.177,2.081,1.929
1.240,1.916,1.402
0.409,1.762,0.624
-0.201,1.783,0.020
-0.735,2.203,-0.120
-1.432,3.102,0.139
-2.383,4.291,0.423
-3.454,5.400,0.360
-4.425,6.108,-0.128
-5.160,6.333,-0.830
-5.658,6.238,-1.487
-5.987,6.083,-1.991
-6.204,6.050,-2.344
-6.311,6.170,-2.495
-6.267,6.350,-2.324
-6.024,6.448,-1.841
-5.581,6.335,-1.345
-5.031,5.934,-1.275
-4.503,5.262,-1.836
-4.051,4.445,-2.780
-3.584,3.676,-3.579
-2.926,3.104,-3.861
-1.970,2.731,-3.695
-0.775,2.423,-3.487
0.466,2.026,-3.611
1.510,1.513,-4.110
2.138,1.031,-4.709
2.223,0.799,-5.068
1.790,0.936,-5.048
1.047,1.353,-4.794
0.297,1.802,-4.590
-0.235,2.026,-4.611
-0.508,1.928,-4.761
-0.615,1.609,-4.737
-0.649,1.284,-4.289
-0.658,1.139,-3.482
-0.704,1.262,-2.716
-0.895,1.654,-2.437
-1.306,2.265,-2.782
-1.854,3.004,-3.472
-2.340,3.732,-4.047
-2.613,4.304,-4.213
-2.709,4.643,-3.986
-2.801,4.789,-3.572
-3.009,4.858,-3.170
-3.294,4.952,-2.867
-3.526,5.124,-2.670
-3.632,5.398,-2.535
-3.650,5.789,-2.388
-3.649,6.249,-2.171
-3.616,6.617,-1.904
-3.439,6.689,-1.702
-2.996,6.370,-1.675
-2.240,5.780,-1.815
-1.231,5.171,-1.967
-0.077,4.747,-1.939
1.119,4.544,-1.640
2.283,4.504,-1.140
3.341,4.606,-0.604
4.195,4.908,-0.184
4.725,5.444,0.085
4.840,6.120,0.280
4.538,6.725,0.514
3.912,7.082,0.831
3.108,7.166,1.172
2.264,7.108,1.405
1.499,7.074,1.411
0.943,7.111,1.161
0.746,7.099,0.794
1.013,6.836,0.607
1.713,6.200,0.874
2.659,5.264,1.565
3.604,4.267,2.276
4.372,3.444,2.535
4.909,2.887,2.271
5.225,2.531,1.921
5.322,2.273,1.983
5.180,2.095,2.502
4.819,2.056,3.088
4.317,2.203,3.460
3.749,2.488,3.824
3.127,2.777,4.559
2.415,2.923,5.595
1.633,2.837,6.299
0.906,2.513,6.109
0.393,2.030,5.183
0.146,1.514,4.291
0.057,1.077,4.027
-0.060,0.745,4.243
-0.329,0.460,4.311
-0.756,0.154,3.846
-1.271,-0.146,3.051
-1.794,-0.319,2.372
-2.254,-0.266,1.943
-2.582,-0.047,1.509
-2.749,0.139,0.844
-2.791,0.128,0.105
-2.793,-0.035,-0.296
-2.790,-0.111,-0.163
-2.729,0.130,0.225
-2.529,0.705,0.363
-2.213,1.433,-0.007
-1.916,2.126,-0.660
-1.762,2.749,-1.124
-1.725,3.383,-1.094
-1.652,4.041,-0.648
-1.432,4.574,-0.087
-1.124,4.782,0.349
-0.904,4.611,0.603
-0.875,4.209,0.720
-0.965,3.765,0.735
-0.997,3.328,0.673
-0.884,2.818,0.602
-0.724,2.206,0.599
-0.714,1.636,0.662
-0.974,1.319,0.721
-1.442,1.309,0.764
-1.938,1.432,0.904
-2.320,1.461,1.252
-2.588,1.349,1.719
-2.859,1.251,2.029
-3.230,1.318,1.984
-3.676,1.502,1.690
-4.070,1.604,1.466
-4.298,1.505,1.517
-4.357,1.319,1.737
-4.328,1.295,1.848
-4.275,1.587,1.672
-4.177,2.140,1.235
-3.965,2.775,0.653
-3.609,3.327,0.032
-3.143,3.686,-0.504
-2.591,3.776,-0.765
-1.903,3.568,-0.639
-1.001,3.166,-0.291
0.091,2.807,-0.124
1.173,2.727,-0.446
1.956,2.954,-1.127
2.247,3.297,-1.657
2.079,3.535,-1.576
1.664,3.633,-0.879
1.247,3.737,0.001
0.972,3.983,0.568
0.871,4.336,0.613
0.919,4.631,0.249
1.070,4.736,-0.280
1.250,4.637,-0.772
1.347,4.342,-1.072
1.270,3.789,-1.037
1.034,2.876,-0.599
0.767,1.609,0.114
0.624,0.180,0.787
0.663,-1.126,1.145
0.828,-2.101,1.186
1.053,-2.679,1.169
1.362,-2.895,1.337
1.860,-2.806,1.665
2.591,-2.497,1.904
3.437,-2.078,1.876
4.148,-1.641,1.691
4.491,-1.192,1.637
4.368,-0.669,1.862
3.829,-0.073,2.226
3.020,0.461,2.461
2.139,0.752,2.474
1.407,0.742,2.437
1.027,0.547,2.591
1.117,0.299,2.993
1.675,-0.015,3.485
2.602,-0.517,3.862
3.774,-1.241,4.040
5.096,-1.996,4.034
6.509,-2.486,3.847
7.978,-2.534,3.447
9.457,-2.189,2.850
10.845,-1.620,2.176
11.954,-0.973,1.580
12.566,-0.348,1.126
12.544,0.127,0.746
11.911,0.304,0.307
10.797,0.144,-0.271
9.292,-0.184,-0.935
7.399,-0.381,-1.466
5.134,-0.227,-1.526
2.692,0.252,-0.846
0.443,0.831,0.505
-1.259,1.260,2.018
-2.293,1.424,3.004
-2.800,1.361,3.106
-3.035,1.188,2.602
-3.183,1.012,2.148
-3.297,0.865,2.174
-3.344,0.709,2.502
-3.277,0.463,2.588
-3.079,0.061,2.130
-2.811,-0.501,1.418
-2.613,-1.153,1.043
-2.633,-1.787,1.296
-2.909,-2.323,1.873
-3.297,-2.749,2.199
-3.544,-3.108,2.018
-3.458,-3.451,1.638
-3.018,-3.783,1.585
-2.345,-4.044,2.055
-1.576,-4.104,2.732
-0.791,-3.819,3.136
-0.016,-3.114,3.072
0.736,-2.079,2.726
1.477,-0.989,2.374
2.264,-0.203,2.107
3.163,0.016,1.894
4.159,-0.329,1.798
5.109,-0.995,1.960
5.797,-1.645,2.326
6.056,-2.062,2.481
5.835,-2.225,1.955
5.154,-2.223,0.760
4.038,-2.094,-0.470
2.520,-1.768,-0.998
0.712,-1.173,-0.675
-1.158,-0.385,-0.070
-2.820,0.348,0.122
-4.108,0.768,-0.251
-5.033,0.806,-0.754
-5.707,0.613,-0.932
-6.205,0.394,-0.807
-6.469,0.198,-0.778
-6.383,-0.108,-1.134
-5.917,-0.664,-1.774
-5.228,-1.435,-2.389
-4.601,-2.207,-2.793
-4.267,-2.763,-3.013
-4.269,-3.038,-3.131
-4.483,-3.103,-3.170
-4.761,-3.020,-3.148
-5.051,-2.758,-3.166
-5.372,-2.243,-3.321
-5.692,-1.491,-3.586
-5.884,-0.655,-3.796
-5.796,0.051,-3.810
-5.381,0.480,-3.616
-4.716,0.612,-3.284
-3.919,0.507,-2.882
-3.079,0.242,-2.487
-2.265,-0.125,-2.236
-1.570,-0.513,-2.250
-1.092,-0.789,-2.456
-0.857,-0.804,-2.562
-0.786,-0.499,-2.330
-0.763,0.023,-1.895
-0.758,0.564,-1.727
-0.838,0.961,-2.192
-1.072,1.193,-3.157
-1.443,1.314,-4.085
-1.866,1.335,-4.543
-2.258,1.191,-4.575
-2.584,0.862,-4.552
-2.825,0.476,-4.714
-2.931,0.233,-4.953
-2.842,0.172,-5.034
-2.539,0.062,-4.930
-2.101,-0.418,-4.846
-1.717,-1.367,-4.918
-1.634,-2.501,-5.013
-2.034,-3.363,-4.892
-2.881,-3.667,-4.537
-3.870,-3.481,-4.252
-4.574,-3.090,-4.384
-4.731,-2.718,-4.958
-4.433,-2.377,-5.633
-4.018,-1.932,-5.979
-3.756,-1.275,-5.811
-3.639,-0.418,-5.255
-3.457,0.533,-4.552
-3.038,1.461,-3.856
-2.413,2.265,-3.208
-1.747,2.868,-2.622
-1.185,3.208,-2.118
-0.785,3.274,-1.681
-0.572,3.142,-1.234
-0.575,2.936,-0.753
-0.790,2.760,-0.361
-1.127,2.620,-0.257
-1.446,2.451,-0.487
-1.681,2.207,-0.862
-1.897,1.941,-1.149
-2.215,1.770,-1.348
-2.678,1.777,-1.693
-3.191,1.941,-2.327
-3.616,2.156,-3.022
-3.930,2.315,-3.309
-4.262,2.367,-2.915
-4.789,2.313,-2.063
-5.558,2.169,-1.299
-6.428,1.943,-1.046
-7.171,1.627,-1.325
-7.641,1.204,-1.835
-7.838,0.667,-2.230
-7.862,0.050,-2.283
-7.824,-0.559,-1.889
-7.809,-1.058,-1.033
-7.880,-1.400,0.162
-8.032,-1.636,1.393
-8.142,-1.869,2.274
-7.991,-2.158,2.564
-7.397,-2.436,2.347
-6.362,-2.536,1.980
-5.077,-2.296,1.827
-3.763,-1.661,2.017
-2.522,-0.732,2.414
-1.336,0.292,2.792
-0.180,1.211,3.039
0.871,1.903,3.201
1.673,2.333,3.383
2.111,2.516,3.632
2.174,2.476,3.905
1.950,2.248,4.097
1.589,1.905,4.103
1.249,1.559,3.862
1.036,1.321,3.406
0.968,1.240,2.848
0.986,1.292,2.312
1.023,1.435,1.849
1.052,1.685,1.443
1.066,2.135,1.088
1.001,2.877,0.860
0.761,3.873,0.899
0.328,4.880,1.297
-0.143,5.533,2.012
-0.402,5.544,2.860
-0.312,4.907,3.605
0.016,3.915,4.081
0.305,2.956,4.285
0.321,2.231,4.362
0.012,1.634,4.466
-0.536,0.911,4.595
-1.236,-0.050,4.565
-2.036,-1.073,4.180
-2.860,-1.854,3.466
-3.572,-2.228,2.719
-4.023,-2.300,2.298
-4.156,-2.257,2.335
-4.035,-2.112,2.634
-3.764,-1.632,2.851
-3.403,-0.574,2.807
-2.964,1.004,2.628
-2.466,2.678,2.613
-1.988,3.906,2.944
-1.632,4.370,3.491
-1.449,4.122,3.878
-1.389,3.454,3.763
-1.331,2.667,3.111
-1.170,1.936,2.233
-0.883,1.316,1.559
-0.544,0.804,1.331
-0.271,0.380,1.458
-0.143,0.036,1.649
-0.150,-0.216,1.696
-0.186,-0.364,1.614
-0.106,-0.448,1.538
0.211,-0.607,1.504
0.801,-1.037,1.373
1.588,-1.842,0.997
2.399,-2.933,0.397
3.028,-4.071,-0.244
3.344,-5.065,-0.778
3.350,-5.896,-1.230
3.186,-6.678,-1.735
3.031,-7.471,-2.328
2.995,-8.172,-2.865
3.067,-8.581,-3.133
3.170,-8.567,-3.015
3.229,-8.144,-2.562
3.211,-7.397,-1.937
3.105,-6.371,-1.338
2.906,-5.062,-0.937
2.643,-3.526,-0.825
2.429,-1.955,-0.947
2.430,-0.632,-1.133
2.750,0.210,-1.224
3.320,0.484,-1.187
3.917,0.248,-1.067
4.338,-0.355,-0.850
4.549,-1.160,-0.439
4.693,-2.007,0.171
4.932,-2.790,0.744
5.283,-3.478,0.962
5.601,-4.085,0.749
5.701,-4.579,0.408
5.489,-4.847,0.322
4.989,-4.782,0.546
4.313,-4.404,0.783
3.620,-3.902,0.786
3.092,-3.497,0.673
2.866,-3.292,0.758
2.965,-3.238,1.112
3.259,-3.241,1.449
3.535,-3.270,1.508
3.636,-3.332,1.414
3.551,-3.374,1.538
3.401,-3.269,1.989
3.355,-2.932,2.419
3.524,-2.438,2.390
3.890,-1.988,1.871
4.295,-1.725,1.270
4.526,-1.611,0.947
4.468,-1.468,0.829
4.221,-1.161,0.555
4.033,-0.728,-0.029
4.087,-0.322,-0.598
4.311,-0.048,-0.647
4.428,0.143,-0.018
4.210,0.382,0.869
3.720,0.743,1.345
3.274,1.192,1.074
3.178,1.647,0.342
3.465,2.069,-0.219
3.888,2.454,-0.204
4.121,2.733,0.248
3.976,2.729,0.652
3.455,2.269,0.644
2.668,1.365,0.257
1.751,0.246,-0.206
0.855,-0.788,-0.462
0.157,-1.579,-0.411
-0.194,-2.127,-0.100
-0.187,-2.449,0.341
-0.003,-2.454,0.726
0.086,-2.027,0.870
-0.118,-1.229,0.714
-0.614,-0.369,0.403
-1.245,0.180,0.183
-1.838,0.260,0.207
-2.321,-0.002,0.439
-2.723,-0.363,0.765
-3.088,-0.695,1.130
-3.404,-1.031,1.546
-3.628,-1.431,1.974
-3.763,-1.835,2.258
-3.883,-2.071,2.233
-4.063,-1.972,1.880
-4.281,-1.485,1.350
-4.401,-0.696,0.837
-4.266,0.213,0.432
-3.829,1.025,0.105
-3.199,1.539,-0.187
-2.562,1.629,-0.437
-2.056,1.269,-0.615
-1.691,0.516,-0.756
-1.365,-0.522,-0.936
-0.962,-1.702,-1.168
-0.437,-2.827,-1.332
0.138,-3.686,-1.277
0.609,-4.134,-1.025
0.817,-4.176,-0.854
0.679,-3.932,-1.131
0.213,-3.513,-1.988
-0.499,-2.923,-3.135
-1.381,-2.112,-4.025
-2.388,-1.122,-4.244
-3.481,-0.177,-3.840
-4.582,0.411,-3.261
-5.537,0.460,-2.971
-6.135,0.065,-3.095
-6.198,-0.454,-3.396
-5.687,-0.771,-3.570
-4.761,-0.744,-3.515
-3.721,-0.443,-3.352
-2.872,-0.035,-3.225
-2.376,0.340,-3.181
-2.197,0.599,-3.199
-2.164,0.680,-3.283
-2.094,0.531,-3.399
-1.900,0.167,-3.393
-1.643,-0.294,-3.049
-1.481,-0.662,-2.338
-1.560,-0.772,-1.570
-1.899,-0.565,-1.236
-2.368,-0.104,-1.625
-2.800,0.485,-2.573
-3.131,1.054,-3.571
-3.413,1.478,-4.146
-3.697,1.694,-4.143
-3.898,1.718,-3.727
-3.812,1.617,-3.163
-3.279,1.449,-2.611
-2.342,1.207,-2.095
-1.231,0.835,-1.606
-0.232,0.298,-1.217
0.456,-0.363,-1.058
0.763,-1.052,-1.219
0.730,-1.677,-1.654
0.470,-2.189,-2.166
0.116,-2.571,-2.499
-0.263,-2.788,-2.463
-0.725,-2.784,-2.053
-1.406,-2.527,-1.473
-2.375,-2.054,-1.060
-3.519,-1.490,-1.086
-4.562,-0.999,-1.570
-5.226,-0.727,-2.232
-5.398,-0.753,-2.673
-5.176,-1.062,-2.642
-4.787,-1.548,-2.203
-4.435,-2.037,-1.660
-4.192,-2.358,-1.324
-3.949,-2.413,-1.315
-3.493,-2.210,-1.514
-2.651,-1.828,-1.655
-1.433,-1.330,-1.492
-0.054,-0.721,-0.926
1.184,0.027,-0.069
2.050,0.906,0.841
2.469,1.851,1.576
2.505,2.772,2.026
2.273,3.615,2.173
1.896,4.358,2.036
1.482,4.965,1.665
1.104,5.375,1.226
0.754,5.547,0.983
0.346,5.517,1.107
-0.205,5.377,1.473
-0.866,5.204,1.722
-1.468,5.008,1.596
-1.827,4.758,1.211
-1.893,4.456,0.937
-1.778,4.169,1.017
-1.635,3.987,1.350
-1.515,3.962,1.664
-1.367,4.067,1.830
-1.142,4.230,1.922
-0.858,4.375,2.007
-0.554,4.470,2.002
-0.214,4.563,1.814
0.181,4.755,1.554
0.567,5.134,1.503
0.790,5.679,1.840
0.761,6.218,2.435
0.554,6.503,2.959
0.336,6.361,3.162
0.189,5.794,3.039
0.043,4.961,2.782
-0.180,4.048,2.616
-0.424,3.157,2.677
-0.529,2.308,2.946
-0.431,1.542,3.284
-0.250,0.973,3.546
-0.155,0.741,3.709
-0.162,0.872,3.898
-0.108,1.224,4.238
0.166,1.589,4.684
0.620,1.865,5.044
1.025,2.121,5.154
1.158,2.492,5.019
0.974,3.016,4.762
0.620,3.571,4.458
0.303,3.974,4.069
0.174,4.133,3.540
0.294,4.111,2.937
0.671,4.080,2.434
1.266,4.211,2.163
1.981,4.585,2.092
2.664,5.144,2.042
3.168,5.709,1.842
3.439,6.045,1.443
3.521,5.992,0.919
3.487,5.553,0.370
3.361,4.889,-0.139
3.106,4.204,-0.574
2.716,3.589,-0.882
2.262,2.973,-0.993
1.868,2.230,-0.850
1.613,1.350,-0.466
1.473,0.521,0.045
1.351,0.005,0.476
1.154,-0.083,0.610
0.845,0.114,0.389
0.436,0.309,0.006
-0.051,0.311,-0.223
-0.602,0.158,-0.170
-1.210,0.042,-0.054
-1.863,0.126,-0.198
-2.538,0.460,-0.614
-3.201,1.019,-0.890
-3.813,1.777,-0.608
-4.297,2.697,0.175
-4.535,3.686,0.938
-4.384,4.617,1.221
-3.767,5.418,1.067
-2.762,6.108,0.881
-1.620,6.714,0.935
-0.652,7.169,1.099
-0.084,7.337,1.063
0.036,7.151,0.705
-0.196,6.710,0.177
-0.646,6.196,-0.299
-1.233,5.710,-0.622
-1.928,5.198,-0.807
-2.713,4.551,-0.903
-3.518,3.760,-0.949
-4.201,2.943,-0.997
-4.579,2.256,-1.093
-4.512,1.816,-1.263
-4.000,1.689,-1.536
-3.186,1.904,-1.948
-2.283,2.390,-2.476
-1.448,2.926,-2.966
-0.740,3.199,-3.215
-0.166,3.017,-3.168
0.273,2.444,-2.988
0.592,1.734,-2.901
0.870,1.114,-2.935
1.227,0.630,-2.911
1.716,0.209,-2.684
2.246,-0.178,-2.331
2.630,-0.460,-2.066
2.734,-0.548,-1.987
2.564,-0.447,-1.985
2.196,-0.260,-1.923
1.673,-0.106,-1.813
0.979,-0.076,-1.778
0.156,-0.259,-1.846
-0.610,-0.743,-1.870
-1.064,-1.547,-1.678
-1.061,-2.549,-1.272
-0.698,-3.524,-0.824
-0.218,-4.263,-0.479
0.185,-4.698,-0.216
0.485,-4.909,0.059
0.769,-5.046,0.318
1.093,-5.227,0.405
1.439,-5.480,0.246
1.757,-5.736,0.029
2.040,-5.847,0.056
2.283,-5.661,0.397
2.440,-5.104,0.716
2.447,-4.240,0.557
2.321,-3.250,-0.196
2.199,-2.362,-1.154
2.246,-1.768,-1.750
2.494,-1.548,-1.698
2.806,-1.654,-1.154
2.976,-1.952,-0.463
2.897,-2.337,0.139
2.620,-2.815,0.597
2.279,-3.488,0.912
1.980,-4.404,1.057
1.741,-5.441,1.024
1.519,-6.348,0.882
1.271,-6.932,0.726
1.009,-7.194,0.576
0.815,-7.276,0.353
0.789,-7.290,-0.008
0.973,-7.233,-0.466
1.288,-7.062,-0.869
1.574,-6.836,-1.078
1.684,-6.723,-1.058
1.593,-6.869,-0.887
1.419,-7.255,-0.681
1.345,-7.711,-0.501
1.507,-8.048,-0.342
1.912,-8.184,-0.184
2.432,-8.147,-0.039
2.879,-8.010,0.066
3.103,-7.804,0.143
3.062,-7.504,0.267
2.827,-7.049,0.496
2.530,-6.406,0.785
2.275,-5.623,1.015
2.099,-4.854,1.115
1.983,-4.306,1.155
1.889,-4.134,1.259
1.818,-4.327,1.432
1.819,-4.720,1.521
1.973,-5.097,1.416
2.338,-5.319,1.265
2.920,-5.379,1.386
3.637,-5.344,1.902
4.354,-5.285,2.502
4.910,-5.235,2.679
5.191,-5.207,2.267
5.147,-5.211,1.679
4.807,-5.271,1.526
4.246,-5.418,1.970
3.572,-5.670,2.548
2.908,-5.995,2.660
2.378,-6.282,2.173
2.092,-6.378,1.497
2.104,-6.194,1.132
2.395,-5.810,1.238
2.865,-5.444,1.649
3.367,-5.295,2.148
3.757,-5.388,2.581
3.950,-5.575,2.749
3.942,-5.677,2.415
3.782,-5.615,1.552
3.515,-5.389,0.530
3.143,-4.977,-0.094
2.648,-4.300,-0.062
2.064,-3.335,0.335
1.498,-2.242,0.536
1.068,-1.324,0.223
0.788,-0.844,-0.434
0.545,-0.838,-0.997
0.188,-1.147,-1.149
-0.326,-1.571,-0.885
-0.903,-2.018,-0.423
-1.397,-2.494,-0.018
-1.730,-3.003,0.178
-1.919,-3.495,0.133
-1.987,-3.906,-0.080
-1.912,-4.188,-0.342
-1.667,-4.297,-0.565
-1.313,-4.161,-0.727
-1.005,-3.724,-0.842
-0.890,-3.057,-0.897
-0.981,-2.418,-0.847
-1.151,-2.139,-0.675
-1.253,-2.414,-0.471
-1.242,-3.163,-0.394
-1.178,-4.092,-0.540
-1.113,-4.895,-0.836
-1.001,-5.430,-1.086
-0.733,-5.742,-1.136
-0.258,-5.924,-1.001
0.360,-5.990,-0.831
0.984,-5.846,-0.769
1.518,-5.399,-0.860
1.949,-4.684,-1.077
2.304,-3.865,-1.391
2.595,-3.098,-1.751
2.833,-2.419,-2.045
3.073,-1.733,-2.128
3.409,-0.963,-1.977
3.912,-0.146,-1.782
4.554,0.596,-1.793
5.203,1.201,-2.039
5.684,1.714,-2.235
5.859,2.208,-2.028
5.694,2.656,-1.381
5.272,2.931,-0.664
4.756,2.925,-0.336
4.297,2.663,-0.542
3.949,2.294,-1.021
3.650,1.969,-1.397
3.296,1.778,-1.524
2.844,1.762,-1.524
2.347,1.963,-1.570
1.900,2.409,-1.703
1.566,3.045,-1.864
1.334,3.689,-2.032
1.132,4.101,-2.253
0.856,4.123,-2.530
0.416,3.783,-2.760
-0.216,3.283,-2.830
-0.977,2.868,-2.765
-1.734,2.662,-2.722
-2.362,2.597,-2.799
-2.789,2.493,-2.870
-3.012,2.224,-2.685
-3.060,1.825,-2.154
-2.989,1.459,-1.538
-2.863,1.286,-1.243
-2.726,1.358,-1.407
-2.540,1.632,-1.698
-2.189,2.026,-1.621
-1.582,2.449,-1.057
-0.765,2.805,-0.443
0.081,3.003,-0.336
0.753,3.018,-0.792
1.151,2.908,-1.272
1.290,2.748,-1.202
1.227,2.533,-0.594
1.007,2.203,-0.009
0.684,1.774,0.085
0.349,1.438,-0.186
0.093,1.464,-0.294
-0.054,1.961,0.058
-0.131,2.749,0.634
-0.176,3.496,0.980
-0.157,3.985,0.935
0.005,4.251,0.720
0.334,4.468,0.586
0.734,4.734,0.511
1.019,5.015,0.315
1.057,5.271,-0.026
0.873,5.577,-0.306
0.647,6.065,-0.343
0.578,6.741,-0.208
0.748,7.423,-0.133
1.075,7.900,-0.213
1.397,8.137,-0.279
1.590,8.305,-0.111
1.638,8.583,0.285
1.612,8.960,0.647
1.593,9.264,0.726
1.616,9.360,0.549
1.655,9.290,0.396
1.653,9.208,0.504
1.571,9.180,0.831
1.420,9.117,1.119
1.252,8.886,1.152
1.120,8.480,0.978
1.062,8.037,0.839
1.108,7.699,0.935
1.308,7.485,1.231
1.716,7.311,1.510
2.315,7.113,1.590
2.966,6.928,1.508
3.453,6.839,1.489
3.615,6.848,1.723
3.447,6.840,2.155
3.072,6.684,2.526
2.620,6.352,2.623
2.129,5.961,2.501
1.556,5.673,2.415
0.867,5.560,2.533
0.100,5.559,2.744
-0.649,5.549,2.814
-1.289,5.462,2.677
-1.775,5.313,2.515
-2.100,5.140,2.496
-2.259,4.939,2.532
-2.247,4.704,2.374
-2.076,4.498,1.937
-1.811,4.481,1.430
-1.551,4.768,1.126
-1.382,5.266,1.040
-1.329,5.686,0.944
-1.373,5.758,0.673
-1.520,5.487,0.325
-1.828,5.165,0.133
-2.358,5.106,0.193
-3.070,5.367,0.391
-3.803,5.726,0.586
-4.365,5.920,0.767
-4.667,5.889,1.008
-4.749,5.775,1.334
-4.695,5.712,1.667
-4.536,5.673,1.901
-4.264,5.523,1.967
-3.908,5.207,1.830
-3.562,4.821,1.470
-3.319,4.518,0.917
-3.176,4.355,0.289
-3.038,4.266,-0.250
-2.833,4.154,-0.573
-2.599,3.976,-0.647
-2.458,3.735,-0.533
-2.486,3.429,-0.357
-2.629,3.051,-0.277
-2.740,2.648,-0.409
-2.681,2.324,-0.749
-2.430,2.159,-1.177
-2.062,2.106,-1.546
-1.680,1.998,-1.789
-1.355,1.681,-1.909
-1.102,1.149,-1.910
-0.901,0.542,-1.757
-0.692,0.009,-1.436
-0.384,-0.425,-1.027
0.111,-0.858,-0.692
0.808,-1.388,-0.567
1.608,-2.003,-0.652
2.342,-2.610,-0.776
2.882,-3.129,-0.705
3.209,-3.569,-0.312
3.377,-3.972,0.267
3.429,-4.317,0.690
3.346,-4.493,0.665
3.081,-4.377,0.235
2.621,-3.956,-0.245
2.016,-3.365,-0.454
1.352,-2.786,-0.453
0.733,-2.323,-0.620
0.260,-1.941,-1.192
0.011,-1.538,-1.932
-0.014,-1.071,-2.319
0.095,-0.622,-2.072
0.196,-0.350,-1.447
0.183,-0.368,-0.945
0.034,-0.660,-0.805
-0.201,-1.084,-0.824
-0.447,-1.469,-0.708
-0.647,-1.716,-0.456
-0.796,-1.820,-0.333
-0.949,-1.832,-0.486
-1.208,-1.800,-0.711
-1.641,-1.758,-0.642
-2.205,-1.765,-0.159
-2.746,-1.923,0.496
-3.108,-2.321,0.957
-3.263,-2.953,1.074
-3.322,-3.703,0.960
-3.408,-4.425,0.801
-3.527,-5.057,0.663
-3.573,-5.636,0.499
-3.456,-6.200,0.260
-3.228,-6.697,-0.048
-3.056,-7.006,-0.386
-3.078,-7.065,-0.707
-3.286,-6.955,-0.943
-3.521,-6.837,-1.010
-3.601,-6.803,-0.863
-3.442,-6.799,-0.563
-3.094,-6.700,-0.245
-2.683,-6.449,-0.020
-2.316,-6.120,0.111
-2.038,-5.851,0.237
-1.827,-5.733,0.416
-1.620,-5.761,0.603
-1.341,-5.881,0.707
-0.918,-6.030,0.722
-0.323,-6.140,0.774
0.408,-6.114,1.003
1.184,-5.859,1.375
1.932,-5.374,1.654
2.662,-4.810,1.614
3.463,-4.402,1.295
4.400,-4.299,0.986
5.402,-4.440,0.948
6.259,-4.595,1.121
6.750,-4.546,1.173
6.779,-4.236,0.812
6.409,-3.789,0.041
5.758,-3.396,-0.903
4.891,-3.209,-1.779
3.813,-3.298,-2.468
2.549,-3.652,-2.913
1.207,-4.168,-3.043
-0.040,-4.645,-2.852
-1.025,-4.863,-2.474
-1.639,-4.718,-2.110
-1.834,-4.319,-1.833
-1.632,-3.928,-1.546
-1.138,-3.775,-1.152
-0.547,-3.894,-0.721
-0.072,-4.122,-0.416
0.150,-4.245,-0.279
0.112,-4.165,-0.164
-0.090,-3.942,0.074
-0.358,-3.722,0.393
-0.662,-3.603,0.614
-1.068,-3.566,0.630
-1.675,-3.516,0.522
-2.514,-3.390,0.430
-3.443,-3.237,0.421
-4.157,-3.182,0.491
-4.331,-3.305,0.662
-3.847,-3.544,0.975
-2.882,-3.742,1.377
-1.783,-3.773,1.704
-0.803,-3.655,1.833
0.038,-3.508,1.802
0.877,-3.435,1.741
1.806,-3.447,1.692
2.773,-3.510,1.582
3.647,-3.646,1.377
4.324,-3.930,1.183
4.739,-4.403,1.113
4.821,-4.977,1.124
4.517,-5.476,1.069
3.886,-5.754,0.971
3.142,-5.785,1.074
2.522,-5.628,1.541
2.097,-5.348,2.125
1.723,-4.971,2.294
1.226,-4.521,1.771
0.598,-4.045,0.866
0.024,-3.616,0.185
-0.308,-3.292,0.014
-0.392,-3.109,0.111
-0.397,-3.086,0.099
-0.497,-3.216,-0.033
-0.730,-3.435,0.008
-1.003,-3.625,0.333
-1.227,-3.661,0.609
-1.408,-3.484,0.381
-1.633,-3.102,-0.391
-1.962,-2.544,-1.259
-2.361,-1.824,-1.735
-2.713,-0.979,-1.732
-2.884,-0.111,-1.530
-2.808,0.663,-1.405
-2.507,1.290,-1.404
-2.067,1.825,-1.464
-1.582,2.328,-1.595
-1.093,2.759,-1.856
-0.596,2.996,-2.204
-0.068,2.986,-2.479
0.470,2.822,-2.576
0.928,2.647,-2.590
1.195,2.498,-2.718
1.243,2.292,-3.054
1.181,1.982,-3.483
1.200,1.673,-3.792
1.448,1.541,-3.823
1.930,1.624,-3.552
2.529,1.775,-3.081
3.108,1.827,-2.608
3.583,1.774,-2.352
3.920,1.741,-2.430
4.102,1.800,-2.739
4.124,1.875,-3.007
4.015,1.841,-3.000
3.836,1.690,-2.729
3.633,1.522,-2.428
3.406,1.395,-2.308
3.143,1.220,-2.363
2.853,0.856,-2.414
2.566,0.285,-2.351
2.287,-0.322,-2.271
1.974,-0.741,-2.346
1.598,-0.828,-2.598
1.216,-0.578,-2.819
0.961,-0.074,-2.772
0.949,0.567,-2.428
1.183,1.195,-1.986
1.545,1.659,-1.673
1.886,1.881,-1.542
2.115,1.906,-1.474
2.223,1.863,-1.334
2.250,1.866,-1.069
2.247,1.955,-0.707
2.273,2.116,-0.298
2.374,2.346,0.093
2.567,2.649,0.373
2.808,2.997,0.464
3.007,3.291,0.368
3.086,3.427,0.201
3.032,3.376,0.124
2.919,3.224,0.235
2.855,3.100,0.511
2.925,3.064,0.805
3.141,3.072,0.930
3.450,3.030,0.772
3.755,2.912,0.384
3.967,2.792,-0.030
4.042,2.785,-0.252
4.017,2.932,-0.204
3.981,3.159,0.007
4.004,3.354,0.186
4.046,3.482,0.192
3.957,3.615,0.011
3.589,3.852,-0.242
2.948,4.205,-0.398
2.208,4.582,-0.324
1.575,4.866,-0.034
1.118,5.013,0.297
0.775,5.066,0.451
0.483,5.101,0.370
0.288,5.169,0.203
0.280,5.285,0.149
0.449,5.458,0.253
0.656,5.698,0.382
0.767,6.004,0.427
0.796,6.356,0.444
0.883,6.717,0.571
1.133,7.036,0.837
1.512,7.243,1.109
1.909,7.243,1.252
2.264,6.959,1.286
2.609,6.384,1.352
2.987,5.619,1.536
3.384,4.835,1.780
3.750,4.163,1.959
4.072,3.622,2.015
4.381,3.144,1.981
4.704,2.692,1.907
4.995,2.347,1.801
5.172,2.273,1.661
5.186,2.570,1.548
5.066,3.166,1.582
4.892,3.868,1.830
4.722,4.496,2.210
4.543,4.982,2.514
4.288,5.330,2.571
3.910,5.517,2.401
3.438,5.482,2.208
2.973,5.204,2.184
2.615,4.777,2.341
2.390,4.376,2.525
2.253,4.138,2.592
2.155,4.077,2.527
2.108,4.116,2.376
2.145,4.169,2.122
2.237,4.199,1.690
2.269,4.209,1.103
2.119,4.215,0.551
1.770,4.228,0.240
1.313,4.272,0.172
0.842,4.375,0.120
0.382,4.546,-0.132
-0.100,4.757,-0.549
-0.597,4.944,-0.879
-1.045,5.037,-0.924
-1.394,4.997,-0.763
-1.673,4.845,-0.671
-1.963,4.639,-0.833
-2.290,4.415,-1.169
-2.582,4.136,-1.422
-2.728,3.728,-1.429
-2.691,3.154,-1.265
-2.530,2.483,-1.150
-2.334,1.849,-1.217
-2.133,1.352,-1.372
-1.904,0.994,-1.381
-1.627,0.726,-1.093
-1.330,0.529,-0.596
-1.073,0.438,-0.160
-0.890,0.493,-0.031
-0.784,0.675,-0.231
-0.754,0.910,-0.530
-0.826,1.121,-0.629
-1.021,1.265,-0.380
-1.289,1.300,0.120
-1.500,1.182,0.654
-1.520,0.876,1.076
-1.299,0.402,1.374
-0.920,-0.180,1.568
-0.519,-0.810,1.606
-0.195,-1.430,1.419
0.036,-1.953,1.064
0.200,-2.239,0.750
0.314,-2.160,0.671
0.364,-1.719,0.810
0.325,-1.086,0.951
0.190,-0.512,0.885
-0.029,-0.166,0.585
-0.314,-0.092,0.176
-0.633,-0.275,-0.207
-0.944,-0.724,-0.493
-1.200,-1.429,-0.640
-1.391,-2.276,-0.615
-1.554,-3.040,-0.431
-1.742,-3.534,-0.185
-1.973,-3.762,-0.003
-2.208,-3.896,0.050
-2.400,-4.089,0.000
-2.543,-4.320,-0.094
-2.683,-4.445,-0.175
-2.854,-4.372,-0.193
-3.028,-4.158,-0.113
-3.130,-3.935,0.034
-3.122,-3.779,0.139
-3.051,-3.690,0.111
-3.016,-3.671,-0.012
-3.080,-3.772,-0.075
-3.228,-4.023,0.025
-3.419,-4.349,0.208
-3.641,-4.591,0.276
-3.900,-4.659,0.126
-4.167,-4.603,-0.156
-4.367,-4.552,-0.408
-4.455,-4.579,-0.586
-4.474,-4.652,-0.779
-4.517,-4.713,-1.064
-4.624,-4.757,-1.384
-4.737,-4.851,-1.612
-4.764,-5.051,-1.699
-4.677,-5.357,-1.700
-4.515,-5.729,-1.646
-4.316,-6.148,-1.461
-4.072,-6.636,-1.058
-3.760,-7.233,-0.498
-3.403,-7.930,0.016
-3.069,-8.642,0.325
-2.826,-9.213,0.475
-2.709,-9.497,0.648
-2.739,-9.436,0.945
-2.931,-9.099,1.290
-3.270,-8.633,1.530
-3.695,-8.169,1.604
-4.117,-7.764,1.588
-4.468,-7.416,1.607
-4.716,-7.117,1.741
-4.842,-6.876,1.969
-4.825,-6.681,2.182
-4.679,-6.489,2.224
-4.476,-6.234,2.023
-4.307,-5.874,1.693
-4.207,-5.411,1.511
-4.136,-4.873,1.689
-4.043,-4.292,2.161
-3.939,-3.705,2.605
-3.878,-3.173,2.719
-3.887,-2.778,2.463
-3.929,-2.585,2.036
-3.953,-2.628,1.660
-3.946,-2.885,1.428
-3.928,-3.284,1.338
-3.898,-3.716,1.376
-3.817,-4.061,1.488
-3.666,-4.245,1.519
-3.486,-4.288,1.282
-3.332,-4.294,0.759
-3.195,-4.392,0.182
-2.992,-4.655,-0.149
-2.646,-5.062,-0.168
-2.171,-5.533,-0.109
-1.668,-5.978,-0.241
-1.241,-6.320,-0.556
-0.931,-6.517,-0.789
-0.727,-6.553,-0.742
-0.612,-6.444,-0.546
-0.601,-6.215,-0.543
-0.716,-5.884,-0.928
-0.953,-5.449,-1.546
-1.269,-4.916,-2.071
-1.596,-4.345,-2.308
-1.869,-3.851,-2.298
-2.058,-3.552,-2.148
-2.179,-3.478,-1.895
-2.277,-3.551,-1.563
-2.377,-3.639,-1.274
-2.457,-3.660,-1.189
-2.473,-3.636,-1.308
-2.410,-3.657,-1.428
-2.312,-3.783,-1.372
-2.251,-3.997,-1.237
-2.266,-4.215,-1.325
-2.339,-4.339,-1.805
-2.419,-4.294,-2.495
-2.467,-4.040,-3.022
-2.475,-3.586,-3.181
-2.437,-3.009,-3.095
-2.322,-2.439,-3.044
-2.104,-1.985,-3.188
-1.786,-1.662,-3.478
-1.434,-1.402,-3.774
-1.134,-1.143,-3.999
-0.936,-0.899,-4.148
-0.827,-0.751,-4.235
-0.773,-0.745,-4.231
-0.774,-0.845,-4.069
-0.869,-0.981,-3.715
-1.088,-1.140,-3.237
-1.424,-1.377,-2.820
-1.842,-1.734,-2.650
-2.317,-2.138,-2.740
-2.838,-2.412,-2.862
-3.354,-2.403,-2.708
-3.766,-2.105,-2.171
-3.959,-1.667,-1.458
-3.880,-1.263,-0.904
-3.564,-0.953,-0.681
-3.085,-0.684,-0.699
-2.522,-0.397,-0.762
-1.941,-0.138,-0.755
-1.426,-0.026,-0.674
-1.076,-0.111,-0.525
-0.936,-0.301,-0.289
-0.948,-0.432,0.003
-0.973,-0.431,0.230
-0.893,-0.369,0.283
-0.686,-0.357,0.202
-0.405,-0.395,0.172
-0.083,-0.359,0.381
0.329,-0.122,0.860
0.917,0.323,1.478
1.699,0.892,2.032
2.564,1.501,2.370
3.314,2.118,2.435
3.788,2.717,2.292
3.938,3.227,2.108
3.823,3.571,2.068
3.541,3.746,2.254
3.202,3.837,2.559
2.906,3.932,2.749
2.730,4.027,2.635
2.665,4.037,2.232
2.603,3.905,1.773
2.384,3.693,1.539
1.934,3.545,1.662
1.343,3.570,2.034
0.831,3.749,2.399
0.591,3.964,2.544
0.669,4.099,2.432
0.943,4.105,2.194
1.211,4.006,2.016
1.309,3.842,2.010
1.175,3.662,2.168
0.849,3.534,2.398
0.430,3.547,2.613
0.010,3.769,2.792
-0.366,4.182,2.954
-0.713,4.683,3.120
-1.072,5.150,3.267
-1.452,5.517,3.380
-1.803,5.797,3.486
-2.023,6.020,3.626
-2.003,6.191,3.769
-1.673,6.298,3.797
-1.042,6.360,3.601
-0.221,6.442,3.234
0.593,6.608,2.900
1.201,6.854,2.786
1.509,7.102,2.897
1.563,7.276,3.082
1.485,7.373,3.208
1.363,7.464,3.289
1.221,7.617,3.414
1.083,7.821,3.585
1.027,8.003,3.682
1.145,8.100,3.590
1.431,8.110,3.346
1.763,8.082,3.127
1.994,8.051,3.093
2.066,8.014,3.242
2.018,7.939,3.415
1.877,7.799,3.413
1.614,7.584,3.135
1.203,7.287,2.647
0.696,6.892,2.148
0.212,6.388,1.858
-0.171,5.768,1.894
-0.482,5.038,2.182
-0.792,4.214,2.507
-1.120,3.330,2.652
-1.400,2.454,2.545
-1.580,1.690,2.293
-1.693,1.152,2.071
-1.836,0.908,1.975
-2.069,0.932,1.958
-2.352,1.127,1.903
-2.579,1.379,1.742
-2.668,1.615,1.515
-2.617,1.826,1.304
-2.488,2.024,1.133
-2.368,2.218,0.943
-2.323,2.411,0.683
-2.388,2.619,0.423
-2.572,2.873,0.324
-2.863,3.188,0.502
-3.239,3.532,0.874
-3.660,3.839,1.185
-4.071,4.047,1.219
-4.413,4.131,0.996
-4.656,4.113,0.756
-4.814,4.041,0.715
-4.944,3.965,0.819
-5.096,3.935,0.779
-5.265,3.983,0.376
-5.393,4.131,-0.251
-5.408,4.367,-0.697
-5.284,4.646,-0.717
-5.062,4.901,-0.534
-4.797,5.071,-0.663
-4.495,5.140,-1.348
-4.108,5.151,-2.251
-3.593,5.165,-2.745
-2.976,5.197,-2.551
-2.370,5.187,-2.020
-1.909,5.052,-1.735
-1.674,4.771,-1.885
-1.667,4.438,-2.131
-1.827,4.196,-2.058
-2.057,4.132,-1.683
-2.251,4.230,-1.385
-2.322,4.414,-1.422
-2.251,4.636,-1.639
-2.102,4.903,-1.715
-1.980,5.231,-1.583
-1.945,5.613,-1.498
-1.966,6.023,-1.659
-1.959,6.437,-1.931
-1.859,6.821,-2.005
-1.672,7.081,-1.787
-1.445,7.081,-1.515
-1.225,6.730,-1.474
-1.048,6.072,-1.677
-0.956,5.296,-1.891
-0.985,4.610,-1.924
-1.132,4.131,-1.794
-1.346,3.844,-1.625
-1.566,3.684,-1.479
-1.789,3.605,-1.353
-2.059,3.605,-1.270
-2.403,3.676,-1.276
-2.767,3.778,-1.329
-3.045,3.840,-1.279
-3.166,3.794,-1.033
-3.155,3.603,-0.702
-3.097,3.262,-0.523
-3.068,2.812,-0.604
-3.077,2.326,-0.803
-3.082,1.885,-0.881
-3.027,1.525,-0.757
-2.867,1.214,-0.556
-2.580,0.887,-0.437
-2.183,0.496,-0.403
-1.746,0.052,-0.327
-1.372,-0.401,-0.124
-1.141,-0.821,0.136
-1.077,-1.178,0.307
-1.145,-1.447,0.309
-1.306,-1.606,0.193
-1.541,-1.657,0.085
-1.851,-1.651,0.095
-2.213,-1.665,0.259
-2.564,-1.752,0.522
-2.809,-1.895,0.772
-2.851,-2.039,0.913
-2.631,-2.142,0.953
-2.160,-2.228,1.009
-1.524,-2.356,1.204
-0.858,-2.562,1.532
-0.272,-2.816,1.844
0.206,-3.036,1.978
0.625,-3.147,1.904
1.034,-3.131,1.718
1.422,-3.031,1.541
1.714,-2.918,1.406
1.833,-2.845,1.282
1.756,-2.817,1.134
1.518,-2.809,0.941
1.188,-2.788,0.700
0.832,-2.745,0.437
0.515,-2.690,0.243
0.282,-2.638,0.228
0.143,-2.572,0.414
0.070,-2.458,0.669
0.034,-2.272,0.792
0.046,-2.040,0.697
0.149,-1.829,0.474
0.369,-1.714,0.293
0.675,-1.738,0.228
1.002,-1.896,0.211
1.313,-2.151,0.144
1.616,-2.434,0.013
1.921,-2.671,-0.113
2.167,-2.808,-0.178
2.239,-2.831,-0.215
2.068,-2.777,-0.298
1.694,-2.702,-0.453
1.248,-2.636,-0.609
0.847,-2.576,-0.662
0.540,-2.512,-0.576
0.327,-2.454,-0.440
0.217,-2.416,-0.393
0.228,-2.385,-0.499
0.351,-2.317,-0.685
0.528,-2.167,-0.816
0.696,-1.945,-0.835
0.843,-1.715,-0.810
1.008,-1.543,-0.849
1.230,-1.442,-0.974
1.503,-1.361,-1.096
1.790,-1.245,-1.118
2.066,-1.096,-1.038
2.328,-0.979,-0.951
2.577,-0.970,-0.947
2.784,-1.089,-1.024
2.913,-1.294,-1.086
2.949,-1.530,-1.041
2.945,-1.774,-0.905
2.988,-2.044,-0.812
3.150,-2.356,-0.916
3.445,-2.693,-1.257
3.831,-2.997,-1.714
4.252,-3.211,-2.083
4.668,-3.311,-2.234
5.035,-3.317,-2.189
5.281,-3.273,-2.082
5.308,-3.209,-2.041
5.066,-3.114,-2.126
4.611,-2.937,-2.324
4.095,-2.635,-2.588
3.664,-2.221,-2.837
3.378,-1.783,-2.977
3.216,-1.425,-2.948
3.139,-1.200,-2.780
3.132,-1.063,-2.584
3.182,-0.921,-2.464
3.239,-0.700,-2.419
3.237,-0.408,-2.345
3.161,-0.127,-2.156
3.062,0.037,-1.877
3.007,0.017,-1.623
2.993,-0.185,-1.454
2.950,-0.494,-1.298
2.804,-0.803,-1.057
2.552,-1.039,-0.768
2.245,-1.209,-0.624
1.925,-1.380,-0.759
1.573,-1.612,-1.031
1.139,-1.899,-1.087
0.599,-2.180,-0.713
0.008,-2.408,-0.111
-0.525,-2.602,0.227
-0.884,-2.830,-0.030
-0.993,-3.140,-0.734
-0.837,-3.511,-1.393
-0.458,-3.861,-1.613
0.066,-4.081,-1.399
0.630,-4.064,-1.054
1.130,-3.726,-0.847
1.477,-3.047,-0.815
1.630,-2.131,-0.840
1.618,-1.206,-0.840
1.513,-0.533,-0.837
1.379,-0.248,-0.867
1.242,-0.289,-0.894
1.106,-0.463,-0.833
1.008,-0.588,-0.645
1.025,-0.610,-0.388
1.213,-0.582,-0.163
1.537,-0.573,-0.034
1.878,-0.597,0.004
2.128,-0.630,0.005
2.270,-0.665,0.018
2.354,-0.737,0.055
2.413,-0.885,0.093
2.403,-1.106,0.089
2.250,-1.343,0.007
1.925,-1.534,-0.149
1.461,-1.662,-0.337
0.904,-1.746,-0.484
0.250,-1.796,-0.526
-0.509,-1.796,-0.430
-1.316,-1.746,-0.201
-2.021,-1.715,0.116
-2.442,-1.822,0.435
-2.478,-2.140,0.659
-2.159,-2.611,0.731
-1.631,-3.064,0.682
-1.074,-3.329,0.605
-0.635,-3.342,0.585
-0.384,-3.147,0.617
-0.323,-2.820,0.614
-0.408,-2.414,0.511
-0.583,-1.971,0.344
-0.804,-1.558,0.225
-1.033,-1.269,0.218
-1.241,-1.169,0.270
-1.395,-1.245,0.266
-1.464,-1.411,0.164
-1.420,-1.563,0.063
-1.246,-1.639,0.101
-0.951,-1.645,0.301
-0.587,-1.637,0.532
-0.238,-1.655,0.624
0.017,-1.689,0.523
0.155,-1.670,0.303
0.233,-1.518,0.053
0.345,-1.200,-0.226
0.552,-0.732,-0.583
0.851,-0.153,-1.004
1.192,0.499,-1.358
1.545,1.180,-1.506
1.930,1.814,-1.407
2.382,2.320,-1.139
2.894,2.671,-0.814
3.403,2.900,-0.514
3.830,3.048,-0.296
4.139,3.081,-0.210
4.340,2.914,-0.264
4.459,2.502,-0.367
4.491,1.927,-0.362
4.424,1.362,-0.149
4.283,0.940,0.217
4.130,0.661,0.565
4.014,0.421,0.747
3.924,0.130,0.755
3.798,-0.217,0.687
3.594,-0.564,0.657
3.341,-0.864,0.703
3.115,-1.125,0.782
2.981,-1.374,0.826
2.958,-1.614,0.779
3.044,-1.804,0.616
3.237,-1.884,0.358
3.529,-1.820,0.078
3.873,-1.627,-0.099
4.176,-1.372,-0.056
4.342,-1.157,0.234
4.327,-1.058,0.655
4.169,-1.090,0.998
3.958,-1.196,1.124
3.781,-1.272,1.066
3.687,-1.221,1.002
3.671,-1.004,1.072
3.671,-0.652,1.252
3.601,-0.257,1.397
3.394,0.062,1.396
3.057,0.223,1.274
2.681,0.228,1.130
2.387,0.155,1.019
2.233,0.088,0.915
2.183,0.035,0.783
2.142,-0.077,0.642
2.050,-0.302,0.549
1.918,-0.591,0.557
1.780,-0.800,0.694
1.631,-0.825,0.961
1.412,-0.716,1.304
1.059,-0.626,1.588
0.570,-0.664,1.670
0.001,-0.793,1.529
-0.578,-0.896,1.329
-1.105,-0.913,1.306
-1.532,-0.895,1.557
-1.830,-0.923,1.934
-2.014,-1.016,2.142
-2.130,-1.133,1.968
-2.200,-1.238,1.456
-2.165,-1.340,0.889
-1.926,-1.431,0.594
-1.468,-1.443,0.737
-0.930,-1.307,1.240
-0.521,-1.056,1.895
-0.339,-0.847,2.529
-0.309,-0.838,3.057
-0.289,-1.041,3.396
-0.222,-1.302,3.409
-0.149,-1.431,3.020
-0.106,-1.345,2.368
-0.047,-1.088,1.773
0.091,-0.739,1.470
0.302,-0.330,1.385
0.518,0.143,1.246
0.713,0.647,0.881
0.921,1.093,0.383
1.147,1.401,-0.055
1.277,1.581,-0.351
1.147,1.727,-0.547
0.718,1.917,-0.656
0.142,2.127,-0.658
-0.356,2.258,-0.635
-0.653,2.233,-0.810
-0.773,2.062,-1.284
-0.780,1.786,-1.798
-0.688,1.395,-1.884
-0.504,0.837,-1.356
-0.313,0.118,-0.565
-0.259,-0.628,-0.089
-0.409,-1.217,-0.165
-0.667,-1.562,-0.524
-0.837,-1.738,-0.785
-0.812,-1.875,-0.918
-0.681,-2.013,-1.225
-0.638,-2.100,-1.884
-0.797,-2.110,-2.644
-1.084,-2.133,-3.037
-1.307,-2.320,-2.888
-1.336,-2.742,-2.513
-1.183,-3.308,-2.401
-0.967,-3.812,-2.708
-0.818,-4.035,-3.110
-0.829,-3.812,-3.172
-1.074,-3.084,-2.800
-1.573,-1.955,-2.333
-2.223,-0.706,-2.170
-2.788,0.292,-2.358
-3.043,0.778,-2.577
-2.961,0.744,-2.522
-2.736,0.421,-2.237
-2.575,0.117,-2.025
-2.477,0.043,-2.066
-2.244,0.226,-2.215
-1.714,0.526,-2.182
-0.950,0.712,-1.880
-0.193,0.577,-1.516
0.338,0.068,-1.343
0.575,-0.652,-1.398
0.549,-1.282,-1.522
0.326,-1.565,-1.582
0.031,-1.463,-1.601
-0.116,-1.156,-1.673
0.084,-0.878,-1.816
0.612,-0.736,-1.962
1.175,-0.665,-2.058
1.422,-0.549,-2.129
1.220,-0.375,-2.206
0.733,-0.281,-2.256
0.232,-0.449,-2.196
-0.103,-0.947,-1.978
-0.201,-1.682,-1.630
-0.001,-2.468,-1.262
0.561,-3.148,-1.014
1.431,-3.630,-0.971
2.374,-3.851,-1.073
3.086,-3.760,-1.105
3.407,-3.391,-0.861
3.415,-2.915,-0.363
3.280,-2.583,0.105
3.066,-2.556,0.256
2.660,-2.773,0.121
1.913,-3.031,0.050
0.829,-3.184,0.355
-0.373,-3.267,0.971
-1.372,-3.397,1.518
-1.931,-3.605,1.693
-2.008,-3.774,1.548
-1.720,-3.778,1.388
-1.227,-3.644,1.454
-0.645,-3.541,1.750
-0.069,-3.597,2.135
0.379,-3.758,2.483
0.577,-3.858,2.739
0.519,-3.817,2.890
0.376,-3.763,2.958
0.382,-3.907,2.995
0.619,-4.311,3.038
0.892,-4.779,3.049
0.879,-5.011,2.948
0.401,-4.859,2.734
-0.439,-4.438,2.515
-1.352,-3.997,2.402
-2.105,-3.678,2.412
-2.624,-3.421,2.503
-2.942,-3.077,2.645
-3.077,-2.592,2.793
-3.027,-2.079,2.775
-2.838,-1.710,2.365
-2.621,-1.569,1.564
-2.489,-1.606,0.758
-2.471,-1.701,0.454
-2.515,-1.737,0.798
-2.575,-1.629,1.424
-2.668,-1.307,1.826
-2.846,-0.755,1.829
-3.116,-0.062,1.631
-3.403,0.583,1.418
-3.585,0.976,1.120
-3.587,1.026,0.592
-3.436,0.803,-0.057
-3.239,0.485,-0.503
-3.101,0.243,-0.571
-3.066,0.174,-0.469
-3.109,0.284,-0.576
-3.188,0.511,-1.029
-3.272,0.759,-1.613
-3.325,0.936,-1.988
-3.264,0.997,-1.975
-2.996,0.964,-1.614
-2.495,0.914,-1.074
-1.868,0.928,-0.569
-1.295,1.060,-0.303
-0.913,1.322,-0.353
-0.751,1.682,-0.583
-0.782,2.053,-0.726
-0.967,2.304,-0.626
-1.256,2.323,-0.394
-1.539,2.115,-0.270
-1.682,1.827,-0.365
-1.643,1.661,-0.570
-1.517,1.725,-0.731
-1.455,1.947,-0.841
-1.495,2.159,-1.029
-1.524,2.240,-1.394
-1.394,2.199,-1.896
-1.070,2.116,-2.416
-0.654,2.035,-2.875
-0.268,1.910,-3.259
0.034,1.659,-3.576
0.257,1.256,-3.806
0.397,0.760,-3.912
0.426,0.294,-3.867
0.320,-0.020,-3.666
0.092,-0.105,-3.353
-0.227,0.047,-3.013
-0.596,0.397,-2.754
-0.971,0.868,-2.620
-1.282,1.380,-2.550
-1.455,1.860,-2.421
-1.438,2.251,-2.173
-1.232,2.533,-1.884
-0.903,2.728,-1.699
-0.587,2.894,-1.698
-0.451,3.084,-1.814
-0.610,3.303,-1.889
-1.040,3.500,-1.804
-1.571,3.589,-1.573
-2.014,3.511,-1.327
-2.287,3.286,-1.225
-2.438,3.016,-1.370
-2.529,2.836,-1.755
-2.525,2.831,-2.263
-2.324,2.983,-2.684
-1.881,3.200,-2.799
-1.294,3.394,-2.513
-0.724,3.533,-1.932
-0.262,3.634,-1.340
0.126,3.735,-1.017
0.515,3.856,-1.065
0.925,3.996,-1.354
1.303,4.086,-1.646
1.619,3.979,-1.767
1.920,3.486,-1.704
2.295,2.527,-1.559
2.778,1.266,-1.444
3.320,0.073,-1.392
3.849,-0.693,-1.347
4.341,-0.907,-1.225
4.812,-0.713,-1.005
5.254,-0.363,-0.773
5.595,-0.040,-0.682
5.733,0.199,-0.829
5.622,0.356,-1.149
5.278,0.444,-1.421
4.757,0.481,-1.430
4.122,0.486,-1.147
3.464,0.432,-0.756
2.917,0.230,-0.484
2.624,-0.175,-0.376
2.647,-0.680,-0.238
2.914,-1.013,0.163
3.265,-0.935,0.847
3.574,-0.453,1.557
3.813,0.171,1.966
4.024,0.636,1.933
4.241,0.842,1.581
4.439,0.919,1.143
4.562,1.050,0.779
4.576,1.302,0.533
4.479,1.602,0.401
4.290,1.829,0.375
4.033,1.878,0.428
3.751,1.677,0.493
3.515,1.209,0.508
3.383,0.575,0.492
3.360,-0.002,0.541
3.402,-0.287,0.738
3.464,-0.208,1.062
3.546,0.093,1.388
3.664,0.396,1.555
3.800,0.583,1.476
3.899,0.712,1.212
3.919,0.910,0.963
3.869,1.225,0.950
3.768,1.574,1.236
3.574,1.828,1.650
3.210,1.907,1.889
2.668,1.818,1.756
2.090,1.630,1.323
1.701,1.422,0.863
1.646,1.246,0.637
1.901,1.122,0.705
2.313,1.029,0.935
2.726,0.919,1.149
3.040,0.753,1.266
3.201,0.535,1.349
3.194,0.328,1.493
3.062,0.216,1.692
2.909,0.244,1.799
2.841,0.385,1.655
2.880,0.545,1.291
2.970,0.604,0.972
3.056,0.483,0.989
3.143,0.178,1.371
3.272,-0.228,1.824
3.442,-0.605,1.999
3.588,-0.836,1.820
3.631,-0.882,1.517
3.542,-0.790,1.356
3.351,-0.640,1.368
3.118,-0.476,1.377
2.918,-0.299,1.215
2.838,-0.118,0.902
2.956,-0.006,0.576
3.286,-0.073,0.348
3.757,-0.374,0.237
4.245,-0.839,0.210
4.661,-1.308,0.243
4.990,-1.640,0.311
5.244,-1.796,0.380
5.401,-1.830,0.408
5.390,-1.818,0.366
5.158,-1.783,0.231
4.730,-1.698,0.004
4.226,-1.526,-0.251
3.787,-1.261,-0.390
3.501,-0.938,-0.276
3.368,-0.603,0.083
3.312,-0.289,0.511
3.225,-0.022,0.784
3.035,0.187,0.814
2.748,0.344,0.694
2.448,0.480,0.574
2.223,0.632,0.520
2.087,0.794,0.492
1.958,0.884,0.425
1.746,0.793,0.283
1.437,0.483,0.050
1.097,0.042,-0.285
0.792,-0.375,-0.681
0.527,-0.653,-1.022
0.264,-0.766,-1.177
-0.003,-0.754,-1.111
-0.221,-0.662,-0.925
-0.336,-0.531,-0.748
-0.353,-0.428,-0.637
-0.321,-0.425,-0.582
-0.269,-0.548,-0.595
-0.169,-0.735,-0.730
0.031,-0.881,-0.979
0.353,-0.913,-1.204
0.763,-0.828,-1.225
1.202,-0.657,-1.006
1.627,-0.431,-0.714
2.008,-0.178,-0.545
2.323,0.063,-0.517
2.550,0.276,-0.469
2.682,0.486,-0.276
2.735,0.762,-0.016
2.758,1.138,0.097
2.824,1.552,-0.047
3.003,1.867,-0.337
3.312,1.969,-0.549
3.687,1.845,-0.562
4.007,1.586,-0.440
4.173,1.295,-0.326
4.179,1.025,-0.320
4.098,0.772,-0.453
4.006,0.522,-0.740
3.928,0.272,-1.169
3.848,0.010,-1.636
3.745,-0.299,-1.936
3.605,-0.682,-1.898
3.387,-1.096,-1.559
3.021,-1.418,-1.170
2.470,-1.528,-0.987
1.799,-1.413,-1.035
1.180,-1.209,-1.095
0.787,-1.099,-0.941
0.677,-1.168,-0.573
0.750,-1.338,-0.199
0.840,-1.447,0.003
0.824,-1.390,0.078
0.692,-1.203,0.219
0.515,-0.996,0.528
0.376,-0.841,0.879
0.312,-0.706,1.031
0.300,-0.519,0.853
0.280,-0.261,0.430
0.197,0.004,-0.005
0.037,0.197,-0.245
-0.169,0.294,-0.232
-0.360,0.332,-0.074
-0.480,0.354,0.038
-0.503,0.364,-0.016
-0.446,0.351,-0.175
-0.374,0.315,-0.235
-0.376,0.253,-0.049
-0.519,0.128,0.300
-0.795,-0.123,0.550
-1.097,-0.526,0.521
-1.298,-1.006,0.323
-1.357,-1.422,0.267
-1.364,-1.650,0.549
-1.457,-1.647,1.048
-1.691,-1.428,1.434
-1.985,-1.028,1.495
-2.196,-0.508,1.342
-2.260,0.013,1.297
-2.223,0.383,1.584
-2.174,0.506,2.118
-2.142,0.426,2.591
-2.085,0.303,2.750
-1.955,0.289,2.624
-1.759,0.422,2.465
-1.549,0.615,2.508
-1.389,0.742,2.768
-1.315,0.748,3.099
-1.336,0.682,3.382
-1.424,0.667,3.649
-1.520,0.801,3.988
-1.540,1.085,4.386
-1.422,1.417,4.700
-1.161,1.676,4.798
-0.828,1.830,4.672
-0.522,1.969,4.423
-0.328,2.223,4.143
-0.289,2.634,3.868
-0.396,3.098,3.607
-0.610,3.425,3.371
-0.875,3.461,3.156
-1.137,3.176,2.948
-1.352,2.665,2.779
-1.491,2.085,2.756
-1.555,1.574,2.965
-1.586,1.198,3.326
-1.640,0.946,3.605
-1.748,0.779,3.598
-1.868,0.690,3.318
-1.926,0.717,2.952
-1.884,0.905,2.663
-1.799,1.229,2.470
-1.781,1.595,2.324
-1.904,1.884,2.214
-2.153,2.028,2.162
-2.451,2.021,2.127
-2.732,1.898,2.019
-2.978,1.703,1.850
-3.203,1.495,1.774
-3.424,1.339,1.944
-3.657,1.279,2.280
-3.910,1.315,2.488
-4.177,1.416,2.347
-4.420,1.575,1.956
-4.587,1.807,1.659
-4.652,2.113,1.709
-4.646,2.440,2.036
-4.621,2.715,2.338
-4.602,2.914,2.374
-4.579,3.099,2.147
-4.535,3.343,1.821
-4.499,3.641,1.555
-4.532,3.898,1.398
-4.675,4.045,1.307
-4.905,4.115,1.202
-5.130,4.229,0.992
-5.262,4.475,0.627
-5.254,4.830,0.163
-5.126,5.208,-0.241
-4.936,5.561,-0.438
-4.746,5.898,-0.441
-4.603,6.225,-0.414
-4.529,6.464,-0.519
-4.513,6.490,-0.769
-4.511,6.251,-1.042
-4.467,5.838,-1.225
-4.350,5.431,-1.288
-4.183,5.153,-1.249
-4.017,5.003,-1.112
-3.907,4.902,-0.900
-3.873,4.802,-0.705
-3.918,4.732,-0.647
-4.038,4.738,-0.739
-4.216,4.821,-0.837
-4.399,4.923,-0.782
-4.526,4.968,-0.590
-4.570,4.918,-0.433
-4.563,4.772,-0.447
-4.568,4.554,-0.581
-4.598,4.301,-0.679
-4.589,4.045,-0.675
-4.458,3.798,-0.644
-4.187,3.541,-0.650
-3.858,3.260,-0.616
-3.589,2.975,-0.405
-3.445,2.750,-0.016
-3.403,2.645,0.349
-3.380,2.667,0.472
-3.311,2.752,0.332
-3.189,2.820,0.115
-3.052,2.816,0.021
-2.941,2.721,0.099
-2.862,2.542,0.259
-2.775,2.292,0.399
-2.621,1.996,0.486
-2.358,1.689,0.514
-1.998,1.411,0.452
-1.597,1.181,0.267
-1.234,1.011,-0.012
-0.973,0.916,-0.256
-0.838,0.916,-0.320
-0.824,1.006,-0.155
-0.906,1.108,0.141
-1.056,1.108,0.381
-1.244,0.935,0.424
-1.444,0.640,0.258
-1.645,0.366,-0.003
-1.855,0.229,-0.205
-2.084,0.214,-0.245
-2.308,0.177,-0.105
-2.465,-0.023,0.146
-2.487,-0.418,0.387
-2.354,-0.933,0.480
-2.118,-1.459,0.349
-1.872,-1.934,0.064
-1.681,-2.342,-0.178
-1.555,-2.682,-0.180
-1.453,-2.943,0.100
-1.331,-3.118,0.512
-1.154,-3.221,0.854
-0.914,-3.270,1.035
-0.617,-3.290,1.111
-0.288,-3.310,1.176
0.042,-3.364,1.265
0.361,-3.464,1.369
0.676,-3.568,1.526
0.985,-3.594,1.805
1.252,-3.496,2.185
1.411,-3.316,2.497
1.419,-3.162,2.569
1.300,-3.117,2.422
1.122,-3.177,2.289
0.947,-3.280,2.376
0.805,-3.375,2.622
0.705,-3.455,2.776
0.663,-3.530,2.688
0.693,-3.586,2.489
0.774,-3.617,2.422
0.844,-3.661,2.538
0.844,-3.789,2.639
0.758,-4.033,2.517
0.618,-4.327,2.196
0.474,-4.531,1.901
0.351,-4.543,1.809
0.235,-4.385,1.899
0.083,-4.185,2.031
-0.172,-4.089,2.104
-0.587,-4.162,2.091
-1.157,-4.352,1.987
-1.805,-4.538,1.794
-2.412,-4.599,1.569
-2.882,-4.515,1.425
-3.181,-4.378,1.425
-3.298,-4.349,1.502
-3.225,-4.540,1.491
-2.973,-4.934,1.289
-2.619,-5.382,0.933
-2.278,-5.715,0.569
-2.025,-5.860,0.348
-1.836,-5.877,0.323
-1.643,-5.883,0.428
-1.420,-5.943,0.509
-1.218,-6.009,0.439
-1.090,-5.972,0.223
-1.036,-5.762,0.023
-1.023,-5.405,0.027
-1.049,-4.998,0.271
-1.145,-4.634,0.591
-1.306,-4.334,0.769
-1.456,-4.064,0.724
-1.501,-3.772,0.576
-1.418,-3.424,0.512
-1.279,-3.019,0.616
-1.172,-2.591,0.815
-1.139,-2.209,0.957
-1.153,-1.948,0.933
-1.167,-1.834,0.732
-1.144,-1.823,0.405
-1.068,-1.842,0.016
-0.945,-1.867,-0.379
-0.819,-1.942,-0.712
-0.750,-2.122,-0.930
-0.777,-2.397,-1.042
-0.892,-2.685,-1.131
-1.061,-2.905,-1.283
-1.260,-3.036,-1.494
-1.495,-3.098,-1.665
-1.775,-3.096,-1.735
-2.070,-3.009,-1.789
-2.318,-2.828,-1.997
-2.456,-2.589,-2.415
-2.466,-2.337,-2.888
-2.369,-2.077,-3.155
-2.205,-1.784,-3.090
-2.008,-1.462,-2.791
-1.803,-1.174,-2.462
-1.625,-0.986,-2.251
-1.525,-0.885,-2.217
-1.537,-0.774,-2.378
-1.650,-0.564,-2.716
-1.791,-0.259,-3.127
-1.896,0.050,-3.426
-1.958,0.282,-3.486
-2.042,0.436,-3.370
-2.205,0.582,-3.292
-2.415,0.776,-3.406
-2.564,1.016,-3.655
-2.568,1.259,-3.828
-2.456,1.467,-3.765
-2.346,1.612,-3.495
-2.346,1.674,-3.196
-2.461,1.651,-3.043
-2.624,1.582,-3.064
-2.770,1.545,-3.152
-2.904,1.607,-3.171
-3.072,1.766,-3.106
-3.293,1.948,-3.074
-3.526,2.078,-3.204
-3.708,2.152,-3.481
-3.801,2.238,-3.725
-3.824,2.399,-3.757
-3.814,2.620,-3.572
-3.785,2.799,-3.344
-3.721,2.806,-3.224
-3.603,2.578,-3.182
-3.446,2.163,-3.057
-3.300,1.708,-2.781
-3.214,1.381,-2.479
-3.216,1.274,-2.361
-3.301,1.341,-2.487
-3.443,1.423,-2.702
-3.604,1.356,-2.795
-3.726,1.074,-2.723
-3.737,0.649,-2.639
-3.579,0.219,-2.727
-3.235,-0.105,-3.000
-2.751,-0.301,-3.292
-2.199,-0.401,-3.421
-1.653,-0.450,-3.348
-1.157,-0.467,-3.186
-0.739,-0.459,-3.072
-0.430,-0.421,-3.037
-0.267,-0.314,-3.012
-0.266,-0.078,-2.918
-0.397,0.328,-2.749
-0.583,0.848,-2.563
-0.726,1.336,-2.433
-0.742,1.639,-2.389
-0.597,1.711,-2.424
-0.315,1.627,-2.513
0.022,1.504,-2.630
0.301,1.395,-2.759
0.427,1.260,-2.877
0.382,1.043,-2.954
0.246,0.743,-2.957
0.149,0.423,-2.865
0.175,0.151,-2.676
0.301,-0.033,-2.403
0.428,-0.110,-2.044
0.464,-0.048,-1.577
0.386,0.163,-0.989
0.237,0.451,-0.308
0.074,0.641,0.391
-0.060,0.561,1.011
-0.148,0.177,1.436
-0.193,-0.366,1.529
-0.226,-0.862,1.188
-0.287,-1.186,0.465
-0.398,-1.366,-0.325
-0.539,-1.497,-0.717
-0.669,-1.631,-0.387
-0.781,-1.745,0.583
-0.900,-1.807,1.726
-1.041,-1.819,2.488
-1.149,-1.809,2.529
-1.130,-1.770,1.821
-0.937,-1.648,0.548
-0.625,-1.394,-0.964
-0.308,-1.015,-2.253
-0.068,-0.583,-2.820
0.085,-0.184,-2.418
0.170,0.130,-1.341
0.166,0.357,-0.358
0.030,0.511,-0.203
-0.226,0.610,-1.003
-0.496,0.683,-2.150
-0.648,0.803,-2.753
-0.639,1.082,-2.281
-0.548,1.611,-0.895
-0.480,2.357,0.730
-0.435,3.118,1.871
-0.285,3.615,2.136
0.116,3.664,1.577
0.787,3.309,0.562
1.560,2.795,-0.408
2.173,2.412,-0.851
2.420,2.328,-0.410
2.252,2.530,0.944
1.776,2.872,2.692
1.179,3.188,3.808
0.633,3.377,3.339
0.227,3.422,1.239
-0.048,3.384,-1.335
-0.281,3.347,-2.776
-0.558,3.351,-2.321
-0.903,3.371,-0.647
-1.249,3.337,0.838
-1.501,3.209,1.266
-1.606,3.004,0.863
-1.579,2.764,0.383
-1.470,2.496,0.249
-1.329,2.195,0.375
-1.204,1.931,0.598
-1.151,1.902,1.002
-1.193,2.313,1.707
-1.252,3.144,2.536
-1.175,4.047,3.045
-0.868,4.552,2.907
-0.438,4.444,2.172
-0.146,3.983,1.200
-0.178,3.703,0.410
-0.469,3.963,0.057
-0.749,4.653,0.131
-0.780,5.330,0.402
-0.537,5.606,0.615
-0.168,5.396,0.705
0.173,4.850,0.776
0.439,4.129,0.853
0.664,3.329,0.744
0.875,2.574,0.294
1.056,2.072,-0.283
1.164,1.992,-0.484
1.167,2.262,-0.061
1.063,2.553,0.617
0.872,2.526,0.889
0.627,2.107,0.466
0.353,1.533,-0.309
0.074,1.138,-0.867
-0.159,1.065,-0.947
-0.262,1.197,-0.659
-0.176,1.298,-0.192
0.039,1.244,0.337
0.198,1.102,0.746
0.111,1.032,0.751
-0.258,1.125,0.289
-0.766,1.328,-0.215
-1.222,1.507,-0.095
-1.537,1.563,0.879
-1.743,1.486,2.146
-1.906,1.337,2.775
-2.063,1.185,2.299
-2.226,1.091,1.103
-2.395,1.084,0.030
-2.529,1.129,-0.361
-2.501,1.087,-0.168
-2.160,0.765,0.120
-1.462,0.062,0.158
-0.553,-0.896,0.036
0.309,-1.806,0.090
0.912,-2.399,0.470
1.202,-2.649,0.934
1.270,-2.749,1.084
1.258,-2.873,0.840
1.282,-2.975,0.606
1.408,-2.859,0.887
1.663,-2.433,1.711
2.051,-1.877,2.505
2.554,-1.492,2.640
3.127,-1.401,2.085
3.677,-1.421,1.437
4.101,-1.268,1.265
4.357,-0.879,1.508
4.527,-0.503,1.608
4.779,-0.451,1.200
5.227,-0.799,0.544
5.825,-1.341,0.198
6.400,-1.816,0.337
6.803,-2.148,0.560
7.008,-2.415,0.380
7.077,-2.664,-0.153
7.060,-2.795,-0.472
6.959,-2.701,-0.121
6.785,-2.451,0.710
6.586,-2.291,1.340
6.377,-2.408,1.264
6.052,-2.715,0.592
5.427,-2.923,-0.138
4.436,-2.814,-0.505
3.263,-2.450,-0.510
2.265,-2.096,-0.418
1.705,-1.947,-0.419
1.572,-1.971,-0.499
1.635,-1.993,-0.571
1.669,-1.909,-0.638
1.619,-1.771,-0.783
1.566,-1.678,-1.052
1.598,-1.636,-1.368
1.734,-1.562,-1.573
1.976,-1.434,-1.560
2.362,-1.359,-1.382
2.928,-1.486,-1.236
3.618,-1.841,-1.302
4.267,-2.297,-1.582
4.712,-2.692,-1.867
4.932,-2.978,-1.912
5.044,-3.207,-1.661
5.162,-3.407,-1.297
5.227,-3.506,-1.071
5.034,-3.389,-1.102
4.402,-3.033,-1.307
3.364,-2.545,-1.523
2.169,-2.071,-1.645
1.115,-1.675,-1.668
0.356,-1.328,-1.641
-0.132,-0.990,-1.591
-0.443,-0.703,-1.508
-0.635,-0.586,-1.400
-0.712,-0.741,-1.328
-0.700,-1.166,-1.366
-0.693,-1.748,-1.500
-0.799,-2.337,-1.593
-1.051,-2.824,-1.492
-1.386,-3.177,-1.220
-1.699,-3.416,-1.021
-1.934,-3.559,-1.159
-2.100,-3.598,-1.668
-2.219,-3.520,-2.292
-2.259,-3.348,-2.721
-2.135,-3.160,-2.843
-1.788,-3.059,-2.775
-1.252,-3.116,-2.681
-0.644,-3.322,-2.597
-0.085,-3.601,-2.478
0.387,-3.860,-2.325
0.812,-4.035,-2.234
1.230,-4.081,-2.299
1.614,-3.930,-2.511
1.880,-3.510,-2.755
1.978,-2.821,-2.893
1.946,-2.019,-2.843
1.869,-1.395,-2.590
1.789,-1.215,-2.184
1.673,-1.518,-1.722
1.468,-2.063,-1.307
1.169,-2.474,-0.978
0.837,-2.477,-0.701
0.555,-2.057,-0.446
0.392,-1.432,-0.293
0.403,-0.881,-0.387
0.619,-0.575,-0.745
1.006,-0.512,-1.130
1.430,-0.569,-1.211
1.704,-0.620,-0.905
1.703,-0.627,-0.501
1.450,-0.651,-0.378
1.081,-0.786,-0.572
0.728,-1.066,-0.741
0.433,-1.437,-0.566
0.160,-1.814,-0.153
-0.128,-2.149,0.089
-0.426,-2.449,-0.070
-0.681,-2.722,-0.412
-0.833,-2.953,-0.533
-0.838,-3.133,-0.292
-0.705,-3.298,0.084
-0.504,-3.491,0.306
-0.348,-3.663,0.305
-0.318,-3.660,0.173
-0.399,-3.355,-0.055
-0.473,-2.810,-0.418
-0.411,-2.258,-0.858
-0.165,-1.896,-1.145
0.189,-1.695,-1.065
0.508,-1.459,-0.657
0.665,-1.063,-0.193
0.619,-0.596,0.077
0.436,-0.230,0.126
0.247,-0.012,0.133
0.177,0.197,0.291
0.274,0.532,0.663
0.485,0.954,1.163
0.725,1.296,1.634
0.958,1.458,1.940
1.218,1.500,2.046
1.555,1.536,2.041
1.960,1.571,2.044
2.362,1.508,2.101
2.671,1.295,2.145
2.825,1.020,2.096
2.778,0.825,1.960
2.519,0.747,1.834
2.098,0.667,1.783
1.662,0.440,1.765
1.400,0.030,1.678
1.421,-0.453,1.473
1.681,-0.863,1.208
2.035,-1.127,1.007
2.366,-1.285,1.004
2.651,-1.424,1.309
2.918,-1.584,1.939
3.158,-1.689,2.727
3.310,-1.584,3.327
3.327,-1.144,3.420
3.248,-0.394,2.993
3.175,0.482,2.392
3.189,1.258,2.032
3.300,1.808,2.045
3.481,2.149,2.230
3.723,2.352,2.336
4.042,2.441,2.346
4.418,2.393,2.421
4.762,2.210,2.624
4.962,1.976,2.818
4.991,1.803,2.833
4.937,1.740,2.679
4.930,1.731,2.512
5.015,1.656,2.397
5.103,1.418,2.213
5.060,0.989,1.808
4.825,0.412,1.222
4.466,-0.220,0.690
4.119,-0.803,0.422
3.898,-1.256,0.418
3.842,-1.577,0.476
3.916,-1.830,0.386
4.030,-2.096,0.116
4.061,-2.392,-0.159
3.911,-2.652,-0.202
3.578,-2.774,0.072
3.179,-2.704,0.495
2.867,-2.470,0.784
2.703,-2.133,0.802
2.604,-1.737,0.703
2.427,-1.285,0.765
2.111,-0.786,1.088
1.748,-0.316,1.506
1.499,0.005,1.795
1.465,0.105,1.925
1.614,0.034,2.016
1.827,-0.058,2.093
1.993,-0.030,1.988
2.074,0.144,1.557
2.095,0.391,0.924
2.097,0.633,0.411
2.110,0.842,0.190
2.143,1.020,0.096
2.175,1.132,-0.164
2.163,1.130,-0.662
2.050,1.012,-1.172
1.798,0.839,-1.435
1.422,0.649,-1.409
1.005,0.380,-1.239
0.666,-0.074,-1.047
0.504,-0.705,-0.833
0.553,-1.308,-0.584
0.780,-1.614,-0.375
1.118,-1.523,-0.306
1.502,-1.197,-0.377
1.872,-0.903,-0.462
2.157,-0.778,-0.422
2.290,-0.753,-0.212
2.247,-0.680,0.108
2.079,-0.493,0.408
1.897,-0.238,0.535
1.795,0.010,0.395
1.786,0.216,0.033
1.814,0.357,-0.359
1.828,0.408,-0.604
1.842,0.366,-0.697
1.911,0.310,-0.764
2.057,0.366,-0.837
2.231,0.596,-0.750
2.352,0.928,-0.362
2.378,1.197,0.161
2.334,1.296,0.408
2.257,1.254,0.154
2.142,1.190,-0.331
1.957,1.180,-0.518
1.695,1.195,-0.193
1.408,1.147,0.309
1.173,0.991,0.474
1.023,0.779,0.171
0.943,0.612,-0.274
0.920,0.553,-0.514
0.975,0.594,-0.572
1.130,0.706,-0.695
1.349,0.905,-0.942
1.534,1.238,-1.066
1.615,1.678,-0.869
1.632,2.052,-0.551
1.710,2.108,-0.540
1.925,1.713,-0.976
2.189,0.988,-1.484
2.306,0.237,-1.536
2.134,-0.293,-1.038
1.718,-0.589,-0.441
1.243,-0.812,-0.255
0.862,-1.083,-0.511
0.580,-1.340,-0.782
0.303,-1.420,-0.680
-0.018,-1.263,-0.251
-0.321,-0.985,0.154
-0.505,-0.755,0.313
-0.558,-0.619,0.327
-0.559,-0.469,0.389
-0.581,-0.194,0.495
-0.599,0.178,0.474
-0.548,0.523,0.284
-0.438,0.778,0.136
-0.398,1.031,0.267
-0.555,1.417,0.613
-0.881,1.946,0.822
-1.183,2.485,0.601
-1.255,2.893,0.007
-1.056,3.172,-0.623
-0.731,3.427,-1.007
-0.468,3.695,-1.119
-0.332,3.858,-1.091
-0.228,3.753,-1.018
-0.017,3.366,-0.909
0.360,2.871,-0.788
0.840,2.478,-0.745
1.330,2.239,-0.829
1.785,2.032,-0.952
2.214,1.725,-0.933
2.594,1.322,-0.670
2.834,0.941,-0.227
2.830,0.690,0.232
2.597,0.567,0.573
2.293,0.498,0.749
2.097,0.431,0.775
2.057,0.375,0.719
2.056,0.364,0.706
1.941,0.403,0.872
1.673,0.466,1.217
1.337,0.522,1.518
1.019,0.568,1.464
0.721,0.629,0.957
0.384,0.751,0.266
-0.014,0.974,-0.172
-0.425,1.288,-0.166
-0.786,1.638,0.030
-1.088,1.976,-0.012
-1.344,2.325,-0.419
-1.528,2.779,-0.872
-1.550,3.398,-0.990
-1.327,4.107,-0.804
-0.862,4.721,-0.769
-0.252,5.095,-1.241
0.368,5.243,-2.010
0.892,5.307,-2.429
1.262,5.383,-2.061
1.464,5.404,-1.159
1.523,5.219,-0.460
1.489,4.772,-0.512
1.407,4.194,-1.195
1.293,3.708,-1.887
1.126,3.442,-2.060
0.870,3.337,-1.691
0.526,3.238,-1.167
0.131,3.036,-0.828
-0.254,2.742,-0.673
-0.596,2.418,-0.471
-0.915,2.095,-0.114
-1.265,1.743,0.217
-1.691,1.333,0.245
-2.174,0.898,-0.069
-2.643,0.539,-0.446
-3.020,0.362,-0.551
-3.269,0.397,-0.313
-3.404,0.586,0.044
-3.459,0.832,0.268
-3.469,1.088,0.317
-3.474,1.388,0.334
-3.518,1.787,0.442
-3.632,2.273,0.607
-3.810,2.753,0.697
-4.022,3.150,0.646
-4.244,3.482,0.524
-4.474,3.836,0.473
-4.702,4.210,0.575
-4.864,4.452,0.775
-4.866,4.365,0.903
-4.652,3.917,0.812
-4.268,3.298,0.530
-3.846,2.751,0.263
-3.498,2.342,0.234
-3.248,1.926,0.457
-3.054,1.353,0.699
-2.894,0.656,0.692
-2.802,0.043,0.357
-2.799,-0.306,-0.137
-2.833,-0.417,-0.551
-2.799,-0.485,-0.755
-2.655,-0.706,-0.755
-2.483,-1.134,-0.602
-2.409,-1.664,-0.343
-2.484,-2.124,-0.044
-2.652,-2.391,0.191
-2.858,-2.437,0.273
-3.122,-2.333,0.205
-3.494,-2.205,0.081
-3.944,-2.162,0.005
-4.341,-2.247,0.016
-4.567,-2.428,0.082
-4.630,-2.610,0.162
-4.634,-2.692,0.240
-4.663,-2.607,0.316
-4.707,-2.368,0.397
-4.724,-2.068,0.484
-4.725,-1.817,0.583
-4.773,-1.658,0.705
-4.907,-1.530,0.855
-5.089,-1.325,1.026
-5.243,-0.998,1.170
-5.320,-0.626,1.189
-5.323,-0.362,0.988
-5.271,-0.325,0.576
-5.164,-0.514,0.120
-4.994,-0.819,-0.143
-4.754,-1.100,-0.104
-4.447,-1.261,0.104
-4.063,-1.274,0.207
-3.594,-1.165,0.029
-3.051,-0.987,-0.374
-2.485,-0.806,-0.797
-1.974,-0.676,-1.070
-1.595,-0.615,-1.142
-1.393,-0.583,-1.023
-1.363,-0.501,-0.738
-1.434,-0.302,-0.353
-1.485,0.017,0.009
-1.403,0.380,0.253
-1.161,0.672,0.412
-0.849,0.820,0.597
-0.606,0.832,0.833
-0.519,0.791,1.004
-0.561,0.786,1.013
-0.629,0.842,0.957
-0.625,0.905,1.064
-0.519,0.878,1.425
-0.347,0.693,1.858
-0.169,0.367,2.085
-0.043,-0.009,2.026
0.005,-0.334,1.843
-0.011,-0.562,1.718
-0.042,-0.724,1.653
-0.029,-0.881,1.558
0.035,-1.046,1.474
0.097,-1.154,1.609
0.086,-1.119,2.089
-0.020,-0.923,2.735
-0.175,-0.657,3.155
-0.306,-0.460,3.088
-0.374,-0.412,2.643
-0.385,-0.487,2.181
-0.359,-0.595,1.977
-0.317,-0.664,2.021
-0.285,-0.665,2.119
-0.300,-0.569,2.114
-0.379,-0.335,1.978
-0.483,0.032,1.737
-0.522,0.418,1.399
-0.425,0.616,0.988
-0.194,0.481,0.625
0.090,0.061,0.476
0.334,-0.426,0.586
0.485,-0.772,0.803
0.545,-0.919,0.888
0.546,-0.955,0.737
0.517,-0.995,0.457
0.464,-1.072,0.244
0.366,-1.151,0.199
0.186,-1.209,0.268
-0.101,-1.245,0.344
-0.480,-1.238,0.374
-0.884,-1.124,0.382
-1.227,-0.864,0.393
-1.458,-0.526,0.373
-1.589,-0.264,0.255
-1.691,-0.169,0.025
-1.832,-0.157,-0.215
-2.023,-0.027,-0.297
-2.203,0.331,-0.126
-2.272,0.792,0.209
-2.144,1.082,0.471
-1.792,1.015,0.458
-1.268,0.660,0.186
-0.684,0.254,-0.124
-0.184,0.001,-0.223
0.112,-0.078,-0.049
0.156,-0.078,0.239
0.008,-0.061,0.423
-0.202,-0.003,0.410
-0.332,0.136,0.271
-0.312,0.311,0.112
-0.166,0.423,-0.061
0.012,0.427,-0.326
0.125,0.400,-0.697
0.130,0.474,-1.027
0.068,0.712,-1.106
0.010,1.051,-0.894
-0.004,1.374,-0.619
0.000,1.607,-0.586
-0.025,1.760,-0.877
-0.085,1.873,-1.257
-0.127,1.962,-1.408
-0.104,2.014,-1.244
-0.045,2.010,-0.951
-0.046,1.943,-0.734
-0.186,1.800,-0.582
-0.446,1.554,-0.353
-0.734,1.192,-0.040
-0.962,0.750,0.130
-1.103,0.310,-0.045
-1.175,-0.045,-0.446
-1.196,-0.280,-0.674
-1.170,-0.420,-0.448
-1.099,-0.524,0.055
-0.993,-0.649,0.344
-0.856,-0.812,0.102
-0.679,-0.985,-0.471
-0.455,-1.127,-0.836
-0.218,-1.232,-0.637
-0.026,-1.340,-0.017
0.079,-1.493,0.570
0.109,-1.653,0.817
0.113,-1.695,0.795
0.127,-1.500,0.749
0.157,-1.079,0.772
0.204,-0.577,0.738
0.278,-0.145,0.536
0.395,0.184,0.276
0.552,0.504,0.190
0.737,0.893,0.364
0.953,1.300,0.642
1.212,1.573,0.804
1.482,1.588,0.800
1.672,1.336,0.731
1.697,0.904,0.672
1.564,0.389,0.557
1.377,-0.132,0.321
1.231,-0.562,0.079
1.111,-0.777,0.078
0.935,-0.706,0.428
0.656,-0.430,0.905
0.330,-0.180,1.081
0.034,-0.183,0.717
-0.238,-0.488,0.025
-0.571,-0.928,-0.470
-0.999,-1.272,-0.372
-1.409,-1.415,0.249
-1.580,-1.440,0.937
-1.359,-1.504,1.258
-0.791,-1.691,1.138
-0.083,-1.963,0.838
0.533,-2.233,0.651
0.939,-2.435,0.654
1.162,-2.536,0.724
1.293,-2.509,0.723
1.393,-2.346,0.619
1.446,-2.100,0.471
1.364,-1.873,0.366
1.040,-1.722,0.372
0.415,-1.595,0.505
-0.464,-1.375,0.671
-1.414,-1.039,0.703
-2.180,-0.727,0.503
-2.570,-0.656,0.188
-2.595,-0.918,0.032
-2.467,-1.388,0.204
-2.415,-1.817,0.584
-2.488,-2.025,0.875
-2.510,-2.009,0.897
-2.276,-1.895,0.735
-1.780,-1.830,0.588
-1.246,-1.907,0.530
-0.928,-2.160,0.459
-0.894,-2.561,0.271
-0.997,-3.013,0.039
-1.058,-3.363,-0.051
-1.027,-3.482,0.092
-0.999,-3.366,0.332
-1.083,-3.161,0.423
-1.313,-3.061,0.249
-1.660,-3.154,-0.037
-2.085,-3.336,-0.147
-2.551,-3.405,0.077
-2.986,-3.241,0.512
-3.284,-2.922,0.869
-3.371,-2.653,0.969
-3.261,-2.570,0.885
-3.044,-2.619,0.831
-2.792,-2.620,0.936
-2.505,-2.467,1.144
-2.130,-2.226,1.324
-1.653,-2.049,1.429
-1.124,-2.002,1.511
-0.621,-2.003,1.608
-0.153,-1.946,1.666
0.346,-1.849,1.595
0.944,-1.825,1.360
1.609,-1.939,1.027
2.189,-2.100,0.701
2.520,-2.146,0.446
2.541,-2.009,0.270
2.322,-1.774,0.153
1.975,-1.557,0.076
1.559,-1.379,0.016
1.062,-1.173,-0.056
0.474,-0.930,-0.162
-0.136,-0.758,-0.285
-0.652,-0.768,-0.349
-0.999,-0.910,-0.273
-1.208,-0.967,-0.042
-1.370,-0.751,0.255
-1.530,-0.305,0.488
-1.640,0.121,0.591
-1.617,0.306,0.614
-1.457,0.252,0.648
-1.273,0.163,0.717
-1.213,0.217,0.736
-1.337,0.412,0.614
-1.571,0.611,0.348
-1.766,0.711,0.032
-1.821,0.733,-0.236
-1.737,0.750,-0.431
-1.589,0.794,-0.602
-1.466,0.837,-0.800
-1.428,0.872,-1.011
-1.499,0.928,-1.147
-1.656,1.000,-1.099
-1.828,0.984,-0.823
-1.904,0.752,-0.401
-1.812,0.305,-0.021
-1.579,-0.175,0.151
-1.326,-0.477,0.099
-1.168,-0.555,-0.032
-1.117,-0.572,-0.081
-1.091,-0.718,-0.036
-1.026,-1.021,-0.052
-0.977,-1.329,-0.282
-1.086,-1.471,-0.688
-1.448,-1.407,-1.040
-2.017,-1.220,-1.112
-2.634,-0.998,-0.903
-3.143,-0.782,-0.635
-3.466,-0.600,-0.554
-3.611,-0.515,-0.679
-3.614,-0.596,-0.806
-3.525,-0.830,-0.733
-3.384,-1.108,-0.488
-3.196,-1.307,-0.307
-2.915,-1.384,-0.360
-2.473,-1.375,-0.537
-1.866,-1.320,-0.531
-1.202,-1.197,-0.180
-0.649,-0.974,0.333
-0.316,-0.683,0.638
-0.192,-0.427,0.554
-0.186,-0.288,0.264
-0.218,-0.249,0.099
-0.272,-0.215,0.169
-0.370,-0.115,0.262
-0.535,0.057,0.127
-0.768,0.258,-0.221
-1.046,0.460,-0.529
-1.306,0.631,-0.642
-1.423,0.679,-0.716
-1.274,0.494,-1.028
-0.843,0.075,-1.589
-0.283,-0.375,-2.047
0.167,-0.574,-2.032
0.365,-0.406,-1.573
0.385,-0.063,-1.101
0.421,0.113,-1.008
0.573,-0.051,-1.258
0.738,-0.403,-1.463
0.724,-0.628,-1.320
0.466,-0.555,-0.894
0.108,-0.285,-0.484
-0.155,-0.029,-0.281
-0.266,0.160,-0.222
-0.321,0.429,-0.160
-0.398,0.920,-0.068
-0.448,1.552,-0.048
-0.378,2.057,-0.150
-0.234,2.234,-0.275
-0.199,2.155,-0.260
-0.390,2.074,-0.060
-0.694,2.153,0.162
-0.865,2.307,0.153
-0.808,2.329,-0.213
-0.708,2.137,-0.785
-0.841,1.860,-1.217
-1.256,1.678,-1.236
-1.685,1.637,-0.881
-1.789,1.655,-0.475
-1.479,1.692,-0.343
-0.965,1.826,-0.515
-0.527,2.117,-0.719
-0.270,2.445,-0.647
-0.120,2.561,-0.229
-0.007,2.343,0.357
0.020,1.952,0.876
-0.113,1.701,1.200
-0.340,1.749,1.294
-0.465,1.967,1.145
-0.368,2.116,0.771
-0.174,2.099,0.301
-0.157,2.025,-0.035
-0.461,2.043,-0.066
-0.932,2.170,0.151
-1.255,2.308,0.360
-1.249,2.395,0.330
-1.004,2.458,0.050
-0.725,2.545,-0.303
-0.505,2.619,-0.576
-0.292,2.581,-0.797
-0.047,2.379,-1.095
0.130,2.069,-1.491
0.107,1.750,-1.814
-0.086,1.457,-1.868
-0.222,1.135,-1.652
-0.070,0.715,-1.389
0.394,0.220,-1.279
0.969,-0.191,-1.278
1.406,-0.309,-1.152
1.600,-0.016,-0.765
1.620,0.600,-0.253
1.616,1.253,0.130
1.720,1.645,0.304
1.970,1.666,0.403
2.299,1.459,0.535
2.576,1.286,0.577
2.705,1.318,0.353
2.704,1.515,-0.044
2.689,1.714,-0.262
2.751,1.775,-0.112
2.857,1.690,0.125
2.891,1.536,-0.029
2.768,1.396,-0.655
2.506,1.276,-1.257
2.179,1.122,-1.293
1.848,0.879,-0.793
1.543,0.569,-0.299
1.282,0.312,-0.226
1.071,0.256,-0.447
0.873,0.455,-0.590
0.648,0.806,-0.585
0.438,1.106,-0.715
0.389,1.201,-1.123
0.633,1.097,-1.489
1.145,0.939,-1.327
1.725,0.883,-0.540
2.165,0.962,0.457
2.415,1.071,1.138
2.583,1.070,1.293
2.790,0.911,1.034
3.031,0.675,0.542
3.179,0.481,-0.033
3.080,0.360,-0.500
2.675,0.240,-0.635
2.048,0.048,-0.378
1.392,-0.156,0.040
0.915,-0.202,0.255
0.724,0.045,0.105
0.769,0.549,-0.222
0.911,1.107,-0.372
1.036,1.522,-0.134
1.135,1.716,0.400
1.284,1.732,0.915
1.567,1.633,1.113
2.030,1.454,0.917
2.661,1.218,0.542
3.382,0.965,0.342
4.042,0.710,0.528
4.488,0.401,1.003
4.663,-0.036,1.477
4.651,-0.594,1.735
4.581,-1.128,1.772
4.489,-1.431,1.671
4.295,-1.382,1.432
3.938,-1.036,0.999
3.488,-0.573,0.459
3.116,-0.166,0.060
2.931,0.100,-0.036
2.877,0.227,0.023
2.802,0.248,-0.095
2.597,0.211,-0.524
2.265,0.187,-1.027
1.862,0.265,-1.263
1.451,0.505,-1.189
1.090,0.869,-1.100
0.852,1.231,-1.249
0.780,1.455,-1.508
0.835,1.505,-1.484
0.921,1.461,-0.982
0.987,1.426,-0.272
1.082,1.427,0.118
1.287,1.414,-0.083
1.567,1.357,-0.628
1.741,1.313,-0.967
1.609,1.375,-0.770
1.131,1.550,-0.245
0.466,1.719,0.040
-0.155,1.736,-0.310
-0.576,1.558,-1.135
-0.760,1.264,-1.850
-0.722,0.960,-1.982
-0.465,0.690,-1.564
-0.004,0.456,-1.021
0.567,0.299,-0.710
1.094,0.305,-0.657
1.462,0.520,-0.707
1.682,0.864,-0.800
1.865,1.171,-0.968
2.077,1.321,-1.111
2.247,1.330,-0.952
2.211,1.311,-0.352
1.862,1.345,0.423
1.246,1.395,0.873
0.514,1.358,0.763
-0.191,1.183,0.366
-0.788,0.954,0.127
-1.210,0.817,0.156
-1.364,0.835,0.153
-1.167,0.919,-0.154
-0.645,0.900,-0.590
0.039,0.699,-0.669
0.676,0.385,-0.157
1.135,0.077,0.573
1.405,-0.225,0.810
1.538,-0.670,0.195
1.569,-1.383,-0.873
1.506,-2.280,-1.540
1.374,-3.075,-1.262
1.255,-3.491,-0.319
1.241,-3.473,0.448
1.364,-3.200,0.423
1.551,-2.898,-0.253
1.671,-2.683,-0.906
1.640,-2.554,-1.041
1.492,-2.494,-0.760
1.353,-2.506,-0.492
1.331,-2.553,-0.440
1.422,-2.529,-0.441
1.522,-2.330,-0.309
1.518,-1.989,-0.161
1.377,-1.683,-0.261
1.145,-1.573,-0.629
0.891,-1.643,-0.953
0.671,-1.700,-0.954
0.521,-1.563,-0.715
0.462,-1.206,-0.559
0.477,-0.739,-0.653
0.500,-0.248,-0.844
0.464,0.262,-0.911
0.378,0.788,-0.853
0.341,1.211,-0.826
0.446,1.365,-0.891
0.679,1.214,-0.934
0.926,0.933,-0.865
1.102,0.763,-0.793
1.254,0.786,-0.899
1.505,0.863,-1.168
1.887,0.814,-1.362
2.254,0.599,-1.285
2.371,0.326,-1.015
2.113,0.084,-0.779
1.581,-0.144,-0.679
1.049,-0.411,-0.587
0.774,-0.692,-0.368
0.858,-0.897,-0.103
1.205,-0.991,-0.004
1.588,-1.047,-0.132
1.756,-1.129,-0.284
1.542,-1.178,-0.214
0.954,-1.056,0.076
0.202,-0.726,0.326
-0.400,-0.352,0.309
-0.620,-0.169,0.058
-0.466,-0.260,-0.216
-0.170,-0.483,-0.384
-0.000,-0.616,-0.501
-0.048,-0.546,-0.666
-0.187,-0.332,-0.838
-0.208,-0.100,-0.867
-0.007,0.057,-0.655
0.356,0.071,-0.260
0.742,-0.120,0.166
1.059,-0.544,0.489
1.293,-1.111,0.617
1.459,-1.605,0.501
1.545,-1.809,0.164
1.519,-1.669,-0.243
1.384,-1.336,-0.489
1.209,-1.030,-0.431
1.108,-0.866,-0.157
1.156,-0.799,0.064
1.334,-0.722,-0.001
1.533,-0.596,-0.331
1.637,-0.505,-0.649
1.612,-0.588,-0.635
1.527,-0.942,-0.212
1.493,-1.538,0.342
1.565,-2.191,0.601
1.718,-2.604,0.371
1.863,-2.497,-0.104
1.910,-1.796,-0.326
1.788,-0.740,0.009
1.477,0.224,0.734
1.018,0.733,1.363
0.516,0.744,1.520
0.077,0.537,1.211
-0.271,0.466,0.747
-0.599,0.702,0.457
-1.018,1.179,0.495
-1.590,1.736,0.820
-2.286,2.265,1.251
-3.007,2.734,1.522
-3.607,3.109,1.386
-3.912,3.311,0.791
-3.790,3.266,-0.014
-3.244,3.000,-0.593
-2.457,2.624,-0.618
-1.685,2.245,-0.109
-1.061,1.850,0.593
-0.519,1.329,1.071
0.084,0.607,1.097
0.746,-0.198,0.708
1.253,-0.799,0.112
1.352,-0.934,-0.472
0.979,-0.608,-0.914
0.342,-0.129,-1.177
-0.223,0.130,-1.286
-0.466,0.030,-1.281
-0.316,-0.243,-1.210
0.180,-0.388,-1.109
0.946,-0.261,-1.002
1.921,0.053,-0.909
3.018,0.428,-0.840
4.090,0.899,-0.743
4.949,1.634,-0.465
5.429,2.724,0.155
5.451,4.045,1.054
5.048,5.363,1.820
4.331,6.523,1.919
3.438,7.519,1.200
2.497,8.371,0.158
1.612,9.002,-0.419
0.889,9.283,-0.173
0.426,9.186,0.477
0.285,8.831,0.800
0.426,8.350,0.522
0.690,7.729,0.067
0.856,6.839,0.030
0.730,5.629,0.486
0.218,4.272,0.931
-0.656,3.065,0.833
-1.766,2.171,0.136
-2.907,1.456,-0.797
-3.829,0.578,-1.596
-4.313,-0.707,-2.125
-4.290,-2.324,-2.367
-3.888,-3.868,-2.268
-3.362,-4.834,-1.795
-2.941,-4.901,-1.084
-2.713,-4.102,-0.407
-2.662,-2.802,0.057
-2.768,-1.520,0.350
-3.051,-0.701,0.589
-3.467,-0.552,0.730
-3.792,-0.984,0.546
-3.641,-1.697,-0.095
-2.686,-2.343,-0.942
-0.914,-2.686,-1.407
1.291,-2.668,-0.992
3.350,-2.372,0.244
4.806,-1.919,1.611
5.534,-1.379,2.260
5.672,-0.770,1.840
5.385,-0.110,0.766
4.708,0.518,-0.149
3.611,0.935,-0.380
2.196,0.928,-0.043
0.776,0.359,0.347
-0.278,-0.713,0.410
-0.774,-2.009,0.194
-0.775,-3.131,0.028
-0.459,-3.800,0.182
0.072,-4.028,0.662
0.803,-4.086,1.245
1.649,-4.265,1.634
2.356,-4.624,1.634
2.630,-4.960,1.254
2.362,-5.033,0.685
1.721,-4.808,0.136
1.005,-4.463,-0.319
0.392,-4.148,-0.734
-0.127,-3.762,-1.145
-0.614,-3.013,-1.470
-1.026,-1.720,-1.591
-1.245,-0.044,-1.477
-1.260,1.602,-1.217
-1.261,2.849,-0.932
-1.477,3.593,-0.721
-1.901,3.915,-0.678
-2.197,3.852,-0.835
-1.936,3.311,-1.064
-0.960,2.227,-1.092
0.483,0.750,-0.751
1.969,-0.767,-0.227
3.241,-1.993,0.043
4.302,-2.793,-0.185
5.177,-3.216,-0.678
5.667,-3.369,-0.940
5.434,-3.366,-0.743
4.354,-3.388,-0.363
2.753,-3.675,-0.274
1.232,-4.353,-0.660
0.241,-5.231,-1.282
-0.156,-5.849,-1.780
-0.141,-5.781,-2.015
0.172,-4.991,-2.081
0.825,-3.889,-2.069
1.805,-3.068,-1.915
2.832,-2.936,-1.514
3.437,-3.512,-0.917
3.293,-4.481,-0.354
2.469,-5.403,-0.057
1.366,-5.943,-0.061
0.441,-6.016,-0.188
-0.056,-5.768,-0.205
-0.120,-5.429,0.010
0.098,-5.107,0.426
0.403,-4.704,0.944
0.602,-4.046,1.485
0.549,-3.097,2.016
0.187,-2.076,2.517
-0.423,-1.353,2.955
-1.132,-1.192,3.250
-1.786,-1.558,3.281
-2.281,-2.124,2.922
-2.562,-2.499,2.154
-2.576,-2.492,1.181
-2.226,-2.245,0.384
-1.423,-2.097,0.081
-0.183,-2.277,0.260
1.264,-2.701,0.579
2.477,-3.022,0.648
2.984,-2.944,0.349
2.555,-2.493,-0.121
1.364,-2.005,-0.471
-0.095,-1.850,-0.582
-1.309,-2.111,-0.578
-2.025,-2.510,-0.692
-2.298,-2.631,-1.066
-2.322,-2.254,-1.605
-2.243,-1.555,-1.984
-2.108,-0.999,-1.830
-1.924,-1.012,-1.037
-1.700,-1.666,0.073
-1.453,-2.646,0.936
-1.205,-3.512,1.154
-1.024,-4.017,0.778
-1.018,-4.217,0.164
-1.228,-4.294,-0.371
-1.521,-4.341,-0.747
-1.627,-4.323,-1.006
-1.337,-4.215,-1.151
-0.664,-4.122,-1.152
0.168,-4.217,-1.070
0.899,-4.585,-1.020
1.373,-5.132,-1.018
1.562,-5.622,-0.918
1.496,-5.779,-0.587
1.233,-5.395,-0.118
0.867,-4.430,0.207
0.503,-3.088,0.207
0.209,-1.782,0.008
-0.014,-0.943,-0.059
-0.205,-0.768,0.227
-0.405,-1.115,0.783
-0.637,-1.618,1.323
-0.897,-1.910,1.580
-1.126,-1.770,1.462
-1.215,-1.165,1.047
-1.086,-0.240,0.507
-0.817,0.711,0.044
-0.660,1.342,-0.172
-0.875,1.426,-0.112
-1.501,0.986,0.039
-2.284,0.263,-0.028
-2.843,-0.452,-0.498
-2.927,-0.967,-1.230
-2.551,-1.208,-1.831
-1.934,-1.173,-1.992
-1.365,-0.944,-1.770
-1.067,-0.678,-1.504
-1.132,-0.512,-1.454
-1.496,-0.408,-1.538
-1.980,-0.134,-1.493
-2.398,0.498,-1.249
-2.680,1.373,-1.061
-2.866,2.074,-1.227
-3.005,2.228,-1.704
-3.056,1.825,-2.106
-2.916,1.197,-2.119
-2.536,0.689,-1.850
-1.979,0.416,-1.668
-1.361,0.332,-1.741
-0.780,0.447,-1.834
-0.314,0.851,-1.629
-0.052,1.513,-1.177
-0.080,2.136,-0.889
-0.408,2.322,-1.044
-0.958,1.906,-1.425
-1.619,1.114,-1.549
-2.303,0.365,-1.237
-2.898,-0.069,-0.819
-3.196,-0.212,-0.722
-2.972,-0.242,-0.952
-2.183,-0.253,-1.119
-1.088,-0.191,-0.968
-0.113,0.029,-0.728
0.453,0.392,-0.843
0.609,0.790,-1.400
0.548,1.135,-1.986
0.425,1.419,-2.139
0.280,1.654,-1.850
0.139,1.775,-1.525
0.134,1.657,-1.473
0.436,1.246,-1.572
1.081,0.675,-1.468
1.854,0.215,-1.036
2.400,0.101,-0.538
2.455,0.396,-0.310
2.009,1.019,-0.408
1.279,1.858,-0.626
0.550,2.820,-0.802
0.041,3.776,-1.010
-0.122,4.510,-1.405
0.116,4.795,-1.948
0.711,4.563,-2.394
1.456,3.979,-2.546
2.008,3.308,-2.437
2.058,2.701,-2.219
1.536,2.094,-1.939
0.651,1.354,-1.530
-0.278,0.499,-1.018
-1.050,-0.214,-0.624
-1.626,-0.468,-0.542
-2.017,-0.166,-0.674
-2.168,0.431,-0.661
-1.993,0.848,-0.244
-1.491,0.705,0.463
-0.781,-0.057,1.099
-0.003,-1.192,1.405
0.784,-2.337,1.406
1.592,-3.187,1.290
2.398,-3.553,1.221
3.090,-3.369,1.297
3.522,-2.720,1.565
3.622,-1.870,1.986
3.425,-1.168,2.378
3.027,-0.831,2.531
2.508,-0.776,2.412
1.903,-0.694,2.199
1.217,-0.319,2.062
0.469,0.349,1.951
-0.279,1.103,1.697
-0.923,1.775,1.280
-1.350,2.386,0.934
-1.468,3.037,0.917
-1.245,3.680,1.241
-0.711,4.072,1.673
0.044,3.999,1.968
0.867,3.505,2.072
1.575,2.898,2.083
2.005,2.488,2.108
2.091,2.355,2.182
1.903,2.335,2.277
1.593,2.215,2.326
1.293,1.909,2.273
1.033,1.495,2.124
0.729,1.164,1.964
0.269,1.135,1.857
-0.358,1.576,1.740
-0.997,2.473,1.466
-1.387,3.546,1.025
-1.327,4.336,0.654
-0.831,4.467,0.663
-0.138,3.919,1.090
0.448,3.045,1.599
0.735,2.329,1.777
0.709,2.078,1.545
0.455,2.290,1.238
0.043,2.758,1.263
-0.506,3.246,1.689
-1.173,3.600,2.207
-1.905,3.750,2.444
-2.631,3.685,2.320
-3.272,3.446,2.068
-3.753,3.132,1.940
-4.004,2.852,1.930
-4.019,2.677,1.801
-3.875,2.589,1.371
-3.695,2.494,0.759
-3.549,2.258,0.303
-3.432,1.784,0.228
-3.354,1.079,0.405
-3.435,0.293,0.483
-3.840,-0.327,0.247
-4.574,-0.585,-0.169
-5.360,-0.470,-0.449
-5.779,-0.199,-0.417
-5.591,-0.064,-0.158
-4.919,-0.225,0.146
-4.122,-0.605,0.405
-3.509,-0.949,0.590
-3.157,-1.003,0.611
-3.002,-0.646,0.348
-2.984,0.085,-0.152
-3.084,1.077,-0.588
-3.211,2.176,-0.639
-3.175,3.216,-0.298
-2.826,4.031,0.094
-2.212,4.517,0.178
-1.561,4.672,-0.068
-1.062,4.575,-0.335
-0.703,4.308,-0.333
-0.329,3.903,-0.077
0.132,3.400,0.157
0.564,2.944,0.136
0.788,2.762,-0.112
0.746,3.009,-0.368
0.542,3.587,-0.462
0.300,4.144,-0.421
0.025,4.307,-0.415
-0.354,3.941,-0.580
-0.861,3.223,-0.897
-1.403,2.470,-1.214
-1.853,1.900,-1.344
-2.159,1.529,-1.173
-2.370,1.258,-0.724
-2.562,1.015,-0.165
-2.754,0.805,0.264
-2.901,0.667,0.388
-2.951,0.613,0.231
-2.904,0.630,-0.012
-2.839,0.714,-0.152
-2.868,0.882,-0.176
-3.077,1.125,-0.213
-3.460,1.375,-0.348
-3.908,1.556,-0.506
-4.271,1.662,-0.557
-4.468,1.797,-0.501
-4.533,2.096,-0.481
-4.583,2.595,-0.596
-4.694,3.183,-0.744
-4.829,3.664,-0.714
-4.849,3.888,-0.436
-4.598,3.821,-0.073
-3.992,3.521,0.138
-3.052,3.070,0.117
-1.908,2.538,-0.015
-0.767,1.989,-0.093
0.143,1.486,-0.054
0.671,1.068,0.055
0.837,0.731,0.164
0.791,0.426,0.196
0.694,0.093,0.068
0.578,-0.307,-0.261
0.366,-0.767,-0.697
-0.005,-1.211,-1.030
-0.472,-1.516,-1.110
-0.882,-1.561,-1.013
-1.116,-1.298,-0.942
-1.159,-0.805,-0.975
-1.091,-0.266,-0.958
-1.029,0.112,-0.714
-1.086,0.225,-0.316
-1.333,0.128,-0.064
-1.743,0.016,-0.166
-2.156,0.099,-0.482
-2.370,0.449,-0.665
-2.304,0.957,-0.526
-2.078,1.417,-0.219
-1.923,1.687,-0.057
-1.993,1.778,-0.202
-2.243,1.808,-0.544
-2.517,1.887,-0.838
-2.697,2.076,-0.887
-2.784,2.388,-0.624
-2.836,2.822,-0.139
-2.864,3.325,0.344
-2.793,3.768,0.542
-2.521,4.005,0.319
-2.003,3.990,-0.175
-1.298,3.824,-0.565
-0.544,3.658,-0.551
0.112,3.535,-0.152
0.581,3.378,0.330
0.846,3.109,0.582
0.941,2.784,0.530
0.891,2.539,0.326
0.682,2.426,0.162
0.291,2.322,0.100
-0.273,2.055,0.064
-0.932,1.587,-0.042
-1.548,1.048,-0.224
-1.975,0.583,-0.368
-2.132,0.194,-0.323
-2.051,-0.234,-0.034
-1.859,-0.760,0.382
-1.692,-1.274,0.706
-1.620,-1.597,0.810
-1.618,-1.651,0.771
-1.614,-1.526,0.782
-1.557,-1.376,0.930
-1.445,-1.264,1.111
-1.306,-1.126,1.172
-1.176,-0.867,1.121
-1.099,-0.457,1.118
-1.096,0.055,1.268
-1.145,0.596,1.449
-1.181,1.109,1.439
-1.165,1.561,1.171
-1.136,1.934,0.825
-1.184,2.239,0.651
-1.347,2.500,0.738
-1.550,2.712,0.977
-1.679,2.815,1.226
-1.705,2.729,1.427
-1.710,2.454,1.588
-1.774,2.105,1.711
-1.856,1.844,1.773
-1.840,1.765,1.762
-1.681,1.818,1.676
-1.477,1.864,1.499
-1.365,1.766,1.222
-1.365,1.439,0.916
-1.364,0.856,0.732
-1.266,0.052,0.804
-1.141,-0.843,1.108
-1.179,-1.633,1.467
-1.508,-2.157,1.704
-2.047,-2.416,1.789
-2.570,-2.565,1.820
-2.891,-2.756,1.887
-2.998,-2.984,1.968
-3.007,-3.110,1.976
-3.026,-3.034,1.875
-3.058,-2.847,1.746
-3.030,-2.756,1.707
-2.892,-2.881,1.793
-2.678,-3.129,1.903
-2.465,-3.269,1.898
-2.296,-3.131,1.721
-2.158,-2.718,1.431
-2.006,-2.162,1.132
-1.830,-1.602,0.882
-1.651,-1.116,0.703
-1.464,-0.720,0.622
-1.212,-0.388,0.700
-0.818,-0.077,0.961
-0.262,0.247,1.330
0.382,0.560,1.659
0.997,0.777,1.816
1.497,0.828,1.787
1.844,0.731,1.669
2.016,0.594,1.595
1.971,0.499,1.628
1.695,0.419,1.699
1.255,0.241,1.647
0.801,-0.103,1.354
0.480,-0.558,0.882
0.347,-1.004,0.487
0.359,-1.371,0.431
0.440,-1.680,0.753
0.546,-1.961,1.193
0.669,-2.180,1.390
0.805,-2.267,1.188
0.938,-2.235,0.770
1.053,-2.218,0.476
1.152,-2.358,0.484
1.244,-2.651,0.654
1.334,-2.923,0.693
1.438,-2.964,0.473
1.593,-2.706,0.176
1.847,-2.261,0.101
2.201,-1.809,0.355
2.571,-1.467,0.742
2.820,-1.253,0.956
2.852,-1.144,0.876
2.678,-1.125,0.645
2.400,-1.177,0.507
2.126,-1.261,0.573
1.915,-1.326,0.765
1.779,-1.361,0.919
1.742,-1.392,0.922
1.848,-1.435,0.763
2.127,-1.438,0.524
2.520,-1.305,0.352
2.877,-0.987,0.398
3.030,-0.542,0.713
2.911,-0.121,1.159
2.595,0.133,1.468
2.251,0.155,1.441
2.019,-0.018,1.111
1.942,-0.287,0.706
1.978,-0.546,0.445
2.062,-0.724,0.387
2.157,-0.821,0.462
2.236,-0.898,0.601
2.281,-1.037,0.785
2.281,-1.275,0.966
2.250,-1.596,1.020
2.219,-1.959,0.856
2.210,-2.334,0.556
2.215,-2.679,0.353
2.212,-2.925,0.421
2.171,-2.995,0.696
2.066,-2.888,0.941
1.869,-2.705,0.989
1.574,-2.566,0.884
1.226,-2.493,0.788
0.912,-2.397,0.785
0.712,-2.181,0.822
0.654,-1.847,0.817
0.708,-1.482,0.782
0.841,-1.162,0.788
1.043,-0.902,0.836
1.336,-0.706,0.817
1.743,-0.608,0.619
2.261,-0.642,0.277
2.849,-0.780,-0.020
3.411,-0.936,-0.069
3.831,-1.071,0.174
4.026,-1.237,0.549
4.008,-1.517,0.801
3.853,-1.909,0.748
3.625,-2.317,0.399
3.325,-2.655,-0.048
2.927,-2.918,-0.340
2.456,-3.148,-0.346
1.998,-3.317,-0.157
1.633,-3.300,0.007
1.369,-2.988,0.001
1.171,-2.424,-0.117
1.040,-1.820,-0.194
1.024,-1.432,-0.186
1.140,-1.382,-0.221
1.303,-1.581,-0.421
1.382,-1.784,-0.674
1.319,-1.755,-0.715
1.188,-1.425,-0.416
1.120,-0.936,0.012
1.180,-0.537,0.204
1.325,-0.399,0.016
1.473,-0.479,-0.333
1.584,-0.578,-0.492
1.679,-0.512,-0.311
1.793,-0.269,0.095
1.926,0.003,0.544
2.058,0.135,0.927
2.161,0.073,1.152
2.236,-0.102,1.077
2.305,-0.257,0.646
2.372,-0.315,0.093
2.400,-0.281,-0.141
2.315,-0.230,0.193
2.079,-0.252,0.830
1.768,-0.399,1.183
1.561,-0.635,0.892
1.618,-0.835,0.181
1.930,-0.861,-0.349
2.307,-0.682,-0.298
2.539,-0.413,0.202
2.578,-0.244,0.667
2.563,-0.286,0.742
2.661,-0.497,0.480
2.900,-0.731,0.219
3.138,-0.875,0.227
3.216,-0.919,0.464
3.079,-0.913,0.651
2.797,-0.879,0.573
2.492,-0.785,0.305
2.250,-0.601,0.145
2.121,-0.351,0.285
2.119,-0.114,0.565
2.213,0.068,0.610
2.317,0.225,0.228
2.331,0.443,-0.327
2.220,0.780,-0.581
2.053,1.205,-0.326
1.962,1.607,0.141
2.017,1.867,0.307
2.163,1.931,-0.046
2.257,1.830,-0.655
2.189,1.650,-1.063
1.967,1.476,-1.042
1.685,1.359,-0.720
1.438,1.324,-0.384
1.255,1.384,-0.240
1.123,1.538,-0.321
1.027,1.736,-0.538
0.953,1.883,-0.735
0.844,1.898,-0.781
0.603,1.778,-0.687
0.185,1.621,-0.636
-0.329,1.537,-0.826
-0.751,1.551,-1.215
-0.931,1.575,-1.494
-0.877,1.504,-1.366
-0.731,1.327,-0.878
-0.639,1.154,-0.410
-0.614,1.127,-0.294
-0.563,1.304,-0.485
-0.385,1.629,-0.640
-0.074,1.975,-0.508
0.284,2.231,-0.188
0.574,2.330,0.010
0.728,2.262,-0.090
0.753,2.065,-0.370
0.718,1.803,-0.598
0.704,1.524,-0.694
0.754,1.227,-0.787
0.847,0.871,-1.007
0.934,0.452,-1.306
0.985,0.048,-1.491
1.002,-0.212,-1.440
0.982,-0.261,-1.233
0.882,-0.156,-1.059
0.657,-0.035,-0.994
0.327,-0.009,-0.924
-0.003,-0.101,-0.680
-0.219,-0.255,-0.268
-0.298,-0.401,0.096
-0.319,-0.492,0.163
-0.387,-0.496,-0.108
-0.530,-0.398,-0.519
-0.684,-0.205,-0.802
-0.772,0.044,-0.837
-0.775,0.301,-0.690
-0.726,0.510,-0.507
-0.645,0.635,-0.392
-0.487,0.651,-0.394
-0.180,0.565,-0.555
0.297,0.425,-0.897
0.863,0.295,-1.353
1.380,0.214,-1.734
1.735,0.167,-1.849
1.898,0.102,-1.677
1.916,-0.007,-1.418
1.866,-0.136,-1.328
1.831,-0.232,-1.471
1.881,-0.256,-1.678
2.036,-0.225,-1.734
2.242,-0.207,-1.607
2.383,-0.278,-1.433
2.374,-0.464,-1.293
2.237,-0.703,-1.065
2.104,-0.891,-0.585
2.106,-0.969,0.069
2.256,-0.994,0.521
2.461,-1.111,0.410
2.620,-1.421,-0.239
2.708,-1.872,-0.990
2.763,-2.283,-1.364
2.827,-2.482,-1.238
2.916,-2.426,-0.882
3.044,-2.198,-0.669
3.237,-1.909,-0.743
3.485,-1.604,-0.971
3.714,-1.279,-1.120
3.814,-0.938,-1.081
3.752,-0.626,-0.930
3.603,-0.388,-0.824
3.487,-0.229,-0.842
3.457,-0.122,-0.892
3.443,-0.060,-0.804
3.322,-0.080,-0.521
3.018,-0.216,-0.210
2.543,-0.447,-0.141
1.974,-0.693,-0.411
1.413,-0.881,-0.787
0.960,-1.011,-0.874
0.677,-1.163,-0.489
0.543,-1.421,0.157
0.440,-1.818,0.629
0.232,-2.299,0.656
-0.116,-2.752,0.340
-0.505,-3.054,0.011
-0.799,-3.141,-0.070
-0.954,-3.045,0.096
-1.027,-2.884,0.307
-1.062,-2.782,0.355
-1.001,-2.769,0.164
-0.743,-2.754,-0.176
-0.285,-2.605,-0.490
0.239,-2.266,-0.627
0.687,-1.808,-0.549
1.059,-1.369,-0.339
1.480,-1.047,-0.118
2.044,-0.849,0.051
2.679,-0.723,0.169
3.199,-0.614,0.241
3.464,-0.494,0.219
3.450,-0.336,0.065
3.191,-0.118,-0.165
2.699,0.131,-0.325
1.995,0.280,-0.302
1.197,0.133,-0.121
0.516,-0.423,0.106
0.109,-1.296,0.318
-0.049,-2.193,0.561
-0.124,-2.818,0.885
-0.225,-3.078,1.201
-0.276,-3.127,1.307
-0.105,-3.219,1.083
0.335,-3.493,0.664
0.863,-3.896,0.355
1.192,-4.254,0.359
1.151,-4.404,0.555
0.786,-4.264,0.599
0.268,-3.849,0.265
-0.269,-3.234,-0.304
-0.746,-2.546,-0.709
-1.093,-1.914,-0.696
-1.222,-1.414,-0.415
-1.101,-1.051,-0.257
-0.833,-0.785,-0.413
-0.601,-0.587,-0.652
-0.510,-0.457,-0.577
-0.521,-0.399,-0.088
-0.527,-0.418,0.477
-0.512,-0.532,0.676
-0.570,-0.783,0.412
-0.795,-1.194,-0.019
-1.159,-1.714,-0.280
-1.542,-2.214,-0.330
-1.855,-2.556,-0.385
-2.093,-2.684,-0.609
-2.282,-2.629,-0.940
-2.395,-2.451,-1.200
-2.396,-2.149,-1.287
-2.336,-1.666,-1.218
-2.356,-0.949,-1.035
-2.554,-0.017,-0.754
-2.865,1.027,-0.438
-3.105,2.020,-0.226
-3.150,2.774,-0.241
-3.041,3.110,-0.447
-2.906,2.906,-0.659
-2.783,2.176,-0.683
-2.594,1.120,-0.473
-2.278,0.054,-0.137
-1.945,-0.749,0.163
-1.822,-1.215,0.314
-2.062,-1.445,0.287
-2.601,-1.531,0.112
-3.220,-1.393,-0.153
-3.720,-0.844,-0.458
-4.024,0.147,-0.747
-4.118,1.266,-0.943
-3.964,1.982,-0.948
-3.538,1.960,-0.746
-2.923,1.352,-0.487
-2.312,0.676,-0.428
-1.856,0.354,-0.694
-1.495,0.383,-1.092
-1.005,0.426,-1.229
-0.253,0.221,-0.885
0.597,-0.145,-0.260
1.166,-0.375,0.177
1.206,-0.310,0.112
0.845,-0.108,-0.366
0.481,-0.053,-0.926
0.420,-0.246,-1.319
0.617,-0.500,-1.516
0.753,-0.521,-1.569
0.541,-0.193,-1.463
-0.064,0.342,-1.168
-0.913,0.835,-0.783
-1.827,1.129,-0.520
-2.672,1.244,-0.527
-3.330,1.305,-0.725
-3.677,1.438,-0.883
-3.676,1.723,-0.812
-3.462,2.185,-0.503
-3.282,2.781,-0.109
-3.306,3.365,0.176
-3.465,3.727,0.230
-3.510,3.695,0.080
-3.217,3.268,-0.083
-2.577,2.629,-0.034
-1.790,2.007,0.275
-1.099,1.520,0.616
-0.618,1.141,0.657
-0.307,0.821,0.276
-0.080,0.605,-0.310
0.086,0.594,-0.768
0.155,0.791,-0.982
0.133,1.032,-1.128
0.110,1.113,-1.421
0.176,1.002,-1.842
0.307,0.871,-2.155
0.376,0.912,-2.170
0.306,1.107,-1.919
0.164,1.246,-1.571
0.065,1.184,-1.253
-0.024,1.055,-0.974
-0.318,1.170,-0.704
-0.999,1.698,-0.448
-1.977,2.439,-0.214
-2.918,2.957,0.025
-3.534,2.912,0.297
-3.805,2.255,0.571
-3.906,1.162,0.777
-3.948,-0.156,0.881
-3.868,-1.496,0.892
-3.580,-2.574,0.776
-3.165,-3.053,0.444
-2.815,-2.759,-0.145
-2.597,-1.895,-0.837
-2.358,-0.951,-1.342
-1.910,-0.341,-1.475
-1.297,-0.096,-1.313
-0.794,0.077,-1.102
-0.603,0.451,-0.995
-0.620,1.006,-0.932
-0.524,1.475,-0.782
-0.137,1.611,-0.516
0.373,1.406,-0.221
0.655,1.095,0.030
0.502,0.985,0.244
-0.012,1.273,0.436
-0.673,1.941,0.539
-1.345,2.792,0.453
-1.996,3.570,0.156
-2.586,4.115,-0.260
-3.010,4.416,-0.660
-3.191,4.556,-0.939
-3.182,4.604,-1.002
-3.106,4.563,-0.757
-3.013,4.404,-0.201
-2.822,4.102,0.454
-2.454,3.661,0.830
-1.963,3.117,0.657
-1.537,2.552,0.038
-1.344,2.091,-0.571
-1.417,1.815,-0.712
-1.669,1.680,-0.287
-1.976,1.526,0.403
-2.246,1.240,0.955
-2.428,0.894,1.164
-2.533,0.705,1.058
-2.622,0.843,0.736
-2.748,1.270,0.261
-2.882,1.797,-0.263
-2.922,2.263,-0.624
-2.794,2.636,-0.624
-2.550,2.936,-0.292
-2.301,3.120,0.100
-2.088,3.068,0.280
-1.835,2.723,0.244
-1.486,2.210,0.216
-1.124,1.779,0.369
-0.931,1.619,0.631
-1.008,1.713,0.813
-1.281,1.884,0.862
-1.595,1.984,0.909
-1.871,2.025,1.059
-2.124,2.127,1.209
-2.343,2.349,1.143
-2.419,2.595,0.799
-2.231,2.716,0.370
-1.790,2.681,0.096
-1.248,2.585,0.020
-0.768,2.497,-0.006
-0.403,2.306,-0.088
-0.133,1.819,-0.130
0.009,0.995,0.032
-0.094,0.061,0.380
-0.526,-0.655,0.660
-1.203,-0.982,0.633
-1.881,-0.967,0.317
-2.306,-0.685,-0.039
-2.379,-0.093,-0.231
-2.188,0.877,-0.288
-1.911,2.080,-0.368
-1.698,3.161,-0.526
-1.634,3.828,-0.652
-1.740,4.119,-0.641
-1.977,4.299,-0.583
-2.246,4.502,-0.696
-2.421,4.554,-1.082
-2.446,4.185,-1.577
-2.412,3.402,-1.882
-2.512,2.541,-1.828
-2.877,1.932,-1.504
-3.437,1.557,-1.134
-3.940,1.120,-0.871
-4.132,0.440,-0.705
-3.948,-0.319,-0.552
-3.526,-0.838,-0.362
-3.064,-1.011,-0.144
-2.654,-1.055,0.073
-2.248,-1.250,0.253
-1.756,-1.628,0.311
-1.145,-1.997,0.137
-0.452,-2.208,-0.315
0.272,-2.344,-0.934
0.976,-2.595,-1.501
1.573,-3.021,-1.852
1.934,-3.486,-1.986
1.975,-3.827,-2.003
1.779,-4.006,-1.941
1.571,-4.081,-1.722
1.538,-4.080,-1.306
1.652,-3.955,-0.826
1.706,-3.663,-0.529
1.538,-3.229,-0.535
1.208,-2.700,-0.707
0.943,-2.094,-0.777
0.929,-1.429,-0.611
1.181,-0.823,-0.293
1.605,-0.465,0.032
2.131,-0.466,0.353
2.727,-0.731,0.784
3.321,-1.023,1.382
3.769,-1.146,2.015
3.942,-1.088,2.462
3.823,-0.973,2.586
3.479,-0.931,2.435
2.961,-1.017,2.162
2.263,-1.213,1.901
1.398,-1.454,1.694
0.467,-1.636,1.508
-0.375,-1.639,1.283
-1.024,-1.406,0.999
-1.474,-1.010,0.706
-1.760,-0.635,0.497
-1.883,-0.459,0.417
-1.821,-0.535,0.398
-1.582,-0.766,0.317
-1.231,-0.982,0.139
-0.844,-1.053,0.016
-0.468,-0.975,0.169
-0.135,-0.854,0.653
0.095,-0.840,1.231
0.139,-1.027,1.543
-0.055,-1.404,1.421
-0.463,-1.866,1.037
-0.975,-2.272,0.722
-1.446,-2.522,0.635
-1.731,-2.595,0.652
-1.725,-2.553,0.578
-1.390,-2.505,0.408
-0.785,-2.553,0.307
-0.043,-2.728,0.345
0.685,-2.970,0.352
1.289,-3.165,0.116
1.705,-3.229,-0.303
1.891,-3.173,-0.549
1.822,-3.123,-0.329
1.530,-3.245,0.258
1.137,-3.634,0.798
0.814,-4.227,0.999
0.676,-4.801,0.977
0.728,-5.100,1.081
0.906,-5.002,1.476
1.166,-4.611,1.964
1.534,-4.177,2.218
2.039,-3.890,2.154
2.635,-3.733,2.010
3.188,-3.526,2.071
3.546,-3.118,2.365
3.622,-2.525,2.639
3.434,-1.918,2.606
3.060,-1.461,2.179
2.600,-1.204,1.507
2.144,-1.118,0.839
1.762,-1.199,0.397
1.484,-1.486,0.301
1.266,-1.993,0.513
1.026,-2.608,0.819
0.706,-3.121,0.940
0.359,-3.354,0.766
0.121,-3.289,0.490
0.102,-3.064,0.438
0.260,-2.863,0.709
0.430,-2.791,1.015
0.464,-2.832,0.945
0.367,-2.909,0.380
0.284,-2.966,-0.389
0.363,-2.990,-0.969
0.623,-2.990,-1.215
0.947,-2.935,-1.230
1.172,-2.745,-1.113
1.185,-2.362,-0.844
0.979,-1.823,-0.470
0.662,-1.282,-0.246
0.414,-0.920,-0.429
0.384,-0.820,-0.917
0.576,-0.924,-1.236
0.851,-1.098,-1.019
1.059,-1.240,-0.444
1.194,-1.326,-0.088
1.375,-1.375,-0.310
1.691,-1.395,-0.881
2.075,-1.393,-1.286
2.364,-1.416,-1.298
2.467,-1.545,-1.158
2.422,-1.832,-1.182
2.296,-2.222,-1.346
2.080,-2.585,-1.365
1.743,-2.831,-1.107
1.351,-3.002,-0.752
1.067,-3.250,-0.521
0.976,-3.678,-0.398
0.970,-4.236,-0.245
0.857,-4.743,-0.148
0.589,-5.027,-0.414
0.337,-5.029,-1.135
0.313,-4.784,-1.884
0.538,-4.342,-2.050
0.849,-3.748,-1.554
1.087,-3.103,-1.061
1.246,-2.579,-1.341
1.397,-2.321,-2.392
1.544,-2.331,-3.318
1.604,-2.461,-3.166
1.548,-2.554,-1.850
1.472,-2.569,-0.217
1.480,-2.536,0.767
1.524,-2.447,0.826
1.441,-2.219,0.395
1.169,-1.810,0.002
0.903,-1.323,-0.232
0.953,-0.940,-0.477
1.444,-0.754,-0.757
2.178,-0.671,-0.831
2.798,-0.536,-0.554
3.084,-0.306,-0.209
3.072,-0.111,-0.318
2.941,-0.112,-1.035
2.815,-0.336,-1.832
2.711,-0.648,-1.914
2.602,-0.869,-0.988
2.475,-0.924,0.404
2.334,-0.861,1.391
2.181,-0.771,1.543
2.051,-0.693,1.141
2.018,-0.613,0.746
2.121,-0.543,0.621
2.279,-0.566,0.635
2.322,-0.756,0.600
2.159,-1.048,0.544
1.911,-1.208,0.595
1.838,-1.006,0.735
2.108,-0.457,0.796
2.634,0.140,0.674
3.139,0.426,0.416
3.366,0.280,0.096
3.233,-0.109,-0.305
2.824,-0.467,-0.755
2.291,-0.698,-0.985
1.766,-0.914,-0.669
1.306,-1.238,0.131
0.884,-1.628,0.817
0.423,-1.893,0.749
-0.102,-1.843,-0.050
-0.589,-1.418,-0.812
-0.853,-0.697,-0.774
-0.777,0.141,0.025
-0.418,0.881,0.788
0.047,1.350,0.802
0.473,1.531,0.141
0.812,1.577,-0.533
1.067,1.688,-0.753
1.208,1.955,-0.683
1.195,2.309,-0.782
1.051,2.624,-1.172
0.877,2.833,-1.499
0.774,2.945,-1.373
0.759,3.002,-0.822
0.773,3.054,-0.249
0.751,3.182,0.002
0.668,3.468,-0.044
0.536,3.902,-0.103
0.385,4.355,0.036
0.253,4.657,0.298
0.180,4.735,0.433
0.187,4.650,0.273
0.250,4.518,-0.094
0.334,4.414,-0.413
0.435,4.373,-0.523
0.577,4.420,-0.522
0.767,4.563,-0.645
0.971,4.732,-0.938
1.123,4.768,-1.105
1.175,4.516,-0.765
1.115,3.935,0.102
0.953,3.163,1.027
0.723,2.460,1.434
0.497,2.082,1.151
0.386,2.145,0.528
0.492,2.558,0.044
0.838,3.079,-0.116
1.332,3.473,-0.089
1.797,3.675,-0.052
2.051,3.802,-0.047
2.007,4.019,-0.081
1.728,4.383,-0.230
1.376,4.817,-0.507
1.109,5.167,-0.656
0.990,5.292,-0.292
0.996,5.086,0.646
1.117,4.525,1.646
1.394,3.717,1.993
1.861,2.902,1.445
2.453,2.337,0.475
3.023,2.125,-0.249
3.472,2.170,-0.527
3.816,2.300,-0.688
4.108,2.438,-0.998
4.306,2.635,-1.225
4.270,2.945,-0.922
3.929,3.302,-0.090
3.399,3.544,0.658
2.898,3.564,0.703
2.540,3.441,0.112
2.241,3.428,-0.407
1.845,3.763,-0.248
1.296,4.457,0.499
0.692,5.223,1.227
0.188,5.640,1.487
-0.114,5.453,1.359
-0.215,4.757,1.183
-0.189,3.906,1.070
-0.139,3.242,0.823
-0.125,2.897,0.318
-0.106,2.827,-0.186
0.018,2.948,-0.253
0.262,3.204,0.211
0.464,3.506,0.745
0.410,3.725,0.730
0.068,3.785,0.027
-0.341,3.756,-0.817
-0.540,3.791,-1.056
-0.459,3.946,-0.450
-0.256,4.102,0.518
-0.090,4.080,1.114
0.034,3.829,1.019
0.173,3.465,0.552
0.264,3.147,0.269
0.149,2.947,0.409
-0.206,2.824,0.730
-0.587,2.704,0.831
-0.710,2.541,0.550
-0.505,2.338,0.036
-0.154,2.148,-0.485
0.127,2.054,-0.928
0.319,2.138,-1.316
0.561,2.424,-1.601
0.952,2.878,-1.637
1.422,3.448,-1.357
1.837,4.078,-0.902
2.152,4.688,-0.529
2.442,5.153,-0.377
2.797,5.359,-0.408
3.222,5.290,-0.570
3.657,5.038,-0.926
4.050,4.711,-1.509
4.383,4.342,-2.090
4.617,3.912,-2.243
4.655,3.439,-1.776
4.403,2.997,-1.035
3.875,2.637,-0.650
3.199,2.324,-0.919
2.514,1.975,-1.490
1.822,1.567,-1.751
1.007,1.178,-1.463
0.001,0.903,-0.945
-1.055,0.756,-0.665
-1.863,0.681,-0.764
-2.212,0.619,-1.033
-2.168,0.569,-1.256
-2.012,0.546,-1.409
-1.994,0.531,-1.541
-2.154,0.474,-1.572
-2.366,0.375,-1.350
-2.512,0.334,-0.881
-2.570,0.504,-0.416
-2.554,0.967,-0.253
-2.444,1.638,-0.471
-2.202,2.281,-0.864
-1.847,2.643,-1.122
-1.465,2.606,-1.072
-1.129,2.246,-0.781
-0.829,1.755,-0.457
-0.482,1.288,-0.259
-0.006,0.869,-0.191
0.605,0.443,-0.166
1.284,-0.017,-0.148
1.930,-0.448,-0.220
2.442,-0.761,-0.459
2.754,-0.919,-0.794
2.843,-0.956,-1.011
2.713,-0.912,-0.952
2.379,-0.805,-0.698
1.884,-0.671,-0.522
1.320,-0.614,-0.658
0.821,-0.772,-1.079
0.489,-1.206,-1.487
0.300,-1.844,-1.523
0.124,-2.539,-1.039
-0.150,-3.166,-0.248
-0.501,-3.636,0.414
-0.811,-3.831,0.621
-1.003,-3.600,0.416
-1.127,-2.869,0.139
-1.294,-1.776,0.061
-1.531,-0.645,0.125
-1.764,0.201,0.082
-1.924,0.629,-0.121
-2.051,0.722,-0.198
-2.242,0.653,0.159
-2.512,0.553,0.865
-2.754,0.473,1.422
-2.859,0.432,1.412
-2.840,0.447,0.944
-2.799,0.503,0.550
-2.769,0.507,0.627
-2.656,0.307,1.023
-2.352,-0.201,1.212
-1.899,-0.976,0.861
-1.477,-1.832,0.176
-1.222,-2.563,-0.300
-1.097,-3.089,-0.232
-0.960,-3.480,0.199
-0.747,-3.845,0.501
-0.537,-4.205,0.369
-0.429,-4.474,-0.034
-0.411,-4.552,-0.257
-0.390,-4.420,-0.010
-0.342,-4.139,0.572
-0.382,-3.760,1.095
-0.628,-3.291,1.305
-1.024,-2.746,1.293
-1.344,-2.221,1.324
-1.402,-1.866,1.503
-1.246,-1.787,1.685
-1.115,-1.940,1.680
-1.199,-2.167,1.505
-1.448,-2.321,1.358
-1.627,-2.371,1.386
-1.543,-2.399,1.551
-1.228,-2.497,1.747
-0.890,-2.665,1.975
-0.732,-2.823,2.299
-0.800,-2.895,2.631
-0.990,-2.874,2.690
-1.158,-2.808,2.265
-1.214,-2.717,1.521
-1.167,-2.573,0.910
-1.088,-2.350,0.757
-1.060,-2.105,0.956
-1.134,-1.961,1.110
-1.303,-1.996,0.959
-1.502,-2.147,0.589
-1.655,-2.247,0.243
-1.737,-2.180,0.028
-1.803,-1.980,-0.119
-1.963,-1.787,-0.217
-2.309,-1.684,-0.112
-2.836,-1.635,0.363
-3.434,-1.555,1.122
-3.942,-1.443,1.794
-4.240,-1.393,1.997
-4.300,-1.479,1.662
-4.176,-1.642,1.085
-3.947,-1.726,0.682
-3.674,-1.627,0.692
-3.394,-1.391,1.024
-3.122,-1.172,1.369
-2.859,-1.097,1.424
-2.593,-1.192,1.097
-2.319,-1.395,0.564
-2.063,-1.629,0.152
-1.878,-1.821,0.125
-1.797,-1.908,0.505
-1.787,-1.838,1.063
-1.755,-1.612,1.459
-1.617,-1.304,1.450
-1.361,-1.027,1.002
-1.066,-0.858,0.313
-0.849,-0.788,-0.280
-0.822,-0.756,-0.465
-1.040,-0.730,-0.166
-1.475,-0.756,0.375
-1.999,-0.907,0.765
-2.425,-1.204,0.787
-2.611,-1.570,0.580
-2.559,-1.874,0.462
-2.409,-2.016,0.581
-2.315,-1.960,0.769
-2.330,-1.718,0.765
-2.404,-1.306,0.538
-2.475,-0.749,0.306
-2.529,-0.118,0.252
-2.564,0.459,0.294
-2.550,0.842,0.213
-2.473,0.984,-0.043
-2.408,0.975,-0.255
-2.494,0.990,-0.166
-2.798,1.154,0.222
-3.214,1.429,0.622
-3.553,1.659,0.720
-3.720,1.712,0.433
-3.796,1.612,-0.063
-3.922,1.514,-0.494
-4.126,1.540,-0.630
-4.297,1.654,-0.346
-4.294,1.697,0.332
-4.064,1.546,1.156
-3.642,1.217,1.668
-3.085,0.803,1.480
-2.467,0.370,0.629
-1.918,-0.068,-0.322
-1.632,-0.467,-0.670
-1.740,-0.699,-0.164
-2.176,-0.633,0.742
-2.689,-0.289,1.278
-3.010,0.134,1.036
-3.060,0.401,0.279
-2.978,0.429,-0.361
-2.968,0.326,-0.462
-3.107,0.262,-0.082
-3.283,0.308,0.446
-3.301,0.403,0.839
-3.043,0.426,0.999
-2.534,0.294,0.920
-1.905,-0.004,0.630
-1.312,-0.403,0.243
-0.894,-0.760,-0.033
-0.740,-0.885,-0.032
-0.840,-0.654,0.227
-1.059,-0.125,0.559
-1.183,0.464,0.777
-1.069,0.840,0.795
-0.762,0.886,0.592
-0.464,0.699,0.184
-0.357,0.475,-0.318
-0.453,0.345,-0.658
-0.596,0.298,-0.585
-0.620,0.232,-0.124
-0.475,0.062,0.382
-0.226,-0.196,0.555
0.047,-0.432,0.348
0.309,-0.494,0.058
0.528,-0.304,0.002
0.630,0.063,0.208
0.525,0.410,0.462
0.200,0.557,0.602
-0.245,0.494,0.655
-0.655,0.382,0.700
-0.934,0.398,0.681
-1.093,0.580,0.485
-1.215,0.825,0.177
-1.377,1.036,0.055
-1.586,1.229,0.400
-1.782,1.464,1.161
-1.871,1.707,1.960
-1.780,1.819,2.399
-1.515,1.686,2.372
-1.169,1.365,2.095
-0.853,1.038,1.875
-0.622,0.854,1.882
-0.443,0.809,2.067
-0.252,0.814,2.247
-0.029,0.821,2.242
0.195,0.849,2.015
0.387,0.896,1.707
0.559,0.896,1.526
0.737,0.786,1.550
0.901,0.608,1.668
0.991,0.501,1.732
0.964,0.567,1.747
0.854,0.754,1.854
0.743,0.897,2.100
0.692,0.869,2.286
0.708,0.676,2.129
0.771,0.419,1.567
0.864,0.183,0.874
0.977,-0.005,0.432
1.075,-0.123,0.430
1.109,-0.125,0.764
1.062,0.024,1.168
0.981,0.270,1.390
0.947,0.471,1.298
1.005,0.489,0.926
1.105,0.296,0.496
1.130,-0.013,0.317
0.976,-0.291,0.561
0.656,-0.433,1.089
0.315,-0.426,1.541
0.151,-0.342,1.623
0.256,-0.307,1.320
0.530,-0.421,0.840
0.750,-0.685,0.404
0.748,-0.994,0.112
0.550,-1.211,-0.027
0.334,-1.282,-0.012
0.251,-1.268,0.158
0.302,-1.263,0.441
0.357,-1.309,0.742
0.293,-1.377,0.912
0.100,-1.422,0.796
-0.143,-1.416,0.337
-0.363,-1.322,-0.311
-0.550,-1.077,-0.787
-0.729,-0.664,-0.778
-0.885,-0.193,-0.325
-0.926,0.131,0.165
-0.744,0.173,0.281
-0.318,-0.002,-0.010
0.216,-0.175,-0.394
0.640,-0.178,-0.596
0.788,-0.019,-0.652
0.660,0.154,-0.749
0.383,0.218,-0.918
0.093,0.179,-0.999
-0.140,0.131,-0.917
-0.290,0.147,-0.854
-0.334,0.235,-1.073
-0.259,0.363,-1.600
-0.118,0.521,-2.196
-0.011,0.710,-2.591
-0.002,0.913,-2.709
-0.043,1.068,-2.630
-0.029,1.085,-2.462
0.076,0.911,-2.301
0.193,0.553,-2.252
0.204,0.073,-2.382
0.064,-0.467,-2.615
-0.162,-1.024,-2.760
-0.358,-1.541,-2.708
-0.428,-1.927,-2.531
-0.331,-2.083,-2.375
-0.087,-1.967,-2.264
0.221,-1.632,-2.090
0.483,-1.183,-1.804
0.624,-0.695,-1.520
0.655,-0.176,-1.378
0.652,0.378,-1.353
0.694,0.905,-1.268
0.814,1.257,-1.015
1.004,1.282,-0.706
1.245,0.938,-0.560
1.503,0.339,-0.658
1.732,-0.283,-0.885
1.891,-0.696,-1.113
1.984,-0.783,-1.388
2.049,-0.589,-1.844
2.117,-0.260,-2.447
2.167,0.064,-2.879
2.157,0.326,-2.793
2.085,0.526,-2.193
2.005,0.674,-1.521
1.982,0.766,-1.279
2.037,0.819,-1.558
2.137,0.879,-1.973
2.236,0.979,-2.084
2.291,1.068,-1.830
2.252,1.033,-1.511
2.055,0.809,-1.391
1.661,0.459,-1.404
1.123,0.128,-1.306
0.589,-0.092,-1.039
0.232,-0.237,-0.832
0.138,-0.410,-0.908
0.253,-0.641,-1.166
0.441,-0.847,-1.237
0.601,-0.925,-0.875
0.730,-0.866,-0.227
0.887,-0.753,0.302
1.104,-0.658,0.441
1.338,-0.559,0.276
1.504,-0.382,0.099
1.550,-0.128,0.086
1.508,0.092,0.155
1.453,0.166,0.117
1.449,0.122,-0.064
1.505,0.134,-0.207
1.604,0.355,-0.083
1.726,0.760,0.336
1.856,1.160,0.821
1.962,1.402,1.054
1.997,1.512,0.892
1.933,1.645,0.488
1.821,1.883,0.191
1.766,2.134,0.281
1.841,2.240,0.751
2.002,2.152,1.303
2.124,1.989,1.579
2.121,1.892,1.434
2.046,1.853,1.030
2.039,1.724,0.673
2.168,1.398,0.546
2.346,0.953,0.595
2.409,0.612,0.659
2.287,0.545,0.662
2.057,0.724,0.658
1.847,0.964,0.714
1.684,1.081,0.776
1.480,1.026,0.712
1.149,0.862,0.463
0.721,0.677,0.112
0.321,0.519,-0.181
0.049,0.421,-0.315
-0.080,0.442,-0.277
-0.091,0.642,-0.086
0.019,1.004,0.228
0.271,1.398,0.567
0.643,1.665,0.746
1.032,1.724,0.592
1.333,1.637,0.143
1.522,1.532,-0.314
1.655,1.499,-0.448
1.780,1.528,-0.180
1.854,1.560,0.231
1.787,1.544,0.441
1.543,1.461,0.355
1.193,1.299,0.193
0.859,1.034,0.215
0.603,0.649,0.411
0.409,0.170,0.497
0.244,-0.321,0.230
0.123,-0.706,-0.330
0.086,-0.873,-0.861
0.125,-0.784,-1.094
0.165,-0.521,-1.025
0.143,-0.265,-0.846
0.083,-0.198,-0.726
0.081,-0.385,-0.702
0.180,-0.745,-0.760
0.309,-1.118,-0.915
0.353,-1.365,-1.163
0.278,-1.413,-1.370
0.157,-1.251,-1.319
0.082,-0.929,-0.927
0.051,-0.571,-0.403
-0.007,-0.359,-0.124
-0.142,-0.412,-0.296
-0.333,-0.696,-0.747
-0.539,-1.027,-1.074
-0.761,-1.230,-1.015
-1.015,-1.261,-0.655
-1.254,-1.200,-0.288
-1.388,-1.121,-0.107
-1.374,-1.027,-0.065
-1.270,-0.891,-0.014
-1.159,-0.761,0.078
-1.035,-0.755,0.095
-0.817,-0.942,-0.069
-0.477,-1.233,-0.354
-0.121,-1.404,-0.579
0.107,-1.271,-0.605
0.184,-0.826,-0.458
0.228,-0.237,-0.292
0.348,0.280,-0.239
0.501,0.599,-0.308
0.550,0.715,-0.395
0.424,0.689,-0.398
0.202,0.583,-0.313
0.030,0.447,-0.243
-0.008,0.339,-0.317
0.101,0.298,-0.579
0.367,0.293,-0.954
0.807,0.218,-1.293
1.380,-0.038,-1.472
1.937,-0.468,-1.467
2.297,-0.928,-1.355
2.378,-1.249,-1.249
2.246,-1.403,-1.204
2.018,-1.540,-1.198
1.760,-1.862,-1.172
1.469,-2.421,-1.098
1.151,-3.058,-0.992
0.870,-3.527,-0.869
0.716,-3.689,-0.728
0.719,-3.602,-0.592
0.835,-3.424,-0.525
0.990,-3.261,-0.580
1.145,-3.098,-0.699
1.304,-2.879,-0.744
1.489,-2.616,-0.648
1.707,-2.418,-0.542
1.936,-2.373,-0.650
2.130,-2.440,-1.051
2.234,-2.454,-1.559
2.214,-2.265,-1.895
2.089,-1.868,-1.967
1.942,-1.420,-1.940
1.880,-1.108,-2.007
1.946,-1.010,-2.114
2.074,-1.045,-1.985
2.122,-1.060,-1.434
1.977,-0.943,-0.656
1.660,-0.689,-0.143
1.333,-0.384,-0.253
1.196,-0.156,-0.826
1.357,-0.100,-1.277
1.765,-0.231,-1.100
2.250,-0.491,-0.342
2.638,-0.779,0.432
2.827,-1.046,0.651
2.813,-1.312,0.253
2.639,-1.638,-0.302
2.356,-2.055,-0.495
1.996,-2.539,-0.223
1.584,-3.043,0.166
1.142,-3.539,0.249
0.690,-3.994,-0.066
0.256,-4.345,-0.484
-0.118,-4.517,-0.636
-0.383,-4.495,-0.414
-0.499,-4.361,-0.046
-0.462,-4.240,0.147
-0.328,-4.196,0.071
-0.200,-4.188,-0.060
-0.178,-4.141,0.046
-0.282,-4.025,0.427
-0.412,-3.875,0.801
-0.385,-3.723,0.843
-0.054,-3.546,0.532
0.590,-3.287,0.186
1.397,-2.939,0.122
2.146,-2.557,0.338
2.655,-2.191,0.573
2.856,-1.808,0.665
2.767,-1.310,0.744
2.469,-0.660,0.996
2.072,0.023,1.307
1.697,0.510,1.294
1.423,0.635,0.744
1.232,0.440,-0.042
1.024,0.142,-0.482
0.708,-0.053,-0.289
0.296,-0.119,0.250
-0.095,-0.200,0.647
-0.340,-0.455,0.758
-0.414,-0.928,0.847
-0.384,-1.532,1.136
-0.321,-2.120,1.427
-0.231,-2.555,1.333
-0.103,-2.754,0.823
0.016,-2.710,0.387
0.020,-2.535,0.530
-0.143,-2.416,1.164
-0.396,-2.503,1.615
-0.601,-2.777,1.313
-0.707,-3.037,0.418
-0.822,-3.043,-0.288
-1.097,-2.688,-0.161
-1.555,-2.073,0.691
-2.044,-1.407,1.527
-2.351,-0.866,1.684
-2.350,-0.503,1.143
-2.048,-0.279,0.435
-1.546,-0.128,0.080
-0.991,-0.007,0.175
-0.548,0.110,0.471
-0.352,0.224,0.745
-0.404,0.317,0.979
-0.550,0.355,1.220
-0.580,0.320,1.398
-0.411,0.241,1.389
-0.153,0.170,1.214
-0.001,0.121,1.063
-0.045,0.039,1.080
-0.189,-0.144,1.199
-0.243,-0.425,1.256
-0.090,-0.687,1.236
0.233,-0.806,1.293
0.592,-0.769,1.521
0.884,-0.705,1.786
1.095,-0.746,1.855
1.269,-0.893,1.653
1.422,-1.009,1.336
1.518,-0.976,1.111
1.516,-0.839,1.057
1.431,-0.767,1.146
1.309,-0.888,1.322
1.138,-1.154,1.488
0.803,-1.367,1.466
0.176,-1.352,1.120
-0.726,-1.077,0.591
-1.694,-0.665,0.300
-2.456,-0.287,0.580
-2.879,-0.072,1.294
-3.036,-0.059,1.903
-3.079,-0.191,1.984
-3.082,-0.341,1.633
-3.002,-0.366,1.300
-2.793,-0.191,1.252
-2.509,0.136,1.319
-2.266,0.469,1.197
-2.124,0.664,0.874
-2.024,0.672,0.635
-1.858,0.561,0.665
-1.596,0.444,0.779
-1.332,0.412,0.659
-1.195,0.482,0.255
-1.220,0.612,-0.145
-1.330,0.737,-0.257
-1.408,0.806,-0.107
-1.415,0.815,0.072
-1.411,0.813,0.162
-1.465,0.882,0.254
-1.533,1.083,0.443
-1.460,1.405,0.638
-1.112,1.719,0.660
-0.526,1.834,0.485
0.079,1.625,0.261
0.469,1.156,0.111
0.565,0.680,-0.014
0.460,0.468,-0.209
0.269,0.610,-0.411
0.009,0.950,-0.413
-0.379,1.239,-0.129
-0.915,1.325,0.243
-1.517,1.240,0.381
-2.055,1.098,0.170
-2.438,0.998,-0.178
-2.636,0.997,-0.354
-2.654,1.140,-0.257
-2.520,1.432,-0.043
-2.294,1.777,0.102
-2.046,2.001,0.166
-1.819,1.994,0.253
-1.615,1.819,0.391
-1.444,1.650,0.482
-1.365,1.585,0.465
-1.431,1.574,0.447
-1.611,1.530,0.580
-1.802,1.493,0.817
-1.916,1.619,0.888
-1.959,2.000,0.586
-1.972,2.532,0.047
-1.941,2.983,-0.333
-1.789,3.185,-0.287
-1.491,3.136,0.076
-1.133,2.948,0.421
-0.833,2.739,0.562
-0.614,2.581,0.587
-0.421,2.518,0.643
-0.245,2.548,0.677
-0.189,2.595,0.494
-0.358,2.531,0.041
-0.704,2.279,-0.451
-1.032,1.896,-0.649
-1.181,1.534,-0.440
-1.181,1.330,-0.013
-1.195,1.320,0.343
-1.337,1.457,0.474
-1.566,1.672,0.395
-1.759,1.894,0.192
-1.840,2.042,-0.035
-1.833,2.047,-0.155
-1.810,1.922,-0.037
-1.816,1.778,0.321
-1.856,1.732,0.721
-1.901,1.778,0.894
-1.909,1.771,0.740
-1.861,1.544,0.401
-1.811,1.080,0.107
-1.877,0.547,-0.025
-2.158,0.186,-0.019
-2.611,0.155,0.067
-3.040,0.449,0.210
-3.233,0.935,0.388
-3.133,1.436,0.540
-2.870,1.823,0.614
-2.624,2.061,0.617
-2.481,2.223,0.587
-2.398,2.422,0.556
-2.296,2.706,0.565
-2.137,3.015,0.695
-1.929,3.223,0.993
-1.666,3.256,1.336
-1.322,3.146,1.457
-0.882,2.982,1.206
-0.386,2.816,0.762
0.077,2.649,0.498
0.426,2.493,0.603
0.621,2.418,0.892
0.661,2.497,1.018
0.583,2.696,0.863
0.441,2.876,0.618
0.300,2.900,0.498
0.187,2.770,0.456
0.067,2.592,0.245
-0.129,2.437,-0.263
-0.417,2.249,-0.878
-0.720,1.932,-1.236
-0.924,1.493,-1.123
-1.001,1.069,-0.665
-1.030,0.790,-0.223
-1.097,0.646,-0.105
-1.175,0.515,-0.341
-1.153,0.327,-0.668
-0.996,0.142,-0.751
-0.840,0.066,-0.453
-0.888,0.103,0.042
-1.197,0.121,0.385
-1.613,-0.018,0.337
-1.910,-0.323,-0.041
-2.001,-0.665,-0.457
-1.979,-0.899,-0.616
-1.967,-0.984,-0.417
-1.984,-0.969,0.016
-1.966,-0.894,0.432
-1.894,-0.710,0.599
-1.816,-0.335,0.420
-1.760,0.238,-0.012
-1.656,0.870,-0.447
-1.406,1.361,-0.640
-1.022,1.597,-0.542
-0.669,1.648,-0.339
-0.532,1.672,-0.275
-0.644,1.758,-0.407
-0.867,1.850,-0.573
-1.017,1.823,-0.617
-1.016,1.625,-0.586
-0.911,1.308,-0.665
-0.796,0.961,-0.913
-0.740,0.632,-1.145
-0.780,0.355,-1.129
-0.936,0.198,-0.870
-1.174,0.244,-0.608
-1.366,0.476,-0.548
-1.341,0.710,-0.638
-1.036,0.720,-0.671
-0.606,0.452,-0.540
-0.341,0.121,-0.336
-0.446,0.043,-0.199
-0.853,0.351,-0.168
-1.287,0.853,-0.209
-1.480,1.194,-0.330
-1.373,1.161,-0.555
-1.102,0.846,-0.803
-0.835,0.528,-0.860
-0.647,0.417,-0.578
-0.513,0.512,-0.075
-0.391,0.674,0.288
-0.271,0.781,0.192
-0.156,0.797,-0.362
-0.023,0.725,-1.035
0.168,0.548,-1.400
0.417,0.266,-1.265
0.658,-0.022,-0.799
0.779,-0.134,-0.365
0.700,0.050,-0.200
0.443,0.464,-0.234
0.143,0.867,-0.208
-0.032,1.008,0.006
0.011,0.808,0.260
0.242,0.399,0.303
0.546,0.001,0.087
0.822,-0.227,-0.173
1.048,-0.269,-0.233
1.261,-0.205,-0.082
1.494,-0.136,0.080
1.739,-0.133,0.083
1.959,-0.235,-0.059
2.128,-0.446,-0.235
2.239,-0.718,-0.403
2.300,-0.938,-0.603
2.298,-0.982,-0.841
2.203,-0.800,-1.022
1.988,-0.489,-1.061
1.694,-0.249,-1.016
1.425,-0.244,-1.037
1.291,-0.468,-1.185
1.311,-0.758,-1.331
1.386,-0.947,-1.270
1.388,-1.020,-0.945
1.282,-1.109,-0.517
1.147,-1.337,-0.215
1.077,-1.655,-0.125
1.068,-1.866,-0.145
1.049,-1.801,-0.127
0.997,-1.469,-0.025
0.992,-1.043,0.100
1.119,-0.704,0.189
1.357,-0.514,0.259
1.586,-0.419,0.344
1.722,-0.334,0.417
1.794,-0.211,0.385
1.869,-0.036,0.192
1.925,0.197,-0.120
1.859,0.463,-0.458
1.636,0.689,-0.786
1.384,0.798,-1.149
1.302,0.810,-1.570
1.459,0.864,-1.925
1.711,1.113,-1.971
1.841,1.549,-1.576
1.749,1.968,-0.939
1.511,2.131,-0.510
1.245,1.987,-0.591
0.981,1.724,-0.981
0.673,1.581,-1.118
0.341,1.611,-0.661
0.124,1.632,0.073
0.193,1.434,0.375
0.585,1.002,-0.105
1.151,0.565,-0.930
1.671,0.404,-1.303
2.017,0.619,-0.924
2.190,1.058,-0.302
2.252,1.449,-0.177
2.240,1.593,-0.697
2.158,1.462,-1.304
2.029,1.168,-1.413
1.905,0.854,-1.056
1.825,0.614,-0.758
1.786,0.474,-0.860
1.771,0.425,-1.133
1.786,0.441,-1.128
1.847,0.490,-0.774
1.923,0.542,-0.458
1.909,0.594,-0.507
1.703,0.687,-0.756
1.297,0.883,-0.756
0.812,1.184,-0.367
0.410,1.481,0.024
0.196,1.616,-0.035
0.166,1.526,-0.476
0.244,1.330,-0.755
0.350,1.242,-0.489
0.453,1.379,0.073
0.568,1.647,0.353
0.702,1.859,0.154
0.803,1.936,-0.129
0.777,1.989,-0.065
0.583,2.143,0.213
0.325,2.338,0.152
0.207,2.336,-0.466
0.350,1.970,-1.142
0.647,1.352,-1.183
0.825,0.788,-0.530
0.712,0.480,0.149
0.414,0.332,0.214
0.216,0.109,-0.245
0.303,-0.274,-0.622
0.589,-0.672,-0.563
0.833,-0.894,-0.335
0.900,-0.935,-0.371
0.870,-0.944,-0.654
0.913,-1.018,-0.784
1.088,-1.083,-0.570
1.295,-1.035,-0.341
1.392,-0.925,-0.548
1.318,-0.920,-1.166
1.102,-1.090,-1.675
0.799,-1.282,-1.631
0.438,-1.271,-1.145
0.035,-1.012,-0.723
-0.395,-0.689,-0.721
-0.852,-0.516,-1.043
-1.344,-0.510,-1.350
-1.839,-0.503,-1.430
-2.230,-0.334,-1.334
-2.378,-0.004,-1.215
-2.221,0.359,-1.133
-1.832,0.651,-1.055
-1.354,0.854,-0.956
-0.867,0.992,-0.880
-0.338,1.055,-0.887
0.295,1.012,-0.965
0.996,0.875,-1.030
1.607,0.727,-1.002
1.957,0.668,-0.883
1.991,0.731,-0.733
1.773,0.857,-0.603
1.395,0.947,-0.503
0.894,0.922,-0.446
0.293,0.758,-0.481
-0.319,0.482,-0.640
-0.778,0.152,-0.841
-0.952,-0.140,-0.919
-0.827,-0.307,-0.794
-0.468,-0.306,-0.572
0.074,-0.196,-0.421
0.780,-0.129,-0.363
1.567,-0.254,-0.247
2.222,-0.601,0.021
2.499,-1.028,0.280
2.318,-1.332,0.255
1.825,-1.420,-0.091
1.240,-1.406,-0.414
0.652,-1.505,-0.301
-0.015,-1.819,0.287
-0.829,-2.215,0.921
-1.687,-2.416,1.092
-2.346,-2.235,0.689
-2.606,-1.712,0.086
-2.455,-1.049,-0.226
-2.021,-0.445,-0.065
-1.441,-0.007,0.357
-0.763,0.212,0.701
0.031,0.153,0.809
0.944,-0.199,0.755
1.919,-0.733,0.678
2.857,-1.213,0.618
3.648,-1.432,0.521
4.202,-1.365,0.369
4.454,-1.166,0.231
4.375,-1.008,0.212
3.978,-0.921,0.348
3.326,-0.778,0.564
2.533,-0.423,0.720
1.738,0.178,0.700
1.071,0.895,0.483
0.635,1.514,0.180
0.491,1.864,-0.033
0.646,1.895,-0.037
1.041,1.657,0.128
1.561,1.240,0.309
2.067,0.722,0.383
2.447,0.155,0.341
2.638,-0.451,0.233
2.615,-1.130,0.074
2.383,-1.936,-0.139
1.975,-2.867,-0.340
1.451,-3.785,-0.390
0.869,-4.435,-0.230
0.271,-4.602,0.016
-0.320,-4.276,0.139
-0.867,-3.658,0.070
-1.311,-2.969,-0.056
-1.612,-2.261,-0.090
-1.782,-1.436,-0.041
-1.873,-0.459,-0.023
-1.916,0.483,-0.039
-1.881,1.074,0.064
-1.712,1.111,0.372
-1.398,0.671,0.722
-0.983,0.014,0.823
-0.505,-0.630,0.577
0.061,-1.165,0.203
0.755,-1.566,-0.004
1.535,-1.784,0.024
2.244,-1.750,0.132
2.713,-1.453,0.184
2.877,-0.954,0.221
2.807,-0.343,0.311
2.610,0.311,0.380
2.342,0.931,0.277
2.019,1.394,0.017
1.696,1.583,-0.153
1.478,1.470,0.003
1.428,1.140,0.447
1.487,0.706,0.895
1.507,0.213,1.082
1.377,-0.349,0.941
1.106,-0.971,0.545
0.783,-1.564,-0.003
0.485,-2.027,-0.564
0.230,-2.329,-0.913
0.025,-2.523,-0.862
-0.110,-2.675,-0.465
-0.178,-2.810,-0.042
-0.250,-2.911,0.099
-0.438,-2.952,-0.062
-0.807,-2.903,-0.282
-1.304,-2.731,-0.353
-1.800,-2.437,-0.280
-2.173,-2.105,-0.167
-2.350,-1.898,-0.006
-2.309,-1.931,0.314
-2.054,-2.158,0.803
-1.639,-2.385,1.260
-1.164,-2.423,1.436
-0.738,-2.258,1.282
-0.421,-2.040,0.984
-0.213,-1.947,0.766
-0.102,-2.034,0.695
-0.093,-2.233,0.677
-0.182,-2.447,0.608
-0.318,-2.626,0.510
-0.440,-2.770,0.493
-0.540,-2.879,0.637
-0.681,-2.931,0.912
-0.909,-2.912,1.215
-1.165,-2.853,1.479
-1.318,-2.827,1.700
-1.307,-2.898,1.864
-1.233,-3.065,1.875
-1.287,-3.236,1.652
-1.589,-3.285,1.293
-2.085,-3.145,1.070
-2.612,-2.862,1.141
-3.024,-2.539,1.310
-3.241,-2.233,1.176
-3.225,-1.920,0.623
-2.959,-1.578,0.084
-2.504,-1.292,0.167
-2.028,-1.239,0.989
-1.716,-1.535,1.970
-1.621,-2.082,2.396
-1.613,-2.611,2.161
-1.505,-2.879,1.840
-1.252,-2.856,2.032
-1.013,-2.712,2.704
-1.031,-2.642,3.283
-1.434,-2.693,3.316
-2.140,-2.743,2.904
-2.912,-2.628,2.453
-3.499,-2.293,2.162
-3.748,-1.847,1.896
-3.642,-1.503,1.521
-3.287,-1.444,1.194
-2.845,-1.693,1.186
-2.440,-2.081,1.477
-2.117,-2.329,1.717
-1.857,-2.237,1.616
-1.639,-1.835,1.284
-1.484,-1.386,1.096
-1.432,-1.200,1.231
-1.497,-1.404,1.457
-1.673,-1.844,1.410
-1.967,-2.203,1.009
-2.388,-2.252,0.540
-2.880,-2.013,0.348
-3.284,-1.736,0.499
-3.405,-1.715,0.767
-3.168,-2.074,0.890
-2.684,-2.667,0.818
-2.166,-3.162,0.728
-1.766,-3.257,0.829
-1.493,-2.907,1.166
-1.271,-2.389,1.552
-1.038,-2.135,1.702
-0.766,-2.422,1.432
-0.419,-3.174,0.794
0.043,-4.015,0.077
0.614,-4.556,-0.335
1.162,-4.637,-0.146
1.464,-4.357,0.660
1.326,-3.911,1.720
0.717,-3.425,2.426
-0.205,-2.928,2.304
-1.178,-2.410,1.396
-1.990,-1.865,0.282
-2.558,-1.293,-0.346
-2.911,-0.715,-0.229
-3.083,-0.224,0.275
-3.040,0.004,0.540
-2.710,-0.152,0.196
-2.080,-0.612,-0.596
-1.270,-1.078,-1.322
-0.506,-1.264,-1.550
-0.023,-1.123,-1.258
0.042,-0.860,-0.819
-0.309,-0.700,-0.655
-0.944,-0.665,-0.849
-1.649,-0.590,-1.108
-2.199,-0.343,-1.105
-2.429,0.032,-0.846
-2.296,0.373,-0.625
-1.899,0.571,-0.619
-1.439,0.654,-0.659
-1.116,0.721,-0.489
-0.997,0.830,-0.193
-0.958,0.963,-0.180
-0.774,1.046,-0.675
-0.312,0.988,-1.359
0.333,0.742,-1.650
0.894,0.369,-1.333
1.127,0.049,-0.788
0.982,-0.027,-0.554
0.590,0.186,-0.769
0.132,0.538,-1.114
-0.298,0.835,-1.229
-0.710,1.024,-1.060
-1.162,1.220,-0.795
-1.678,1.550,-0.586
-2.187,2.005,-0.439
-2.536,2.454,-0.316
-2.578,2.766,-0.253
-2.292,2.862,-0.322
-1.801,2.699,-0.522
-1.266,2.254,-0.715
-0.747,1.605,-0.678
-0.203,0.965,-0.253
0.382,0.573,0.467
0.929,0.510,1.093
1.339,0.624,1.157
1.608,0.667,0.479
1.801,0.503,-0.625
1.918,0.225,-1.560
1.844,0.078,-1.900
1.484,0.285,-1.627
0.920,0.893,-1.003
0.378,1.704,-0.291
0.039,2.372,0.341
-0.087,2.626,0.726
-0.101,2.472,0.668
-0.066,2.211,0.106
0.023,2.202,-0.699
0.196,2.588,-1.225
0.463,3.196,-1.017
0.823,3.705,-0.065
1.259,3.871,1.085
1.690,3.629,1.636
1.983,3.057,1.106
2.048,2.307,-0.259
1.910,1.579,-1.606
1.654,1.070,-2.119
1.303,0.884,-1.649
0.831,0.951,-0.726
0.305,1.080,0.033
-0.036,1.122,0.498
0.048,1.074,0.963
0.534,1.036,1.596
1.088,1.086,2.099
1.315,1.199,2.032
1.089,1.306,1.392
0.640,1.367,0.725
0.344,1.379,0.570
0.440,1.322,0.861
0.906,1.158,0.979
1.525,0.922,0.435
2.032,0.768,-0.557
2.264,0.876,-1.265
2.218,1.277,-1.169
2.028,1.771,-0.438
1.859,2.082,0.324
1.789,2.115,0.709
1.800,2.052,0.830
1.846,2.171,1.008
1.916,2.560,1.307
2.008,3.034,1.468
2.067,3.315,1.293
2.021,3.305,0.974
1.882,3.130,0.946
1.798,2.970,1.431
1.928,2.870,2.170
2.247,2.768,2.633
2.512,2.665,2.445
2.455,2.695,1.642
2.048,2.975,0.565
1.567,3.422,-0.406
1.392,3.762,-1.033
1.713,3.790,-1.248
2.401,3.577,-1.099
3.123,3.399,-0.707
3.588,3.455,-0.247
3.688,3.691,0.080
3.498,3.910,0.080
3.154,4.015,-0.348
2.765,4.077,-1.095
2.388,4.151,-1.776
2.066,4.110,-1.884
1.826,3.724,-1.172
1.630,2.916,0.018
1.345,1.897,0.865
0.821,1.012,0.655
0.036,0.482,-0.592
-0.821,0.303,-2.054
-1.467,0.373,-2.742
-1.744,0.631,-2.294
-1.713,1.040,-1.246
-1.535,1.493,-0.524
-1.264,1.817,-0.665
-0.822,1.896,-1.440
-0.151,1.761,-2.154
0.640,1.533,-2.306
1.328,1.309,-1.947
1.766,1.122,-1.472
1.964,1.020,-1.131
1.993,1.103,-0.808
1.859,1.459,-0.312
1.517,2.065,0.257
1.004,2.788,0.558
0.482,3.483,0.453
0.139,4.067,0.262
0.066,4.481,0.377
0.252,4.637,0.686
0.667,4.444,0.578
1.277,3.929,-0.308
1.979,3.290,-1.475
2.585,2.775,-1.952
2.920,2.483,-1.353
2.944,2.294,-0.382
2.736,2.006,-0.111
2.397,1.555,-0.799
1.982,1.085,-1.632
1.545,0.786,-1.672
1.165,0.696,-0.918
0.867,0.662,-0.266
0.524,0.508,-0.489
-0.068,0.222,-1.413
-0.969,-0.054,-2.166
-1.943,-0.203,-2.103
-2.583,-0.294,-1.382
-2.621,-0.522,-0.703
-2.139,-1.009,-0.630
-1.473,-1.650,-1.173
-0.940,-2.162,-1.892
-0.642,-2.285,-2.274
-0.480,-1.940,-2.032
-0.285,-1.237,-1.223
0.076,-0.390,-0.191
0.662,0.355,0.584
1.434,0.783,0.759
2.237,0.774,0.354
2.828,0.428,-0.223
2.991,0.076,-0.458
2.673,0.133,-0.123
2.039,0.816,0.511
1.407,1.975,0.892
1.081,3.173,0.656
1.192,3.958,-0.071
1.645,4.109,-0.817
2.214,3.703,-1.212
2.729,2.993,-1.264
3.188,2.232,-1.197
3.717,1.582,-1.103
4.381,1.118,-0.842
5.048,0.895,-0.291
5.438,0.967,0.388
5.341,1.338,0.819
4.808,1.906,0.753
4.137,2.478,0.288
3.661,2.892,-0.254
3.503,3.110,-0.599
3.498,3.184,-0.661
3.340,3.131,-0.499
2.835,2.897,-0.252
2.051,2.472,-0.105
1.244,2.018,-0.190
0.630,1.776,-0.412
0.224,1.812,-0.441
-0.121,1.894,0.004
-0.525,1.700,0.803
-0.953,1.149,1.440
-1.255,0.501,1.428
-1.307,0.091,0.740
-1.085,0.009,-0.193
-0.651,0.089,-0.839
-0.134,0.166,-0.877
0.280,0.265,-0.252
0.394,0.512,0.860
0.154,0.924,2.050
-0.239,1.374,2.752
-0.417,1.745,2.577
-0.127,2.033,1.662
0.565,2.250,0.606
1.367,2.278,-0.029
2.030,1.941,-0.173
2.484,1.211,-0.167
2.720,0.309,-0.297
2.645,-0.458,-0.509
2.173,-0.961,-0.559
1.455,-1.306,-0.333
0.904,-1.672,0.042
0.871,-2.120,0.346
1.309,-2.576,0.433
1.803,-2.941,0.283
1.953,-3.188,-0.016
1.687,-3.332,-0.308
1.225,-3.389,-0.482
0.804,-3.351,-0.563
0.514,-3.207,-0.665
0.349,-2.961,-0.786
0.284,-2.646,-0.727
0.261,-2.327,-0.313
0.147,-2.074,0.317
-0.187,-1.924,0.760
-0.745,-1.851,0.736
-1.397,-1.819,0.360
-2.001,-1.864,-0.057
-2.472,-2.105,-0.407
-2.734,-2.633,-0.825
-2.667,-3.372,-1.340
-2.195,-4.069,-1.677
-1.423,-4.446,-1.541
-0.627,-4.384,-1.047
-0.072,-3.969,-0.642
0.137,-3.382,-0.570
0.043,-2.790,-0.575
-0.259,-2.307,-0.278
-0.631,-2.036,0.251
-0.872,-2.048,0.515
-0.817,-2.287,0.261
-0.530,-2.507,-0.094
-0.331,-2.396,0.098
-0.537,-1.822,0.887
-1.148,-0.974,1.525
-1.853,-0.215,1.227
-2.371,0.254,0.020
-2.717,0.558,-1.240
-3.095,0.943,-1.686
-3.558,1.428,-1.198
-3.892,1.696,-0.383
-3.857,1.384,0.055
-3.486,0.475,-0.108
-3.053,-0.667,-0.550
-2.786,-1.637,-0.745
-2.697,-2.313,-0.394
-2.701,-2.830,0.367
-2.808,-3.293,1.109
-3.088,-3.619,1.446
-3.478,-3.703,1.278
-3.732,-3.631,0.736
-3.633,-3.651,-0.028
-3.218,-3.894,-0.880
-2.721,-4.231,-1.562
-2.303,-4.428,-1.705
-1.920,-4.418,-1.190
-1.496,-4.328,-0.437
-1.129,-4.262,-0.133
-1.040,-4.133,-0.528
-1.282,-3.797,-1.121
-1.597,-3.317,-1.186
-1.632,-3.018,-0.572
-1.294,-3.207,0.166
-0.847,-3.867,0.448
-0.635,-4.628,0.298
-0.765,-5.074,0.177
-1.065,-5.086,0.323
-1.305,-4.873,0.521
-1.409,-4.715,0.518
-1.448,-4.657,0.455
-1.530,-4.453,0.673
-1.733,-3.804,1.181
-2.097,-2.674,1.530
-2.580,-1.378,1.303
-2.993,-0.367,0.585
-3.068,0.098,-0.144
-2.683,0.102,-0.551
-2.042,-0.072,-0.738
-1.546,-0.201,-1.015
-1.444,-0.250,-1.495
-1.611,-0.289,-1.974
-1.706,-0.373,-2.147
-1.536,-0.507,-1.835
-1.244,-0.714,-1.075
-1.143,-1.043,-0.085
-1.400,-1.504,0.791
-1.898,-2.007,1.213
-2.322,-2.421,1.030
-2.332,-2.670,0.382
-1.692,-2.790,-0.388
-0.395,-2.891,-0.919
1.235,-3.084,-0.976
2.598,-3.426,-0.526
3.164,-3.883,0.228
2.891,-4.331,0.877
2.308,-4.621,1.023
2.106,-4.693,0.574
2.563,-4.626,-0.180
3.348,-4.521,-0.837
3.867,-4.318,-1.200
3.779,-3.769,-1.301
3.184,-2.673,-1.179
2.401,-1.146,-0.822
1.643,0.359,-0.357
0.936,1.379,-0.130
0.233,1.760,-0.359
-0.474,1.705,-0.765
-1.132,1.498,-0.749
-1.652,1.263,-0.064
-1.904,0.969,0.829
-1.746,0.615,1.264
-1.133,0.320,1.152
-0.203,0.206,1.065
0.793,0.243,1.468
1.650,0.275,2.086
2.297,0.178,2.201
2.697,-0.019,1.528
2.728,-0.174,0.552
2.217,-0.154,-0.029
1.147,0.096,-0.055
-0.212,0.557,0.050
-1.404,1.128,-0.133
-2.034,1.627,-0.575
-1.971,1.851,-0.942
-1.350,1.719,-1.019
-0.446,1.358,-0.873
0.477,1.023,-0.697
1.282,0.883,-0.596
1.989,0.872,-0.526
2.685,0.760,-0.326
3.364,0.371,0.206
3.825,-0.250,1.140
3.784,-0.857,2.196
3.123,-1.191,2.807
2.035,-1.163,2.550
0.871,-0.895,1.618
-0.150,-0.605,0.740
-1.074,-0.422,0.533
-2.038,-0.290,0.910
-2.982,-0.006,1.259
-3.587,0.623,1.179
-3.513,1.596,0.920
-2.694,2.638,0.971
-1.407,3.282,1.336
-0.073,3.119,1.434
1.001,2.078,0.813
1.716,0.544,-0.175
2.127,-0.849,-0.660
2.361,-1.630,-0.214
2.600,-1.780,0.633
3.058,-1.648,0.952
3.862,-1.573,0.423
4.917,-1.597,-0.379
5.899,-1.547,-0.698
6.442,-1.334,-0.429
6.363,-1.091,-0.129
5.727,-0.977,-0.309
4.734,-0.925,-0.879
3.591,-0.679,-1.342
2.481,-0.096,-1.366
1.585,0.669,-1.067
0.999,1.318,-0.746
0.639,1.741,-0.507
0.276,2.086,-0.196
-0.232,2.507,0.325
-0.748,2.920,0.929
-0.960,3.075,1.273
-0.713,2.846,1.095
-0.219,2.355,0.468
0.113,1.799,-0.210
0.037,1.245,-0.530
-0.363,0.644,-0.396
-0.839,0.029,-0.087
-1.229,-0.437,0.012
-1.493,-0.660,-0.256
-1.575,-0.786,-0.754
-1.355,-1.072,-1.266
-0.797,-1.566,-1.704
-0.094,-1.978,-2.074
0.443,-1.924,-2.284
0.640,-1.288,-2.108
0.561,-0.318,-1.413
0.330,0.617,-0.400
-0.057,1.322,0.438
-0.667,1.815,0.663
-1.371,2.163,0.219
-1.803,2.388,-0.544
-1.675,2.528,-1.124
-1.134,2.723,-1.188
-0.705,3.137,-0.735
-0.829,3.753,-0.074
-1.435,4.296,0.329
-1.994,4.425,0.142
-1.985,4.047,-0.573
-1.304,3.424,-1.328
-0.275,2.917,-1.555
0.662,2.635,-1.115
1.250,2.334,-0.469
1.501,1.710,-0.288
1.579,0.768,-0.810
1.648,-0.121,-1.625
1.784,-0.561,-2.080
1.960,-0.476,-1.876
2.091,-0.145,-1.249
2.089,0.105,-0.656
1.904,0.166,-0.397
1.553,0.127,-0.531
1.132,0.085,-0.998
0.815,0.070,-1.678
0.765,0.139,-2.369
1.011,0.464,-2.861
1.395,1.200,-3.105
1.665,2.257,-3.231
1.648,3.261,-3.328
1.318,3.808,-3.266
0.685,3.788,-2.841
-0.286,3.462,-2.088
-1.607,3.241,-1.348
-3.106,3.377,-0.964
-4.415,3.822,-0.964
-5.180,4.320,-1.092
-5.289,4.575,-1.074
-4.888,4.371,-0.808
-4.179,3.645,-0.342
-3.271,2.538,0.161
-2.181,1.413,0.414
-0.926,0.733,0.123
0.481,0.799,-0.690
2.067,1.529,-1.529
3.837,2.467,-1.757
5.618,3.086,-1.234
7.024,3.152,-0.544
7.628,2.864,-0.472
7.242,2.649,-1.214
6.025,2.792,-2.183
4.347,3.237,-2.606
2.558,3.691,-2.260
0.891,3.924,-1.586
-0.524,3.935,-1.126
-1.617,3.872,-0.975
-2.395,3.812,-0.809
-2.938,3.661,-0.391
-3.342,3.248,0.082
-3.647,2.491,0.196
-3.838,1.456,-0.150
-3.910,0.273,-0.540
-3.940,-0.931,-0.433
-4.046,-2.016,0.239
-4.315,-2.765,0.958
-4.714,-2.961,1.169
-5.080,-2.550,0.904
-5.165,-1.776,0.764
-4.742,-1.088,1.228
-3.745,-0.863,2.082
-2.378,-1.149,2.627
-1.066,-1.648,2.463
-0.223,-1.922,1.933
0.048,-1.698,1.696
0.035,-1.018,1.938
0.185,-0.177,2.127
0.718,0.513,1.608
1.454,0.945,0.363
2.009,1.250,-0.890
2.163,1.659,-1.345
2.028,2.303,-0.810
1.901,3.129,0.207
1.978,3.962,1.022
2.258,4.600,1.325
2.631,4.866,1.281
2.980,4.634,1.218
3.176,3.897,1.264
3.047,2.831,1.260
2.469,1.753,0.938
1.539,0.919,0.184
0.584,0.349,-0.826
-0.049,-0.130,-1.677
-0.273,-0.628,-1.955
-0.302,-1.022,-1.540
-0.425,-1.070,-0.727
-0.742,-0.707,-0.037
-1.161,-0.157,0.193
-1.589,0.273,0.080
-2.105,0.509,0.036
-2.874,0.735,0.316
-3.938,1.113,0.763
-5.125,1.532,0.999
-6.160,1.697,0.858
-6.856,1.473,0.537
-7.151,1.049,0.348
-7.015,0.705,0.418
-6.381,0.463,0.649
-5.242,0.078,0.920
-3.794,-0.581,1.208
-2.426,-1.224,1.545
-1.515,-1.315,1.945
-1.204,-0.639,2.403
-1.363,0.407,2.879
-1.727,1.122,3.237
-2.065,1.133,3.275
-2.225,0.666,2.942
-2.114,0.202,2.461
-1.708,-0.049,2.164
-1.089,-0.267,2.157
-0.446,-0.667,2.279
0.020,-1.124,2.379
0.227,-1.253,2.506
0.230,-0.809,2.680
0.134,0.016,2.593
-0.028,0.726,1.798
-0.320,0.868,0.348
-0.811,0.295,-0.924
-1.460,-0.849,-1.016
-2.115,-2.283,0.230
-2.614,-3.673,1.823
-2.925,-4.666,2.432
-3.180,-4.940,1.580
-3.555,-4.332,0.051
-4.099,-2.945,-0.840
-4.647,-1.152,-0.409
-4.911,0.552,0.888
-4.696,1.768,1.985
-4.073,2.344,2.200
-3.352,2.400,1.727
-2.874,2.214,1.206
-2.772,2.074,0.929
-2.916,2.172,0.562
-3.084,2.588,-0.321
-3.205,3.310,-1.564
-3.424,4.211,-2.429
-3.916,5.019,-2.323
-4.643,5.380,-1.422
-5.325,5.057,-0.500
-5.687,4.151,-0.161
-5.715,3.110,-0.289
-5.664,2.445,-0.254
-5.776,2.351,0.433
-6.040,2.569,1.657
-6.232,2.638,2.813
-6.172,2.312,3.313
-5.887,1.737,3.028
-5.528,1.218,2.328
-5.180,0.838,1.715
-4.820,0.371,1.380
-4.439,-0.398,1.139
-4.131,-1.312,0.790
-3.986,-1.869,0.474
-3.929,-1.689,0.560
-3.735,-0.932,1.145
-3.247,-0.213,1.797
-2.565,-0.043,1.916
-1.996,-0.347,1.343
-1.778,-0.575,0.517
-1.883,-0.262,0.011
-2.060,0.499,0.033
-2.079,1.177,0.373
-1.910,1.314,0.705
-1.690,0.922,0.783
-1.544,0.372,0.449
-1.450,-0.011,-0.284
-1.286,-0.194,-1.065
-0.992,-0.319,-1.296
-0.680,-0.457,-0.667
-0.563,-0.556,0.381
-0.759,-0.590,0.910
-1.164,-0.669,0.359
-1.525,-0.919,-0.870
-1.665,-1.309,-1.780
-1.643,-1.647,-1.739
-1.690,-1.767,-1.008
-1.971,-1.705,-0.349
-2.397,-1.641,-0.234
-2.682,-1.701,-0.501
-2.592,-1.853,-0.687
-2.179,-2.004,-0.548
-1.771,-2.132,-0.218
-1.711,-2.298,0.058
-2.065,-2.513,0.208
-2.547,-2.665,0.339
-2.748,-2.613,0.533
-2.461,-2.346,0.704
-1.830,-2.028,0.689
-1.217,-1.861,0.457
-0.929,-1.896,0.201
-1.050,-1.985,0.191
-1.459,-1.919,0.510
-1.942,-1.605,0.940
-2.272,-1.142,1.106
-2.244,-0.735,0.778
-1.763,-0.540,0.071
-0.929,-0.551,-0.633
-0.054,-0.587,-0.984
0.499,-0.408,-0.934
0.529,0.102,-0.740
0.099,0.812,-0.689
-0.551,1.375,-0.794
-1.174,1.432,-0.787
-1.590,0.835,-0.427
-1.693,-0.275,0.187
-1.431,-1.555,0.662
-0.845,-2.651,0.670
-0.090,-3.323,0.266
0.646,-3.518,-0.163
1.265,-3.349,-0.249
1.799,-3.039,0.079
2.291,-2.822,0.594
2.659,-2.822,1.001
2.725,-3.014,1.141
2.409,-3.290,1.041
1.869,-3.551,0.845
1.415,-3.764,0.711
1.262,-3.937,0.749
1.383,-4.065,0.991
1.614,-4.135,1.385
1.828,-4.127,1.777
1.972,-4.013,1.962
1.959,-3.737,1.809
1.641,-3.249,1.422
0.957,-2.583,1.108
0.086,-1.913,1.134
-0.645,-1.480,1.441
-1.028,-1.398,1.664
-1.143,-1.528,1.484
-1.222,-1.525,0.947
-1.386,-1.076,0.401
-1.575,-0.143,0.137
-1.721,0.995,0.151
-1.887,1.937,0.268
-2.165,2.418,0.402
-2.467,2.445,0.600
-2.501,2.212,0.868
-2.024,1.915,1.079
-1.106,1.642,1.132
-0.123,1.377,1.102
0.537,1.058,1.147
0.752,0.609,1.252
0.692,-0.036,1.216
0.598,-0.851,0.951
0.574,-1.652,0.710
0.543,-2.139,0.875
0.389,-2.124,1.459
0.092,-1.708,1.943
-0.241,-1.210,1.743
-0.482,-0.878,0.841
-0.564,-0.660,-0.122
-0.501,-0.292,-0.444
-0.324,0.383,-0.033
-0.040,1.237,0.553
0.333,1.959,0.688
0.715,2.335,0.258
0.977,2.384,-0.303
1.035,2.257,-0.492
0.904,2.074,-0.193
0.673,1.879,0.293
0.408,1.687,0.590
0.132,1.494,0.598
-0.105,1.231,0.517
-0.178,0.785,0.569
0.036,0.120,0.741
0.505,-0.633,0.819
1.013,-1.238,0.672
1.315,-1.539,0.441
1.330,-1.564,0.391
1.181,-1.445,0.594
1.035,-1.275,0.831
0.949,-1.066,0.834
0.901,-0.830,0.584
0.926,-0.641,0.289
1.174,-0.552,0.124
1.767,-0.503,0.081
2.636,-0.341,0.102
3.513,0.040,0.237
4.126,0.588,0.534
4.381,1.119,0.837
4.365,1.459,0.837
4.210,1.530,0.422
3.991,1.359,-0.123
3.766,1.045,-0.377
3.625,0.741,-0.236
3.656,0.620,0.019
3.836,0.779,0.131
4.011,1.136,0.198
4.020,1.470,0.479
3.835,1.581,0.920
3.573,1.463,1.074
3.355,1.277,0.581
3.200,1.166,-0.372
3.055,1.095,-1.184
2.897,0.898,-1.422
2.777,0.452,-1.160
2.733,-0.202,-0.744
2.719,-0.910,-0.398
2.628,-1.531,-0.186
2.400,-2.001,-0.227
2.082,-2.288,-0.700
1.767,-2.349,-1.493
1.495,-2.162,-2.043
1.223,-1.796,-1.777
0.920,-1.424,-0.777
0.654,-1.205,0.171
0.554,-1.174,0.338
0.673,-1.200,-0.206
0.885,-1.085,-0.756
0.968,-0.706,-0.860
0.806,-0.125,-0.822
0.515,0.435,-1.184
0.326,0.712,-1.879
0.355,0.562,-2.169
0.493,0.028,-1.527
0.545,-0.713,-0.365
0.474,-1.475,0.312
0.466,-2.119,-0.053
0.736,-2.549,-1.036
1.280,-2.671,-1.776
1.842,-2.438,-1.873
2.150,-1.935,-1.616
2.166,-1.402,-1.430
2.108,-1.111,-1.350
2.221,-1.182,-1.156
2.555,-1.511,-0.851
2.963,-1.859,-0.762
3.291,-2.015,-1.099
3.546,-1.901,-1.552
3.845,-1.577,-1.524
4.242,-1.199,-0.790
4.636,-0.970,0.160
4.888,-1.045,0.520
4.994,-1.410,-0.057
5.083,-1.814,-1.141
5.222,-1.910,-1.950
5.272,-1.531,-2.079
5.001,-0.866,-1.769
4.342,-0.342,-1.543
3.511,-0.285,-1.658
2.817,-0.659,-1.944
2.409,-1.104,-2.092
2.219,-1.229,-1.976
2.149,-0.884,-1.675
2.222,-0.218,-1.273
2.511,0.491,-0.778
2.981,1.048,-0.224
3.471,1.413,0.226
3.868,1.639,0.372
4.213,1.758,0.174
4.591,1.749,-0.182
4.930,1.579,-0.441
4.981,1.261,-0.493
4.543,0.842,-0.423
3.688,0.374,-0.385
2.748,-0.099,-0.460
2.050,-0.492,-0.613
1.689,-0.678,-0.750
1.510,-0.559,-0.787
1.304,-0.199,-0.681
0.987,0.176,-0.444
0.644,0.317,-0.126
0.415,0.130,0.197
0.364,-0.264,0.435
0.441,-0.662,0.491
0.524,-0.945,0.313
0.497,-1.135,0.008
0.282,-1.313,-0.112
-0.132,-1.511,0.266
-0.663,-1.696,1.113
-1.108,-1.822,1.904
-1.200,-1.866,1.985
-0.780,-1.793,1.204
0.042,-1.501,0.143
0.926,-0.874,-0.391
1.548,0.084,-0.144
1.865,1.152,0.358
2.123,1.971,0.413
2.592,2.292,-0.099
3.296,2.140,-0.635
3.986,1.735,-0.622
4.354,1.221,-0.043
4.264,0.511,0.620
3.778,-0.551,0.935
3.038,-1.860,0.887
2.178,-2.939,0.745
1.341,-3.261,0.711
0.707,-2.703,0.757
0.425,-1.661,0.725
0.494,-0.695,0.491
0.730,-0.080,0.045
0.901,0.287,-0.488
0.920,0.583,-0.858
0.904,0.779,-0.826
1.045,0.734,-0.353
1.418,0.491,0.311
1.907,0.350,0.772
2.328,0.567,0.757
2.594,1.032,0.276
2.735,1.329,-0.436
2.765,1.162,-1.078
2.568,0.673,-1.420
1.978,0.316,-1.390
1.004,0.426,-1.093
-0.059,0.942,-0.751
-0.813,1.543,-0.533
-1.081,1.980,-0.429
-1.049,2.227,-0.281
-1.086,2.366,0.056
-1.403,2.387,0.582
-1.904,2.154,1.169
-2.335,1.534,1.663
-2.508,0.530,1.944
-2.381,-0.717,1.970
-1.962,-1.998,1.799
-1.254,-3.078,1.567
-0.313,-3.734,1.372
0.679,-3.822,1.168
1.495,-3.379,0.814
2.041,-2.645,0.305
2.420,-1.928,-0.122
2.784,-1.386,-0.189
3.120,-0.944,0.082
3.225,-0.412,0.292
2.917,0.297,0.048
2.259,1.063,-0.585
1.555,1.631,-1.076
1.133,1.769,-0.931
1.139,1.385,-0.209
1.512,0.546,0.527
2.077,-0.537,0.726
2.624,-1.547,0.339
2.929,-2.160,-0.213
2.814,-2.214,-0.482
2.271,-1.832,-0.364
1.552,-1.374,-0.068
1.053,-1.200,0.164
1.028,-1.430,0.252
1.388,-1.891,0.200
1.789,-2.285,-0.066
1.935,-2.398,-0.673
1.812,-2.208,-1.587
1.633,-1.836,-2.452
1.577,-1.417,-2.763
1.585,-1.000,-2.278
1.427,-0.529,-1.306
0.924,0.095,-0.521
0.121,0.891,-0.424
-0.733,1.678,-0.942
-1.349,2.114,-1.559
-1.579,1.910,-1.807
-1.485,1.093,-1.612
-1.280,0.053,-1.193
-1.142,-0.692,-0.754
-1.043,-0.826,-0.375
-0.729,-0.353,-0.145
0.064,0.530,-0.206
1.316,1.619,-0.549
2.646,2.712,-0.844
3.558,3.519,-0.656
3.823,3.688,0.089
3.635,3.043,0.946
3.382,1.812,1.343
3.278,0.564,1.130
3.201,-0.158,0.662
2.881,-0.203,0.330
2.195,0.150,0.122
1.301,0.481,-0.262
0.527,0.555,-0.903
0.164,0.417,-1.401
0.313,0.221,-1.217
0.869,0.037,-0.282
1.575,-0.173,0.793
2.146,-0.430,1.193
2.388,-0.630,0.622
2.276,-0.604,-0.400
1.923,-0.272,-0.990
1.484,0.282,-0.674
1.039,0.891,0.241
0.564,1.434,0.998
-0.039,1.865,1.068
-0.838,2.129,0.552
-1.764,2.091,-0.001
-2.582,1.631,-0.076
-3.018,0.835,0.466
-2.975,0.055,1.369
-2.618,-0.266,2.182
-2.209,0.045,2.524
-1.823,0.721,2.304
-1.268,1.209,1.761
-0.351,1.093,1.257
0.806,0.376,0.940
1.771,-0.579,0.648
2.175,-1.391,0.181
2.061,-1.918,-0.372
1.813,-2.231,-0.670
1.737,-2.435,-0.540
1.757,-2.563,-0.245
1.563,-2.654,-0.236
1.015,-2.823,-0.626
0.339,-3.166,-1.014
-0.083,-3.569,-0.851
-0.091,-3.692,0.032
0.132,-3.218,1.271
0.283,-2.156,2.246
0.259,-0.868,2.490
0.231,0.213,1.949
0.433,0.910,0.980
0.887,1.341,0.151
1.356,1.693,-0.105
1.560,1.989,0.229
1.434,2.100,0.766
1.180,1.945,1.063
1.065,1.621,0.959
1.187,1.311,0.579
1.435,1.058,0.084
1.682,0.687,-0.491
1.947,-0.020,-1.125
2.327,-1.042,-1.652
2.776,-2.028,-1.811
3.020,-2.515,-1.491
2.745,-2.305,-0.861
1.897,-1.652,-0.280
0.763,-1.083,-0.077
-0.268,-0.996,-0.362
-1.005,-1.394,-0.929
-1.550,-1.961,-1.304
-2.139,-2.372,-1.033
-2.922,-2.513,-0.094
-3.891,-2.465,0.954
-4.914,-2.315,1.374
-5.806,-2.055,0.952
-6.361,-1.630,0.255
-6.417,-1.062,0.105
-5.960,-0.515,0.731
-5.157,-0.236,1.542
-4.240,-0.417,1.758
-3.338,-1.067,1.229
-2.417,-1.950,0.535
-1.405,-2.690,0.312
-0.370,-3.006,0.576
0.483,-2.917,0.801
0.987,-2.694,0.558
1.171,-2.594,-0.021
1.229,-2.594,-0.465
1.348,-2.457,-0.519
1.617,-2.043,-0.409
2.106,-1.521,-0.525
2.946,-1.182,-0.965
4.224,-1.060,-1.450
5.761,-0.801,-1.688
7.067,-0.008,-1.721
7.591,1.310,-1.863
7.080,2.674,-2.303
5.688,3.559,-2.828
3.783,3.817,-2.977
1.715,3.671,-2.460
-0.238,3.355,-1.419
-1.810,2.913,-0.313
-2.817,2.372,0.429
-3.345,2.003,0.660
-3.762,2.187,0.511
-4.402,2.940,0.230
-5.182,3.659,0.030
-5.621,3.518,0.009
-5.292,2.197,0.101
-4.273,0.207,0.105
-3.088,-1.537,-0.196
-2.237,-2.470,-0.857
-1.802,-2.671,-1.670
-1.524,-2.502,-2.276
-1.152,-2.104,-2.410
-0.640,-1.335,-2.082
-0.041,-0.136,-1.551
0.647,1.241,-1.117
1.426,2.451,-0.915
2.116,3.434,-0.848
2.355,4.389,-0.703
1.877,5.352,-0.359
0.784,5.915,0.075
-0.494,5.563,0.330
-1.533,4.333,0.255
-2.228,2.987,0.008
-2.799,2.398,-0.066
-3.501,2.720,0.170
-4.327,3.239,0.457
-4.980,3.087,0.448
-5.119,2.069,0.223
-4.677,0.756,0.340
-3.960,-0.179,1.206
-3.418,-0.599,2.452
-3.283,-0.864,3.107
-3.368,-1.311,2.524
-3.224,-1.893,1.051
-2.472,-2.353,-0.304
-1.043,-2.560,-0.847
0.846,-2.569,-0.733
2.835,-2.361,-0.542
4.492,-1.712,-0.539
5.327,-0.427,-0.493
4.941,1.332,-0.136
3.342,3.074,0.394
1.118,4.377,0.669
-0.806,5.231,0.438
-1.748,5.917,-0.102
-1.681,6.588,-0.451
-1.108,7.009,-0.191
-0.566,6.749,0.713
-0.250,5.613,1.852
-0.062,3.857,2.628
0.084,2.032,2.699
0.115,0.633,2.271
-0.089,-0.118,1.876
-0.555,-0.256,1.790
-1.226,0.046,1.700
-2.069,0.575,1.109
-3.062,1.074,0.044
-4.050,1.288,-0.815
-4.695,1.060,-0.835
-4.684,0.447,-0.181
-4.017,-0.260,0.313
-3.046,-0.660,0.052
-2.175,-0.466,-0.686
-1.464,0.319,-1.106
-0.582,1.366,-0.807
0.835,2.215,-0.173
2.757,2.545,0.130
4.666,2.393,-0.118
5.895,2.124,-0.571
6.070,2.164,-0.814
5.288,2.657,-0.792
3.922,3.312,-0.686
2.307,3.596,-0.510
0.591,3.183,-0.048
-1.199,2.302,0.797
-3.017,1.655,1.701
-4.740,1.898,2.127
-6.179,3.098,1.840
-7.094,4.654,1.148
-7.227,5.721,0.592
-6.382,5.775,0.435
-4.545,4.826,0.526
-1.960,3.236,0.617
0.948,1.432,0.675
3.704,-0.181,0.821
5.892,-1.211,1.058
7.200,-1.383,1.218
7.454,-0.790,1.201
6.688,0.016,1.164
5.175,0.324,1.332
3.318,-0.239,1.680
1.460,-1.437,1.900
-0.233,-2.630,1.743
-1.747,-3.250,1.315
-3.111,-3.143,0.938
-4.337,-2.554,0.749
-5.413,-1.863,0.530
-6.265,-1.328,-0.014
-6.725,-0.978,-0.842
-6.587,-0.676,-1.560
-5.791,-0.276,-1.835
-4.554,0.244,-1.787
-3.284,0.756,-1.874
-2.300,1.072,-2.364
-1.637,1.095,-2.966
-1.162,0.894,-3.073
-0.814,0.645,-2.406
-0.689,0.514,-1.371
-0.850,0.569,-0.684
-1.132,0.769,-0.652
-1.232,1.007,-0.897
-0.998,1.175,-0.815
-0.589,1.247,-0.267
-0.303,1.310,0.300
-0.267,1.502,0.396
-0.322,1.863,0.047
-0.220,2.219,-0.303
0.141,2.265,-0.363
0.653,1.796,-0.362
1.122,0.878,-0.756
1.407,-0.200,-1.661
1.449,-1.147,-2.634
1.239,-1.832,-3.050
0.788,-2.259,-2.640
0.106,-2.477,-1.693
-0.814,-2.568,-0.798
-1.969,-2.694,-0.431
-3.261,-3.060,-0.706
-4.429,-3.714,-1.386
-5.119,-4.396,-2.032
-5.071,-4.648,-2.230
-4.270,-4.153,-1.820
-2.936,-3.000,-1.019
-1.415,-1.629,-0.311
-0.083,-0.508,-0.111
0.726,0.164,-0.458
0.811,0.509,-1.004
0.227,0.769,-1.351
-0.690,1.079,-1.374
-1.471,1.386,-1.236
-1.764,1.545,-1.090
-1.500,1.509,-0.883
-0.871,1.463,-0.504
-0.181,1.742,-0.078
0.332,2.572,0.033
0.610,3.813,-0.384
0.749,4.943,-1.057
0.837,5.357,-1.409
0.778,4.752,-1.129
0.298,3.312,-0.509
-0.768,1.536,-0.146
-2.194,-0.118,-0.346
-3.410,-1.471,-0.856
-3.960,-2.610,-1.195
-3.902,-3.673,-1.175
-3.745,-4.665,-1.036
-3.951,-5.449,-1.124
-4.518,-5.866,-1.488
-5.061,-5.879,-1.832
-5.225,-5.604,-1.820
-4.953,-5.232,-1.410
-4.390,-4.912,-0.876
-3.617,-4.682,-0.539
-2.599,-4.469,-0.475
-1.335,-4.165,-0.479
0.025,-3.712,-0.305
1.288,-3.172,0.093
2.373,-2.699,0.576
3.315,-2.470,1.025
4.140,-2.559,1.460
4.800,-2.879,1.898
5.255,-3.212,2.163
5.562,-3.300,1.981
5.798,-2.941,1.335
5.913,-2.041,0.639
5.706,-0.669,0.419
4.993,0.910,0.764
3.785,2.300,1.157
2.271,3.129,0.959
0.668,3.254,0.071
-0.874,2.810,-0.929
-2.210,2.062,-1.343
-3.164,1.195,-1.020
-3.623,0.238,-0.418
-3.685,-0.828,-0.066
-3.610,-1.942,-0.038
-3.579,-2.957,-0.021
-3.511,-3.750,0.175
-3.160,-4.279,0.300
-2.405,-4.539,-0.050
-1.389,-4.486,-0.912
-0.386,-4.078,-1.783
0.444,-3.364,-2.043
1.100,-2.531,-1.520
1.608,-1.813,-0.608
1.920,-1.324,0.101
1.967,-0.957,0.280
1.764,-0.459,-0.009
1.369,0.364,-0.508
0.785,1.436,-0.964
-0.043,2.369,-1.184
-1.066,2.698,-1.035
-2.028,2.237,-0.515
-2.584,1.259,0.202
-2.551,0.301,0.869
-2.012,-0.243,1.356
-1.186,-0.385,1.707
-0.252,-0.424,2.000
0.668,-0.597,2.188
1.423,-0.887,2.143
1.842,-1.140,1.851
1.902,-1.335,1.495
1.810,-1.659,1.293
1.858,-2.324,1.297
2.140,-3.306,1.374
2.460,-4.283,1.359
2.532,-4.849,1.164
2.241,-4.811,0.707
1.691,-4.309,-0.100
1.006,-3.679,-1.208
0.181,-3.185,-2.262
-0.845,-2.889,-2.771
-1.998,-2.740,-2.530
-3.026,-2.744,-1.868
-3.660,-2.953,-1.363
-3.823,-3.277,-1.279
-3.646,-3.377,-1.370
-3.312,-2.878,-1.225
-2.903,-1.743,-0.774
-2.404,-0.428,-0.339
-1.791,0.442,-0.231
-1.115,0.563,-0.401
-0.482,0.127,-0.532
0.005,-0.476,-0.393
0.305,-1.068,-0.043
0.465,-1.737,0.298
0.592,-2.546,0.494
0.783,-3.299,0.565
1.042,-3.661,0.591
1.280,-3.490,0.561
1.395,-2.976,0.336
1.365,-2.412,-0.259
1.230,-1.896,-1.252
1.004,-1.283,-2.388
0.626,-0.416,-3.175
0.024,0.673,-3.201
-0.784,1.792,-2.498
-1.680,2.756,-1.594
-2.543,3.465,-1.144
-3.321,3.838,-1.423
-4.004,3.772,-2.135
-4.547,3.234,-2.689
-4.868,2.389,-2.644
-4.902,1.586,-1.957
-4.640,1.148,-0.908
-4.110,1.152,0.123
-3.328,1.380,0.846
-2.326,1.466,1.168
-1.230,1.118,1.195
-0.274,0.291,1.123
0.311,-0.793,1.065
0.456,-1.773,0.950
0.325,-2.337,0.640
0.214,-2.379,0.135
0.329,-2.013,-0.392
0.624,-1.454,-0.789
0.845,-0.911,-1.115
0.749,-0.519,-1.546
0.329,-0.308,-2.112
-0.166,-0.177,-2.577
-0.428,0.097,-2.642
-0.312,0.729,-2.239
0.113,1.766,-1.582
0.675,3.030,-0.931
1.227,4.267,-0.408
1.653,5.324,-0.024
1.849,6.191,0.190
1.765,6.844,0.178
1.507,7.115,-0.024
1.325,6.770,-0.245
1.418,5.736,-0.291
1.712,4.246,-0.097
1.898,2.746,0.254
1.710,1.648,0.594
1.224,1.116,0.753
0.804,1.034,0.632
0.771,1.131,0.288
1.093,1.152,-0.054
1.430,1.008,-0.178
1.441,0.822,-0.097
1.028,0.842,-0.063
0.287,1.248,-0.272
-0.700,1.992,-0.591
-1.933,2.806,-0.661
-3.357,3.370,-0.303
-4.740,3.509,0.260
-5.756,3.233,0.648
-6.218,2.672,0.740
-6.191,1.984,0.762
-5.875,1.323,0.952
-5.407,0.829,1.243
-4.824,0.565,1.341
-4.177,0.474,1.076
-3.600,0.415,0.565
-3.239,0.295,0.040
-3.104,0.155,-0.400
-3.048,0.128,-0.813
-2.872,0.327,-1.220
-2.434,0.794,-1.488
-1.685,1.521,-1.412
-0.664,2.457,-0.899
0.492,3.449,-0.055
1.535,4.214,0.850
2.197,4.474,1.507
2.327,4.173,1.746
2.000,3.559,1.677
1.465,2.983,1.647
1.013,2.604,1.956
0.837,2.286,2.532
0.981,1.795,2.956
1.353,1.083,2.868
1.780,0.367,2.389
2.111,-0.053,2.014
2.295,-0.019,2.062
2.356,0.422,2.268
2.281,1.124,2.044
1.951,1.953,1.164
1.238,2.799,0.094
0.184,3.526,-0.444
-0.955,3.985,-0.203
-1.905,4.089,0.357
-2.622,3.899,0.594
-3.305,3.611,0.339
-4.108,3.441,-0.015
-4.863,3.475,-0.013
-5.153,3.605,0.384
-4.691,3.602,0.845
-3.641,3.291,1.039
-2.517,2.706,0.897
-1.784,2.078,0.546
-1.530,1.664,0.158
-1.521,1.555,-0.086
-1.486,1.650,-0.006
-1.317,1.787,0.438
-1.017,1.897,0.984
-0.562,2.037,1.175
0.075,2.289,0.744
0.782,2.647,-0.103
1.272,2.997,-0.825
1.289,3.184,-1.013
0.873,3.084,-0.705
0.378,2.640,-0.256
0.175,1.877,0.025
0.316,0.930,0.110
0.526,0.037,0.151
0.507,-0.547,0.248
0.238,-0.697,0.353
-0.024,-0.514,0.373
-0.032,-0.272,0.306
0.208,-0.201,0.254
0.486,-0.293,0.317
0.622,-0.298,0.480
0.599,0.069,0.613
0.469,0.858,0.589
0.203,1.809,0.419
-0.284,2.514,0.296
-0.947,2.696,0.451
-1.524,2.367,0.965
-1.700,1.747,1.627
-1.374,1.058,2.045
-0.740,0.375,1.918
-0.092,-0.342,1.303
0.412,-1.127,0.606
0.780,-1.898,0.259
1.038,-2.484,0.331
1.106,-2.724,0.449
0.891,-2.585,0.118
0.437,-2.192,-0.819
-0.054,-1.765,-2.001
-0.384,-1.466,-2.832
-0.518,-1.302,-2.940
-0.578,-1.133,-2.406
-0.695,-0.819,-1.602
-0.879,-0.356,-0.888
-1.044,0.102,-0.454
-1.129,0.373,-0.348
-1.181,0.392,-0.499
-1.311,0.259,-0.687
-1.588,0.143,-0.605
-1.967,0.136,-0.102
-2.307,0.182,0.619
-2.455,0.143,1.127
-2.323,-0.051,1.142
-1.913,-0.280,0.802
-1.307,-0.289,0.476
-0.664,0.123,0.364
-0.184,0.904,0.316
-0.054,1.742,0.070
-0.330,2.287,-0.409
-0.858,2.378,-0.867
-1.299,2.104,-1.022
-1.312,1.647,-0.847
-0.753,1.112,-0.580
0.226,0.507,-0.494
1.275,-0.163,-0.647
2.058,-0.828,-0.837
2.431,-1.397,-0.776
2.469,-1.846,-0.367
2.354,-2.225,0.177
2.218,-2.591,0.484
2.058,-2.945,0.355
1.773,-3.236,-0.044
1.290,-3.394,-0.333
0.680,-3.361,-0.273
0.182,-3.082,0.044
0.086,-2.550,0.367
0.562,-1.855,0.579
1.518,-1.193,0.762
2.617,-0.750,0.999
3.424,-0.553,1.198
3.628,-0.431,1.184
3.199,-0.177,0.957
2.383,0.211,0.752
1.535,0.485,0.809
0.895,0.359,1.103
0.458,-0.188,1.345
0.030,-0.840,1.290
-0.576,-1.194,0.990
-1.370,-1.111,0.721
-2.171,-0.819,0.683
-2.746,-0.687,0.803
-2.982,-0.899,0.879
-2.940,-1.338,0.840
-2.784,-1.739,0.831
-2.640,-1.933,1.017
-2.521,-1.950,1.359
-2.362,-1.960,1.630
-2.107,-2.138,1.635
-1.770,-2.556,1.390
-1.411,-3.114,1.081
-1.070,-3.549,0.895
-0.755,-3.573,0.908
-0.478,-3.080,1.102
-0.279,-2.267,1.427
-0.159,-1.517,1.821
-0.011,-1.119,2.177
0.355,-1.070,2.353
1.033,-1.137,2.232
1.893,-1.092,1.802
2.657,-0.897,1.216
3.124,-0.712,0.744
3.328,-0.755,0.637
3.434,-1.160,0.951
3.528,-1.889,1.511
3.530,-2.736,2.023
3.321,-3.449,2.247
2.914,-3.915,2.113
2.450,-4.241,1.716
2.053,-4.618,1.276
1.713,-5.053,1.045
1.343,-5.272,1.143
0.902,-4.947,1.419
0.451,-4.038,1.522
0.068,-2.882,1.197
-0.255,-1.930,0.551
-0.614,-1.445,-0.043
-1.081,-1.426,-0.313
-1.587,-1.768,-0.347
-1.926,-2.371,-0.419
-1.903,-3.066,-0.615
-1.509,-3.551,-0.702
-0.963,-3.527,-0.400
-0.555,-2.950,0.277
-0.423,-2.098,0.990
-0.474,-1.342,1.395
-0.517,-0.854,1.450
-0.425,-0.532,1.409
-0.153,-0.209,1.536
0.342,0.122,1.832
1.141,0.303,2.012
2.216,0.184,1.767
3.290,-0.187,1.044
3.914,-0.577,0.103
3.765,-0.759,-0.710
2.912,-0.740,-1.236
1.784,-0.799,-1.543
0.862,-1.257,-1.707
0.357,-2.144,-1.652
0.128,-3.090,-1.241
-0.123,-3.598,-0.515
-0.571,-3.470,0.264
-1.132,-2.987,0.831
-1.567,-2.604,1.138
-1.706,-2.505,1.308
-1.605,-2.474,1.425
-1.472,-2.219,1.443
-1.454,-1.763,1.320
-1.501,-1.444,1.143
-1.443,-1.516,1.040
-1.170,-1.835,1.019
-0.715,-1.975,0.960
-0.174,-1.661,0.771
0.392,-1.030,0.501
0.941,-0.460,0.257
1.365,-0.173,0.094
1.531,-0.066,0.018
1.443,0.081,0.098
1.323,0.289,0.462
1.444,0.333,1.133
1.845,-0.003,1.911
2.255,-0.670,2.452
2.342,-1.400,2.502
2.044,-1.955,2.053
1.645,-2.298,1.323
1.497,-2.492,0.605
1.697,-2.513,0.133
2.003,-2.250,-0.007
2.064,-1.716,0.111
1.699,-1.153,0.303
0.996,-0.853,0.375
0.187,-0.849,0.223
-0.521,-0.876,-0.126
-1.049,-0.651,-0.538
-1.416,-0.186,-0.815
-1.686,0.244,-0.787
-1.916,0.429,-0.436
-2.115,0.442,0.056
-2.199,0.505,0.419
-2.006,0.686,0.518
-1.409,0.806,0.462
-0.486,0.660,0.476
0.444,0.279,0.667
0.988,-0.098,0.911
0.968,-0.289,1.001
0.556,-0.385,0.823
0.108,-0.639,0.423
-0.165,-1.209,-0.075
-0.365,-1.985,-0.544
-0.740,-2.691,-0.876
-1.377,-3.108,-0.990
-2.058,-3.214,-0.875
-2.435,-3.131,-0.604
-2.310,-2.988,-0.311
-1.744,-2.843,-0.132
-0.948,-2.715,-0.171
-0.098,-2.632,-0.446
0.719,-2.603,-0.829
1.443,-2.544,-1.038
1.978,-2.254,-0.812
2.233,-1.551,-0.136
2.206,-0.450,0.679
1.990,0.762,1.237
1.693,1.692,1.374
1.334,2.118,1.260
0.846,2.132,1.194
0.182,2.029,1.329
-0.563,2.029,1.607
-1.177,2.128,1.898
-1.476,2.177,2.150
-1.443,2.087,2.375
-1.216,1.918,2.546
-0.943,1.775,2.554
-0.669,1.665,2.280
-0.380,1.504,1.716
-0.107,1.256,1.020
0.074,0.997,0.425
0.146,0.821,0.081
0.216,0.656,-0.050
0.394,0.303,-0.146
0.615,-0.333,-0.356
0.606,-1.023,-0.690
0.143,-1.306,-1.046
-0.686,-0.858,-1.319
-1.490,0.219,-1.442
-1.871,1.492,-1.360
-1.719,2.560,-1.031
-1.215,3.338,-0.517
-0.585,3.994,-0.048
0.103,4.671,0.125
0.890,5.326,-0.039
1.750,5.818,-0.271
2.507,6.074,-0.200
2.933,6.117,0.348
2.888,5.943,1.219
2.362,5.454,2.066
1.434,4.550,2.579
0.246,3.281,2.600
-0.963,1.843,2.146
-1.878,0.424,1.404
-2.215,-0.921,0.706
-1.881,-2.232,0.395
-1.010,-3.495,0.600
0.154,-4.591,1.109
1.411,-5.388,1.488
2.654,-5.856,1.390
3.782,-6.075,0.796
4.620,-6.136,-0.014
4.954,-6.083,-0.702
4.693,-5.946,-1.097
3.990,-5.780,-1.239
3.196,-5.607,-1.245
2.649,-5.286,-1.168
2.448,-4.483,-0.963
2.410,-2.829,-0.594
2.212,-0.167,-0.119
1.626,3.309,0.318
0.658,7.128,0.603
-0.478,10.716,0.748
-1.526,13.572,0.860
-2.324,15.349,1.023
-2.846,15.889,1.207
-3.116,15.228,1.298
-3.115,13.556,1.218
-2.759,11.131,0.986
-1.968,8.244,0.688
-0.767,5.268,0.385
0.678,2.677,0.074
2.089,0.914,-0.301
3.179,0.111,-0.785
3.745,-0.062,-1.359
3.757,-0.202,-1.904
3.346,-0.747,-2.251
2.729,-1.654,-2.294
2.048,-2.475,-2.108
1.286,-2.740,-1.931
0.328,-2.264,-1.966
-0.849,-1.199,-2.183
-2.017,0.105,-2.315
-2.710,1.244,-2.111
-2.464,1.839,-1.568
-1.100,1.664,-0.936
1.126,0.797,-0.471
3.599,-0.350,-0.229
5.628,-1.234,-0.083
6.741,-1.512,0.081
6.848,-1.211,0.254
6.184,-0.598,0.374
5.110,0.078,0.446
3.902,0.724,0.541
2.686,1.322,0.662
1.511,1.793,0.688
0.464,2.000,0.476
-0.300,1.873,0.032
-0.632,1.499,-0.455
-0.506,1.091,-0.748
-0.043,0.855,-0.744
0.560,0.903,-0.521
1.147,1.224,-0.238
1.689,1.705,-0.012
2.272,2.162,0.131
3.020,2.411,0.207
3.976,2.347,0.200
5.029,1.991,0.063
5.922,1.424,-0.201
6.372,0.692,-0.451
6.234,-0.190,-0.451
5.602,-1.126,-0.089
4.757,-1.821,0.426
3.993,-1.872,0.658
3.448,-1.029,0.311
3.066,0.561,-0.466
2.677,2.381,-1.205
2.146,3.799,-1.591
1.449,4.386,-1.757
0.689,4.056,-2.049
0.048,3.012,-2.540
-0.278,1.601,-2.875
-0.166,0.186,-2.658
0.365,-0.948,-1.921
1.131,-1.655,-1.104
1.859,-1.928,-0.588
2.321,-1.871,-0.308
2.460,-1.633,0.088
2.403,-1.379,0.767
2.345,-1.285,1.474
2.387,-1.481,1.786
2.456,-1.967,1.548
2.384,-2.561,1.028
2.080,-2.967,0.635
1.659,-2.935,0.517
1.376,-2.404,0.433
1.426,-1.518,0.018
1.782,-0.548,-0.812
2.233,0.219,-1.729
2.586,0.589,-2.269
2.808,0.549,-2.242
2.995,0.303,-1.874
3.204,0.174,-1.523
3.356,0.404,-1.287
3.313,0.990,-0.939
3.001,1.702,-0.261
2.437,2.262,0.624
1.640,2.522,1.328
0.601,2.492,1.570
-0.625,2.228,1.435
-1.818,1.746,1.239
-2.665,1.029,1.193
-2.977,0.095,1.257
-2.825,-0.965,1.277
-2.427,-2.024,1.192
-1.901,-2.968,1.045
-1.190,-3.730,0.879
-0.222,-4.308,0.687
0.886,-4.759,0.454
1.830,-5.160,0.194
2.343,-5.528,-0.103
2.379,-5.739,-0.496
2.105,-5.571,-1.008
1.734,-4.857,-1.528
1.406,-3.660,-1.860
1.192,-2.277,-1.905
1.144,-1.067,-1.757
1.276,-0.208,-1.591
1.511,0.411,-1.452
1.703,1.073,-1.228
1.736,1.972,-0.811
1.629,3.049,-0.236
1.500,4.017,0.358
1.452,4.552,0.876
1.452,4.495,1.287
1.370,3.913,1.522
1.108,3.007,1.434
0.704,1.991,0.935
0.324,0.997,0.154
0.135,0.055,-0.599
0.203,-0.877,-1.063
0.469,-1.876,-1.198
0.794,-2.977,-1.148
1.006,-4.124,-1.097
0.953,-5.165,-1.159
0.568,-5.919,-1.366
-0.066,-6.251,-1.645
-0.705,-6.107,-1.809
-1.065,-5.510,-1.637
-0.967,-4.557,-1.069
-0.431,-3.428,-0.320
0.377,-2.367,0.260
1.241,-1.584,0.501
1.966,-1.136,0.548
2.385,-0.910,0.682
2.382,-0.737,0.987
1.952,-0.563,1.246
1.225,-0.494,1.148
0.429,-0.663,0.589
-0.221,-1.049,-0.243
-0.620,-1.451,-1.017
-0.816,-1.631,-1.476
-0.976,-1.487,-1.531
-1.286,-1.081,-1.260
-1.823,-0.546,-0.860
-2.474,0.020,-0.557
-2.984,0.546,-0.460
-3.128,0.929,-0.474
-2.897,1.061,-0.379
-2.510,0.904,-0.053
-2.262,0.533,0.378
-2.302,0.054,0.629
-2.546,-0.494,0.497
-2.748,-1.118,0.002
-2.659,-1.748,-0.669
-2.188,-2.182,-1.294
-1.457,-2.196,-1.689
-0.740,-1.734,-1.720
-0.310,-0.979,-1.361
-0.284,-0.230,-0.750
-0.573,0.291,-0.140
-0.994,0.538,0.267
-1.414,0.574,0.430
-1.803,0.483,0.406
-2.158,0.334,0.195
-2.410,0.219,-0.262
-2.452,0.268,-0.935
-2.264,0.577,-1.616
-1.977,1.128,-2.038
-1.786,1.738,-2.104
-1.790,2.135,-1.944
-1.937,2.115,-1.731
-2.100,1.670,-1.498
-2.194,1.011,-1.166
-2.195,0.442,-0.727
-2.069,0.169,-0.339
-1.743,0.163,-0.204
-1.166,0.200,-0.381
-0.401,0.015,-0.751
0.376,-0.537,-1.144
0.981,-1.435,-1.468
1.336,-2.538,-1.693
1.492,-3.669,-1.769
1.535,-4.627,-1.615
1.492,-5.208,-1.209
1.296,-5.260,-0.672
0.846,-4.768,-0.223
0.117,-3.883,-0.032
-0.792,-2.844,-0.114
-1.676,-1.827,-0.331
-2.353,-0.896,-0.485
-2.755,-0.047,-0.431
-2.936,0.708,-0.143
-2.986,1.324,0.264
-2.957,1.795,0.596
-2.865,2.197,0.694
-2.751,2.640,0.553
-2.685,3.158,0.334
-2.685,3.656,0.238
-2.670,3.971,0.337
-2.504,3.988,0.524
-2.140,3.726,0.632
-1.686,3.316,0.596
-1.330,2.905,0.486
-1.196,2.571,0.378
-1.265,2.310,0.236
-1.444,2.095,-0.040
-1.680,1.962,-0.439
-1.979,2.027,-0.752
-2.342,2.405,-0.733
-2.681,3.082,-0.375
-2.857,3.867,0.020
-2.791,4.493,0.087
-2.535,4.800,-0.239
-2.240,4.835,-0.656
-2.035,4.777,-0.781
-1.937,4.749,-0.493
-1.878,4.700,0.004
-1.814,4.455,0.447
-1.790,3.877,0.744
-1.890,2.959,0.949
-2.114,1.786,1.077
-2.334,0.448,1.036
-2.405,-0.986,0.744
-2.322,-2.408,0.274
-2.244,-3.629,-0.175
-2.337,-4.432,-0.430
-2.590,-4.690,-0.482
-2.811,-4.425,-0.449
-2.812,-3.758,-0.467
-2.568,-2.816,-0.565
-2.190,-1.693,-0.649
-1.757,-0.497,-0.582
-1.213,0.615,-0.304
-0.479,1.481,0.089
0.393,2.010,0.392
1.181,2.229,0.432
1.639,2.237,0.178
1.661,2.120,-0.249
1.313,1.923,-0.674
0.726,1.701,-0.985
-0.008,1.550,-1.207
-0.820,1.576,-1.461
-1.593,1.788,-1.824
-2.152,2.060,-2.196
-2.348,2.201,-2.343
-2.183,2.105,-2.113
-1.816,1.831,-1.650
-1.460,1.557,-1.296
-1.242,1.434,-1.256
-1.156,1.486,-1.362
-1.136,1.618,-1.245
-1.149,1.690,-0.740
-1.216,1.573,-0.081
-1.378,1.184,0.356
-1.660,0.523,0.427
-2.085,-0.269,0.293
-2.666,-0.924,0.163
-3.340,-1.166,0.067
-3.901,-0.876,-0.083
-4.063,-0.158,-0.275
-3.656,0.765,-0.362
-2.790,1.722,-0.261
-1.814,2.651,-0.111
-1.062,3.523,-0.173
-0.626,4.247,-0.596
-0.361,4.696,-1.273
-0.095,4.804,-1.929
0.201,4.614,-2.317
0.419,4.215,-2.360
0.468,3.661,-2.165
0.378,2.984,-1.948
0.250,2.276,-1.889
0.136,1.703,-2.004
-0.007,1.391,-2.159
-0.268,1.298,-2.212
-0.692,1.222,-2.157
-1.253,0.977,-2.110
-1.868,0.566,-2.139
-2.422,0.172,-2.151
-2.795,-0.029,-1.973
-2.908,-0.036,-1.535
-2.771,-0.005,-0.939
-2.493,-0.082,-0.355
-2.212,-0.252,0.119
-1.994,-0.381,0.470
-1.796,-0.373,0.702
-1.517,-0.290,0.807
-1.106,-0.291,0.797
-0.621,-0.454,0.714
-0.187,-0.684,0.564
0.107,-0.788,0.284
0.269,-0.649,-0.170
0.397,-0.326,-0.694
0.585,0.013,-1.076
0.835,0.225,-1.195
1.056,0.259,-1.174
1.132,0.142,-1.260
1.022,-0.071,-1.568
0.804,-0.289,-1.943
0.617,-0.373,-2.124
0.579,-0.170,-2.006
0.732,0.372,-1.714
1.036,1.129,-1.441
1.417,1.837,-1.250
1.803,2.250,-1.051
2.131,2.271,-0.721
2.348,1.975,-0.227
2.419,1.548,0.340
2.350,1.179,0.797
2.200,0.993,0.968
2.047,1.000,0.783
1.941,1.102,0.371
1.877,1.166,0.008
1.821,1.130,-0.071
1.767,1.054,0.146
1.756,1.046,0.460
1.854,1.134,0.646
2.100,1.211,0.631
2.489,1.126,0.510
2.975,0.817,0.426
3.475,0.346,0.461
3.879,-0.189,0.610
4.072,-0.747,0.820
3.976,-1.340,1.016
3.584,-1.958,1.141
2.975,-2.540,1.184
2.274,-3.009,1.177
1.615,-3.328,1.155
1.093,-3.486,1.116
0.729,-3.470,1.043
0.458,-3.259,0.956
0.195,-2.869,0.911
-0.092,-2.362,0.925
-0.332,-1.801,0.932
-0.416,-1.202,0.844
-0.301,-0.552,0.653
-0.057,0.120,0.463
0.200,0.726,0.403
0.414,1.179,0.494
0.618,1.488,0.630
0.878,1.753,0.669
1.222,2.088,0.565
1.621,2.522,0.398
2.015,2.988,0.314
2.325,3.368,0.398
2.470,3.547,0.605
2.394,3.441,0.792
2.108,3.027,0.844
1.696,2.363,0.763
1.273,1.575,0.645
0.909,0.800,0.576
0.633,0.118,0.541
0.476,-0.467,0.454
0.500,-0.996,0.263
0.744,-1.490,0.005
1.158,-1.939,-0.237
1.598,-2.313,-0.427
1.908,-2.599,-0.599
2.014,-2.801,-0.789
1.943,-2.941,-0.969
1.776,-3.034,-1.079
1.583,-3.077,-1.102
1.429,-3.062,-1.106
1.378,-2.988,-1.183
1.492,-2.866,-1.346
1.775,-2.699,-1.518
2.157,-2.467,-1.595
2.514,-2.149,-1.519
2.748,-1.789,-1.304
2.838,-1.516,-1.010
2.837,-1.478,-0.719
2.815,-1.734,-0.524
2.825,-2.189,-0.471
2.886,-2.661,-0.510
2.994,-3.005,-0.528
3.111,-3.182,-0.462
3.174,-3.216,-0.371
3.126,-3.105,-0.376
2.965,-2.800,-0.507
2.752,-2.275,-0.664
2.543,-1.599,-0.728
2.312,-0.920,-0.700
1.951,-0.371,-0.680
1.372,0.012,-0.739
0.607,0.276,-0.840
-0.169,0.470,-0.920
-0.745,0.583,-0.985
-0.998,0.571,-1.088
-0.961,0.401,-1.227
-0.775,0.098,-1.326
-0.598,-0.286,-1.329
-0.519,-0.698,-1.268
-0.530,-1.085,-1.195
-0.569,-1.387,-1.085
-0.579,-1.557,-0.856
-0.547,-1.596,-0.530
-0.491,-1.565,-0.279
-0.414,-1.545,-0.309
-0.297,-1.568,-0.651
-0.121,-1.594,-1.090
0.095,-1.558,-1.327
0.303,-1.437,-1.209
0.464,-1.283,-0.835
0.586,-1.177,-0.469
0.704,-1.173,-0.348
0.842,-1.266,-0.518
1.001,-1.400,-0.801
1.158,-1.495,-0.922
1.300,-1.476,-0.715
1.417,-1.317,-0.262
1.495,-1.073,0.154
1.517,-0.869,0.253
1.479,-0.819,-0.038
1.387,-0.944,-0.545
1.248,-1.158,-1.002
1.070,-1.354,-1.250
0.875,-1.494,-1.309
0.722,-1.621,-1.292
0.683,-1.796,-1.259
0.802,-2.032,-1.172
1.048,-2.294,-0.963
1.327,-2.544,-0.648
1.521,-2.747,-0.337
1.538,-2.876,-0.147
1.343,-2.905,-0.106
0.986,-2.841,-0.132
0.599,-2.738,-0.102
0.337,-2.649,0.055
0.276,-2.578,0.312
0.363,-2.458,0.577
0.466,-2.224,0.747
0.506,-1.885,0.776
0.505,-1.534,0.693
0.529,-1.283,0.581
0.569,-1.177,0.507
0.543,-1.174,0.481
0.403,-1.187,0.475
0.228,-1.163,0.480
0.164,-1.114,0.530
0.284,-1.095,0.671
0.517,-1.122,0.883
0.722,-1.128,1.078
0.815,-0.990,1.168
0.798,-0.634,1.154
0.705,-0.111,1.120
0.548,0.421,1.163
0.325,0.801,1.291
0.059,0.970,1.425
-0.209,0.972,1.460
-0.454,0.879,1.341
-0.669,0.710,1.113
-0.840,0.436,0.905
-0.960,0.062,0.876
-1.053,-0.342,1.118
-1.188,-0.680,1.583
-1.415,-0.912,2.077
-1.701,-1.076,2.378
-1.950,-1.218,2.389
-2.106,-1.314,2.199
-2.210,-1.284,2.006
-2.344,-1.102,1.948
-2.514,-0.874,2.001
-2.642,-0.780,2.023
-2.654,-0.910,1.891
-2.565,-1.170,1.617
-2.426,-1.342,1.334
-2.215,-1.262,1.177
-1.809,-0.936,1.168
-1.119,-0.507,1.207
-0.231,-0.123,1.187
0.610,0.149,1.104
1.174,0.314,1.049
1.395,0.367,1.077
1.387,0.282,1.121
1.313,0.066,1.051
1.257,-0.200,0.825
1.191,-0.397,0.549
1.020,-0.459,0.367
0.656,-0.432,0.322
0.097,-0.426,0.349
-0.546,-0.503,0.386
-1.086,-0.607,0.434
-1.366,-0.614,0.498
-1.364,-0.437,0.517
-1.194,-0.097,0.428
-1.024,0.296,0.307
-0.967,0.618,0.354
-1.054,0.793,0.695
-1.259,0.796,1.187
-1.525,0.635,1.493
-1.766,0.340,1.390
-1.896,-0.041,0.993
-1.885,-0.436,0.633
-1.793,-0.762,0.540
-1.733,-0.935,0.648
-1.770,-0.888,0.724
-1.863,-0.589,0.614
-1.905,-0.066,0.362
-1.823,0.574,0.102
-1.608,1.168,-0.073
-1.284,1.566,-0.134
-0.852,1.710,-0.071
-0.310,1.658,0.116
0.293,1.548,0.359
0.843,1.502,0.530
1.225,1.544,0.552
1.408,1.582,0.486
1.441,1.477,0.462
1.392,1.154,0.525
1.285,0.671,0.580
1.098,0.196,0.516
0.808,-0.105,0.350
0.419,-0.172,0.206
-0.044,-0.068,0.161
-0.547,0.114,0.148
-1.042,0.312,0.045
-1.459,0.514,-0.175
-1.729,0.706,-0.406
-1.825,0.848,-0.525
-1.785,0.900,-0.493
-1.685,0.864,-0.350
-1.587,0.763,-0.139
-1.487,0.598,0.100
-1.323,0.345,0.307
-1.041,0.011,0.388
-0.674,-0.312,0.283
-0.360,-0.486,0.024
-0.264,-0.421,-0.287
-0.446,-0.161,-0.549
-0.817,0.156,-0.710
-1.210,0.403,-0.743
-1.525,0.527,-0.637
-1.794,0.547,-0.421
-2.110,0.503,-0.192
-2.499,0.445,-0.068
-2.863,0.438,-0.078
-3.050,0.560,-0.099
-2.978,0.845,0.063
-2.687,1.222,0.487
-2.308,1.526,1.024
-1.963,1.605,1.389
-1.705,1.429,1.392
-1.518,1.106,1.101
-1.356,0.789,0.768
-1.202,0.554,0.599
-1.081,0.366,0.592
-1.027,0.151,0.592
-1.025,-0.104,0.509
-0.996,-0.319,0.429
-0.854,-0.387,0.514
-0.582,-0.228,0.808
-0.253,0.161,1.170
0.030,0.710,1.414
0.223,1.276,1.482
0.365,1.682,1.473
0.529,1.799,1.497
0.750,1.632,1.549
0.994,1.300,1.528
1.186,0.923,1.381
1.262,0.516,1.170
1.175,0.030,1.005
0.903,-0.515,0.936
0.447,-0.969,0.924
-0.147,-1.159,0.918
-0.774,-1.052,0.929
-1.321,-0.800,0.991
-1.728,-0.600,1.086
-2.039,-0.532,1.129
-2.338,-0.517,1.045
-2.660,-0.429,0.842
-2.932,-0.207,0.609
-3.031,0.103,0.452
-2.897,0.389,0.452
-2.577,0.512,0.642
-2.176,0.373,0.982
-1.777,-0.016,1.338
-1.419,-0.494,1.529
-1.140,-0.826,1.474
-0.991,-0.850,1.279
-0.988,-0.587,1.159
-1.070,-0.208,1.222
-1.133,0.111,1.363
-1.114,0.294,1.385
-1.041,0.348,1.234
-0.977,0.295,1.047
-0.950,0.143,0.975
-0.938,-0.078,0.986
-0.919,-0.281,0.910
-0.905,-0.373,0.662
-0.914,-0.325,0.360
-0.929,-0.196,0.190
-0.904,-0.080,0.187
-0.818,-0.017,0.218
-0.701,0.008,0.171
-0.605,0.029,0.110
-0.549,0.062,0.182
-0.518,0.125,0.420
-0.497,0.268,0.664
-0.501,0.557,0.727
-0.560,1.002,0.592
-0.684,1.520,0.427
-0.849,1.978,0.402
-1.036,2.284,0.529
-1.241,2.445,0.660
-1.467,2.528,0.654
-1.671,2.565,0.506
-1.762,2.524,0.347
-1.653,2.340,0.308
-1.338,1.997,0.386
-0.919,1.553,0.430
-0.540,1.105,0.269
-0.301,0.736,-0.116
-0.219,0.481,-0.538
-0.244,0.339,-0.738
-0.311,0.281,-0.606
-0.368,0.259,-0.286
-0.377,0.218,-0.065
-0.334,0.151,-0.132
-0.290,0.139,-0.424
-0.346,0.317,-0.695
-0.587,0.751,-0.721
-1.002,1.339,-0.477
-1.470,1.839,-0.131
-1.837,2.041,0.102
-2.020,1.916,0.136
-2.025,1.616,0.069
-1.917,1.317,0.103
-1.746,1.085,0.371
-1.553,0.892,0.806
-1.387,0.746,1.182
-1.308,0.731,1.280
-1.328,0.911,1.076
-1.381,1.215,0.747
-1.371,1.456,0.503
-1.279,1.487,0.400
-1.208,1.327,0.328
-1.315,1.122,0.184
-1.656,0.990,-0.001
-2.114,0.938,-0.121
-2.473,0.910,-0.149
-2.574,0.882,-0.167
-2.414,0.878,-0.222
-2.102,0.909,-0.214
-1.757,0.937,-0.004
-1.435,0.919,0.365
-1.144,0.866,0.637
-0.879,0.833,0.581
-0.638,0.851,0.228
-0.406,0.883,-0.189
-0.170,0.880,-0.504
0.051,0.862,-0.755
0.188,0.904,-1.015
0.169,1.058,-1.190
-0.005,1.263,-1.097
-0.229,1.387,-0.737
-0.365,1.335,-0.394
-0.341,1.126,-0.375
-0.212,0.866,-0.660
-0.114,0.650,-0.917
-0.162,0.500,-0.852
-0.365,0.374,-0.519
-0.644,0.233,-0.241
-0.902,0.092,-0.264
-1.103,0.011,-0.539
-1.271,0.045,-0.815
-1.430,0.201,-0.903
-1.566,0.431,-0.807
-1.642,0.682,-0.655
-1.639,0.940,-0.554
-1.578,1.213,-0.512
-1.480,1.479,-0.478
-1.348,1.657,-0.401
-1.179,1.665,-0.281
-1.010,1.504,-0.155
-0.901,1.291,-0.058
-0.879,1.167,-0.005
-0.884,1.191,-0.008
-0.811,1.312,-0.092
-0.603,1.454,-0.255
-0.308,1.583,-0.410
-0.051,1.708,-0.402
0.078,1.820,-0.151
0.078,1.882,0.233
0.010,1.878,0.501
-0.079,1.834,0.483
-0.196,1.769,0.248
-0.358,1.625,0.025
-0.534,1.294,-0.028
-0.636,0.734,0.057
-0.590,0.071,0.125
-0.412,-0.454,0.080
-0.207,-0.647,-0.053
-0.087,-0.474,-0.196
-0.085,-0.050,-0.307
-0.147,0.472,-0.380
-0.205,0.961,-0.411
-0.230,1.310,-0.388
-0.232,1.413,-0.323
-0.214,1.215,-0.265
-0.166,0.788,-0.267
-0.087,0.329,-0.325
-0.016,0.045,-0.378
-0.010,0.018,-0.365
-0.095,0.164,-0.293
-0.259,0.331,-0.248
-0.468,0.428,-0.326
-0.697,0.470,-0.529
-0.925,0.521,-0.740
-1.100,0.612,-0.817
-1.147,0.732,-0.724
-1.008,0.870,-0.564
-0.697,1.045,-0.469
-0.312,1.256,-0.456
0.013,1.441,-0.421
0.187,1.492,-0.274
0.207,1.341,-0.059
0.137,1.033,0.082
0.044,0.690,0.048
-0.039,0.435,-0.134
-0.098,0.318,-0.359
-0.109,0.335,-0.539
-0.041,0.458,-0.637
0.103,0.649,-0.630
0.259,0.844,-0.497
0.323,0.976,-0.273
0.226,1.012,-0.074
-0.023,0.982,-0.020
-0.344,0.945,-0.121
-0.645,0.916,-0.259
-0.870,0.831,-0.303
-1.006,0.582,-0.247
-1.058,0.106,-0.198
-1.033,-0.557,-0.249
-0.942,-1.270,-0.379
-0.817,-1.863,-0.482
-0.705,-2.209,-0.476
-0.640,-2.269,-0.369
-0.623,-2.079,-0.249
-0.612,-1.716,-0.212
-0.565,-1.270,-0.311
-0.476,-0.841,-0.512
-0.391,-0.526,-0.699
-0.369,-0.387,-0.738
-0.443,-0.409,-0.604
-0.590,-0.501,-0.401
-0.756,-0.549,-0.275
-0.898,-0.489,-0.263
-1.006,-0.333,-0.268
-1.111,-0.145,-0.190
-1.256,-0.005,-0.038
-1.449,0.031,0.098
-1.657,-0.067,0.188
-1.809,-0.289,0.300
-1.849,-0.594,0.476
-1.760,-0.917,0.609
-1.566,-1.220,0.515
-1.297,-1.514,0.136
-0.980,-1.830,-0.344
-0.647,-2.174,-0.624
-0.350,-2.488,-0.553
-0.148,-2.689,-0.238
-0.057,-2.734,0.078
-0.040,-2.663,0.251
-0.036,-2.569,0.331
-0.014,-2.514,0.455
0.007,-2.477,0.669
-0.018,-2.369,0.885
-0.111,-2.119,0.990
-0.250,-1.728,0.966
-0.394,-1.265,0.885
-0.499,-0.808,0.803
-0.530,-0.410,0.694
-0.460,-0.112,0.516
-0.272,0.040,0.332
0.021,0.021,0.293
0.363,-0.120,0.505
0.667,-0.256,0.880
0.865,-0.279,1.181
0.953,-0.196,1.224
1.003,-0.141,1.029
1.107,-0.232,0.779
1.300,-0.443,0.635
1.528,-0.608,0.622
1.704,-0.593,0.681
1.798,-0.437,0.772
1.864,-0.325,0.886
1.971,-0.404,0.972
2.114,-0.640,0.928
2.209,-0.845,0.701
2.186,-0.859,0.393
2.064,-0.684,0.188
1.927,-0.458,0.180
1.832,-0.323,0.296
1.746,-0.313,0.402
1.601,-0.376,0.465
1.388,-0.456,0.560
1.178,-0.543,0.731
1.055,-0.648,0.911
1.033,-0.744,1.017
1.047,-0.762,1.065
1.020,-0.652,1.151
0.929,-0.438,1.290
0.806,-0.238,1.354
0.685,-0.191,1.200
0.574,-0.362,0.845
0.462,-0.700,0.475
0.348,-1.082,0.259
0.266,-1.393,0.211
0.259,-1.590,0.230
0.351,-1.677,0.252
0.519,-1.670,0.307
0.709,-1.576,0.425
0.877,-1.424,0.532
1.026,-1.284,0.492
1.203,-1.234,0.246
1.456,-1.293,-0.099
1.772,-1.396,-0.340
2.081,-1.443,-0.340
2.296,-1.373,-0.126
2.385,-1.198,0.148
2.381,-0.982,0.312
2.339,-0.799,0.282
2.272,-0.707,0.100
2.141,-0.736,-0.089
1.906,-0.867,-0.130
1.567,-1.027,0.036
1.183,-1.119,0.316
0.826,-1.074,0.538
0.550,-0.905,0.573
0.366,-0.694,0.409
0.260,-0.538,0.123
0.226,-0.490,-0.180
0.286,-0.530,-0.389
0.471,-0.580,-0.389
0.777,-0.563,-0.152
1.140,-0.473,0.169
1.457,-0.395,0.293
1.664,-0.438,0.043
1.767,-0.625,-0.433
1.822,-0.839,-0.754
1.855,-0.904,-0.656
1.837,-0.746,-0.251
1.727,-0.467,0.096
1.538,-0.259,0.132
1.345,-0.228,-0.067
1.220,-0.328,-0.239
1.179,-0.470,-0.227
1.183,-0.652,-0.096
1.195,-0.953,0.008
1.206,-1.389,0.025
1.238,-1.811,-0.002
1.317,-2.001,-0.034
1.475,-1.876,-0.101
1.736,-1.574,-0.234
2.080,-1.318,-0.407
2.415,-1.208,-0.539
2.597,-1.147,-0.577
2.527,-0.977,-0.528
2.235,-0.642,-0.444
1.880,-0.232,-0.384
1.631,0.121,-0.401
1.550,0.350,-0.517
1.571,0.458,-0.707
1.579,0.492,-0.888
1.500,0.524,-0.977
1.330,0.652,-0.956
1.104,0.944,-0.882
0.876,1.349,-0.829
0.720,1.667,-0.807
0.712,1.672,-0.779
0.866,1.302,-0.726
1.083,0.719,-0.698
1.174,0.183,-0.762
0.986,-0.157,-0.913
0.539,-0.360,-1.042
0.038,-0.594,-1.024
-0.258,-0.969,-0.833
-0.210,-1.446,-0.599
0.127,-1.881,-0.513
0.565,-2.121,-0.672
0.922,-2.074,-0.975
1.108,-1.737,-1.183
1.122,-1.186,-1.119
1.013,-0.553,-0.827
0.856,0.019,-0.547
0.725,0.442,-0.504
0.676,0.707,-0.708
0.702,0.869,-0.947
0.733,0.985,-0.981
0.699,1.074,-0.763
0.589,1.116,-0.455
0.468,1.087,-0.263
0.423,1.008,-0.250
0.476,0.961,-0.303
0.576,1.046,-0.271
0.652,1.292,-0.122
0.678,1.603,0.027
0.703,1.793,0.033
0.806,1.722,-0.114
1.013,1.418,-0.270
1.258,1.069,-0.260
1.400,0.871,-0.050
1.324,0.878,0.216
1.008,0.975,0.336
0.550,0.999,0.228
0.097,0.877,-0.032
-0.237,0.655,-0.296
-0.420,0.410,-0.468
-0.484,0.167,-0.542
-0.478,-0.093,-0.552
-0.432,-0.354,-0.530
-0.348,-0.528,-0.514
-0.209,-0.511,-0.548
-0.012,-0.278,-0.643
0.210,0.073,-0.740
0.375,0.392,-0.740
0.383,0.571,-0.585
0.193,0.595,-0.324
-0.133,0.513,-0.079
-0.442,0.392,0.048
-0.585,0.297,0.035
-0.500,0.287,-0.076
-0.235,0.401,-0.223
0.095,0.634,-0.342
0.377,0.920,-0.378
0.539,1.181,-0.303
0.557,1.393,-0.149
0.457,1.593,-0.001
0.307,1.821,0.069
0.195,2.053,0.065
0.174,2.187,0.066
0.216,2.114,0.139
0.238,1.793,0.258
0.171,1.293,0.311
0.033,0.755,0.186
-0.073,0.318,-0.130
-0.026,0.058,-0.516
0.229,-0.038,-0.778
0.649,-0.048,-0.769
1.119,-0.053,-0.505
1.497,-0.091,-0.179
1.675,-0.136,-0.031
1.630,-0.136,-0.163
1.443,-0.052,-0.445
1.256,0.110,-0.617
1.167,0.309,-0.500
1.152,0.506,-0.137
1.098,0.687,0.270
0.904,0.858,0.520
0.567,1.011,0.546
0.163,1.103,0.415
-0.244,1.066,0.253
-0.644,0.870,0.166
-1.057,0.565,0.203
-1.463,0.257,0.342
-1.773,0.047,0.515
-1.887,-0.033,0.646
-1.747,-0.014,0.694
-1.382,0.053,0.665
-0.901,0.132,0.601
-0.455,0.187,0.553
-0.162,0.164,0.549
-0.067,0.023,0.573
-0.116,-0.216,0.579
-0.208,-0.462,0.535
-0.245,-0.624,0.470
-0.158,-0.690,0.436
0.099,-0.733,0.435
0.540,-0.843,0.397
1.108,-1.023,0.273
1.654,-1.181,0.121
1.990,-1.199,0.080
2.007,-1.023,0.201
1.738,-0.716,0.371
1.336,-0.417,0.431
0.965,-0.246,0.367
0.716,-0.226,0.360
0.594,-0.280,0.581
0.556,-0.311,0.976
0.562,-0.285,1.281
0.585,-0.238,1.297
0.614,-0.202,1.116
0.647,-0.155,1.031
0.684,-0.048,1.230
0.721,0.122,1.574
0.740,0.284,1.746
0.716,0.372,1.586
0.610,0.401,1.258
0.374,0.430,1.072
-0.024,0.458,1.149
-0.555,0.384,1.311
-1.109,0.132,1.291
-1.543,-0.212,1.012
-1.762,-0.417,0.628
-1.791,-0.301,0.350
-1.743,0.072,0.254
-1.732,0.436,0.287
-1.800,0.549,0.371
-1.904,0.402,0.459
-1.958,0.194,0.520
-1.868,0.127,0.523
-1.569,0.254,0.480
-1.064,0.484,0.467
-0.461,0.706,0.575
0.055,0.872,0.825
0.328,0.968,1.150
0.341,0.975,1.456
0.226,0.872,1.684
0.153,0.680,1.815
0.187,0.454,1.834
0.259,0.231,1.716
0.249,0.003,1.468
0.106,-0.242,1.140
-0.132,-0.450,0.803
-0.394,-0.509,0.513
-0.635,-0.350,0.285
-0.844,-0.053,0.105
-1.003,0.180,-0.053
-1.095,0.171,-0.198
-1.129,-0.082,-0.320
-1.154,-0.404,-0.381
-1.229,-0.580,-0.337
-1.366,-0.513,-0.177
-1.512,-0.283,0.039
-1.598,-0.066,0.198
-1.593,0.002,0.216
-1.523,-0.108,0.118
-1.436,-0.330,0.032
-1.356,-0.569,0.080
-1.283,-0.757,0.262
-1.221,-0.870,0.444
-1.192,-0.919,0.488
-1.201,-0.933,0.371
-1.215,-0.949,0.171
-1.167,-0.993,-0.039
-1.018,-1.048,-0.269
-0.806,-1.033,-0.549
-0.627,-0.854,-0.829
-0.562,-0.482,-0.994
-0.611,-0.010,-0.989
-0.708,0.398,-0.898
-0.783,0.614,-0.867
-0.822,0.658,-0.940
-0.862,0.685,-1.019
-0.936,0.862,-0.991
-1.028,1.243,-0.866
-1.067,1.731,-0.760
-0.984,2.151,-0.751
-0.757,2.368,-0.813
-0.430,2.342,-0.879
-0.092,2.117,-0.948
0.159,1.778,-1.065
0.250,1.399,-1.215
0.160,1.029,-1.287
-0.056,0.675,-1.193
-0.284,0.302,-1.001
-0.400,-0.129,-0.897
-0.346,-0.616,-1.010
-0.159,-1.076,-1.279
0.050,-1.398,-1.530
0.169,-1.529,-1.645
0.141,-1.530,-1.639
-0.029,-1.510,-1.569
-0.303,-1.515,-1.430
-0.624,-1.482,-1.181
-0.937,-1.330,-0.860
-1.182,-1.102,-0.609
-1.309,-0.986,-0.546
-1.296,-1.163,-0.630
-1.150,-1.625,-0.703
-0.908,-2.142,-0.662
-0.606,-2.446,-0.563
-0.273,-2.421,-0.537
0.074,-2.140,-0.619
0.408,-1.742,-0.699
0.681,-1.316,-0.662
0.847,-0.907,-0.511
0.908,-0.580,-0.367
0.932,-0.417,-0.339
1.008,-0.429,-0.426
1.163,-0.493,-0.560
1.324,-0.447,-0.673
1.373,-0.230,-0.747
1.250,0.058,-0.802
0.989,0.260,-0.876
0.674,0.287,-0.980
0.378,0.153,-1.054
0.159,-0.093,-0.972
0.086,-0.425,-0.658
0.242,-0.824,-0.216
0.656,-1.225,0.086
1.248,-1.529,0.037
1.846,-1.694,-0.312
2.289,-1.768,-0.671
2.499,-1.833,-0.791
2.490,-1.911,-0.683
2.315,-1.939,-0.562
2.032,-1.845,-0.585
1.716,-1.652,-0.705
1.463,-1.464,-0.776
1.345,-1.381,-0.749
1.367,-1.398,-0.715
1.452,-1.415,-0.763
1.517,-1.327,-0.851
1.545,-1.108,-0.852
1.595,-0.828,-0.715
1.718,-0.600,-0.529
1.895,-0.497,-0.430
2.034,-0.500,-0.463
2.054,-0.505,-0.557
1.945,-0.393,-0.614
1.757,-0.125,-0.602
1.538,0.221,-0.549
1.299,0.507,-0.486
1.047,0.633,-0.414
0.835,0.611,-0.326
0.746,0.519,-0.241
0.819,0.404,-0.187
1.011,0.233,-0.157
1.232,-0.044,-0.097
1.423,-0.411,0.032
1.597,-0.781,0.188
1.791,-1.055,0.266
1.997,-1.189,0.207
2.135,-1.197,0.072
2.112,-1.110,-0.017
1.896,-0.972,-0.032
1.552,-0.856,-0.093
1.208,-0.867,-0.332
0.983,-1.068,-0.696
0.909,-1.432,-0.935
0.916,-1.852,-0.833
0.888,-2.228,-0.431
0.755,-2.508,-0.009
0.546,-2.675,0.186
0.363,-2.688,0.159
0.295,-2.498,0.103
0.369,-2.112,0.134
0.566,-1.622,0.165
0.865,-1.144,0.042
1.245,-0.712,-0.231
1.650,-0.253,-0.449
1.983,0.326,-0.412
2.156,1.031,-0.135
2.158,1.754,0.148
2.066,2.362,0.210
1.989,2.800,0.048
1.994,3.104,-0.134
2.072,3.326,-0.120
2.171,3.443,0.114
2.236,3.348,0.401
2.249,2.944,0.555
2.244,2.256,0.530
2.274,1.452,0.419
2.365,0.752,0.330
2.488,0.266,0.291
2.585,-0.085,0.270
2.636,-0.498,0.234
2.684,-1.114,0.153
2.793,-1.881,-0.042
2.970,-2.571,-0.425
3.150,-2.936,-0.971
3.248,-2.879,-1.501
3.229,-2.495,-1.791
3.118,-1.998,-1.762
2.950,-1.572,-1.526
2.747,-1.284,-1.241
2.517,-1.081,-0.954
2.259,-0.870,-0.614
1.956,-0.594,-0.227
1.581,-0.258,0.092
1.154,0.089,0.219
0.781,0.405,0.181
0.599,0.679,0.125
0.652,0.928,0.155
0.819,1.163,0.247
0.901,1.373,0.320
0.794,1.532,0.364
0.573,1.618,0.440
0.403,1.628,0.557
0.394,1.569,0.605
0.523,1.454,0.435
0.708,1.295,0.005
0.908,1.117,-0.553
1.152,0.963,-1.031
1.471,0.876,-1.268
1.843,0.867,-1.249
2.199,0.887,-1.088
2.463,0.844,-0.944
2.599,0.673,-0.916
2.589,0.407,-0.986
2.420,0.175,-1.050
2.090,0.116,-1.012
1.648,0.266,-0.865
1.207,0.508,-0.689
0.902,0.681,-0.594
0.804,0.703,-0.651
0.869,0.640,-0.841
0.980,0.623,-1.046
1.026,0.704,-1.092
0.964,0.794,-0.860
0.805,0.731,-0.401
0.566,0.416,0.075
0.269,-0.107,0.353
-0.030,-0.677,0.384
-0.229,-1.124,0.286
-0.244,-1.361,0.194
-0.083,-1.418,0.120
0.144,-1.387,-0.002
0.317,-1.349,-0.189
0.414,-1.318,-0.372
0.525,-1.246,-0.477
0.765,-1.065,-0.505
1.157,-0.745,-0.490
1.613,-0.310,-0.413
2.007,0.178,-0.211
2.268,0.655,0.109
2.407,1.082,0.416
2.481,1.439,0.547
2.533,1.716,0.452
2.558,1.914,0.240
2.508,2.048,0.065
2.329,2.148,-0.005
2.000,2.240,-0.021
1.576,2.328,-0.069
1.171,2.383,-0.183
0.887,2.352,-0.315
0.737,2.197,-0.389
0.627,1.921,-0.364
0.429,1.566,-0.267
0.091,1.193,-0.169
-0.327,0.853,-0.145
-0.710,0.574,-0.218
-0.967,0.357,-0.351
-1.061,0.168,-0.460
-0.996,-0.052,-0.460
-0.794,-0.364,-0.311
-0.512,-0.785,-0.062
-0.230,-1.241,0.175
-0.009,-1.609,0.298
0.153,-1.783,0.311
0.302,-1.747,0.315
0.460,-1.563,0.409
0.585,-1.302,0.559
0.613,-0.997,0.594
0.536,-0.651,0.359
0.433,-0.287,-0.131
0.415,0.050,-0.663
0.543,0.339,-0.981
0.772,0.622,-0.991
0.984,0.967,-0.803
1.056,1.391,-0.620
0.938,1.827,-0.555
0.678,2.156,-0.582
0.379,2.308,-0.615
0.126,2.301,-0.632
-0.063,2.203,-0.678
-0.211,2.082,-0.788
-0.329,1.963,-0.927
-0.391,1.847,-1.020
-0.371,1.708,-1.034
-0.291,1.510,-0.998
-0.198,1.217,-0.941
-0.121,0.827,-0.841
-0.048,0.384,-0.655
0.038,-0.032,-0.392
0.115,-0.361,-0.140
0.136,-0.597,0.006
0.082,-0.774,0.014
-0.008,-0.937,-0.072
-0.089,-1.108,-0.186
-0.163,-1.279,-0.300
-0.291,-1.431,-0.419
-0.528,-1.547,-0.553
-0.869,-1.624,-0.692
-1.231,-1.664,-0.819
-1.514,-1.662,-0.926
-1.660,-1.591,-1.021
-1.678,-1.400,-1.104
-1.629,-1.037,-1.149
-1.575,-0.504,-1.114
-1.561,0.114,-0.974
-1.589,0.682,-0.743
-1.632,1.084,-0.474
-1.648,1.299,-0.221
-1.608,1.392,-0.028
-1.521,1.449,0.077
-1.441,1.507,0.068
-1.438,1.543,-0.060
-1.540,1.523,-0.270
-1.699,1.441,-0.494
-1.814,1.320,-0.671
-1.809,1.177,-0.785
-1.706,1.013,-0.841
-1.614,0.815,-0.836
-1.643,0.580,-0.759
-1.795,0.314,-0.632
-1.946,0.043,-0.532
-1.934,-0.182,-0.528
-1.685,-0.279,-0.603
-1.265,-0.183,-0.655
-0.823,0.093,-0.589
-0.485,0.426,-0.423
-0.293,0.640,-0.292
-0.224,0.618,-0.330
-0.251,0.385,-0.542
-0.376,0.087,-0.785
-0.612,-0.121,-0.881
-0.951,-0.175,-0.767
-1.356,-0.124,-0.527
-1.763,-0.062,-0.318
-2.088,-0.052,-0.219
-2.248,-0.086,-0.184
-2.198,-0.124,-0.114
-1.960,-0.154,0.036
-1.621,-0.185,0.218
-1.286,-0.212,0.346
-1.027,-0.185,0.352
-0.873,-0.048,0.220
-0.828,0.191,-0.030
-0.874,0.415,-0.322
-0.985,0.479,-0.533
-1.124,0.327,-0.555
-1.268,0.054,-0.387
-1.421,-0.161,-0.150
-1.586,-0.197,0.030
-1.737,-0.065,0.150
-1.835,0.146,0.318
-1.863,0.359,0.590
-1.846,0.562,0.872
-1.799,0.753,0.993
-1.674,0.888,0.903
-1.395,0.898,0.728
-0.956,0.760,0.634
-0.480,0.525,0.666
-0.141,0.272,0.732
-0.034,0.048,0.742
-0.106,-0.137,0.703
-0.237,-0.269,0.668
-0.362,-0.310,0.644
-0.494,-0.235,0.599
-0.655,-0.078,0.552
-0.810,0.093,0.576
-0.901,0.229,0.701
-0.921,0.336,0.827
-0.940,0.431,0.796
-1.022,0.479,0.571
-1.158,0.409,0.294
-1.277,0.195,0.135
-1.331,-0.078,0.118
-1.325,-0.251,0.109
-1.289,-0.218,-0.022
-1.214,-0.003,-0.241
-1.068,0.279,-0.391
-0.858,0.515,-0.353
-0.655,0.680,-0.143
-0.550,0.808,0.120
-0.588,0.926,0.330
-0.742,1.002,0.447
-0.953,0.981,0.494
-1.172,0.840,0.514
-1.374,0.619,0.556
-1.537,0.382,0.652
-1.631,0.173,0.791
-1.633,-0.012,0.910
-1.532,-0.207,0.922
-1.355,-0.446,0.775
-1.161,-0.740,0.497
-1.035,-1.073,0.201
-1.041,-1.408,0.036
-1.192,-1.696,0.094
-1.433,-1.889,0.346
-1.684,-1.949,0.656
-1.874,-1.854,0.866
-1.947,-1.611,0.910
-1.868,-1.265,0.851
-1.631,-0.896,0.806
-1.289,-0.585,0.829
-0.954,-0.378,0.878
-0.726,-0.257,0.874
-0.617,-0.166,0.803
-0.533,-0.067,0.717
-0.364,0.015,0.668
-0.075,0.011,0.634
0.264,-0.116,0.539
0.549,-0.310,0.354
0.708,-0.450,0.148
0.720,-0.419,0.026
0.593,-0.203,0.014
0.356,0.102,0.031
0.064,0.354,-0.011
-0.212,0.446,-0.105
-0.442,0.367,-0.159
-0.669,0.195,-0.121
-0.964,0.054,-0.036
-1.350,0.030,0.018
-1.759,0.116,0.037
-2.091,0.195,0.095
-2.292,0.125,0.229
-2.387,-0.139,0.374
-2.415,-0.487,0.425
-2.384,-0.724,0.374
-2.279,-0.720,0.348
-2.108,-0.522,0.507
-1.925,-0.298,0.878
-1.793,-0.202,1.325
-1.737,-0.260,1.624
-1.744,-0.389,1.617
-1.777,-0.489,1.301
-1.805,-0.507,0.829
-1.802,-0.458,0.410
-1.747,-0.392,0.184
-1.620,-0.371,0.155
-1.400,-0.440,0.236
-1.089,-0.594,0.339
-0.733,-0.771,0.435
-0.449,-0.874,0.532
-0.358,-0.827,0.619
-0.495,-0.623,0.690
-0.750,-0.321,0.777
-0.929,-0.027,0.932
-0.889,0.147,1.146
-0.633,0.114,1.309
-0.296,-0.136,1.292
-0.044,-0.521,1.080
0.009,-0.891,0.798
-0.164,-1.114,0.603
-0.505,-1.149,0.565
-0.886,-1.060,0.640
-1.168,-0.967,0.727
-1.272,-0.969,0.719
-1.229,-1.093,0.547
-1.130,-1.280,0.243
-1.045,-1.429,-0.028
-0.975,-1.449,-0.058
-0.893,-1.319,0.203
-0.812,-1.090,0.541
-0.781,-0.856,0.637
-0.844,-0.686,0.376
-1.010,-0.597,-0.010
-1.258,-0.549,-0.148
-1.561,-0.497,0.122
-1.862,-0.425,0.605
-2.080,-0.363,0.963
-2.148,-0.349,1.044
-2.068,-0.391,0.982
-1.919,-0.447,1.016
-1.788,-0.459,1.221
-1.710,-0.411,1.432
-1.659,-0.342,1.412
-1.584,-0.308,1.091
-1.439,-0.321,0.656
-1.192,-0.356,0.400
-0.853,-0.388,0.455
-0.527,-0.416,0.664
-0.398,-0.441,0.715
-0.626,-0.427,0.437
-1.200,-0.329,-0.036
-1.925,-0.162,-0.380
-2.549,-0.026,-0.367
-2.944,-0.030,-0.023
-3.164,-0.200,0.462
-3.323,-0.460,0.929
-3.454,-0.708,1.303
-3.460,-0.925,1.497
-3.217,-1.158,1.365
-2.697,-1.440,0.850
-2.016,-1.715,0.176
-1.363,-1.865,-0.203
-0.903,-1.813,0.056
-0.725,-1.596,0.850
-0.839,-1.331,1.650
-1.196,-1.128,1.919
-1.698,-1.001,1.540
-2.206,-0.881,0.878
-2.572,-0.702,0.442
-2.704,-0.478,0.457
-2.612,-0.298,0.728
-2.399,-0.237,0.873
-2.188,-0.270,0.692
-2.041,-0.270,0.321
-1.939,-0.125,0.068
-1.826,0.158,0.095
-1.677,0.451,0.270
-1.530,0.615,0.323
-1.450,0.621,0.165
-1.468,0.558,0.005
-1.541,0.537,0.128
-1.579,0.600,0.549
-1.507,0.708,0.937
-1.332,0.818,0.925
-1.140,0.945,0.498
-1.040,1.129,0.044
-1.085,1.365,-0.014
-1.241,1.563,0.387
-1.426,1.616,0.911
-1.585,1.500,1.147
-1.721,1.309,0.958
-1.852,1.176,0.524
-1.959,1.140,0.124
-1.999,1.114,-0.076
-1.962,0.986,-0.077
-1.913,0.745,0.022
-1.957,0.495,0.097
-2.149,0.330,0.046
-2.453,0.207,-0.151
-2.783,-0.005,-0.394
-3.077,-0.375,-0.520
-3.312,-0.804,-0.446
-3.453,-1.099,-0.246
-3.422,-1.158,-0.087
-3.157,-1.047,-0.050
-2.703,-0.906,-0.062
-2.233,-0.819,-0.011
-1.928,-0.803,0.116
-1.831,-0.878,0.223
-1.816,-1.084,0.223
-1.732,-1.379,0.155
-1.569,-1.560,0.133
-1.461,-1.374,0.212
-1.522,-0.763,0.342
-1.694,0.018,0.432
-1.773,0.576,0.462
-1.603,0.700,0.469
-1.229,0.515,0.458
-0.848,0.318,0.364
-0.608,0.283,0.130
-0.492,0.334,-0.173
-0.389,0.293,-0.358
-0.248,0.106,-0.272
-0.148,-0.107,0.037
-0.181,-0.196,0.331
-0.325,-0.140,0.375
-0.447,-0.042,0.142
-0.433,-0.004,-0.164
-0.310,-0.047,-0.294
-0.203,-0.124,-0.167
-0.201,-0.196,0.071
-0.280,-0.246,0.203
-0.359,-0.240,0.143
-0.419,-0.135,-0.014
-0.512,0.076,-0.096
-0.668,0.324,-0.032
-0.820,0.493,0.106
-0.842,0.510,0.180
-0.674,0.398,0.119
-0.385,0.251,-0.037
-0.116,0.166,-0.189
0.041,0.212,-0.258
0.091,0.413,-0.217
0.099,0.749,-0.083
0.107,1.142,0.113
0.107,1.470,0.334
0.066,1.627,0.522
-0.038,1.575,0.618
-0.184,1.359,0.596
-0.306,1.054,0.489
-0.326,0.724,0.379
-0.202,0.416,0.342
0.011,0.193,0.390
0.188,0.138,0.480
0.220,0.297,0.560
0.104,0.616,0.615
-0.054,0.950,0.660
-0.128,1.155,0.697
-0.075,1.184,0.705
0.046,1.086,0.668
0.139,0.938,0.591
0.143,0.786,0.499
0.068,0.649,0.405
-0.034,0.560,0.314
-0.108,0.546,0.245
-0.121,0.577,0.220
-0.073,0.567,0.238
0.014,0.449,0.268
0.116,0.268,0.294
0.229,0.151,0.355
0.379,0.196,0.510
0.596,0.379,0.747
0.869,0.594,0.958
1.125,0.766,1.024
1.255,0.905,0.927
1.190,1.052,0.771
0.959,1.202,0.666
0.674,1.316,0.619
0.450,1.384,0.541
0.339,1.438,0.367
0.334,1.492,0.153
0.412,1.494,0.050
0.559,1.367,0.170
0.747,1.117,0.469
0.910,0.857,0.759
0.971,0.714,0.847
0.909,0.706,0.684
0.776,0.735,0.380
0.636,0.684,0.114
0.498,0.540,-0.014
0.312,0.379,-0.018
0.048,0.272,0.012
-0.241,0.218,-0.004
-0.442,0.172,-0.110
-0.464,0.126,-0.306
-0.314,0.120,-0.535
-0.075,0.180,-0.688
0.148,0.266,-0.656
0.300,0.281,-0.427
0.378,0.169,-0.128
0.423,-0.034,0.063
0.487,-0.226,0.061
0.615,-0.313,-0.052
0.829,-0.257,-0.107
1.115,-0.083,0.010
1.416,0.153,0.271
1.657,0.382,0.532
1.768,0.551,0.646
1.715,0.651,0.554
1.530,0.721,0.316
1.280,0.814,0.060
1.028,0.943,-0.106
0.802,1.065,-0.164
0.599,1.125,-0.165
0.425,1.109,-0.162
0.319,1.061,-0.163
0.337,1.039,-0.168
0.491,1.047,-0.198
0.740,1.030,-0.284
1.010,0.917,-0.402
1.240,0.687,-0.468
1.401,0.399,-0.412
1.498,0.159,-0.257
1.545,0.050,-0.086
1.564,0.072,0.054
1.561,0.134,0.184
1.522,0.122,0.311
1.404,-0.014,0.366
1.184,-0.194,0.274
0.900,-0.258,0.080
0.642,-0.089,-0.035
0.496,0.275,0.068
0.477,0.642,0.332
0.533,0.811,0.551
0.612,0.731,0.584
0.713,0.537,0.489
0.878,0.428,0.432
1.119,0.497,0.491
1.378,0.681,0.585
1.547,0.840,0.588
1.551,0.877,0.468
1.399,0.785,0.300
1.180,0.601,0.168
0.990,0.378,0.091
0.867,0.184,0.055
0.780,0.095,0.068
0.670,0.148,0.162
0.519,0.281,0.330
0.378,0.354,0.500
0.336,0.274,0.576
0.448,0.089,0.523
0.683,-0.064,0.397
0.944,-0.090,0.295
1.131,-0.042,0.279
1.200,-0.051,0.337
1.161,-0.180,0.414
1.043,-0.365,0.464
0.870,-0.487,0.469
0.656,-0.509,0.435
0.430,-0.499,0.385
0.233,-0.530,0.339
0.100,-0.562,0.315
0.039,-0.461,0.300
0.040,-0.123,0.252
0.091,0.397,0.154
0.191,0.897,0.053
0.332,1.175,0.038
0.481,1.159,0.151
0.585,0.941,0.323
0.606,0.674,0.437
0.554,0.458,0.442
0.484,0.298,0.392
0.464,0.144,0.360
0.526,-0.030,0.347
0.644,-0.201,0.298
0.755,-0.314,0.202
0.809,-0.335,0.128
0.808,-0.277,0.146
0.804,-0.193,0.234
0.847,-0.121,0.300
0.934,-0.055,0.286
1.010,0.042,0.214
1.020,0.190,0.145
0.963,0.349,0.107
0.894,0.443,0.118
0.854,0.434,0.212
0.812,0.367,0.411
0.689,0.335,0.656
0.442,0.382,0.802
0.117,0.459,0.742
-0.182,0.487,0.514
-0.391,0.450,0.267
-0.527,0.412,0.125
-0.639,0.451,0.102
-0.729,0.564,0.136
-0.747,0.683,0.179
-0.655,0.747,0.217
-0.490,0.764,0.228
-0.339,0.774,0.170
-0.262,0.771,0.032
-0.252,0.706,-0.132
-0.273,0.568,-0.250
-0.321,0.433,-0.315
-0.416,0.413,-0.385
-0.552,0.533,-0.496
-0.662,0.684,-0.591
-0.672,0.722,-0.579
-0.574,0.615,-0.442
-0.433,0.468,-0.284
-0.316,0.415,-0.228
-0.233,0.503,-0.295
-0.138,0.662,-0.396
0.000,0.796,-0.452
0.162,0.862,-0.486
0.298,0.871,-0.574
0.381,0.851,-0.717
0.411,0.815,-0.804
0.391,0.781,-0.720
0.306,0.762,-0.489
0.151,0.754,-0.268
-0.037,0.722,-0.194
-0.193,0.640,-0.264
-0.282,0.537,-0.370
-0.330,0.482,-0.429
-0.402,0.521,-0.459
-0.537,0.634,-0.514
-0.717,0.758,-0.592
-0.881,0.861,-0.648
-0.969,0.957,-0.660
-0.954,1.078,-0.665
-0.841,1.218,-0.688
-0.664,1.336,-0.703
-0.473,1.397,-0.672
-0.315,1.397,-0.624
-0.202,1.360,-0.644
-0.108,1.318,-0.761
0.002,1.311,-0.898
0.139,1.384,-0.954
0.278,1.545,-0.923
0.392,1.743,-0.898
0.480,1.881,-0.938
0.548,1.894,-0.992
0.579,1.805,-0.972
0.544,1.694,-0.900
0.446,1.600,-0.890
0.354,1.475,-1.019
0.348,1.252,-1.211
0.447,0.935,-1.313
0.586,0.623,-1.244
0.685,0.416,-1.048
0.728,0.324,-0.817
0.755,0.268,-0.613
0.783,0.171,-0.473
0.775,0.039,-0.446
0.691,-0.055,-0.556
0.567,-0.052,-0.738
0.511,0.046,-0.854
0.600,0.192,-0.822
0.810,0.353,-0.694
1.028,0.519,-0.597
1.153,0.670,-0.596
1.161,0.756,-0.647
1.092,0.712,-0.676
1.000,0.519,-0.672
0.939,0.235,-0.667
0.956,-0.035,-0.675
1.084,-0.211,-0.689
1.310,-0.290,-0.721
1.573,-0.333,-0.800
1.805,-0.412,-0.911
1.968,-0.555,-0.957
2.054,-0.724,-0.866
2.056,-0.855,-0.697
1.965,-0.900,-0.611
1.798,-0.847,-0.690
1.599,-0.723,-0.826
1.427,-0.570,-0.821
1.309,-0.439,-0.617
1.253,-0.378,-0.378
1.275,-0.419,-0.312
1.397,-0.542,-0.455
1.614,-0.680,-0.620
1.850,-0.749,-0.582
2.007,-0.706,-0.286
2.047,-0.587,0.117
2.029,-0.470,0.416
2.050,-0.406,0.501
2.144,-0.379,0.429
2.243,-0.331,0.339
2.243,-0.242,0.330
2.108,-0.169,0.378
1.897,-0.201,0.387
1.713,-0.365,0.296
1.618,-0.597,0.159
1.602,-0.797,0.097
1.614,-0.929,0.168
1.613,-1.046,0.310
1.580,-1.226,0.411
1.516,-1.464,0.430
1.435,-1.662,0.426
1.372,-1.711,0.459
1.379,-1.585,0.509
1.491,-1.374,0.508
1.679,-1.199,0.451
1.860,-1.126,0.433
1.950,-1.133,0.549
1.928,-1.161,0.787
1.852,-1.170,1.030
1.796,-1.155,1.166
1.786,-1.115,1.180
1.781,-1.032,1.137
1.726,-0.902,1.091
1.614,-0.760,1.031
1.499,-0.682,0.906
1.448,-0.725,0.703
1.485,-0.873,0.476
1.578,-1.037,0.314
1.666,-1.127,0.263
1.709,-1.122,0.294
1.706,-1.075,0.333
1.686,-1.049,0.336
1.675,-1.056,0.318
1.685,-1.072,0.306
1.705,-1.083,0.284
1.715,-1.120,0.188
1.689,-1.233,-0.019
1.608,-1.426,-0.279
1.470,-1.639,-0.475
1.302,-1.779,-0.530
1.154,-1.793,-0.478
1.070,-1.691,-0.422
1.060,-1.531,-0.429
1.091,-1.373,-0.466
1.112,-1.257,-0.465
1.102,-1.199,-0.411
1.085,-1.202,-0.363
1.109,-1.240,-0.375
1.199,-1.254,-0.426
1.335,-1.179,-0.443
1.472,-0.996,-0.403
1.569,-0.754,-0.368
1.605,-0.537,-0.410
1.572,-0.389,-0.514
1.471,-0.289,-0.589
1.307,-0.183,-0.569
1.103,-0.057,-0.491
0.882,0.046,-0.442
0.661,0.071,-0.469
0.448,0.018,-0.550
0.260,-0.055,-0.651
0.142,-0.098,-0.752
0.137,-0.126,-0.815
0.243,-0.213,-0.769
0.387,-0.418,-0.590
0.476,-0.739,-0.375
0.465,-1.127,-0.300
0.386,-1.524,-0.438
0.312,-1.878,-0.680
0.278,-2.136,-0.832
0.263,-2.241,-0.816
0.234,-2.174,-0.741
0.205,-1.990,-0.765
0.221,-1.785,-0.936
0.293,-1.623,-1.158
0.378,-1.485,-1.297
0.413,-1.302,-1.279
0.391,-1.045,-1.110
0.364,-0.766,-0.844
0.389,-0.551,-0.559
0.458,-0.439,-0.344
0.524,-0.399,-0.262
0.555,-0.390,-0.318
0.579,-0.408,-0.453
0.664,-0.477,-0.583
0.842,-0.595,-0.644
1.085,-0.702,-0.616
1.329,-0.730,-0.539
1.520,-0.672,-0.487
1.639,-0.607,-0.514
1.696,-0.632,-0.590
1.688,-0.788,-0.619
1.596,-1.026,-0.537
1.398,-1.262,-0.387
1.114,-1.440,-0.289
0.814,-1.561,-0.317
0.585,-1.662,-0.411
0.470,-1.771,-0.450
0.444,-1.885,-0.376
0.435,-1.980,-0.241
0.388,-2.034,-0.140
0.287,-2.037,-0.117
0.161,-1.979,-0.149
0.052,-1.845,-0.189
-0.000,-1.628,-0.193
0.027,-1.351,-0.127
0.134,-1.072,0.020
0.288,-0.861,0.195
0.437,-0.753,0.294
0.547,-0.722,0.233
0.614,-0.706,0.038
0.662,-0.661,-0.150
0.704,-0.599,-0.185
0.737,-0.569,-0.040
0.746,-0.598,0.154
0.726,-0.649,0.211
0.695,-0.637,0.043
0.685,-0.505,-0.262
0.718,-0.278,-0.514
0.790,-0.062,-0.579
0.867,0.040,-0.478
0.917,0.013,-0.338
0.940,-0.065,-0.256
0.983,-0.084,-0.221
1.090,0.003,-0.168
1.253,0.146,-0.073
1.405,0.259,0.029
1.477,0.297,0.114
1.453,0.294,0.197
1.379,0.312,0.279
1.313,0.373,0.301
1.291,0.435,0.192
1.304,0.438,-0.013
1.339,0.356,-0.159
1.388,0.214,-0.109
1.448,0.061,0.102
1.514,-0.058,0.296
1.575,-0.116,0.333
1.612,-0.119,0.268
1.605,-0.104,0.275
1.546,-0.131,0.438
1.445,-0.243,0.639
1.340,-0.419,0.673
1.270,-0.581,0.480
1.239,-0.648,0.212
1.211,-0.593,0.081
1.139,-0.462,0.137
1.015,-0.325,0.232
0.876,-0.227,0.199
0.765,-0.156,0.035
0.702,-0.071,-0.123
0.671,0.050,-0.156
0.644,0.186,-0.083
0.615,0.284,0.009
0.594,0.308,0.064
0.598,0.257,0.068
0.638,0.162,-0.007
0.709,0.044,-0.194
0.797,-0.087,-0.439
0.869,-0.218,-0.580
0.890,-0.312,-0.506
0.867,-0.319,-0.312
0.853,-0.239,-0.229
0.913,-0.134,-0.371
1.053,-0.080,-0.603
1.184,-0.087,-0.700
1.190,-0.093,-0.626
1.030,-0.017,-0.564
0.778,0.155,-0.667
0.562,0.357,-0.842
0.448,0.507,-0.863
0.399,0.576,-0.653
0.343,0.599,-0.392
0.257,0.623,-0.314
0.192,0.665,-0.446
0.206,0.715,-0.612
0.300,0.762,-0.644
0.422,0.808,-0.552
0.516,0.855,-0.451
0.565,0.897,-0.412
0.588,0.929,-0.418
0.599,0.956,-0.435
0.590,0.985,-0.463
0.537,1.004,-0.500
0.425,0.988,-0.503
0.257,0.917,-0.428
0.063,0.804,-0.300
-0.109,0.692,-0.199
-0.220,0.627,-0.190
-0.259,0.633,-0.276
-0.250,0.685,-0.420
-0.233,0.727,-0.586
-0.230,0.700,-0.730
-0.246,0.597,-0.770
-0.266,0.471,-0.631
-0.275,0.406,-0.337
-0.259,0.439,-0.034
-0.209,0.532,0.098
-0.128,0.617,-0.013
-0.045,0.669,-0.281
0.007,0.725,-0.539
0.007,0.822,-0.664
-0.028,0.930,-0.632
-0.062,0.972,-0.500
-0.070,0.912,-0.369
-0.036,0.799,-0.326
0.045,0.720,-0.402
0.176,0.702,-0.537
0.338,0.692,-0.612
0.474,0.626,-0.542
0.511,0.512,-0.366
0.421,0.410,-0.223
0.252,0.355,-0.228
0.103,0.328,-0.356
0.043,0.295,-0.468
0.072,0.281,-0.439
0.145,0.340,-0.278
0.235,0.474,-0.105
0.335,0.590,-0.028
0.434,0.580,-0.037
0.485,0.426,-0.037
0.436,0.233,0.034
0.278,0.127,0.128
0.062,0.144,0.140
-0.153,0.222,0.013
-0.353,0.291,-0.189
-0.562,0.342,-0.358
-0.787,0.400,-0.434
-0.986,0.464,-0.442
-1.096,0.500,-0.426
-1.085,0.488,-0.374
-0.986,0.451,-0.252
-0.860,0.421,-0.083
-0.743,0.387,0.021
-0.630,0.306,-0.041
-0.505,0.159,-0.243
-0.369,-0.007,-0.435
-0.253,-0.132,-0.489
-0.193,-0.212,-0.427
-0.199,-0.302,-0.392
-0.272,-0.448,-0.476
-0.403,-0.619,-0.601
-0.568,-0.733,-0.598
-0.718,-0.738,-0.394
-0.792,-0.664,-0.113
-0.771,-0.590,0.028
-0.704,-0.559,-0.088
-0.671,-0.542,-0.366
-0.710,-0.486,-0.595
-0.774,-0.382,-0.616
-0.782,-0.284,-0.439
-0.701,-0.245,-0.198
-0.583,-0.266,-0.037
-0.517,-0.292,-0.012
-0.539,-0.276,-0.080
-0.610,-0.222,-0.154
-0.664,-0.158,-0.167
-0.660,-0.092,-0.102
-0.615,0.005,0.009
-0.573,0.152,0.106
-0.569,0.325,0.131
-0.608,0.464,0.060
-0.665,0.535,-0.067
-0.695,0.541,-0.163
-0.656,0.502,-0.155
-0.531,0.423,-0.046
-0.335,0.312,0.075
-0.120,0.211,0.116
0.048,0.192,0.067
0.111,0.282,0.012
0.050,0.421,0.030
-0.104,0.483,0.117
-0.299,0.386,0.194
-0.494,0.161,0.199
-0.686,-0.071,0.151
-0.895,-0.193,0.119
-1.120,-0.181,0.133
-1.327,-0.102,0.150
-1.467,-0.052,0.105
-1.520,-0.089,-0.023
-1.502,-0.210,-0.181
-1.447,-0.364,-0.285
-1.380,-0.489,-0.285
-1.306,-0.548,-0.190
-1.232,-0.546,-0.061
-1.162,-0.523,0.031
-1.094,-0.523,0.043
-1.018,-0.562,-0.020
-0.920,-0.615,-0.115
-0.811,-0.640,-0.212
-0.723,-0.612,-0.301
-0.699,-0.539,-0.373
-0.754,-0.444,-0.388
-0.872,-0.343,-0.304
-1.019,-0.235,-0.133
-1.163,-0.124,0.034
-1.286,-0.036,0.100
-1.366,-0.004,0.064
-1.381,-0.046,0.027
-1.324,-0.143,0.075
-1.224,-0.255,0.193
-1.129,-0.339,0.279
-1.081,-0.375,0.264
-1.092,-0.367,0.179
-1.142,-0.341,0.099
-1.202,-0.319,0.055
-1.250,-0.316,0.020
-1.287,-0.315,-0.027
-1.331,-0.294,-0.060
-1.396,-0.245,-0.036
-1.458,-0.198,0.048
-1.460,-0.196,0.150
-1.353,-0.253,0.219
-1.151,-0.337,0.239
-0.932,-0.392,0.232
-0.778,-0.391,0.227
-0.701,-0.363,0.247
-0.649,-0.368,0.291
-0.562,-0.447,0.339
-0.434,-0.591,0.369
-0.302,-0.747,0.369
-0.204,-0.858,0.336
-0.147,-0.903,0.259
-0.113,-0.901,0.137
-0.080,-0.895,0.018
-0.025,-0.915,0.006
0.059,-0.958,0.171
0.148,-0.995,0.449
0.181,-1.009,0.653
0.101,-1.013,0.628
-0.091,-1.038,0.405
-0.321,-1.081,0.177
-0.497,-1.086,0.112
-0.574,-0.981,0.211
-0.580,-0.740,0.330
-0.568,-0.424,0.350
-0.570,-0.135,0.266
-0.587,0.044,0.153
-0.611,0.097,0.074
-0.651,0.060,0.045
-0.707,-0.025,0.058
-0.771,-0.130,0.103
-0.819,-0.242,0.161
-0.839,-0.346,0.197
-0.830,-0.427,0.183
-0.800,-0.485,0.126
-0.749,-0.524,0.059
-0.679,-0.541,0.009
-0.606,-0.515,-0.018
-0.557,-0.436,-0.030
-0.538,-0.326,-0.032
-0.529,-0.237,-0.025
-0.494,-0.215,-0.014
-0.414,-0.265,-0.009
-0.309,-0.355,-0.014
-0.221,-0.453,-0.021
-0.189,-0.541,-0.013
-0.225,-0.604,0.022
-0.325,-0.610,0.078
-0.474,-0.524,0.129
-0.661,-0.346,0.147
-0.862,-0.133,0.119
-1.036,0.038,0.066
-1.154,0.139,0.039
-1.207,0.207,0.080
-1.222,0.307,0.189
-1.229,0.465,0.330
-1.235,0.640,0.458
-1.217,0.763,0.551
-1.157,0.793,0.602
-1.067,0.735,0.592
-0.987,0.619,0.496
-0.955,0.477,0.326
-0.977,0.334,0.156
-1.036,0.219,0.082
-1.104,0.152,0.136
-1.151,0.121,0.248
-1.144,0.091,0.307
-1.048,0.027,0.256
-0.853,-0.057,0.129
-0.599,-0.108,0.002
-0.365,-0.073,-0.074
-0.216,0.050,-0.070
-0.160,0.207,0.026
-0.157,0.334,0.187
-0.151,0.395,0.319
-0.120,0.387,0.300
-0.077,0.329,0.095
-0.056,0.246,-0.176
-0.077,0.182,-0.309
-0.139,0.187,-0.194
-0.225,0.286,0.089
-0.320,0.453,0.357
-0.414,0.633,0.485
-0.503,0.789,0.493
-0.582,0.936,0.465
-0.652,1.101,0.449
-0.712,1.276,0.417
-0.771,1.413,0.332
-0.838,1.460,0.206
-0.903,1.407,0.094
-0.940,1.280,0.036
-0.913,1.121,0.030
-0.821,0.972,0.050
-0.708,0.883,0.072
-0.645,0.892,0.096
-0.681,0.990,0.136
-0.802,1.100,0.198
-0.933,1.140,0.264
-1.002,1.097,0.298
-0.981,1.049,0.278
-0.901,1.081,0.209
-0.805,1.208,0.134
-0.721,1.366,0.090
-0.654,1.484,0.088
-0.604,1.550,0.122
-0.568,1.595,0.201
-0.530,1.643,0.330
-0.466,1.677,0.463
-0.364,1.665,0.495
-0.242,1.593,0.344
-0.136,1.477,0.050
-0.073,1.346,-0.227
-0.046,1.234,-0.333
-0.038,1.164,-0.245
-0.047,1.124,-0.065
-0.083,1.061,0.086
-0.148,0.917,0.156
-0.211,0.694,0.155
-0.228,0.471,0.111
-0.181,0.359,0.048
-0.090,0.423,-0.000
0.007,0.644,0.009
0.085,0.954,0.087
0.141,1.279,0.202
0.184,1.547,0.284
0.225,1.698,0.283
0.265,1.699,0.193
0.280,1.594,0.061
0.222,1.487,-0.030
0.038,1.467,-0.014
-0.282,1.546,0.101
-0.675,1.661,0.221
-1.031,1.761,0.240
-1.265,1.858,0.128
-1.361,1.987,-0.042
-1.357,2.153,-0.170
-1.287,2.305,-0.204
-1.168,2.398,-0.153
-1.015,2.439,-0.053
-0.869,2.459,0.059
-0.759,2.453,0.127
-0.676,2.380,0.098
-0.591,2.214,-0.020
-0.511,2.005,-0.138
-0.503,1.844,-0.153
-0.621,1.786,-0.061
-0.835,1.791,0.035
-1.033,1.768,0.029
-1.126,1.662,-0.072
-1.128,1.497,-0.161
-1.122,1.348,-0.141
-1.169,1.268,-0.023
-1.243,1.259,0.099
-1.278,1.296,0.146
-1.234,1.360,0.121
-1.124,1.445,0.078
-0.986,1.523,0.055
-0.848,1.551,0.045
-0.733,1.492,0.028
-0.671,1.362,0.010
-0.692,1.214,0.021
-0.803,1.095,0.070
-0.980,1.006,0.123
-1.192,0.923,0.148
-1.410,0.853,0.165
-1.605,0.833,0.231
-1.742,0.887,0.371
-1.793,0.964,0.519
-1.761,0.977,0.570
-1.672,0.879,0.485
-1.557,0.717,0.334
-1.430,0.583,0.222
-1.290,0.513,0.191
-1.145,0.459,0.193
-1.012,0.355,0.170
-0.911,0.207,0.126
-0.849,0.088,0.119
-0.817,0.074,0.189
-0.807,0.168,0.310
-0.820,0.312,0.414
-0.860,0.447,0.460
-0.929,0.535,0.466
-1.006,0.559,0.481
-1.058,0.505,0.533
-1.055,0.381,0.607
-0.988,0.248,0.664
-0.887,0.185,0.687
-0.801,0.236,0.690
-0.774,0.351,0.671
-0.812,0.423,0.586
-0.896,0.369,0.387
-0.998,0.198,0.095
-1.099,-0.007,-0.166
-1.181,-0.153,-0.271
-1.223,-0.210,-0.204
-1.202,-0.212,-0.080
-1.110,-0.201,-0.017
-0.970,-0.183,-0.012
-0.829,-0.127,0.037
-0.732,-0.016,0.193
-0.689,0.096,0.402
-0.678,0.111,0.555
-0.657,-0.037,0.603
-0.604,-0.311,0.587
-0.524,-0.597,0.552
-0.441,-0.787,0.485
-0.380,-0.856,0.346
-0.351,-0.864,0.148
-0.358,-0.866,-0.031
-0.403,-0.868,-0.109
-0.483,-0.847,-0.082
-0.591,-0.812,-0.011
-0.704,-0.803,0.045
-0.801,-0.849,0.075
-0.870,-0.913,0.100
-0.911,-0.922,0.120
-0.920,-0.852,0.113
-0.882,-0.753,0.075
-0.774,-0.704,0.045
-0.601,-0.726,0.070
-0.403,-0.771,0.140
-0.244,-0.780,0.176
-0.173,-0.731,0.104
-0.196,-0.644,-0.056
-0.296,-0.533,-0.206
-0.455,-0.405,-0.271
-0.642,-0.295,-0.269
-0.796,-0.270,-0.275
-0.841,-0.381,-0.320
-0.758,-0.611,-0.368
-0.630,-0.867,-0.386
-0.585,-1.054,-0.400
-0.689,-1.140,-0.458
-0.880,-1.161,-0.553
-1.037,-1.167,-0.612
-1.098,-1.180,-0.571
-1.089,-1.195,-0.442
-1.058,-1.208,-0.291
-1.006,-1.219,-0.180
-0.904,-1.227,-0.143
-0.762,-1.223,-0.180
-0.646,-1.202,-0.268
-0.610,-1.177,-0.341
-0.644,-1.161,-0.334
-0.687,-1.152,-0.230
-0.705,-1.117,-0.097
-0.723,-1.027,-0.013
-0.781,-0.901,0.004
-0.875,-0.800,0.000
-0.949,-0.797,0.015
-0.946,-0.913,0.027
-0.851,-1.098,-0.004
-0.686,-1.256,-0.068
-0.490,-1.313,-0.114
-0.297,-1.263,-0.109
-0.138,-1.173,-0.072
-0.026,-1.118,-0.041
0.047,-1.125,-0.018
0.105,-1.157,0.022
0.168,-1.168,0.087
0.237,-1.153,0.144
0.279,-1.152,0.166
0.253,-1.190,0.162
0.141,-1.230,0.160
-0.041,-1.218,0.161
-0.241,-1.137,0.140
-0.410,-1.032,0.095
-0.530,-0.959,0.070
-0.624,-0.929,0.111
-0.727,-0.919,0.198
-0.851,-0.925,0.256
-0.983,-0.976,0.228
-1.098,-1.079,0.139
-1.182,-1.170,0.068
-1.235,-1.162,0.075
-1.249,-1.031,0.145
-1.213,-0.857,0.226
-1.120,-0.753,0.284
-0.989,-0.759,0.323
-0.857,-0.829,0.371
-0.766,-0.899,0.429
-0.741,-0.950,0.472
-0.788,-0.987,0.455
-0.895,-0.979,0.369
-1.025,-0.871,0.270
-1.122,-0.664,0.268
-1.141,-0.459,0.415
-1.074,-0.402,0.614
-0.954,-0.558,0.664
-0.814,-0.847,0.466
-0.659,-1.102,0.171
-0.476,-1.200,0.090
-0.287,-1.137,0.380
-0.162,-1.004,0.863
-0.168,-0.897,1.170
-0.294,-0.847,1.090
-0.455,-0.815,0.744
-0.554,-0.756,0.417
-0.572,-0.669,0.275
-0.558,-0.620,0.276
-0.571,-0.679,0.327
-0.608,-0.845,0.416
-0.630,-1.026,0.571
-0.594,-1.113,0.738
-0.490,-1.085,0.801
-0.338,-1.024,0.730
-0.170,-1.023,0.640
-0.034,-1.088,0.673
0.033,-1.131,0.824
0.026,-1.077,0.941
0.003,-0.947,0.890
0.039,-0.828,0.700
0.157,-0.785,0.520
0.287,-0.797,0.458
0.317,-0.815,0.489
0.196,-0.808,0.514
-0.030,-0.776,0.476
-0.257,-0.703,0.403
-0.417,-0.572,0.357
-0.503,-0.416,0.359
-0.518,-0.325,0.378
-0.438,-0.378,0.375
-0.236,-0.541,0.337
0.050,-0.675,0.285
0.307,-0.653,0.241
0.421,-0.469,0.217
0.382,-0.237,0.219
0.285,-0.083,0.243
0.245,-0.057,0.265
0.291,-0.137,0.257
0.364,-0.280,0.230
0.380,-0.450,0.244
0.304,-0.609,0.347
0.162,-0.716,0.489
0.020,-0.747,0.537
-0.048,-0.717,0.403
0.015,-0.660,0.162
0.202,-0.593,-0.004
0.434,-0.503,0.020
0.591,-0.375,0.149
0.607,-0.222,0.205
0.516,-0.089,0.109
0.429,-0.016,-0.042
0.437,-0.016,-0.111
0.546,-0.070,-0.083
0.686,-0.136,-0.067
0.763,-0.173,-0.150
0.735,-0.151,-0.286
0.628,-0.077,-0.359
0.515,0.004,-0.315
0.458,0.030,-0.201
0.471,-0.020,-0.081
0.506,-0.114,0.048
0.523,-0.186,0.219
0.527,-0.195,0.410
0.575,-0.141,0.514
0.703,-0.043,0.433
0.877,0.090,0.181
1.021,0.273,-0.122
1.085,0.508,-0.342
1.095,0.770,-0.415
1.102,1.012,-0.351
1.111,1.195,-0.199
1.076,1.290,-0.019
0.958,1.286,0.129
0.785,1.188,0.195
0.636,1.036,0.176
0.558,0.892,0.124
0.522,0.811,0.102
0.464,0.783,0.121
0.362,0.747,0.137
0.252,0.651,0.103
0.177,0.510,0.025
0.144,0.391,-0.048
0.136,0.347,-0.086
0.153,0.366,-0.111
0.215,0.404,-0.163
0.323,0.452,-0.240
0.429,0.550,-0.290
0.472,0.719,-0.266
0.451,0.908,-0.185
0.427,1.013,-0.115
0.466,0.969,-0.107
0.583,0.817,-0.134
0.733,0.659,-0.113
0.872,0.578,0.007
0.979,0.585,0.190
1.057,0.631,0.341
1.117,0.653,0.392
1.184,0.602,0.364
1.291,0.448,0.329
1.439,0.218,0.339
1.572,-0.003,0.383
1.607,-0.102,0.416
1.511,-0.018,0.419
1.331,0.207,0.415
1.139,0.449,0.421
0.956,0.603,0.416
0.754,0.646,0.366
0.530,0.638,0.280
0.354,0.649,0.215
0.312,0.715,0.212
0.400,0.836,0.238
0.515,1.007,0.214
0.547,1.225,0.109
0.488,1.470,-0.007
0.433,1.699,-0.027
0.475,1.873,0.087
0.614,1.984,0.263
0.766,2.044,0.396
0.836,2.039,0.446
0.781,1.912,0.460
0.616,1.618,0.509
0.386,1.200,0.617
0.148,0.790,0.757
-0.034,0.534,0.874
-0.104,0.476,0.922
-0.036,0.550,0.877
0.151,0.653,0.751
0.407,0.737,0.600
0.670,0.833,0.488
0.893,0.973,0.425
1.057,1.132,0.348
1.175,1.228,0.191
1.272,1.175,-0.021
1.352,0.947,-0.168
1.389,0.577,-0.145
1.338,0.155,0.017
1.194,-0.202,0.170
1.010,-0.387,0.186
0.878,-0.339,0.082
0.871,-0.091,-0.008
1.004,0.251,0.038
1.240,0.551,0.236
1.525,0.732,0.500
1.801,0.794,0.715
2.020,0.785,0.796
2.129,0.746,0.725
2.082,0.683,0.562
1.861,0.594,0.420
1.498,0.480,0.375
1.093,0.352,0.389
0.786,0.202,0.346
0.695,0.010,0.183
0.843,-0.216,-0.011
1.125,-0.419,-0.071
1.370,-0.515,0.064
1.450,-0.449,0.268
1.352,-0.230,0.341
1.168,0.083,0.219
1.015,0.425,0.017
0.962,0.737,-0.102
1.017,0.957,-0.095
1.149,1.018,-0.049
1.312,0.887,-0.043
1.452,0.611,-0.039
1.514,0.305,0.054
1.467,0.088,0.243
1.328,-0.000,0.394
1.157,-0.002,0.355
1.019,0.008,0.126
0.952,-0.014,-0.121
0.962,-0.061,-0.189
1.030,-0.095,-0.049
1.124,-0.095,0.137
1.192,-0.064,0.172
1.189,-0.024,0.005
1.098,0.013,-0.240
0.955,0.035,-0.399
0.816,0.022,-0.405
0.711,-0.061,-0.312
0.619,-0.235,-0.215
0.517,-0.484,-0.169
0.423,-0.743,-0.173
0.402,-0.954,-0.202
0.508,-1.119,-0.222
0.723,-1.288,-0.189
0.956,-1.495,-0.083
1.101,-1.697,0.057
1.121,-1.800,0.140
1.066,-1.746,0.084
1.033,-1.575,-0.110
1.087,-1.382,-0.370
1.215,-1.222,-0.608
1.331,-1.072,-0.763
1.354,-0.888,-0.791
1.270,-0.684,-0.672
1.131,-0.527,-0.439
1.003,-0.462,-0.193
0.897,-0.453,-0.050
0.783,-0.430,-0.051
0.653,-0.370,-0.132
0.559,-0.331,-0.196
0.557,-0.376,-0.208
0.634,-0.496,-0.194
0.693,-0.613,-0.185
0.643,-0.692,-0.177
0.507,-0.799,-0.164
0.424,-1.053,-0.179
0.518,-1.475,-0.265
0.783,-1.938,-0.420
1.081,-2.241,-0.573
1.271,-2.284,-0.637
1.324,-2.148,-0.584
1.313,-2.021,-0.462
1.306,-2.041,-0.356
1.302,-2.194,-0.335
1.250,-2.359,-0.403
1.127,-2.420,-0.512
0.965,-2.348,-0.601
0.813,-2.186,-0.637
0.703,-1.977,-0.631
0.644,-1.738,-0.603
0.645,-1.484,-0.560
0.714,-1.269,-0.505
0.826,-1.169,-0.470
0.921,-1.204,-0.502
0.956,-1.307,-0.614
0.949,-1.367,-0.739
0.983,-1.326,-0.781
1.128,-1.227,-0.692
1.374,-1.169,-0.512
1.623,-1.205,-0.329
1.753,-1.306,-0.209
1.711,-1.404,-0.163
1.548,-1.464,-0.170
1.378,-1.505,-0.205
1.274,-1.552,-0.242
1.211,-1.596,-0.250
1.102,-1.606,-0.209
0.903,-1.573,-0.137
0.679,-1.534,-0.084
0.547,-1.535,-0.095
0.567,-1.577,-0.172
0.679,-1.624,-0.264
0.768,-1.633,-0.310
0.776,-1.603,-0.284
0.733,-1.555,-0.215
0.706,-1.505,-0.153
0.708,-1.461,-0.123
0.710,-1.446,-0.118
0.693,-1.510,-0.117
0.687,-1.688,-0.120
0.723,-1.931,-0.132
0.787,-2.105,-0.141
0.822,-2.064,-0.122
0.808,-1.762,-0.068
0.788,-1.293,-0.012
0.805,-0.837,0.005
0.843,-0.530,-0.014
0.833,-0.404,-0.020
0.745,-0.408,0.023
0.631,-0.476,0.095
0.580,-0.566,0.125
0.624,-0.659,0.076
0.717,-0.719,-0.013
0.798,-0.703,-0.051
0.851,-0.591,0.026
0.880,-0.417,0.197
0.863,-0.250,0.370
0.746,-0.153,0.458
0.518,-0.162,0.441
0.259,-0.286,0.377
0.092,-0.506,0.346
0.080,-0.769,0.375
0.176,-0.983,0.415
0.286,-1.065,0.394
0.353,-1.013,0.294
0.396,-0.919,0.169
0.457,-0.915,0.097
0.543,-1.065,0.111
0.623,-1.308,0.179
0.656,-1.496,0.246
0.633,-1.490,0.290
0.581,-1.255,0.327
0.539,-0.870,0.377
0.536,-0.482,0.430
0.581,-0.223,0.452
0.665,-0.150,0.427
0.751,-0.227,0.380
0.805,-0.371,0.371
0.812,-0.501,0.442
0.785,-0.578,0.565
0.755,-0.612,0.648
0.746,-0.633,0.594
0.768,-0.671,0.383
0.830,-0.725,0.102
0.939,-0.760,-0.103
1.086,-0.725,-0.132
1.222,-0.583,0.005
1.277,-0.344,0.205
1.205,-0.071,0.353
1.028,0.158,0.387
0.815,0.287,0.311
0.627,0.314,0.163
0.471,0.272,-0.007
0.330,0.209,-0.142
0.216,0.152,-0.188
0.179,0.109,-0.131
0.259,0.072,-0.021
0.425,0.045,0.057
0.577,0.051,0.052
0.612,0.112,-0.020
0.496,0.223,-0.101
0.278,0.332,-0.149
0.050,0.385,-0.167
-0.100,0.379,-0.169
-0.120,0.357,-0.156
-0.003,0.353,-0.118
0.202,0.340,-0.065
0.406,0.255,-0.036
0.521,0.086,-0.060
0.514,-0.082,-0.130
0.425,-0.120,-0.209
0.339,0.011,-0.269
0.313,0.224,-0.311
0.348,0.365,-0.354
0.396,0.344,-0.406
0.415,0.202,-0.455
0.396,0.065,-0.478
0.365,0.035,-0.466
0.349,0.128,-0.422
0.347,0.281,-0.364
0.334,0.411,-0.321
0.286,0.470,-0.333
0.202,0.460,-0.423
0.105,0.426,-0.562
0.030,0.426,-0.666
-0.004,0.490,-0.666
-0.001,0.587,-0.576
0.024,0.631,-0.498
0.059,0.532,-0.523
0.106,0.283,-0.628
0.160,-0.004,-0.706
0.199,-0.164,-0.687
0.188,-0.111,-0.629
0.116,0.097,-0.649
0.011,0.309,-0.778
-0.077,0.421,-0.910
-0.123,0.455,-0.903
-0.152,0.512,-0.717
-0.201,0.648,-0.466
-0.281,0.821,-0.309
-0.359,0.938,-0.336
-0.398,0.948,-0.516
-0.394,0.867,-0.738
-0.367,0.744,-0.891
-0.326,0.606,-0.935
-0.252,0.462,-0.916
-0.110,0.331,-0.918
0.105,0.248,-0.977
0.357,0.248,-1.044
0.583,0.338,-1.033
0.739,0.499,-0.922
0.811,0.701,-0.777
0.814,0.914,-0.697
0.765,1.102,-0.725
0.668,1.221,-0.831
0.528,1.236,-0.958
0.357,1.142,-1.063
0.173,0.976,-1.131
-0.018,0.796,-1.151
-0.206,0.654,-1.109
-0.366,0.574,-1.003
-0.442,0.555,-0.862
-0.381,0.574,-0.767
-0.187,0.606,-0.801
0.079,0.630,-0.970
0.337,0.648,-1.146
0.536,0.686,-1.142
0.657,0.774,-0.885
0.687,0.922,-0.522
0.612,1.100,-0.309
0.456,1.249,-0.361
0.293,1.308,-0.537
0.196,1.257,-0.585
0.166,1.125,-0.414
0.108,0.981,-0.179
-0.092,0.901,-0.106
-0.466,0.931,-0.253
-0.935,1.070,-0.457
-1.373,1.270,-0.521
-1.680,1.460,-0.403
-1.834,1.585,-0.239
-1.860,1.622,-0.185
-1.784,1.588,-0.272
-1.608,1.528,-0.382
-1.329,1.488,-0.371
-0.968,1.496,-0.198
-0.586,1.544,0.046
-0.259,1.593,0.215
-0.040,1.602,0.233
0.057,1.552,0.143
0.037,1.448,0.054
-0.098,1.309,0.041
-0.336,1.164,0.087
-0.635,1.053,0.129
-0.914,1.033,0.118
-1.099,1.134,0.044
-1.174,1.322,-0.098
-1.176,1.507,-0.313
-1.146,1.598,-0.561
-1.084,1.571,-0.728
-0.973,1.465,-0.701
-0.829,1.325,-0.484
-0.709,1.152,-0.228
-0.658,0.939,-0.102
-0.674,0.722,-0.135
-0.725,0.596,-0.205
-0.792,0.644,-0.193
-0.891,0.858,-0.109
-1.027,1.133,-0.048
-1.165,1.340,-0.046
-1.241,1.413,-0.036
-1.238,1.372,0.037
-1.190,1.282,0.122
-1.142,1.211,0.123
-1.092,1.203,0.039
-0.998,1.275,-0.013
-0.846,1.410,0.065
-0.674,1.537,0.215
-0.527,1.551,0.263
-0.405,1.372,0.109
-0.260,1.011,-0.166
-0.064,0.580,-0.375
0.139,0.233,-0.403
0.260,0.073,-0.280
0.234,0.101,-0.109
0.065,0.239,0.048
-0.186,0.401,0.186
-0.455,0.539,0.298
-0.699,0.649,0.337
-0.894,0.737,0.259
-1.023,0.795,0.101
-1.074,0.808,-0.026
-1.060,0.761,-0.031
-1.003,0.665,0.062
-0.930,0.557,0.132
-0.860,0.499,0.073
-0.809,0.547,-0.111
-0.791,0.714,-0.304
-0.803,0.944,-0.388
-0.815,1.132,-0.331
-0.788,1.197,-0.202
-0.697,1.145,-0.096
-0.559,1.063,-0.066
-0.423,1.043,-0.097
-0.329,1.111,-0.144
-0.293,1.204,-0.165
-0.310,1.237,-0.149
-0.369,1.174,-0.112
-0.466,1.054,-0.094
-0.588,0.949,-0.127
-0.720,0.901,-0.209
-0.856,0.897,-0.294
-1.002,0.888,-0.308
-1.163,0.832,-0.218
-1.318,0.711,-0.060
-1.422,0.535,0.071
-1.431,0.349,0.106
-1.334,0.221,0.053
-1.168,0.212,-0.018
-0.987,0.322,-0.027
-0.834,0.470,0.063
-0.737,0.535,0.224
-0.717,0.454,0.379
-0.791,0.278,0.432
-0.956,0.136,0.325
-1.170,0.110,0.103
-1.350,0.161,-0.084
-1.418,0.159,-0.082
-1.347,0.002,0.129
-1.186,-0.277,0.401
-1.030,-0.535,0.534
-0.952,-0.624,0.461
-0.954,-0.488,0.291
-0.982,-0.189,0.189
-0.973,0.159,0.215
-0.899,0.464,0.281
-0.770,0.688,0.260
-0.606,0.830,0.123
-0.419,0.914,-0.043
-0.231,0.957,-0.124
-0.092,0.971,-0.077
-0.066,0.965,0.040
-0.175,0.940,0.134
-0.377,0.894,0.149
-0.580,0.824,0.096
-0.719,0.741,0.011
-0.788,0.667,-0.083
-0.823,0.624,-0.184
-0.843,0.613,-0.281
-0.840,0.596,-0.344
-0.794,0.516,-0.337
-0.715,0.345,-0.254
-0.646,0.115,-0.128
-0.629,-0.091,-0.005
-0.676,-0.198,0.072
-0.758,-0.188,0.076
-0.841,-0.105,0.004
-0.908,-0.023,-0.103
-0.970,-0.000,-0.158
-1.050,-0.044,-0.085
-1.155,-0.114,0.109
-1.263,-0.152,0.319
-1.332,-0.125,0.417
-1.331,-0.041,0.350
-1.264,0.062,0.179
-1.170,0.141,0.014
-1.092,0.165,-0.064
-1.054,0.119,-0.039
-1.035,-0.006,0.047
-0.993,-0.200,0.133
-0.892,-0.427,0.163
-0.741,-0.622,0.107
-0.589,-0.717,-0.018
-0.496,-0.679,-0.155
-0.473,-0.524,-0.243
-0.478,-0.327,-0.257
-0.448,-0.188,-0.218
-0.357,-0.189,-0.155
-0.237,-0.340,-0.078
-0.146,-0.562,0.006
-0.112,-0.737,0.080
-0.136,-0.784,0.114
-0.200,-0.712,0.107
-0.306,-0.602,0.098
-0.455,-0.530,0.131
-0.625,-0.525,0.209
-0.774,-0.571,0.291
-0.863,-0.653,0.332
-0.889,-0.771,0.325
-0.872,-0.916,0.284
-0.835,-1.046,0.218
-0.792,-1.090,0.138
-0.750,-0.991,0.077
-0.721,-0.743,0.086
-0.721,-0.403,0.186
-0.760,-0.073,0.330
-0.836,0.154,0.441
-0.948,0.232,0.464
-1.082,0.199,0.400
-1.205,0.142,0.281
-1.272,0.136,0.136
-1.245,0.180,-0.000
-1.129,0.205,-0.093
-0.978,0.146,-0.116
-0.867,-0.001,-0.085
-0.838,-0.169,-0.044
-0.872,-0.289,-0.015
-0.904,-0.324,0.023
-0.871,-0.289,0.102
-0.760,-0.227,0.201
-0.599,-0.182,0.255
-0.419,-0.186,0.222
-0.230,-0.241,0.143
-0.025,-0.301,0.119
0.169,-0.301,0.214
0.295,-0.203,0.395
0.300,-0.052,0.547
0.188,0.064,0.574
0.019,0.075,0.471
-0.143,-0.004,0.319
-0.275,-0.095,0.210
-0.390,-0.127,0.184
-0.495,-0.092,0.211
-0.568,-0.035,0.240
-0.578,-0.012,0.237
-0.515,-0.048,0.203
-0.398,-0.125,0.161
-0.251,-0.195,0.135
-0.094,-0.217,0.143
0.049,-0.174,0.181
0.148,-0.096,0.217
0.180,-0.033,0.204
0.154,-0.014,0.121
0.109,-0.023,0.008
0.087,-0.027,-0.062
0.106,-0.028,-0.049
0.156,-0.073,0.003
0.215,-0.189,0.000
0.255,-0.333,-0.105
0.250,-0.394,-0.256
0.187,-0.299,-0.332
0.087,-0.082,-0.271
0.009,0.132,-0.134
0.006,0.237,-0.046
0.090,0.221,-0.071
0.221,0.163,-0.144
0.347,0.152,-0.151
0.440,0.215,-0.055
0.494,0.323,0.057
0.498,0.431,0.093
0.435,0.518,0.068
0.294,0.585,0.089
0.096,0.633,0.215
-0.119,0.651,0.367
-0.319,0.626,0.408
-0.482,0.558,0.307
-0.580,0.474,0.178
-0.568,0.410,0.150
-0.423,0.395,0.220
-0.179,0.439,0.268
0.064,0.537,0.209
0.202,0.665,0.084
0.188,0.781,-0.016
0.079,0.836,-0.073
-0.016,0.808,-0.130
-0.010,0.723,-0.204
0.100,0.647,-0.231
0.234,0.637,-0.161
0.301,0.689,-0.052
0.261,0.752,-0.034
0.153,0.775,-0.160
0.048,0.763,-0.332
-0.007,0.775,-0.385
-0.002,0.865,-0.242
0.047,1.031,0.024
0.137,1.209,0.268
0.260,1.334,0.380
0.388,1.379,0.354
0.470,1.365,0.255
0.467,1.316,0.167
0.378,1.232,0.134
0.238,1.101,0.135
0.088,0.944,0.120
-0.049,0.816,0.051
-0.167,0.774,-0.055
-0.265,0.817,-0.160
-0.335,0.890,-0.236
-0.371,0.935,-0.284
-0.377,0.937,-0.303
-0.369,0.931,-0.276
-0.364,0.953,-0.196
-0.361,1.006,-0.093
-0.343,1.061,-0.015
-0.282,1.079,0.012
-0.164,1.040,0.005
-0.005,0.938,-0.014
0.155,0.797,-0.035
0.273,0.668,-0.070
0.320,0.615,-0.122
0.300,0.665,-0.180
0.241,0.777,-0.236
0.186,0.865,-0.294
0.157,0.870,-0.360
0.144,0.812,-0.421
0.097,0.771,-0.457
-0.020,0.811,-0.456
-0.194,0.915,-0.435
-0.351,1.013,-0.419
-0.416,1.049,-0.417
-0.363,1.032,-0.420
-0.244,1.006,-0.419
-0.134,1.010,-0.423
-0.066,1.047,-0.449
-0.022,1.108,-0.478
0.036,1.182,-0.448
0.113,1.249,-0.304
0.168,1.253,-0.064
0.157,1.133,0.157
0.070,0.878,0.227
-0.053,0.562,0.105
-0.158,0.302,-0.107
-0.214,0.180,-0.238
-0.221,0.184,-0.170
-0.205,0.244,0.080
-0.195,0.300,0.383
-0.217,0.333,0.579
-0.283,0.352,0.584
-0.387,0.356,0.423
-0.507,0.322,0.203
-0.618,0.240,0.037
-0.709,0.132,-0.032
-0.775,0.031,-0.025
-0.803,-0.046,0.016
-0.767,-0.106,0.079
-0.649,-0.151,0.168
-0.472,-0.158,0.260
-0.294,-0.096,0.294
-0.187,0.034,0.239
-0.186,0.189,0.146
-0.280,0.315,0.115
-0.422,0.380,0.207
-0.562,0.376,0.381
-0.664,0.294,0.525
-0.716,0.120,0.560
-0.732,-0.122,0.496
-0.747,-0.348,0.415
-0.795,-0.455,0.392
-0.875,-0.410,0.448
-0.945,-0.284,0.546
-0.954,-0.195,0.630
-0.883,-0.189,0.667
-0.772,-0.209,0.655
-0.686,-0.168,0.608
-0.653,-0.067,0.550
-0.646,0.013,0.497
-0.630,-0.009,0.471
-0.609,-0.114,0.495
-0.623,-0.216,0.567
-0.691,-0.250,0.641
-0.769,-0.234,0.654
-0.784,-0.230,0.596
-0.717,-0.263,0.548
-0.636,-0.296,0.622
-0.628,-0.280,0.831
-0.710,-0.227,1.046
-0.816,-0.199,1.092
-0.863,-0.241,0.928
-0.824,-0.343,0.702
-0.734,-0.455,0.610
-0.635,-0.547,0.703
-0.537,-0.627,0.832
-0.435,-0.715,0.811
-0.339,-0.797,0.599
-0.269,-0.833,0.321
-0.230,-0.788,0.132
-0.196,-0.678,0.082
-0.150,-0.555,0.116
-0.107,-0.462,0.168
-0.108,-0.411,0.221
-0.155,-0.385,0.291
-0.201,-0.364,0.375
-0.182,-0.348,0.454
-0.087,-0.340,0.519
0.021,-0.339,0.579
0.068,-0.341,0.640
0.030,-0.354,0.690
-0.039,-0.404,0.707
-0.056,-0.516,0.686
0.020,-0.688,0.630
0.159,-0.886,0.541
0.291,-1.065,0.426
0.349,-1.204,0.323
0.309,-1.313,0.297
0.191,-1.408,0.387
0.033,-1.488,0.552
-0.132,-1.528,0.664
-0.289,-1.505,0.610
-0.436,-1.413,0.389
-0.568,-1.267,0.139
-0.671,-1.090,0.027
-0.731,-0.905,0.103
-0.746,-0.728,0.264
-0.717,-0.572,0.351
-0.648,-0.441,0.295
-0.537,-0.339,0.172
-0.385,-0.274,0.109
-0.208,-0.273,0.163
-0.040,-0.348,0.286
0.071,-0.472,0.388
0.089,-0.578,0.414
0.013,-0.602,0.357
-0.109,-0.544,0.234
-0.203,-0.470,0.079
-0.218,-0.454,-0.052
-0.167,-0.513,-0.093
-0.118,-0.597,-0.020
-0.130,-0.646,0.109
-0.198,-0.655,0.196
-0.261,-0.667,0.178
-0.268,-0.721,0.077
-0.226,-0.808,-0.036
-0.184,-0.888,-0.092
-0.162,-0.935,-0.073
-0.126,-0.964,-0.012
-0.024,-0.994,0.036
0.141,-1.020,0.031
0.301,-1.002,-0.025
0.384,-0.921,-0.091
0.383,-0.817,-0.126
0.350,-0.767,-0.134
0.329,-0.812,-0.144
0.310,-0.918,-0.160
0.250,-1.001,-0.129
0.144,-1.003,-0.010
0.054,-0.946,0.152
0.046,-0.904,0.228
0.125,-0.935,0.120
0.230,-1.020,-0.136
0.308,-1.086,-0.385
0.376,-1.062,-0.478
0.495,-0.941,-0.381
0.691,-0.779,-0.185
0.922,-0.655,-0.032
1.109,-0.614,-0.021
1.222,-0.664,-0.157
1.284,-0.781,-0.346
1.329,-0.933,-0.466
1.355,-1.068,-0.451
1.336,-1.131,-0.344
1.279,-1.087,-0.241
1.233,-0.954,-0.201
1.254,-0.796,-0.206
1.342,-0.681,-0.198
1.447,-0.632,-0.162
1.507,-0.623,-0.115
1.502,-0.620,-0.057
1.460,-0.617,0.044
1.434,-0.630,0.184
1.460,-0.664,0.279
1.531,-0.696,0.227
1.599,-0.692,0.031
1.604,-0.644,-0.174
1.519,-0.581,-0.229
1.384,-0.551,-0.117
1.267,-0.585,0.029
1.217,-0.674,0.065
1.226,-0.773,-0.005
1.255,-0.831,-0.047
1.268,-0.823,0.055
1.256,-0.768,0.255
1.229,-0.710,0.384
1.201,-0.684,0.320
1.193,-0.699,0.117
1.237,-0.753,-0.045
1.351,-0.843,-0.045
1.520,-0.960,0.062
1.692,-1.058,0.122
1.812,-1.062,0.059
1.861,-0.924,-0.038
1.855,-0.673,-0.022
1.821,-0.418,0.135
1.777,-0.266,0.291
1.731,-0.258,0.280
1.696,-0.355,0.089
1.687,-0.489,-0.122
1.718,-0.608,-0.175
1.776,-0.686,-0.041
1.834,-0.702,0.147
1.867,-0.654,0.227
1.885,-0.571,0.151
1.923,-0.505,0.006
2.007,-0.491,-0.076
2.132,-0.526,-0.028
2.254,-0.589,0.112
2.324,-0.667,0.246
2.335,-0.758,0.291
2.316,-0.842,0.225
2.308,-0.875,0.084
2.323,-0.827,-0.064
2.331,-0.726,-0.161
2.293,-0.636,-0.182
2.190,-0.604,-0.144
2.042,-0.610,-0.093
1.889,-0.601,-0.060
1.765,-0.544,-0.048
1.685,-0.464,-0.041
1.643,-0.413,-0.048
1.622,-0.416,-0.100
1.610,-0.464,-0.216
1.593,-0.529,-0.351
1.567,-0.587,-0.417
1.529,-0.630,-0.351
1.488,-0.663,-0.193
1.461,-0.712,-0.064
1.463,-0.800,-0.078
1.498,-0.919,-0.237
1.544,-1.006,-0.428
1.570,-0.980,-0.495
1.550,-0.817,-0.363
1.485,-0.591,-0.101
1.398,-0.432,0.125
1.321,-0.408,0.171
1.267,-0.471,0.028
1.227,-0.505,-0.184
1.167,-0.437,-0.325
1.059,-0.296,-0.355
0.900,-0.163,-0.325
0.720,-0.092,-0.298
0.565,-0.071,-0.300
0.475,-0.075,-0.325
0.463,-0.092,-0.371
0.526,-0.128,-0.427
0.645,-0.160,-0.444
0.789,-0.145,-0.372
0.914,-0.066,-0.228
0.987,0.036,-0.104
0.993,0.091,-0.077
0.953,0.070,-0.123
0.904,0.004,-0.148
0.876,-0.062,-0.115
0.892,-0.114,-0.091
0.944,-0.167,-0.161
1.004,-0.221,-0.307
1.022,-0.235,-0.417
0.970,-0.165,-0.414
0.867,-0.020,-0.333
0.771,0.146,-0.281
0.723,0.281,-0.313
0.712,0.381,-0.374
0.688,0.467,-0.371
0.628,0.538,-0.276
0.563,0.543,-0.159
0.546,0.440,-0.118
0.596,0.248,-0.197
0.694,0.052,-0.341
0.803,-0.062,-0.435
0.898,-0.071,-0.393
0.951,-0.018,-0.226
0.926,0.041,-0.035
0.808,0.082,0.069
0.640,0.103,0.040
0.499,0.092,-0.064
0.439,0.025,-0.148
0.436,-0.101,-0.153
0.422,-0.241,-0.109
0.362,-0.332,-0.092
0.293,-0.337,-0.151
0.282,-0.280,-0.244
0.349,-0.221,-0.271
0.438,-0.196,-0.165
0.469,-0.204,0.028
0.402,-0.223,0.184
0.264,-0.246,0.219
0.125,-0.282,0.165
0.046,-0.329,0.118
0.053,-0.371,0.120
0.127,-0.388,0.121
0.210,-0.371,0.060
0.230,-0.328,-0.035
0.141,-0.263,-0.069
-0.043,-0.181,0.002
-0.255,-0.105,0.101
-0.424,-0.076,0.118
-0.524,-0.119,0.038
-0.570,-0.203,-0.038
-0.578,-0.253,-0.004
-0.541,-0.211,0.134
-0.441,-0.092,0.275
-0.286,0.037,0.337
-0.126,0.108,0.323
-0.016,0.108,0.285
0.016,0.064,0.259
-0.025,0.005,0.244
-0.124,-0.054,0.226
-0.269,-0.103,0.206
-0.448,-0.132,0.184
-0.631,-0.149,0.162
-0.789,-0.179,0.163
-0.906,-0.241,0.220
-0.988,-0.309,0.333
-1.043,-0.332,0.440
-1.071,-0.279,0.464
-1.064,-0.180,0.396
-1.036,-0.098,0.309
-1.019,-0.069,0.278
-1.038,-0.091,0.311
-1.088,-0.159,0.363
-1.140,-0.280,0.412
-1.181,-0.442,0.480
-1.240,-0.589,0.573
-1.357,-0.644,0.643
-1.522,-0.587,0.623
-1.660,-0.490,0.508
-1.692,-0.445,0.364
-1.614,-0.471,0.263
-1.506,-0.500,0.228
-1.463,-0.455,0.237
-1.497,-0.341,0.263
-1.541,-0.239,0.280
-1.522,-0.227,0.258
-1.437,-0.312,0.170
-1.343,-0.465,0.043
-1.285,-0.657,-0.046
-1.260,-0.876,-0.031
-1.250,-1.085,0.073
-1.271,-1.209,0.169
-1.354,-1.193,0.168
-1.492,-1.054,0.061
-1.624,-0.867,-0.068
-1.691,-0.703,-0.103
-1.708,-0.569,0.010
-1.756,-0.448,0.222
-1.894,-0.345,0.403
-2.084,-0.316,0.431
-2.226,-0.400,0.291
-2.257,-0.570,0.086
-2.206,-0.734,-0.053
-2.153,-0.806,-0.085
-2.145,-0.771,-0.073
-2.160,-0.688,-0.090
-2.157,-0.639,-0.132
-2.135,-0.678,-0.137
-2.121,-0.809,-0.083
-2.123,-0.992,-0.027
-2.122,-1.158,-0.042
-2.099,-1.222,-0.127
-2.079,-1.132,-0.205
-2.101,-0.908,-0.213
-2.168,-0.657,-0.169
-2.220,-0.507,-0.133
-2.195,-0.520,-0.125
-2.096,-0.653,-0.111
-1.999,-0.800,-0.069
-1.978,-0.890,-0.047
-2.033,-0.930,-0.123
-2.099,-0.967,-0.301
-2.117,-1.029,-0.488
-2.091,-1.097,-0.571
-2.058,-1.136,-0.537
-2.035,-1.137,-0.477
-2.003,-1.114,-0.487
-1.946,-1.072,-0.573
-1.894,-0.992,-0.666
-1.896,-0.842,-0.707
-1.957,-0.620,-0.705
-2.032,-0.367,-0.699
-2.061,-0.153,-0.694
-2.040,-0.045,-0.650
-2.025,-0.073,-0.535
-2.078,-0.232,-0.369
-2.206,-0.480,-0.208
-2.367,-0.748,-0.101
-2.503,-0.969,-0.070
-2.580,-1.103,-0.122
-2.588,-1.150,-0.250
-2.527,-1.138,-0.403
-2.400,-1.102,-0.488
-2.224,-1.061,-0.414
-2.036,-1.026,-0.177
-1.876,-1.010,0.116
-1.753,-1.025,0.315
-1.648,-1.075,0.336
-1.533,-1.134,0.216
-1.409,-1.158,0.054
-1.311,-1.109,-0.063
-1.275,-0.988,-0.108
-1.294,-0.837,-0.086
-1.316,-0.717,-0.020
-1.288,-0.668,0.051
-1.203,-0.686,0.088
-1.112,-0.723,0.093
-1.072,-0.722,0.115
-1.097,-0.650,0.193
-1.155,-0.517,0.276
-1.209,-0.362,0.242
-1.251,-0.220,0.037
-1.304,-0.108,-0.232
-1.378,-0.032,-0.361
-1.445,-0.016,-0.252
-1.448,-0.105,-0.008
-1.344,-0.316,0.172
-1.143,-0.592,0.200
-0.907,-0.809,0.153
-0.707,-0.864,0.146
-0.580,-0.766,0.190
-0.522,-0.628,0.200
-0.505,-0.580,0.123
-0.521,-0.650,-0.002
-0.564,-0.760,-0.093
-0.612,-0.814,-0.119
-0.621,-0.784,-0.095
-0.568,-0.714,-0.043
-0.495,-0.647,0.027
-0.492,-0.578,0.079
-0.610,-0.485,0.060
-0.792,-0.380,-0.036
-0.907,-0.302,-0.127
-0.860,-0.263,-0.103
-0.672,-0.230,0.063
-0.444,-0.180,0.285
-0.264,-0.152,0.449
-0.150,-0.235,0.508
-0.070,-0.467,0.495
-0.011,-0.778,0.463
0.011,-1.042,0.438
-0.016,-1.190,0.435
-0.070,-1.249,0.457
-0.120,-1.264,0.481
-0.160,-1.214,0.449
-0.209,-1.024,0.318
-0.276,-0.671,0.127
-0.337,-0.250,-0.013
-0.360,0.081,-0.018
-0.348,0.234,0.089
-0.354,0.246,0.201
-0.433,0.237,0.220
-0.588,0.297,0.132
-0.745,0.434,-0.007
-0.809,0.599,-0.114
-0.726,0.731,-0.120
-0.525,0.792,0.005
-0.284,0.776,0.218
-0.063,0.715,0.395
0.127,0.669,0.404
0.326,0.689,0.222
0.554,0.782,-0.016
0.781,0.903,-0.127
0.923,0.999,-0.047
0.908,1.038,0.092
0.726,1.030,0.099
0.445,1.000,-0.083
0.175,0.974,-0.327
0.003,0.968,-0.474
-0.054,0.979,-0.506
-0.029,0.988,-0.546
0.044,0.972,-0.678
0.172,0.937,-0.821
0.377,0.915,-0.807
0.644,0.933,-0.594
0.906,0.968,-0.339
1.080,0.957,-0.239
1.126,0.868,-0.314
1.046,0.743,-0.391
0.858,0.668,-0.304
0.578,0.692,-0.095
0.252,0.788,0.034
-0.038,0.892,-0.058
-0.203,0.976,-0.294
-0.215,1.061,-0.463
-0.114,1.175,-0.433
0.045,1.315,-0.262
0.238,1.446,-0.114
0.462,1.551,-0.103
0.681,1.647,-0.214
0.823,1.750,-0.350
0.848,1.834,-0.425
0.803,1.839,-0.426
0.786,1.730,-0.416
0.854,1.549,-0.464
0.970,1.401,-0.586
1.046,1.368,-0.704
1.028,1.458,-0.709
0.951,1.600,-0.570
0.894,1.718,-0.381
0.913,1.770,-0.272
0.993,1.760,-0.269
1.077,1.693,-0.278
1.112,1.571,-0.200
1.092,1.418,-0.080
1.055,1.299,-0.062
1.051,1.284,-0.218
1.102,1.385,-0.445
1.198,1.520,-0.565
1.310,1.563,-0.533
1.407,1.448,-0.471
1.469,1.222,-0.521
1.486,1.008,-0.676
1.459,0.923,-0.819
1.397,0.990,-0.880
1.306,1.143,-0.914
1.179,1.280,-0.993
1.012,1.322,-1.065
0.829,1.256,-0.990
0.694,1.128,-0.712
0.678,1.009,-0.364
0.795,0.958,-0.156
0.981,0.997,-0.181
1.138,1.117,-0.343
1.215,1.289,-0.482
1.249,1.479,-0.530
1.322,1.661,-0.533
1.483,1.814,-0.554
1.706,1.926,-0.590
1.923,1.987,-0.602
2.082,1.984,-0.602
2.184,1.905,-0.658
2.252,1.768,-0.808
2.303,1.630,-0.979
2.334,1.568,-1.032
2.339,1.625,-0.901
2.332,1.770,-0.672
2.347,1.926,-0.500
2.414,2.030,-0.453
2.535,2.076,-0.460
2.677,2.101,-0.436
2.787,2.130,-0.400
2.818,2.144,-0.444
2.752,2.103,-0.576
2.602,1.991,-0.668
2.399,1.835,-0.585
2.174,1.673,-0.344
1.949,1.517,-0.109
1.744,1.348,-0.018
1.592,1.147,-0.067
1.523,0.934,-0.158
1.545,0.765,-0.212
1.628,0.681,-0.203
1.716,0.661,-0.107
1.753,0.627,0.086
1.708,0.519,0.310
1.586,0.364,0.417
1.418,0.264,0.296
1.258,0.311,0.009
1.158,0.497,-0.256
1.153,0.715,-0.351
1.215,0.851,-0.281
1.263,0.868,-0.149
1.215,0.806,-0.033
1.074,0.715,0.036
0.938,0.616,0.031
0.930,0.523,-0.080
1.083,0.489,-0.264
1.313,0.578,-0.386
1.504,0.793,-0.321
1.625,1.037,-0.086
1.738,1.173,0.159
1.897,1.153,0.258
2.054,1.059,0.203
2.098,1.017,0.107
1.987,1.064,0.055
1.807,1.114,0.029
1.701,1.059,-0.032
1.717,0.883,-0.120
1.762,0.672,-0.151
1.701,0.504,-0.071
1.487,0.360,0.073
1.197,0.165,0.164
0.936,-0.102,0.128
0.745,-0.359,0.008
0.598,-0.492,-0.082
0.481,-0.473,-0.053
0.419,-0.387,0.087
0.437,-0.332,0.254
0.511,-0.322,0.367
0.571,-0.292,0.398
0.574,-0.194,0.367
0.544,-0.065,0.294
0.535,0.023,0.170
0.571,0.041,0.000
0.619,0.027,-0.157
0.638,0.026,-0.200
0.619,0.016,-0.078
0.586,-0.059,0.139
0.555,-0.200,0.315
0.523,-0.324,0.363
0.490,-0.328,0.316
0.482,-0.197,0.257
0.538,-0.007,0.223
0.670,0.151,0.196
0.830,0.248,0.175
0.948,0.311,0.202
0.974,0.368,0.292
0.914,0.418,0.358
0.817,0.459,0.284
0.727,0.506,0.068
0.665,0.565,-0.130
0.621,0.610,-0.147
0.572,0.606,0.002
0.498,0.558,0.137
0.384,0.517,0.116
0.235,0.531,-0.018
0.081,0.576,-0.104
-0.034,0.584,-0.065
-0.073,0.515,0.007
-0.036,0.414,-0.018
0.032,0.365,-0.144
0.077,0.391,-0.240
0.062,0.423,-0.208
-0.007,0.342,-0.099
-0.101,0.102,-0.049
-0.188,-0.223,-0.119
-0.266,-0.485,-0.225
-0.349,-0.557,-0.238
-0.451,-0.431,-0.127
-0.556,-0.210,0.024
-0.624,-0.035,0.114
-0.619,0.019,0.112
-0.545,-0.019,0.057
-0.438,-0.049,-0.011
-0.334,-0.000,-0.072
-0.241,0.111,-0.098
-0.149,0.206,-0.048
-0.056,0.222,0.080
0.021,0.179,0.210
0.077,0.146,0.235
0.128,0.167,0.117
0.198,0.214,-0.055
0.275,0.235,-0.137
0.301,0.225,-0.057
0.228,0.252,0.116
0.087,0.391,0.225
-0.020,0.643,0.166
0.012,0.913,-0.019
0.186,1.081,-0.177
0.394,1.088,-0.185
0.489,0.965,-0.073
0.403,0.788,-0.002
0.202,0.607,-0.100
0.024,0.426,-0.310
-0.025,0.226,-0.437
0.054,0.008,-0.346
0.173,-0.195,-0.121
0.235,-0.346,0.016
0.204,-0.416,-0.068
0.106,-0.398,-0.301
-0.012,-0.287,-0.483
-0.126,-0.098,-0.480
-0.231,0.131,-0.312
-0.314,0.316,-0.086
-0.344,0.372,0.102
-0.300,0.282,0.201
-0.200,0.112,0.195
-0.107,-0.032,0.098
-0.085,-0.092,-0.020
-0.151,-0.096,-0.070
-0.252,-0.125,-0.018
-0.310,-0.227,0.073
-0.290,-0.385,0.107
-0.229,-0.530,0.060
-0.202,-0.598,0.010
-0.260,-0.552,0.057
-0.385,-0.386,0.200
-0.507,-0.126,0.317
-0.563,0.166,0.276
-0.537,0.414,0.077
-0.447,0.568,-0.121
-0.329,0.630,-0.135
-0.216,0.638,0.084
-0.130,0.619,0.393
-0.081,0.560,0.587
-0.057,0.439,0.566
-0.044,0.265,0.397
-0.036,0.085,0.232
-0.046,-0.043,0.174
-0.090,-0.086,0.223
-0.157,-0.040,0.307
-0.211,0.080,0.339
-0.216,0.255,0.268
-0.159,0.448,0.109
-0.057,0.605,-0.048
0.057,0.675,-0.093
0.145,0.640,0.000
0.178,0.520,0.139
0.152,0.359,0.193
0.093,0.204,0.129
0.033,0.084,0.035
-0.009,0.011,0.017
-0.038,-0.025,0.075
-0.066,-0.046,0.121
-0.090,-0.070,0.117
-0.115,-0.099,0.134
-0.158,-0.131,0.271
-0.245,-0.169,0.509
-0.365,-0.222,0.698
-0.464,-0.284,0.697
-0.486,-0.320,0.516
-0.426,-0.280,0.315
-0.328,-0.149,0.260
-0.243,0.018,0.376
-0.184,0.132,0.543
-0.138,0.137,0.621
-0.092,0.063,0.578
-0.036,-0.002,0.497
0.047,0.005,0.473
0.159,0.063,0.514
0.255,0.089,0.549
0.254,0.019,0.538
0.111,-0.131,0.533
-0.121,-0.293,0.609
-0.327,-0.409,0.743
-0.423,-0.482,0.815
-0.432,-0.540,0.737
-0.446,-0.583,0.562
-0.522,-0.567,0.442
-0.646,-0.456,0.453
-0.771,-0.270,0.523
-0.877,-0.092,0.527
-0.975,-0.000,0.444
-1.066,-0.027,0.363
-1.117,-0.140,0.361
-1.091,-0.274,0.411
-0.992,-0.364,0.439
-0.870,-0.375,0.438
-0.781,-0.314,0.481
-0.741,-0.234,0.604
-0.738,-0.212,0.722
-0.746,-0.294,0.693
-0.749,-0.450,0.466
-0.730,-0.571,0.155
-0.676,-0.536,-0.048
-0.580,-0.298,-0.030
-0.458,0.069,0.162
-0.346,0.409,0.382
-0.270,0.583,0.502
-0.228,0.558,0.509
-0.200,0.419,0.483
-0.172,0.284,0.515
-0.149,0.221,0.626
-0.136,0.221,0.758
-0.130,0.234,0.849
-0.119,0.232,0.898
-0.099,0.210,0.951
-0.082,0.148,1.020
-0.078,0.005,1.047
-0.079,-0.238,0.956
-0.078,-0.521,0.761
-0.095,-0.720,0.574
-0.165,-0.735,0.510
-0.303,-0.576,0.575
-0.467,-0.360,0.683
-0.590,-0.206,0.744
-0.642,-0.152,0.732
-0.649,-0.152,0.672
-0.663,-0.153,0.579
-0.690,-0.152,0.454
-0.699,-0.180,0.334
-0.665,-0.237,0.287
-0.605,-0.278,0.358
-0.558,-0.252,0.496
-0.518,-0.170,0.585
-0.427,-0.096,0.535
-0.238,-0.084,0.349
0.022,-0.131,0.120
0.260,-0.185,-0.037
0.383,-0.194,-0.056
0.370,-0.160,0.052
0.267,-0.118,0.211
0.130,-0.099,0.321
-0.008,-0.120,0.323
-0.141,-0.182,0.239
-0.258,-0.283,0.145
-0.345,-0.405,0.114
-0.405,-0.512,0.162
-0.464,-0.562,0.252
-0.544,-0.549,0.342
-0.636,-0.507,0.413
-0.699,-0.494,0.469
-0.700,-0.544,0.502
-0.646,-0.645,0.503
-0.567,-0.749,0.474
-0.480,-0.800,0.453
-0.376,-0.756,0.481
-0.248,-0.619,0.561
-0.112,-0.436,0.644
-0.018,-0.277,0.673
-0.006,-0.191,0.633
-0.082,-0.179,0.558
-0.220,-0.202,0.481
-0.377,-0.230,0.384
-0.513,-0.266,0.226
-0.597,-0.333,0.020
-0.611,-0.430,-0.135
-0.566,-0.517,-0.127
-0.493,-0.553,0.040
-0.422,-0.533,0.222
-0.360,-0.487,0.254
-0.298,-0.439,0.115
-0.235,-0.378,-0.046
-0.188,-0.276,-0.068
-0.173,-0.137,0.059
-0.187,-0.010,0.194
-0.216,0.051,0.219
-0.251,0.032,0.173
-0.290,-0.031,0.199
-0.332,-0.102,0.354
-0.358,-0.180,0.523
-0.363,-0.297,0.546
-0.373,-0.451,0.398
-0.433,-0.584,0.222
-0.566,-0.609,0.169
-0.739,-0.489,0.246
-0.892,-0.280,0.339
-0.988,-0.101,0.375
-1.044,-0.045,0.394
-1.094,-0.125,0.469
-1.154,-0.270,0.586
-1.206,-0.390,0.645
-1.222,-0.418,0.580
-1.181,-0.344,0.441
-1.074,-0.205,0.342
-0.905,-0.082,0.341
-0.701,-0.058,0.402
-0.514,-0.185,0.469
-0.405,-0.439,0.518
-0.400,-0.717,0.554
-0.463,-0.897,0.559
-0.532,-0.908,0.496
-0.574,-0.761,0.373
-0.607,-0.530,0.262
-0.680,-0.297,0.236
-0.808,-0.116,0.283
-0.960,0.000,0.305
-1.077,0.059,0.210
-1.120,0.084,0.021
-1.084,0.106,-0.144
-0.991,0.147,-0.175
-0.874,0.206,-0.065
-0.769,0.254,0.089
-0.700,0.250,0.191
-0.655,0.169,0.211
-0.586,0.019,0.170
-0.454,-0.160,0.090
-0.275,-0.320,-0.011
-0.123,-0.421,-0.087
-0.073,-0.450,-0.063
-0.137,-0.414,0.088
-0.272,-0.346,0.283
-0.426,-0.277,0.386
-0.574,-0.223,0.339
-0.706,-0.178,0.232
-0.801,-0.128,0.200
-0.839,-0.081,0.281
-0.817,-0.070,0.396
-0.768,-0.121,0.464
-0.728,-0.209,0.488
-0.713,-0.267,0.520
-0.714,-0.238,0.556
-0.727,-0.130,0.531
-0.757,-0.011,0.420
-0.805,0.066,0.294
-0.859,0.100,0.244
-0.903,0.131,0.269
-0.921,0.178,0.280
-0.899,0.213,0.219
-0.813,0.189,0.125
-0.652,0.102,0.074
-0.439,-0.003,0.078
-0.227,-0.065,0.072
-0.067,-0.060,0.017
0.017,-0.010,-0.042
0.037,0.041,-0.043
0.021,0.061,-0.002
-0.004,0.034,0.003
-0.013,-0.053,-0.057
0.003,-0.205,-0.087
0.026,-0.405,0.033
0.015,-0.594,0.308
-0.056,-0.694,0.579
-0.161,-0.672,0.663
-0.237,-0.564,0.519
-0.230,-0.460,0.278
-0.142,-0.428,0.111
-0.034,-0.464,0.090
0.027,-0.492,0.161
0.004,-0.438,0.230
-0.087,-0.275,0.250
-0.185,-0.038,0.219
-0.220,0.214,0.161
-0.159,0.440,0.098
-0.035,0.627,0.054
0.064,0.774,0.052
0.059,0.872,0.086
-0.055,0.904,0.114
-0.205,0.860,0.103
-0.294,0.752,0.060
-0.275,0.608,0.025
-0.178,0.446,0.012
-0.065,0.260,-0.017
0.027,0.037,-0.101
0.101,-0.199,-0.210
0.161,-0.387,-0.261
0.187,-0.470,-0.210
0.158,-0.450,-0.126
0.089,-0.401,-0.134
0.037,-0.407,-0.261
0.042,-0.488,-0.382
0.077,-0.598,-0.325
0.070,-0.680,-0.070
-0.014,-0.717,0.199
-0.117,-0.728,0.253
-0.131,-0.722,0.042
0.004,-0.689,-0.253
0.242,-0.609,-0.397
0.482,-0.487,-0.327
0.658,-0.342,-0.185
0.770,-0.184,-0.137
0.848,-0.011,-0.194
0.905,0.174,-0.235
0.933,0.342,-0.185
0.926,0.458,-0.109
0.890,0.509,-0.123
0.808,0.514,-0.227
0.649,0.510,-0.284
0.414,0.521,-0.189
0.162,0.543,-0.014
-0.010,0.554,0.052
-0.054,0.526,-0.088
-0.011,0.455,-0.322
0.034,0.373,-0.432
0.030,0.328,-0.310
-0.005,0.344,-0.059
-0.022,0.393,0.120
0.009,0.425,0.110
0.073,0.413,-0.044
0.130,0.370,-0.215
0.143,0.313,-0.322
0.086,0.233,-0.365
-0.054,0.108,-0.373
-0.251,-0.048,-0.346
-0.448,-0.169,-0.276
-0.575,-0.203,-0.202
-0.594,-0.162,-0.212
-0.515,-0.127,-0.356
-0.389,-0.159,-0.572
-0.274,-0.243,-0.711
-0.206,-0.308,-0.674
-0.182,-0.311,-0.512
-0.161,-0.287,-0.376
-0.093,-0.311,-0.371
0.037,-0.425,-0.459
0.186,-0.596,-0.517
0.277,-0.753,-0.473
0.267,-0.837,-0.367
0.179,-0.823,-0.296
0.086,-0.710,-0.300
0.047,-0.518,-0.337
0.068,-0.285,-0.344
0.116,-0.073,-0.318
0.171,0.070,-0.320
0.237,0.135,-0.399
0.322,0.170,-0.526
0.402,0.233,-0.608
0.433,0.346,-0.574
0.382,0.471,-0.441
0.262,0.534,-0.310
0.127,0.470,-0.291
0.026,0.269,-0.422
-0.023,-0.021,-0.646
-0.040,-0.311,-0.857
-0.049,-0.522,-0.960
-0.055,-0.624,-0.905
-0.042,-0.650,-0.701
0.004,-0.660,-0.416
0.070,-0.685,-0.168
0.120,-0.704,-0.084
0.123,-0.659,-0.217
0.069,-0.523,-0.473
-0.035,-0.330,-0.656
-0.169,-0.157,-0.618
-0.299,-0.075,-0.398
-0.371,-0.104,-0.199
-0.344,-0.214,-0.189
-0.220,-0.349,-0.344
-0.067,-0.446,-0.489
0.019,-0.459,-0.508
-0.009,-0.364,-0.457
-0.109,-0.176,-0.464
-0.183,0.054,-0.537
-0.165,0.260,-0.551
-0.072,0.386,-0.424
0.012,0.416,-0.276
0.017,0.366,-0.331
-0.064,0.285,-0.644
-0.176,0.223,-0.991
-0.243,0.210,-1.059
-0.225,0.233,-0.760
-0.127,0.251,-0.311
0.004,0.218,-0.018
0.104,0.123,-0.002
0.120,0.001,-0.136
0.045,-0.107,-0.235
-0.075,-0.186,-0.238
-0.160,-0.262,-0.211
-0.153,-0.366,-0.214
-0.061,-0.498,-0.212
0.052,-0.617,-0.141
0.120,-0.681,-0.018
0.124,-0.688,0.054
0.102,-0.698,-0.015
0.094,-0.782,-0.189
0.105,-0.952,-0.335
0.096,-1.137,-0.342
0.024,-1.230,-0.214
-0.117,-1.179,-0.040
-0.287,-1.036,0.091
-0.430,-0.918,0.158
-0.513,-0.901,0.177
-0.542,-0.951,0.164
-0.546,-0.958,0.125
-0.546,-0.837,0.076
-0.537,-0.599,0.056
-0.505,-0.337,0.085
-0.436,-0.145,0.140
-0.323,-0.064,0.164
-0.167,-0.068,0.111
0.019,-0.100,-0.012
0.191,-0.107,-0.146
0.291,-0.068,-0.221
0.284,0.002,-0.199
0.197,0.059,-0.098
0.103,0.074,0.029
0.058,0.056,0.128
0.046,0.051,0.175
0.011,0.091,0.172
-0.080,0.162,0.141
-0.202,0.199,0.111
-0.312,0.140,0.107
-0.400,-0.036,0.137
-0.493,-0.301,0.161
-0.598,-0.597,0.124
-0.674,-0.865,0.024
-0.672,-1.053,-0.055
-0.595,-1.129,0.001
-0.509,-1.097,0.210
-0.473,-1.007,0.459
-0.483,-0.944,0.594
-0.493,-0.973,0.564
-0.466,-1.090,0.447
-0.409,-1.211,0.348
-0.345,-1.230,0.294
-0.285,-1.083,0.245
-0.228,-0.807,0.188
-0.181,-0.506,0.175
-0.156,-0.292,0.259
-0.154,-0.227,0.400
-0.160,-0.301,0.489
-0.169,-0.448,0.443
-0.195,-0.582,0.299
-0.251,-0.627,0.172
-0.309,-0.556,0.150
-0.317,-0.401,0.204
-0.250,-0.227,0.223
-0.145,-0.078,0.119
-0.080,0.045,-0.079
-0.105,0.141,-0.246
-0.217,0.173,-0.280
-0.368,0.086,-0.193
-0.506,-0.126,-0.094
-0.590,-0.378,-0.070
-0.599,-0.541,-0.107
-0.529,-0.558,-0.132
-0.403,-0.480,-0.114
-0.256,-0.405,-0.097
-0.118,-0.390,-0.120
-0.005,-0.426,-0.147
0.073,-0.495,-0.115
0.095,-0.604,-0.032
0.048,-0.759,0.007
-0.051,-0.921,-0.072
-0.150,-1.020,-0.227
-0.193,-1.011,-0.335
-0.165,-0.894,-0.345
-0.091,-0.686,-0.326
-0.012,-0.410,-0.377
0.057,-0.121,-0.494
0.118,0.072,-0.571
0.173,0.073,-0.540
0.191,-0.089,-0.451
0.127,-0.244,-0.403
-0.036,-0.209,-0.421
-0.252,0.032,-0.428
-0.437,0.312,-0.361
-0.527,0.429,-0.274
-0.528,0.328,-0.291
-0.481,0.112,-0.458
-0.405,-0.088,-0.674
-0.279,-0.223,-0.775
-0.090,-0.310,-0.705
0.118,-0.350,-0.567
0.254,-0.305,-0.510
0.263,-0.172,-0.578
0.175,-0.034,-0.678
0.071,-0.009,-0.704
-0.016,-0.141,-0.641
-0.115,-0.351,-0.575
-0.259,-0.504,-0.570
-0.404,-0.539,-0.599
-0.451,-0.499,-0.592
-0.344,-0.474,-0.538
-0.145,-0.500,-0.506
0.011,-0.540,-0.567
0.032,-0.531,-0.692
-0.064,-0.447,-0.780
-0.184,-0.310,-0.760
-0.249,-0.166,-0.659
-0.250,-0.055,-0.553
-0.227,-0.009,-0.484
-0.226,-0.053,-0.441
-0.265,-0.173,-0.417
-0.328,-0.314,-0.434
-0.377,-0.390,-0.511
-0.383,-0.338,-0.603
-0.355,-0.166,-0.632
-0.352,0.048,-0.571
-0.424,0.198,-0.468
-0.544,0.212,-0.388
-0.609,0.108,-0.353
-0.523,-0.030,-0.348
-0.303,-0.102,-0.367
-0.077,-0.056,-0.419
0.020,0.082,-0.473
-0.046,0.234,-0.458
-0.199,0.323,-0.358
-0.342,0.315,-0.265
-0.424,0.232,-0.308
-0.441,0.133,-0.498
-0.407,0.072,-0.680
-0.341,0.065,-0.674
-0.278,0.078,-0.466
-0.248,0.057,-0.217
-0.229,-0.016,-0.108
-0.161,-0.111,-0.184
-0.009,-0.169,-0.356
0.162,-0.166,-0.508
0.209,-0.141,-0.575
0.039,-0.151,-0.543
-0.307,-0.216,-0.434
-0.669,-0.289,-0.312
-0.883,-0.301,-0.257
-0.890,-0.230,-0.306
-0.733,-0.119,-0.402
-0.504,-0.034,-0.450
-0.287,-0.014,-0.428
-0.132,-0.038,-0.411
-0.054,-0.054,-0.479
-0.023,-0.017,-0.605
0.016,0.076,-0.678
0.103,0.182,-0.637
0.223,0.236,-0.538
0.312,0.193,-0.490
0.320,0.069,-0.539
0.266,-0.064,-0.638
0.224,-0.122,-0.719
0.257,-0.076,-0.753
0.357,0.036,-0.733
0.457,0.136,-0.637
0.503,0.180,-0.454
0.495,0.192,-0.244
0.476,0.231,-0.128
0.476,0.335,-0.179
0.480,0.481,-0.335
0.457,0.587,-0.455
0.400,0.581,-0.453
0.331,0.447,-0.372
0.276,0.255,-0.317
0.232,0.127,-0.340
0.180,0.156,-0.403
0.106,0.346,-0.439
0.017,0.601,-0.421
-0.071,0.797,-0.369
-0.154,0.872,-0.321
-0.229,0.859,-0.308
-0.283,0.838,-0.354
-0.291,0.867,-0.460
-0.232,0.935,-0.590
-0.115,1.011,-0.677
0.032,1.069,-0.685
0.178,1.104,-0.638
0.311,1.089,-0.599
0.424,0.986,-0.604
0.507,0.798,-0.644
0.541,0.596,-0.687
0.520,0.486,-0.721
0.464,0.519,-0.748
0.421,0.639,-0.751
0.439,0.731,-0.687
0.535,0.718,-0.538
0.680,0.611,-0.340
0.805,0.489,-0.185
0.848,0.425,-0.153
0.796,0.440,-0.250
0.696,0.504,-0.406
0.635,0.556,-0.534
0.668,0.544,-0.596
0.780,0.457,-0.622
0.910,0.331,-0.661
0.997,0.237,-0.720
1.036,0.227,-0.745
1.056,0.296,-0.673
1.066,0.396,-0.499
1.035,0.464,-0.287
0.915,0.470,-0.118
0.708,0.428,-0.031
0.478,0.377,-0.007
0.314,0.364,-0.004
0.256,0.419,-0.002
0.277,0.540,-0.014
0.316,0.700,-0.064
0.346,0.857,-0.165
0.388,0.976,-0.293
0.478,1.048,-0.391
0.619,1.082,-0.400
0.776,1.092,-0.299
0.911,1.084,-0.137
1.017,1.076,-0.016
1.110,1.089,-0.006
1.195,1.147,-0.082
1.253,1.252,-0.142
1.261,1.376,-0.103
1.224,1.461,0.012
1.183,1.450,0.098
1.183,1.310,0.064
1.235,1.061,-0.069
1.299,0.780,-0.187
1.300,0.576,-0.189
1.181,0.534,-0.092
0.943,0.658,-0.012
0.672,0.866,-0.068
0.480,1.045,-0.254
0.443,1.120,-0.427
0.535,1.101,-0.405
0.657,1.044,-0.130
0.721,0.995,0.262
0.717,0.958,0.523
0.713,0.913,0.474
0.776,0.861,0.157
0.909,0.840,-0.203
1.049,0.880,-0.372
1.124,0.966,-0.282
1.102,1.030,-0.061
1.001,1.002,0.100
0.858,0.874,0.104
0.715,0.713,-0.000
0.597,0.621,-0.109
0.512,0.655,-0.159
0.444,0.799,-0.153
0.360,0.972,-0.096
0.241,1.102,0.035
0.109,1.155,0.235
0.027,1.142,0.408
0.057,1.088,0.394
0.207,1.012,0.117
0.422,0.928,-0.296
0.619,0.849,-0.562
0.736,0.787,-0.470
0.767,0.730,-0.074
0.747,0.652,0.338
0.703,0.546,0.478
0.640,0.449,0.299
0.550,0.435,0.022
0.449,0.531,-0.078
0.391,0.671,0.087
0.428,0.726,0.353
0.568,0.629,0.481
0.756,0.445,0.388
0.921,0.328,0.192
1.020,0.373,0.055
1.058,0.524,0.004
1.059,0.632,-0.060
1.039,0.609,-0.189
1.004,0.504,-0.277
0.958,0.435,-0.169
0.920,0.458,0.146
0.905,0.520,0.466
0.908,0.544,0.558
0.907,0.516,0.374
0.880,0.486,0.084
0.823,0.490,-0.086
0.749,0.513,-0.037
0.675,0.523,0.150
0.610,0.520,0.316
0.551,0.525,0.331
0.503,0.528,0.172
0.488,0.477,-0.071
0.523,0.338,-0.250
0.594,0.149,-0.264
0.647,-0.003,-0.135
0.630,-0.056,0.019
0.542,-0.035,0.112
0.433,-0.002,0.160
0.357,0.008,0.234
0.323,0.018,0.342
0.291,0.057,0.408
0.222,0.111,0.375
0.128,0.135,0.287
0.059,0.105,0.231
0.059,0.055,0.210
0.132,0.050,0.129
0.243,0.123,-0.063
0.349,0.252,-0.256
0.413,0.380,-0.262
0.412,0.465,-0.033
0.340,0.506,0.256
0.214,0.532,0.373
0.071,0.576,0.277
-0.045,0.638,0.156
-0.105,0.691,0.207
-0.113,0.690,0.420
-0.100,0.610,0.609
-0.103,0.475,0.633
-0.132,0.359,0.526
-0.156,0.342,0.422
-0.130,0.450,0.382
-0.046,0.615,0.367
0.045,0.717,0.331
0.074,0.679,0.308
0.020,0.516,0.350
-0.057,0.310,0.430
-0.078,0.124,0.458
-0.030,-0.037,0.378
0.031,-0.200,0.250
0.051,-0.380,0.189
0.048,-0.567,0.246
0.087,-0.765,0.357
0.206,-0.994,0.405
0.366,-1.255,0.330
0.501,-1.501,0.179
0.574,-1.673,0.054
0.589,-1.761,0.017
0.544,-1.805,0.046
0.417,-1.829,0.073
0.197,-1.775,0.060
-0.077,-1.548,0.034
-0.326,-1.115,0.044
-0.492,-0.569,0.092
-0.574,-0.058,0.136
-0.620,0.324,0.141
-0.681,0.585,0.124
-0.774,0.792,0.136
-0.878,0.992,0.206
-0.950,1.183,0.314
-0.949,1.332,0.406
-0.851,1.398,0.433
-0.656,1.339,0.385
-0.390,1.133,0.305
-0.107,0.799,0.269
0.123,0.401,0.328
0.253,0.015,0.458
0.295,-0.326,0.569
0.325,-0.644,0.580
0.411,-0.970,0.493
0.545,-1.301,0.389
0.635,-1.590,0.350
0.590,-1.780,0.399
0.410,-1.833,0.501
0.175,-1.743,0.604
-0.021,-1.534,0.658
-0.149,-1.271,0.619
-0.230,-1.060,0.465
-0.296,-1.006,0.237
-0.373,-1.136,0.036
-0.499,-1.361,-0.037
-0.719,-1.521,0.034
-1.040,-1.498,0.183
-1.398,-1.306,0.332
-1.703,-1.060,0.460
-1.916,-0.878,0.586
-2.081,-0.788,0.692
-2.252,-0.719,0.720
-2.401,-0.557,0.655
-2.421,-0.212,0.589
-2.217,0.332,0.672
-1.800,1.015,0.950
-1.278,1.707,1.284
-0.757,2.280,1.437
-0.269,2.669,1.267
0.222,2.912,0.838
0.746,3.098,0.367
1.290,3.287,0.068
1.795,3.448,0.035
2.194,3.508,0.221
2.438,3.426,0.495
2.513,3.224,0.707
2.456,2.942,0.764
2.339,2.585,0.667
2.235,2.112,0.512
2.146,1.495,0.418
1.993,0.745,0.468
1.676,-0.127,0.651
1.167,-1.148,0.873
0.546,-2.354,0.996
-0.052,-3.689,0.927
-0.540,-4.963,0.689
-0.904,-5.933,0.429
-1.167,-6.454,0.301
-1.318,-6.546,0.337
-1.313,-6.322,0.416
-1.136,-5.860,0.391
-0.838,-5.180,0.243
-0.515,-4.311,0.089
-0.240,-3.361,0.056
-0.041,-2.471,0.161
0.064,-1.726,0.332
0.022,-1.111,0.524
-0.230,-0.574,0.767
-0.694,-0.086,1.086
-1.272,0.348,1.419
-1.811,0.735,1.643
-2.204,1.114,1.701
-2.423,1.517,1.669
-2.496,1.920,1.667
-2.450,2.259,1.711
-2.289,2.486,1.679
-2.017,2.604,1.454
-1.641,2.631,1.085
-1.163,2.529,0.767
-0.580,2.186,0.629
0.076,1.479,0.566
0.718,0.389,0.342
1.223,-0.913,-0.146
1.484,-2.107,-0.714
1.445,-2.846,-1.054
1.096,-2.936,-1.051
0.457,-2.417,-0.878
-0.408,-1.520,-0.779
-1.376,-0.524,-0.786
-2.293,0.380,-0.716
-3.046,1.140,-0.432
-3.604,1.765,-0.044
-3.982,2.233,0.202
-4.173,2.451,0.218
-4.116,2.317,0.180
-3.740,1.817,0.320
-3.032,1.057,0.640
-2.063,0.203,0.897
-0.963,-0.617,0.869
0.104,-1.356,0.597
0.963,-1.969,0.346
1.468,-2.358,0.310
1.571,-2.392,0.425
1.372,-2.033,0.473
1.071,-1.413,0.360
0.838,-0.775,0.223
0.696,-0.323,0.264
0.548,-0.106,0.501
0.325,-0.022,0.750
0.107,0.086,0.818
0.071,0.344,0.681
0.330,0.790,0.442
0.812,1.348,0.170
1.332,1.846,-0.136
1.734,2.100,-0.433
1.970,2.039,-0.569
2.045,1.755,-0.414
1.965,1.416,-0.043
1.770,1.102,0.290
1.580,0.723,0.398
1.529,0.133,0.342
1.606,-0.676,0.337
1.605,-1.500,0.489
1.271,-2.048,0.681
0.537,-2.187,0.734
-0.436,-2.037,0.608
-1.403,-1.860,0.430
-2.214,-1.846,0.317
-2.821,-1.982,0.269
-3.184,-2.116,0.229
-3.273,-2.097,0.214
-3.149,-1.870,0.303
-2.987,-1.471,0.513
-2.924,-1.007,0.711
-2.892,-0.628,0.708
-2.670,-0.490,0.457
-2.119,-0.641,0.122
-1.367,-0.924,-0.065
-0.712,-1.025,-0.025
-0.355,-0.710,0.103
-0.257,-0.053,0.129
-0.255,0.594,0.021
-0.263,0.869,-0.059
-0.322,0.680,0.039
-0.476,0.239,0.253
-0.655,-0.155,0.343
-0.712,-0.340,0.136
-0.561,-0.313,-0.283
-0.244,-0.132,-0.666
0.134,0.157,-0.862
0.505,0.491,-0.959
0.851,0.749,-1.142
1.149,0.826,-1.436
1.338,0.736,-1.647
1.384,0.603,-1.559
1.343,0.526,-1.171
1.346,0.471,-0.697
1.497,0.310,-0.348
1.758,-0.023,-0.143
1.959,-0.443,0.051
1.899,-0.778,0.327
1.487,-0.904,0.621
0.810,-0.827,0.799
0.080,-0.639,0.821
-0.506,-0.437,0.773
-0.869,-0.283,0.758
-1.055,-0.219,0.777
-1.122,-0.287,0.731
-1.051,-0.509,0.540
-0.742,-0.849,0.213
-0.136,-1.199,-0.166
0.690,-1.414,-0.512
1.527,-1.386,-0.774
2.149,-1.108,-0.957
2.428,-0.690,-1.100
2.360,-0.278,-1.251
2.007,0.047,-1.420
1.448,0.316,-1.550
0.782,0.576,-1.545
0.156,0.764,-1.348
-0.268,0.701,-1.004
-0.412,0.238,-0.625
-0.360,-0.542,-0.305
-0.311,-1.312,-0.061
-0.425,-1.698,0.129
-0.681,-1.553,0.270
-0.906,-1.045,0.328
-0.938,-0.499,0.282
-0.779,-0.167,0.179
-0.572,-0.102,0.121
-0.447,-0.215,0.178
-0.425,-0.399,0.298
-0.442,-0.577,0.326
-0.439,-0.707,0.130
-0.399,-0.781,-0.262
-0.300,-0.838,-0.662
-0.107,-0.936,-0.885
0.175,-1.072,-0.899
0.455,-1.152,-0.825
0.601,-1.050,-0.772
0.574,-0.744,-0.689
0.489,-0.362,-0.423
0.529,-0.086,0.077
0.790,0.016,0.655
1.201,0.030,1.058
1.565,0.093,1.152
1.694,0.264,1.003
1.502,0.478,0.744
1.039,0.620,0.428
0.449,0.603,0.032
-0.106,0.386,-0.409
-0.541,-0.014,-0.742
-0.878,-0.499,-0.826
-1.190,-0.901,-0.695
-1.496,-1.056,-0.551
-1.711,-0.936,-0.560
-1.712,-0.671,-0.679
-1.443,-0.429,-0.719
-0.965,-0.269,-0.563
-0.395,-0.132,-0.297
0.173,0.020,-0.101
0.689,0.112,-0.045
1.104,0.024,-0.033
1.356,-0.230,0.053
1.416,-0.490,0.198
1.335,-0.601,0.276
1.224,-0.592,0.222
1.158,-0.620,0.120
1.111,-0.765,0.110
1.008,-0.915,0.203
0.844,-0.899,0.242
0.735,-0.696,0.062
0.834,-0.465,-0.323
1.173,-0.348,-0.717
1.620,-0.309,-0.920
1.985,-0.212,-0.891
2.170,-0.038,-0.759
2.204,0.052,-0.678
2.150,-0.097,-0.702
2.025,-0.429,-0.768
1.827,-0.717,-0.776
1.606,-0.807,-0.665
1.465,-0.797,-0.447
1.438,-0.905,-0.182
1.413,-1.204,0.061
1.233,-1.547,0.239
0.873,-1.750,0.346
0.512,-1.812,0.387
0.373,-1.895,0.373
0.518,-2.102,0.316
0.781,-2.322,0.245
0.924,-2.333,0.189
0.836,-2.032,0.143
0.584,-1.522,0.071
0.303,-0.981,-0.034
0.049,-0.479,-0.103
-0.214,0.042,-0.037
-0.532,0.623,0.187
-0.878,1.173,0.464
-1.156,1.537,0.633
-1.271,1.629,0.609
-1.204,1.483,0.426
-1.013,1.175,0.167
-0.781,0.723,-0.125
-0.548,0.121,-0.438
-0.284,-0.561,-0.738
0.070,-1.125,-0.945
0.538,-1.342,-1.004
1.067,-1.122,-0.938
1.525,-0.589,-0.826
1.767,-0.007,-0.712
1.720,0.403,-0.571
1.452,0.585,-0.357
1.156,0.636,-0.070
1.042,0.679,0.227
1.199,0.747,0.484
1.518,0.780,0.696
1.763,0.716,0.880
1.730,0.599,1.014
1.388,0.570,1.045
0.872,0.747,0.954
0.375,1.116,0.806
0.013,1.521,0.723
-0.228,1.782,0.774
-0.432,1.809,0.900
-0.667,1.628,0.958
-0.922,1.309,0.837
-1.117,0.901,0.549
-1.179,0.412,0.212
-1.113,-0.143,-0.049
-1.004,-0.725,-0.173
-0.948,-1.274,-0.165
-0.949,-1.744,-0.051
-0.894,-2.106,0.140
-0.644,-2.330,0.350
-0.171,-2.382,0.492
0.387,-2.256,0.505
0.821,-2.001,0.418
1.013,-1.691,0.346
1.006,-1.360,0.385
0.943,-0.962,0.517
0.929,-0.418,0.621
0.972,0.278,0.578
1.018,0.994,0.373
1.032,1.508,0.091
1.017,1.657,-0.168
0.975,1.450,-0.365
0.869,1.059,-0.518
0.656,0.689,-0.654
0.347,0.436,-0.762
0.027,0.257,-0.805
-0.195,0.046,-0.764
-0.258,-0.244,-0.658
-0.179,-0.574,-0.517
-0.017,-0.845,-0.350
0.171,-0.987,-0.136
0.342,-0.995,0.130
0.459,-0.908,0.405
0.490,-0.784,0.626
0.420,-0.677,0.772
0.261,-0.633,0.877
0.045,-0.673,0.956
-0.189,-0.767,0.972
-0.401,-0.850,0.885
-0.542,-0.863,0.758
-0.572,-0.794,0.732
-0.484,-0.667,0.863
-0.309,-0.514,1.002
-0.090,-0.329,0.914
0.141,-0.093,0.540
0.353,0.203,0.104
0.500,0.543,-0.114
0.522,0.903,-0.083
0.403,1.261,-0.066
0.202,1.597,-0.328
0.032,1.885,-0.821
-0.032,2.110,-1.220
-0.009,2.262,-1.241
0.002,2.315,-0.895
-0.087,2.212,-0.432
-0.293,1.904,-0.058
-0.570,1.432,0.204
-0.873,0.945,0.426
-1.176,0.591,0.602
-1.460,0.385,0.640
-1.689,0.186,0.503
-1.841,-0.143,0.306
-1.952,-0.583,0.215
-2.120,-0.962,0.263
-2.406,-1.118,0.314
-2.752,-1.056,0.222
-2.987,-0.918,0.012
-2.954,-0.832,-0.140
-2.640,-0.817,-0.110
-2.186,-0.813,0.034
-1.755,-0.774,0.124
-1.412,-0.700,0.098
-1.123,-0.601,0.075
-0.846,-0.467,0.183
-0.606,-0.292,0.364
-0.462,-0.108,0.416
-0.422,0.039,0.226
-0.427,0.133,-0.070
-0.419,0.216,-0.229
-0.407,0.352,-0.167
-0.439,0.569,-0.032
-0.517,0.837,-0.011
-0.564,1.084,-0.114
-0.499,1.255,-0.191
-0.335,1.341,-0.132
-0.187,1.380,0.003
-0.175,1.420,0.091
-0.302,1.477,0.107
-0.450,1.522,0.134
-0.479,1.505,0.223
-0.355,1.418,0.294
-0.177,1.293,0.212
-0.100,1.166,-0.053
-0.217,1.030,-0.380
-0.493,0.852,-0.596
-0.812,0.617,-0.617
-1.072,0.355,-0.491
-1.249,0.107,-0.339
-1.374,-0.130,-0.266
-1.469,-0.394,-0.297
-1.509,-0.692,-0.367
-1.459,-0.967,-0.357
-1.331,-1.121,-0.182
-1.194,-1.115,0.123
-1.105,-1.001,0.407
-1.050,-0.888,0.511
-0.960,-0.854,0.399
-0.795,-0.903,0.179
-0.599,-0.991,0.019
-0.472,-1.073,0.018
-0.477,-1.120,0.159
-0.583,-1.120,0.345
-0.689,-1.066,0.479
-0.717,-0.955,0.504
-0.656,-0.769,0.398
-0.561,-0.462,0.178
-0.494,0.003,-0.108
-0.485,0.599,-0.373
-0.528,1.196,-0.534
-0.593,1.638,-0.558
-0.641,1.861,-0.497
-0.637,1.952,-0.446
-0.559,2.054,-0.456
-0.410,2.215,-0.498
-0.215,2.349,-0.506
-0.018,2.336,-0.458
0.137,2.152,-0.405
0.224,1.866,-0.393
0.244,1.532,-0.393
0.215,1.118,-0.328
0.157,0.582,-0.184
0.070,-0.012,-0.060
-0.070,-0.481,-0.077
-0.275,-0.684,-0.237
-0.517,-0.649,-0.405
-0.726,-0.556,-0.438
-0.829,-0.574,-0.324
-0.804,-0.724,-0.171
-0.700,-0.892,-0.087
-0.603,-0.949,-0.072
-0.577,-0.845,-0.054
-0.617,-0.612,0.018
-0.675,-0.318,0.121
-0.704,-0.041,0.205
-0.693,0.169,0.247
-0.660,0.310,0.257
-0.612,0.451,0.241
-0.532,0.674,0.193
-0.388,0.982,0.114
-0.182,1.258,0.041
0.042,1.353,0.018
0.214,1.221,0.058
0.292,0.967,0.106
0.282,0.743,0.084
0.225,0.612,-0.050
0.152,0.512,-0.260
0.061,0.347,-0.452
-0.063,0.103,-0.535
-0.205,-0.140,-0.485
-0.307,-0.300,-0.361
-0.316,-0.354,-0.256
-0.241,-0.328,-0.218
-0.150,-0.247,-0.208
-0.117,-0.118,-0.152
-0.153,0.037,-0.028
-0.214,0.155,0.096
-0.270,0.182,0.120
-0.337,0.139,0.023
-0.456,0.115,-0.112
-0.626,0.177,-0.175
-0.787,0.284,-0.148
-0.867,0.306,-0.113
-0.853,0.143,-0.148
-0.794,-0.178,-0.244
-0.757,-0.516,-0.323
-0.767,-0.717,-0.330
-0.790,-0.724,-0.286
-0.766,-0.586,-0.235
-0.647,-0.381,-0.175
-0.427,-0.160,-0.063
-0.156,0.066,0.113
0.090,0.287,0.302
0.265,0.470,0.427
0.378,0.581,0.465
0.480,0.607,0.470
0.600,0.555,0.506
0.714,0.432,0.572
0.761,0.245,0.587
0.710,0.016,0.473
0.585,-0.205,0.232
0.448,-0.370,-0.046
0.348,-0.460,-0.262
0.293,-0.488,-0.392
0.273,-0.465,-0.486
0.285,-0.387,-0.588
0.327,-0.247,-0.681
0.382,-0.061,-0.714
0.419,0.134,-0.674
0.410,0.321,-0.589
0.352,0.515,-0.467
0.268,0.739,-0.265
0.193,0.980,0.045
0.159,1.192,0.395
0.170,1.336,0.639
0.195,1.408,0.695
0.175,1.406,0.630
0.064,1.300,0.591
-0.136,1.058,0.644
-0.363,0.705,0.709
-0.539,0.337,0.668
-0.617,0.071,0.507
-0.596,-0.057,0.316
-0.507,-0.106,0.169
-0.384,-0.159,0.039
-0.262,-0.244,-0.134
-0.173,-0.316,-0.331
-0.134,-0.313,-0.442
-0.129,-0.218,-0.393
-0.114,-0.050,-0.239
-0.048,0.161,-0.110
0.082,0.379,-0.078
0.247,0.542,-0.101
0.404,0.583,-0.099
0.516,0.477,-0.069
0.557,0.285,-0.075
0.521,0.117,-0.157
0.434,0.038,-0.268
0.350,0.015,-0.324
0.325,-0.031,-0.301
0.377,-0.137,-0.252
0.477,-0.275,-0.237
0.582,-0.402,-0.240
0.684,-0.522,-0.186
0.810,-0.663,-0.022
0.982,-0.813,0.213
1.180,-0.916,0.418
1.354,-0.944,0.506
1.470,-0.951,0.455
1.533,-1.026,0.297
1.553,-1.181,0.071
1.507,-1.328,-0.196
1.359,-1.360,-0.466
1.111,-1.259,-0.672
0.828,-1.108,-0.760
0.597,-0.985,-0.735
0.453,-0.887,-0.669
0.360,-0.730,-0.630
0.260,-0.441,-0.624
0.138,-0.011,-0.614
0.024,0.501,-0.571
-0.041,1.000,-0.505
-0.033,1.396,-0.401
0.046,1.634,-0.209
0.186,1.707,0.088
0.364,1.659,0.389
0.543,1.545,0.534
0.695,1.402,0.448
0.801,1.236,0.232
0.844,1.057,0.052
0.794,0.886,-0.030
0.633,0.746,-0.070
0.405,0.628,-0.121
0.225,0.497,-0.133
0.193,0.333,-0.041
0.295,0.164,0.102
0.403,0.045,0.152
0.393,0.011,0.056
0.265,0.038,-0.065
0.135,0.069,-0.047
0.110,0.067,0.117
0.189,0.042,0.271
0.284,0.031,0.276
0.318,0.036,0.160
0.284,0.004,0.061
0.215,-0.130,0.061
0.124,-0.370,0.125
-0.006,-0.639,0.184
-0.179,-0.826,0.236
-0.359,-0.868,0.316
-0.497,-0.785,0.415
-0.575,-0.642,0.458
-0.614,-0.476,0.389
-0.625,-0.294,0.255
-0.581,-0.112,0.184
-0.434,0.010,0.282
-0.169,-0.009,0.533
0.162,-0.183,0.807
0.477,-0.430,0.958
0.712,-0.615,0.920
0.862,-0.659,0.732
0.958,-0.569,0.489
1.016,-0.394,0.280
1.013,-0.160,0.155
0.911,0.138,0.121
0.696,0.486,0.140
0.406,0.821,0.142
0.123,1.069,0.076
-0.081,1.206,-0.038
-0.182,1.267,-0.121
-0.216,1.302,-0.124
-0.232,1.333,-0.089
-0.238,1.364,-0.111
-0.205,1.401,-0.212
-0.106,1.449,-0.308
0.023,1.471,-0.306
0.104,1.390,-0.222
0.073,1.164,-0.168
-0.049,0.847,-0.205
-0.173,0.572,-0.267
-0.208,0.450,-0.234
-0.128,0.482,-0.084
0.012,0.580,0.087
0.125,0.652,0.173
0.128,0.663,0.169
-0.019,0.620,0.146
-0.301,0.525,0.143
-0.652,0.372,0.130
-0.970,0.183,0.070
-1.171,0.019,-0.016
-1.231,-0.061,-0.072
-1.192,-0.061,-0.075
-1.117,-0.047,-0.066
-1.035,-0.087,-0.093
-0.923,-0.181,-0.148
-0.755,-0.273,-0.177
-0.541,-0.308,-0.128
-0.320,-0.289,0.001
-0.122,-0.256,0.161
0.059,-0.238,0.281
0.232,-0.216,0.303
0.376,-0.139,0.209
0.436,0.023,0.050
0.384,0.258,-0.068
0.265,0.501,-0.054
0.173,0.670,0.074
0.163,0.702,0.187
0.194,0.593,0.153
0.168,0.404,-0.022
0.021,0.236,-0.182
-0.206,0.157,-0.160
-0.410,0.163,0.045
-0.507,0.196,0.260
-0.494,0.221,0.312
-0.427,0.270,0.203
-0.360,0.411,0.094
-0.309,0.656,0.120
-0.272,0.913,0.253
-0.263,1.057,0.358
-0.314,1.028,0.360
-0.447,0.882,0.320
-0.644,0.733,0.332
-0.856,0.650,0.399
-1.030,0.620,0.430
-1.139,0.583,0.353
-1.184,0.493,0.197
-1.183,0.344,0.041
-1.147,0.160,-0.060
-1.079,-0.021,-0.089
-0.977,-0.154,-0.042
-0.843,-0.209,0.086
-0.677,-0.197,0.242
-0.472,-0.193,0.322
-0.234,-0.272,0.265
-0.000,-0.428,0.135
0.153,-0.558,0.095
0.171,-0.544,0.238
0.079,-0.361,0.480
-0.012,-0.105,0.623
-0.002,0.106,0.539
0.114,0.232,0.283
0.229,0.327,0.032
0.235,0.449,-0.070
0.120,0.587,-0.014
-0.036,0.684,0.107
-0.147,0.715,0.199
-0.189,0.712,0.234
-0.177,0.709,0.242
-0.119,0.681,0.244
-0.016,0.572,0.221
0.104,0.385,0.130
0.176,0.222,-0.026
0.162,0.214,-0.174
0.104,0.403,-0.221
0.095,0.706,-0.146
0.182,0.987,-0.032
0.320,1.169,0.009
0.409,1.261,-0.059
0.381,1.303,-0.169
0.245,1.297,-0.218
0.048,1.213,-0.156
-0.169,1.045,-0.007
-0.387,0.841,0.167
-0.582,0.682,0.307
-0.719,0.619,0.366
-0.772,0.649,0.314
-0.750,0.744,0.171
-0.684,0.878,0.015
-0.606,1.030,-0.056
-0.533,1.164,-0.007
-0.469,1.232,0.107
-0.410,1.204,0.191
-0.347,1.093,0.221
-0.269,0.935,0.260
-0.177,0.745,0.373
-0.087,0.517,0.529
-0.018,0.255,0.608
0.024,-0.003,0.545
0.052,-0.188,0.425
0.064,-0.259,0.421
0.035,-0.225,0.598
-0.067,-0.139,0.815
-0.231,-0.051,0.853
-0.388,0.019,0.637
-0.457,0.067,0.314
-0.401,0.090,0.095
-0.248,0.080,0.045
-0.053,0.040,0.065
0.145,-0.009,0.048
0.328,-0.030,-0.006
0.478,-0.002,-0.040
0.569,0.064,-0.060
0.582,0.121,-0.138
0.524,0.120,-0.300
0.407,0.057,-0.452
0.230,-0.015,-0.466
-0.016,-0.026,-0.324
-0.313,0.039,-0.149
-0.592,0.111,-0.091
-0.775,0.092,-0.178
-0.829,-0.046,-0.296
-0.788,-0.241,-0.295
-0.716,-0.391,-0.127
-0.646,-0.456,0.115
-0.567,-0.471,0.271
-0.454,-0.489,0.236
-0.320,-0.511,0.039
-0.205,-0.492,-0.194
-0.139,-0.414,-0.334
-0.116,-0.323,-0.341
-0.108,-0.285,-0.281
-0.105,-0.302,-0.251
-0.123,-0.295,-0.296
-0.176,-0.180,-0.364
-0.240,0.039,-0.354
-0.266,0.274,-0.223
-0.225,0.428,-0.044
-0.130,0.494,0.044
-0.024,0.542,-0.029
0.069,0.637,-0.184
0.164,0.763,-0.272
0.291,0.844,-0.223
0.446,0.831,-0.122
0.589,0.733,-0.109
0.679,0.588,-0.221
0.712,0.412,-0.363
0.718,0.207,-0.412
0.712,0.010,-0.338
0.662,-0.091,-0.210
0.523,-0.030,-0.109
0.295,0.154,-0.072
0.058,0.333,-0.109
-0.096,0.397,-0.213
-0.143,0.345,-0.355
-0.149,0.254,-0.467
-0.193,0.178,-0.491
-0.285,0.083,-0.439
-0.360,-0.090,-0.388
-0.366,-0.325,-0.400
-0.319,-0.515,-0.452
-0.282,-0.547,-0.482
-0.269,-0.409,-0.468
-0.221,-0.192,-0.442
-0.071,0.003,-0.437
0.163,0.153,-0.424
0.379,0.303,-0.355
0.478,0.477,-0.236
0.458,0.637,-0.139
0.405,0.706,-0.118
0.404,0.655,-0.137
0.464,0.528,-0.119
0.529,0.396,-0.036
0.541,0.288,0.048
0.491,0.175,0.056
0.415,0.030,-0.016
0.368,-0.135,-0.101
0.384,-0.272,-0.145
0.460,-0.350,-0.166
0.557,-0.381,-0.216
0.606,-0.387,-0.304
0.562,-0.372,-0.393
0.442,-0.324,-0.459
0.322,-0.255,-0.523
0.288,-0.205,-0.611
0.367,-0.202,-0.694
0.512,-0.223,-0.684
0.637,-0.211,-0.527
0.685,-0.138,-0.268
0.652,-0.027,-0.034
0.574,0.086,0.073
0.501,0.189,0.042
0.475,0.293,-0.070
0.512,0.375,-0.198
0.592,0.375,-0.305
0.676,0.256,-0.382
0.715,0.064,-0.423
0.703,-0.091,-0.425
0.683,-0.144,-0.394
0.724,-0.132,-0.335
0.872,-0.141,-0.249
1.108,-0.205,-0.155
1.361,-0.265,-0.092
1.553,-0.257,-0.097
1.650,-0.203,-0.166
1.664,-0.202,-0.238
1.632,-0.331,-0.251
1.590,-0.553,-0.198
1.550,-0.750,-0.134
1.509,-0.836,-0.116
1.436,-0.810,-0.153
1.290,-0.735,-0.211
1.039,-0.650,-0.255
0.691,-0.551,-0.276
0.324,-0.431,-0.274
0.049,-0.318,-0.245
-0.047,-0.247,-0.200
0.043,-0.218,-0.171
0.239,-0.189,-0.191
0.435,-0.134,-0.246
0.567,-0.083,-0.271
0.638,-0.096,-0.215
0.700,-0.191,-0.104
0.796,-0.320,-0.037
0.927,-0.403,-0.087
1.056,-0.403,-0.239
1.140,-0.347,-0.397
1.154,-0.286,-0.473
1.096,-0.251,-0.453
0.981,-0.249,-0.383
0.830,-0.285,-0.310
0.670,-0.367,-0.253
0.525,-0.485,-0.221
0.405,-0.597,-0.248
0.306,-0.655,-0.384
0.211,-0.632,-0.626
0.123,-0.549,-0.876
0.069,-0.446,-0.975
0.093,-0.367,-0.823
0.224,-0.341,-0.486
0.439,-0.390,-0.164
0.680,-0.515,-0.037
0.885,-0.671,-0.115
1.015,-0.762,-0.244
1.057,-0.694,-0.262
1.007,-0.445,-0.146
0.869,-0.098,-0.004
0.670,0.199,0.053
0.464,0.325,0.008
0.312,0.270,-0.074
0.247,0.119,-0.132
0.255,-0.032,-0.161
0.299,-0.144,-0.184
0.350,-0.241,-0.207
0.403,-0.341,-0.220
0.464,-0.421,-0.210
0.536,-0.447,-0.183
0.613,-0.425,-0.144
0.677,-0.417,-0.101
0.707,-0.487,-0.062
0.683,-0.633,-0.036
0.601,-0.785,-0.019
0.490,-0.863,0.009
0.399,-0.838,0.057
0.372,-0.744,0.105
0.435,-0.630,0.127
0.580,-0.522,0.129
0.772,-0.426,0.165
0.957,-0.353,0.277
1.074,-0.325,0.428
1.089,-0.355,0.508
1.028,-0.422,0.421
0.964,-0.488,0.190
0.969,-0.517,-0.036
1.043,-0.498,-0.104
1.116,-0.433,0.009
1.107,-0.335,0.178
0.995,-0.223,0.235
0.835,-0.121,0.127
0.705,-0.046,-0.046
0.636,0.007,-0.127
0.606,0.066,-0.057
0.569,0.148,0.077
0.502,0.223,0.134
0.410,0.241,0.055
0.309,0.173,-0.091
0.213,0.060,-0.207
0.132,-0.034,-0.262
0.084,-0.059,-0.295
0.076,-0.013,-0.330
0.091,0.071,-0.311
0.091,0.161,-0.187
0.052,0.221,-0.001
-0.013,0.204,0.103
-0.068,0.075,0.020
-0.089,-0.149,-0.197
-0.102,-0.393,-0.366
-0.159,-0.568,-0.339
-0.287,-0.634,-0.130
-0.449,-0.617,0.107
-0.577,-0.564,0.216
-0.621,-0.498,0.168
-0.591,-0.423,0.053
-0.536,-0.355,-0.004
-0.503,-0.328,0.048
-0.506,-0.356,0.150
-0.533,-0.403,0.184
-0.551,-0.401,0.082
-0.532,-0.303,-0.098
-0.457,-0.130,-0.218
-0.352,0.060,-0.181
-0.282,0.212,-0.032
-0.309,0.301,0.086
-0.425,0.315,0.069
-0.533,0.240,-0.050
-0.523,0.080,-0.149
-0.366,-0.128,-0.158
-0.157,-0.318,-0.118
-0.031,-0.441,-0.118
-0.056,-0.491,-0.165
-0.180,-0.503,-0.182
-0.300,-0.507,-0.106
-0.354,-0.504,0.014
-0.351,-0.479,0.066
-0.326,-0.428,0.011
-0.295,-0.376,-0.064
-0.265,-0.356,-0.036
-0.261,-0.378,0.116
-0.326,-0.413,0.294
-0.469,-0.411,0.392
-0.640,-0.341,0.395
-0.760,-0.227,0.351
-0.786,-0.127,0.290
-0.740,-0.092,0.194
-0.680,-0.112,0.068
-0.640,-0.136,-0.018
-0.616,-0.122,0.017
-0.582,-0.075,0.168
-0.536,-0.050,0.337
-0.498,-0.091,0.423
-0.496,-0.194,0.401
-0.529,-0.327,0.315
-0.569,-0.449,0.201
-0.581,-0.543,0.064
-0.561,-0.601,-0.086
-0.536,-0.625,-0.211
-0.547,-0.636,-0.272
-0.610,-0.690,-0.270
-0.719,-0.840,-0.244
-0.854,-1.085,-0.215
-1.006,-1.344,-0.169
-1.166,-1.505,-0.094
-1.315,-1.507,-0.025
-1.431,-1.388,-0.028
-1.502,-1.224,-0.124
-1.559,-1.066,-0.248
-1.638,-0.901,-0.292
-1.747,-0.701,-0.205
-1.846,-0.480,-0.038
-1.883,-0.291,0.102
-1.852,-0.168,0.145
-1.794,-0.100,0.098
-1.750,-0.054,0.023
-1.701,-0.022,-0.028
-1.595,-0.029,-0.042
-1.416,-0.075,-0.039
-1.228,-0.114,-0.052
-1.124,-0.090,-0.104
-1.130,-0.014,-0.202
-1.186,0.033,-0.309
-1.200,-0.022,-0.367
-1.137,-0.169,-0.324
-1.027,-0.317,-0.189
-0.904,-0.390,-0.032
-0.767,-0.393,0.067
-0.614,-0.391,0.082
-0.486,-0.427,0.053
-0.451,-0.488,0.037
-0.537,-0.543,0.054
-0.678,-0.599,0.075
-0.785,-0.678,0.066
-0.829,-0.754,0.039
-0.878,-0.748,0.047
-1.011,-0.605,0.134
-1.230,-0.371,0.273
-1.439,-0.176,0.367
-1.546,-0.107,0.312
-1.548,-0.126,0.092
-1.522,-0.120,-0.191
-1.536,-0.005,-0.382
-1.596,0.186,-0.395
-1.655,0.361,-0.276
-1.684,0.463,-0.156
-1.693,0.499,-0.138
-1.697,0.504,-0.219
-1.675,0.492,-0.317
-1.598,0.469,-0.359
-1.481,0.451,-0.334
-1.393,0.458,-0.276
-1.384,0.483,-0.221
-1.420,0.470,-0.181
-1.401,0.368,-0.158
-1.257,0.173,-0.164
-1.011,-0.063,-0.202
-0.756,-0.275,-0.259
-0.569,-0.423,-0.311
-0.459,-0.488,-0.348
-0.391,-0.473,-0.380
-0.339,-0.401,-0.417
-0.302,-0.321,-0.457
-0.289,-0.276,-0.485
-0.301,-0.267,-0.501
-0.341,-0.235,-0.515
-0.431,-0.126,-0.534
-0.583,0.061,-0.547
-0.771,0.262,-0.522
-0.936,0.400,-0.426
-1.036,0.442,-0.256
-1.083,0.407,-0.053
-1.135,0.335,0.103
-1.220,0.265,0.143
-1.302,0.226,0.077
-1.308,0.227,0.009
-1.208,0.241,0.058
-1.044,0.218,0.243
-0.894,0.125,0.437
-0.797,0.003,0.462
-0.727,-0.062,0.265
-0.636,-0.018,-0.016
-0.504,0.097,-0.161
-0.361,0.175,-0.055
-0.260,0.144,0.214
-0.230,0.031,0.440
-0.252,-0.066,0.473
-0.282,-0.072,0.323
-0.283,0.011,0.105
-0.250,0.126,-0.068
-0.207,0.223,-0.155
-0.170,0.291,-0.169
-0.130,0.348,-0.140
-0.068,0.411,-0.097
0.022,0.487,-0.065
0.123,0.571,-0.052
0.219,0.639,-0.028
0.309,0.656,0.047
0.400,0.592,0.179
0.486,0.463,0.314
0.537,0.328,0.370
0.531,0.247,0.307
0.478,0.219,0.162
0.413,0.191,0.015
0.365,0.105,-0.064
0.332,-0.037,-0.051
0.289,-0.187,0.027
0.215,-0.302,0.116
0.103,-0.380,0.158
-0.035,-0.441,0.135
-0.171,-0.483,0.079
-0.271,-0.483,0.050
-0.305,-0.431,0.066
-0.279,-0.363,0.073
-0.234,-0.324,-0.000
-0.225,-0.325,-0.157
-0.273,-0.329,-0.303
-0.342,-0.295,-0.321
-0.365,-0.218,-0.187
-0.305,-0.126,-0.005
-0.196,-0.043,0.094
-0.122,0.036,0.068
-0.151,0.114,0.004
-0.264,0.167,0.012
-0.360,0.162,0.129
-0.335,0.097,0.278
-0.171,0.009,0.358
0.050,-0.061,0.346
0.217,-0.119,0.305
0.294,-0.200,0.312
0.338,-0.314,0.366
0.439,-0.410,0.394
0.622,-0.428,0.326
0.822,-0.365,0.180
0.954,-0.286,0.050
0.982,-0.255,0.013
0.940,-0.261,0.053
0.897,-0.236,0.083
0.904,-0.133,0.048
0.986,0.016,-0.019
1.133,0.134,-0.038
1.316,0.173,0.020
1.490,0.163,0.102
1.609,0.164,0.141
1.660,0.203,0.144
1.661,0.256,0.180
1.634,0.278,0.296
1.580,0.252,0.439
1.485,0.193,0.496
1.345,0.116,0.406
1.184,0.030,0.221
1.032,-0.068,0.061
0.903,-0.171,-0.001
0.790,-0.278,0.012
0.694,-0.392,0.027
0.627,-0.517,0.004
0.595,-0.629,-0.033
0.583,-0.682,-0.037
0.572,-0.635,0.004
0.567,-0.502,0.054
0.600,-0.350,0.072
0.687,-0.252,0.057
0.802,-0.227,0.048
0.895,-0.238,0.080
0.939,-0.241,0.137
0.947,-0.236,0.153
0.947,-0.250,0.075
0.941,-0.284,-0.060
0.906,-0.280,-0.130
0.826,-0.175,-0.036
0.710,0.029,0.188
0.582,0.250,0.379
0.461,0.402,0.387
0.362,0.485,0.217
0.304,0.574,0.017
0.316,0.724,-0.074
0.394,0.899,-0.056
0.496,0.996,-0.028
0.567,0.940,-0.052
0.589,0.752,-0.079
0.607,0.514,-0.037
0.684,0.301,0.054
0.832,0.141,0.088
0.986,0.037,0.000
1.053,-0.003,-0.141
1.000,0.007,-0.206
0.897,0.016,-0.145
0.868,-0.039,-0.025
0.987,-0.166,0.054
1.204,-0.297,0.067
1.376,-0.337,0.058
1.385,-0.264,0.059
1.233,-0.152,0.045
1.034,-0.105,-0.018
0.922,-0.154,-0.122
0.946,-0.246,-0.220
1.048,-0.301,-0.287
1.126,-0.296,-0.338
1.117,-0.260,-0.389
1.034,-0.229,-0.412
0.941,-0.190,-0.351
0.902,-0.105,-0.190
0.938,0.051,0.014
1.011,0.250,0.156
1.051,0.444,0.161
1.007,0.607,0.045
0.881,0.740,-0.103
0.724,0.853,-0.194
0.596,0.924,-0.209
0.528,0.914,-0.200
0.517,0.803,-0.232
0.532,0.622,-0.316
0.533,0.435,-0.405
0.482,0.285,-0.442
0.368,0.159,-0.414
0.227,0.003,-0.363
0.116,-0.212,-0.356
0.073,-0.453,-0.437
0.085,-0.646,-0.588
0.107,-0.735,-0.732
0.113,-0.724,-0.778
0.112,-0.658,-0.697
0.122,-0.575,-0.552
0.128,-0.478,-0.438
0.096,-0.346,-0.398
0.023,-0.169,-0.403
-0.037,0.036,-0.407
-0.015,0.233,-0.406
0.107,0.385,-0.425
0.264,0.473,-0.471
0.365,0.504,-0.515
0.366,0.502,-0.515
0.296,0.496,-0.444
0.225,0.498,-0.292
0.204,0.495,-0.084
0.233,0.461,0.107
0.286,0.385,0.184
0.347,0.293,0.121
0.410,0.240,0.004
0.465,0.261,-0.042
0.473,0.328,0.006
0.397,0.358,0.050
0.237,0.271,-0.001
0.052,0.062,-0.115
-0.082,-0.179,-0.176
-0.137,-0.353,-0.134
-0.147,-0.420,-0.057
-0.162,-0.439,-0.029
-0.193,-0.492,-0.042
-0.194,-0.596,-0.029
-0.121,-0.666,0.025
0.017,-0.602,0.061
0.139,-0.387,0.035
0.159,-0.124,-0.021
0.055,0.038,-0.062
-0.099,0.023,-0.112
-0.194,-0.130,-0.218
-0.156,-0.307,-0.350
-0.007,-0.413,-0.389
0.164,-0.421,-0.262
0.264,-0.360,-0.043
0.253,-0.259,0.097
0.161,-0.133,0.069
0.048,-0.004,-0.049
-0.035,0.087,-0.104
-0.068,0.092,-0.022
-0.068,0.023,0.139
-0.074,-0.039,0.262
-0.114,-0.005,0.285
-0.180,0.142,0.227
-0.219,0.319,0.155
-0.170,0.417,0.127
-0.037,0.396,0.158
0.106,0.304,0.223
0.163,0.212,0.284
0.107,0.142,0.316
0.000,0.068,0.310
-0.067,-0.030,0.269
-0.073,-0.135,0.197
-0.081,-0.227,0.116
-0.176,-0.302,0.071
-0.372,-0.377,0.116
-0.596,-0.441,0.252
-0.748,-0.451,0.411
-0.775,-0.376,0.492
-0.692,-0.243,0.456
-0.550,-0.120,0.346
-0.392,-0.055,0.250
-0.242,-0.053,0.209
-0.119,-0.085,0.205
-0.046,-0.129,0.203
-0.043,-0.165,0.208
-0.102,-0.162,0.253
-0.193,-0.097,0.348
-0.276,0.004,0.453
-0.324,0.054,0.507
-0.325,-0.025,0.487
-0.286,-0.226,0.415
-0.224,-0.447,0.336
-0.153,-0.569,0.286
-0.075,-0.554,0.286
0.018,-0.459,0.349
0.125,-0.369,0.453
0.223,-0.324,0.539
0.278,-0.316,0.543
0.273,-0.325,0.466
0.229,-0.344,0.389
0.179,-0.364,0.403
0.131,-0.360,0.520
0.058,-0.311,0.653
-0.066,-0.228,0.709
-0.225,-0.161,0.676
-0.362,-0.143,0.616
-0.430,-0.161,0.583
-0.425,-0.169,0.565
-0.377,-0.150,0.532
-0.304,-0.128,0.483
-0.192,-0.138,0.451
-0.026,-0.171,0.434
0.178,-0.184,0.397
0.371,-0.151,0.326
0.507,-0.114,0.276
0.558,-0.134,0.309
0.509,-0.237,0.401
0.357,-0.379,0.446
0.126,-0.496,0.374
-0.123,-0.557,0.247
-0.313,-0.570,0.200
-0.409,-0.548,0.289
-0.441,-0.501,0.431
-0.466,-0.444,0.508
-0.511,-0.411,0.498
-0.560,-0.426,0.480
-0.581,-0.471,0.515
-0.565,-0.492,0.572
-0.524,-0.453,0.576
-0.455,-0.365,0.507
-0.342,-0.258,0.421
-0.185,-0.144,0.377
-0.017,-0.017,0.389
0.121,0.118,0.435
0.221,0.218,0.493
0.308,0.239,0.544
0.400,0.185,0.571
0.478,0.106,0.564
0.514,0.059,0.538
0.503,0.060,0.520
0.479,0.083,0.511
0.474,0.102,0.479
0.488,0.115,0.412
0.499,0.139,0.347
0.503,0.188,0.334
0.512,0.255,0.366
0.543,0.323,0.373
0.580,0.373,0.292
0.594,0.395,0.139
0.586,0.380,-0.007
0.591,0.329,-0.083
0.640,0.252,-0.091
0.722,0.163,-0.077
0.789,0.075,-0.054
0.801,-0.009,0.002
0.756,-0.086,0.105
0.686,-0.137,0.210
0.613,-0.141,0.240
0.526,-0.084,0.160
0.402,0.014,0.023
0.243,0.100,-0.070
0.092,0.127,-0.066
0.012,0.084,-0.012
0.029,-0.005,-0.002
0.114,-0.104,-0.077
0.205,-0.181,-0.177
0.260,-0.222,-0.201
0.297,-0.229,-0.103
0.367,-0.237,0.072
0.497,-0.300,0.227
0.663,-0.442,0.301
0.798,-0.618,0.295
0.857,-0.716,0.248
0.846,-0.649,0.193
0.816,-0.437,0.148
0.819,-0.198,0.127
0.872,-0.058,0.134
0.963,-0.036,0.152
1.066,-0.064,0.131
1.154,-0.052,0.020
1.203,0.035,-0.173
1.191,0.171,-0.363
1.108,0.318,-0.451
0.981,0.445,-0.400
0.866,0.527,-0.268
0.824,0.527,-0.151
0.870,0.431,-0.098
0.959,0.280,-0.084
1.013,0.162,-0.071
0.978,0.141,-0.064
0.867,0.193,-0.098
0.742,0.215,-0.168
0.663,0.130,-0.214
0.641,-0.028,-0.175
0.639,-0.129,-0.075
0.611,-0.062,-0.014
0.552,0.168,-0.074
0.501,0.429,-0.229
0.510,0.576,-0.360
0.594,0.562,-0.373
0.715,0.446,-0.280
0.805,0.324,-0.184
0.815,0.246,-0.169
0.743,0.213,-0.231
0.626,0.223,-0.291
0.512,0.279,-0.279
0.426,0.371,-0.191
0.383,0.442,-0.085
0.394,0.435,-0.035
0.467,0.358,-0.076
0.582,0.298,-0.184
0.685,0.348,-0.278
0.724,0.514,-0.275
0.696,0.712,-0.157
0.655,0.840,-0.006
0.661,0.863,0.054
0.722,0.815,-0.037
0.784,0.744,-0.214
0.790,0.661,-0.332
0.731,0.551,-0.301
0.639,0.423,-0.165
0.553,0.314,-0.059
0.487,0.266,-0.065
0.441,0.280,-0.141
0.426,0.316,-0.179
0.444,0.318,-0.135
0.462,0.260,-0.084
0.436,0.149,-0.132
0.350,0.015,-0.291
0.255,-0.101,-0.455
0.225,-0.181,-0.499
0.285,-0.228,-0.408
0.382,-0.253,-0.282
0.438,-0.256,-0.220
0.416,-0.213,-0.227
0.345,-0.108,-0.221
0.270,0.044,-0.153
0.207,0.187,-0.061
0.136,0.276,-0.027
0.034,0.317,-0.065
-0.083,0.370,-0.091
-0.176,0.494,-0.026
-0.209,0.681,0.100
-0.177,0.857,0.156
-0.108,0.932,0.065
-0.029,0.881,-0.092
0.048,0.758,-0.135
0.136,0.657,0.030
0.246,0.633,0.302
0.367,0.667,0.474
0.457,0.690,0.437
0.474,0.644,0.277
0.409,0.529,0.175
0.298,0.394,0.203
0.206,0.297,0.269
0.179,0.264,0.235
0.219,0.288,0.085
0.284,0.345,-0.050
0.318,0.406,-0.049
0.289,0.433,0.070
0.207,0.400,0.166
0.108,0.323,0.142
0.021,0.282,0.053
-0.053,0.359,0.036
-0.132,0.547,0.148
-0.218,0.724,0.306
-0.290,0.741,0.389
-0.322,0.571,0.378
-0.325,0.349,0.362
-0.336,0.257,0.420
-0.387,0.346,0.526
-0.466,0.490,0.598
-0.535,0.520,0.603
-0.571,0.405,0.580
-0.585,0.283,0.562
-0.588,0.306,0.511
-0.566,0.484,0.368
-0.501,0.685,0.159
-0.421,0.777,-0.004
-0.392,0.757,-0.032
-0.460,0.718,0.045
-0.574,0.722,0.116
-0.616,0.731,0.114
-0.514,0.676,0.086
-0.329,0.558,0.127
-0.210,0.449,0.255
-0.257,0.395,0.385
-0.427,0.355,0.412
-0.574,0.258,0.321
-0.600,0.116,0.197
-0.531,0.043,0.142
-0.467,0.143,0.173
-0.471,0.395,0.212
-0.514,0.655,0.159
-0.539,0.797,-0.011
-0.540,0.817,-0.212
-0.563,0.801,-0.313
-0.633,0.805,-0.248
-0.706,0.785,-0.082
-0.718,0.662,0.033
-0.665,0.432,-0.016
-0.619,0.202,-0.201
-0.649,0.096,-0.373
-0.741,0.147,-0.400
-0.825,0.284,-0.290
-0.849,0.408,-0.167
-0.835,0.485,-0.133
-0.841,0.540,-0.162
-0.883,0.596,-0.150
-0.926,0.626,-0.057
-0.934,0.594,0.036
-0.928,0.508,0.023
-0.954,0.435,-0.078
-1.017,0.432,-0.132
-1.056,0.481,-0.037
-1.018,0.501,0.152
-0.926,0.428,0.266
-0.879,0.275,0.217
-0.951,0.124,0.085
-1.107,0.040,0.031
-1.218,0.021,0.115
-1.177,0.019,0.249
-0.997,-0.001,0.316
-0.792,-0.027,0.300
-0.685,-0.023,0.276
-0.723,0.027,0.286
-0.865,0.111,0.279
-1.031,0.203,0.187
-1.157,0.289,0.036
-1.211,0.358,-0.064
-1.193,0.385,-0.034
-1.120,0.351,0.093
-1.029,0.266,0.216
-0.964,0.185,0.274
-0.951,0.175,0.281
-0.980,0.265,0.278
-1.014,0.417,0.268
-1.013,0.551,0.230
-0.972,0.605,0.164
-0.920,0.569,0.116
-0.894,0.480,0.119
-0.904,0.382,0.171
-0.932,0.298,0.228
-0.955,0.233,0.256
-0.978,0.188,0.244
-1.024,0.166,0.205
-1.099,0.165,0.148
-1.174,0.176,0.072
-1.202,0.195,-0.010
-1.170,0.242,-0.067
-1.102,0.341,-0.057
-1.043,0.492,0.027
-1.028,0.637,0.130
-1.052,0.695,0.167
-1.096,0.624,0.103
-1.133,0.449,0.011
-1.142,0.232,0.006
-1.113,0.020,0.125
-1.049,-0.169,0.269
-0.982,-0.315,0.293
-0.953,-0.368,0.168
-0.987,-0.283,0.023
-1.077,-0.082,0.009
-1.178,0.143,0.146
-1.246,0.279,0.314
-1.254,0.287,0.394
-1.215,0.219,0.385
-1.156,0.158,0.371
-1.096,0.147,0.405
-1.033,0.162,0.445
-0.951,0.153,0.421
-0.843,0.081,0.319
-0.726,-0.053,0.189
-0.639,-0.219,0.079
-0.618,-0.378,-0.005
-0.675,-0.485,-0.073
-0.784,-0.500,-0.109
-0.899,-0.410,-0.083
-0.974,-0.244,0.002
-0.991,-0.072,0.089
-0.969,0.031,0.121
-0.946,0.029,0.087
-0.956,-0.055,0.035
-1.005,-0.159,0.018
-1.071,-0.237,0.054
-1.108,-0.285,0.119
-1.072,-0.331,0.182
-0.951,-0.396,0.228
-0.774,-0.471,0.252
-0.599,-0.532,0.257
-0.476,-0.551,0.243
-0.414,-0.515,0.213
-0.396,-0.419,0.184
-0.405,-0.286,0.177
-0.435,-0.171,0.203
-0.478,-0.134,0.251
-0.503,-0.189,0.287
-0.480,-0.284,0.271
-0.420,-0.346,0.198
-0.380,-0.346,0.099
-0.416,-0.330,0.023
-0.531,-0.357,-0.004
-0.674,-0.426,0.009
-0.799,-0.463,0.036
-0.898,-0.395,0.053
-0.988,-0.234,0.052
-1.067,-0.078,0.026
-1.099,-0.032,-0.011
-1.061,-0.125,-0.022
-0.966,-0.293,0.029
-0.854,-0.430,0.128
-0.740,-0.471,0.199
-0.610,-0.424,0.176
-0.458,-0.355,0.077
-0.329,-0.331,0.006
-0.287,-0.376,0.052
-0.353,-0.455,0.187
-0.470,-0.501,0.294
-0.550,-0.479,0.280
-0.544,-0.416,0.164
-0.476,-0.396,0.048
-0.404,-0.491,0.011
-0.367,-0.690,0.048
-0.355,-0.896,0.105
-0.337,-0.995,0.145
-0.295,-0.943,0.173
-0.243,-0.800,0.203
-0.204,-0.674,0.227
-0.189,-0.631,0.214
-0.179,-0.653,0.139
-0.144,-0.680,0.008
-0.066,-0.684,-0.134
0.039,-0.695,-0.228
0.130,-0.754,-0.244
0.163,-0.851,-0.207
0.113,-0.924,-0.171
-0.014,-0.917,-0.171
-0.178,-0.829,-0.180
-0.321,-0.715,-0.154
-0.395,-0.626,-0.101
-0.386,-0.571,-0.092
-0.326,-0.527,-0.180
-0.259,-0.476,-0.327
-0.213,-0.422,-0.425
-0.176,-0.369,-0.404
-0.126,-0.317,-0.305
-0.062,-0.260,-0.216
-0.016,-0.210,-0.180
-0.022,-0.194,-0.175
-0.078,-0.225,-0.174
-0.145,-0.298,-0.203
-0.184,-0.398,-0.300
-0.185,-0.508,-0.443
-0.173,-0.620,-0.553
-0.172,-0.719,-0.564
-0.175,-0.779,-0.488
-0.143,-0.787,-0.388
-0.048,-0.746,-0.312
0.091,-0.679,-0.269
0.218,-0.615,-0.245
0.282,-0.585,-0.236
0.277,-0.613,-0.240
0.243,-0.708,-0.243
0.225,-0.842,-0.240
0.240,-0.962,-0.250
0.268,-1.030,-0.301
0.269,-1.043,-0.388
0.219,-1.030,-0.453
0.119,-1.005,-0.425
-0.006,-0.955,-0.285
-0.120,-0.864,-0.095
-0.194,-0.756,0.032
-0.218,-0.681,0.013
-0.194,-0.671,-0.147
-0.129,-0.717,-0.356
-0.035,-0.778,-0.508
0.077,-0.829,-0.567
0.187,-0.862,-0.583
0.278,-0.868,-0.619
0.335,-0.845,-0.673
0.349,-0.811,-0.675
0.321,-0.819,-0.589
0.259,-0.922,-0.482
0.189,-1.103,-0.480
0.150,-1.266,-0.636
0.177,-1.299,-0.862
0.277,-1.168,-0.999
0.416,-0.943,-0.968
0.540,-0.742,-0.819
0.623,-0.646,-0.677
0.676,-0.655,-0.622
0.742,-0.718,-0.641
0.854,-0.783,-0.669
1.011,-0.822,-0.659
1.172,-0.829,-0.608
1.288,-0.805,-0.543
1.319,-0.749,-0.492
1.249,-0.664,-0.469
1.087,-0.571,-0.475
0.856,-0.504,-0.507
0.597,-0.495,-0.567
0.362,-0.550,-0.655
0.202,-0.635,-0.749
0.155,-0.695,-0.791
0.220,-0.690,-0.710
0.356,-0.619,-0.498
0.491,-0.514,-0.269
0.557,-0.417,-0.193
0.535,-0.366,-0.348
0.461,-0.389,-0.621
0.405,-0.499,-0.806
0.413,-0.675,-0.797
0.475,-0.861,-0.679
0.537,-0.999,-0.615
0.552,-1.065,-0.655
0.515,-1.078,-0.707
0.464,-1.063,-0.688
0.431,-1.027,-0.646
0.416,-0.960,-0.683
0.399,-0.866,-0.793
0.367,-0.779,-0.828
0.332,-0.732,-0.679
0.320,-0.732,-0.413
0.340,-0.756,-0.226
0.382,-0.783,-0.238
0.427,-0.808,-0.378
0.462,-0.821,-0.485
0.480,-0.798,-0.462
0.485,-0.725,-0.342
0.492,-0.627,-0.210
0.533,-0.570,-0.119
0.637,-0.601,-0.076
0.789,-0.703,-0.064
0.917,-0.799,-0.064
0.939,-0.821,-0.066
0.830,-0.761,-0.082
0.651,-0.665,-0.136
0.498,-0.584,-0.227
0.439,-0.536,-0.311
0.482,-0.517,-0.333
0.604,-0.522,-0.298
0.786,-0.559,-0.273
1.011,-0.620,-0.320
1.247,-0.668,-0.417
1.448,-0.659,-0.474
1.583,-0.592,-0.433
1.646,-0.518,-0.327
1.641,-0.494,-0.249
1.556,-0.534,-0.261
1.369,-0.598,-0.345
1.095,-0.634,-0.441
0.797,-0.631,-0.503
0.552,-0.606,-0.527
0.410,-0.567,-0.519
0.373,-0.487,-0.474
0.426,-0.342,-0.385
0.552,-0.162,-0.273
0.721,-0.024,-0.187
0.885,-0.001,-0.163
0.995,-0.111,-0.184
1.041,-0.319,-0.180
1.056,-0.578,-0.095
1.085,-0.847,0.051
1.131,-1.077,0.161
1.154,-1.199,0.147
1.109,-1.165,0.009
0.983,-0.996,-0.167
0.803,-0.788,-0.285
0.624,-0.642,-0.324
0.498,-0.592,-0.328
0.458,-0.595,-0.342
0.496,-0.590,-0.342
0.560,-0.549,-0.279
0.576,-0.485,-0.147
0.499,-0.418,-0.016
0.343,-0.359,0.027
0.178,-0.313,-0.026
0.077,-0.293,-0.087
0.076,-0.303,-0.060
0.161,-0.315,0.049
0.290,-0.287,0.132
0.424,-0.194,0.088
0.536,-0.060,-0.064
0.614,0.070,-0.202
0.666,0.167,-0.212
0.707,0.246,-0.100
0.743,0.347,0.048
0.758,0.476,0.147
0.731,0.590,0.179
0.660,0.614,0.153
0.586,0.499,0.068
0.558,0.263,-0.070
0.574,-0.022,-0.201
0.570,-0.268,-0.234
0.469,-0.430,-0.132
0.266,-0.499,0.033
0.050,-0.494,0.135
-0.058,-0.437,0.116
-0.005,-0.341,0.032
0.153,-0.221,-0.020
0.300,-0.099,-0.011
0.348,0.007,-0.009
0.279,0.083,-0.086
0.123,0.136,-0.229
-0.078,0.186,-0.334
-0.286,0.264,-0.307
-0.466,0.390,-0.166
-0.593,0.557,-0.025
-0.647,0.719,0.006
-0.627,0.822,-0.060
-0.536,0.844,-0.097
-0.383,0.813,0.018
-0.182,0.783,0.273
0.045,0.773,0.511
0.272,0.752,0.559
0.477,0.667,0.377
0.638,0.508,0.087
0.730,0.323,-0.133
0.740,0.169,-0.186
0.676,0.057,-0.107
0.572,-0.057,-0.005
0.455,-0.223,0.043
0.321,-0.442,0.030
0.148,-0.666,-0.007
-0.061,-0.837,-0.043
-0.262,-0.918,-0.070
-0.399,-0.892,-0.089
-0.457,-0.747,-0.091
-0.472,-0.501,-0.061
-0.499,-0.232,0.003
-0.562,-0.055,0.095
-0.655,-0.037,0.212
-0.765,-0.133,0.349
-0.877,-0.211,0.491
-0.955,-0.166,0.601
-0.933,-0.008,0.650
-0.756,0.176,0.653
-0.436,0.321,0.655
-0.054,0.451,0.676
0.287,0.620,0.671
0.530,0.824,0.577
0.671,0.977,0.385
0.721,0.997,0.179
0.675,0.884,0.052
0.549,0.715,0.021
0.409,0.566,0.019
0.343,0.466,-0.020
0.389,0.416,-0.079
0.479,0.425,-0.091
0.496,0.500,-0.034
0.385,0.612,0.029
0.203,0.685,0.012
0.064,0.658,-0.076
0.030,0.545,-0.132
0.066,0.415,-0.052
0.082,0.324,0.159
0.010,0.253,0.384
-0.159,0.139,0.503
-0.389,-0.048,0.486
-0.624,-0.258,0.388
-0.812,-0.398,0.280
-0.917,-0.394,0.191
-0.942,-0.245,0.137
-0.929,-0.009,0.155
-0.916,0.242,0.284
-0.896,0.455,0.503
-0.824,0.610,0.708
-0.678,0.708,0.790
-0.510,0.749,0.731
-0.423,0.712,0.633
-0.480,0.576,0.620
-0.658,0.359,0.718
-0.866,0.136,0.837
-1.016,0.015,0.856
-1.074,0.051,0.731
-1.035,0.203,0.516
-0.902,0.366,0.302
-0.680,0.468,0.166
-0.401,0.514,0.143
-0.120,0.560,0.239
0.118,0.645,0.425
0.308,0.749,0.630
0.455,0.832,0.748
0.531,0.872,0.706
0.480,0.872,0.515
0.281,0.841,0.273
-0.006,0.791,0.090
-0.279,0.753,0.019
-0.472,0.767,0.039
-0.610,0.839,0.107
-0.760,0.912,0.201
-0.942,0.904,0.318
-1.107,0.792,0.426
-1.188,0.659,0.481
-1.168,0.631,0.473
-1.085,0.767,0.462
-0.990,0.994,0.528
-0.914,1.159,0.663
-0.867,1.141,0.749
-0.846,0.927,0.663
-0.825,0.603,0.417
-0.758,0.276,0.163
-0.607,0.018,0.051
-0.393,-0.153,0.095
-0.191,-0.247,0.188
-0.066,-0.261,0.242
-0.029,-0.181,0.280
-0.043,0.002,0.371
-0.087,0.273,0.505
-0.183,0.576,0.579
-0.352,0.849,0.505
-0.569,1.054,0.320
-0.770,1.189,0.162
-0.920,1.284,0.138
-1.039,1.373,0.235
-1.157,1.465,0.350
-1.256,1.546,0.396
-1.277,1.593,0.381
-1.173,1.602,0.382
-0.967,1.600,0.464
-0.729,1.626,0.610
-0.508,1.689,0.723
-0.305,1.746,0.708
-0.102,1.728,0.566
0.092,1.589,0.410
0.238,1.341,0.359
0.307,1.031,0.416
0.313,0.703,0.466
0.302,0.387,0.403
0.308,0.114,0.230
0.316,-0.084,0.051
0.286,-0.191,-0.059
0.194,-0.236,-0.109
0.057,-0.259,-0.136
-0.084,-0.272,-0.109
-0.203,-0.227,0.032
-0.302,-0.062,0.278
-0.393,0.242,0.508
-0.473,0.631,0.605
-0.542,1.019,0.586
-0.615,1.327,0.587
-0.715,1.500,0.713
-0.835,1.498,0.905
-0.912,1.320,1.015
-0.876,1.030,0.963
-0.701,0.767,0.811
-0.439,0.677,0.682
-0.166,0.815,0.627
0.072,1.112,0.604
0.260,1.427,0.572
0.373,1.638,0.556
0.369,1.698,0.607
0.237,1.615,0.719
0.046,1.418,0.806
-0.080,1.147,0.791
-0.057,0.869,0.676
0.091,0.663,0.538
0.267,0.588,0.439
0.382,0.639,0.393
0.425,0.755,0.380
0.432,0.870,0.395
0.430,0.952,0.447
0.412,1.006,0.530
0.360,1.027,0.608
0.283,0.995,0.644
0.212,0.896,0.635
0.168,0.759,0.605
0.137,0.661,0.569
0.083,0.670,0.508
-0.020,0.787,0.407
-0.165,0.944,0.283
-0.322,1.054,0.190
-0.458,1.087,0.165
-0.551,1.085,0.190
-0.599,1.118,0.208
-0.613,1.208,0.199
-0.617,1.306,0.218
-0.624,1.332,0.338
-0.636,1.249,0.561
-0.624,1.086,0.782
-0.549,0.916,0.869
-0.379,0.800,0.781
-0.125,0.753,0.599
0.162,0.757,0.444
0.410,0.797,0.381
0.570,0.871,0.405
0.640,0.984,0.491
0.655,1.132,0.614
0.655,1.294,0.725
0.659,1.433,0.758
0.663,1.502,0.671
0.658,1.457,0.506
0.644,1.290,0.351
0.629,1.049,0.247
0.612,0.824,0.147
0.586,0.708,0.000
0.534,0.747,-0.163
0.449,0.919,-0.247
0.329,1.163,-0.218
0.180,1.419,-0.143
0.018,1.631,-0.102
-0.139,1.751,-0.064
-0.269,1.742,0.084
-0.361,1.597,0.388
-0.413,1.352,0.730
-0.431,1.061,0.926
-0.419,0.771,0.886
-0.367,0.500,0.674
-0.267,0.253,0.406
-0.121,0.039,0.141
0.041,-0.132,-0.121
0.180,-0.253,-0.357
0.270,-0.312,-0.495
0.323,-0.286,-0.475
0.369,-0.152,-0.318
0.431,0.077,-0.098
0.504,0.331,0.111
0.571,0.505,0.284
0.623,0.546,0.419
0.666,0.488,0.507
0.712,0.428,0.523
0.769,0.449,0.446
0.840,0.555,0.285
0.931,0.699,0.099
1.047,0.836,-0.020
1.167,0.953,0.000
1.252,1.051,0.152
1.262,1.118,0.348
1.192,1.127,0.497
1.073,1.067,0.580
0.940,0.960,0.628
0.813,0.842,0.647
0.696,0.735,0.575
0.585,0.637,0.355
0.472,0.543,0.041
0.335,0.475,-0.210
0.159,0.468,-0.275
-0.040,0.530,-0.175
-0.202,0.615,-0.052
-0.263,0.649,-0.032
-0.212,0.589,-0.126
-0.098,0.457,-0.248
0.020,0.324,-0.326
0.131,0.252,-0.348
0.263,0.250,-0.345
0.433,0.289,-0.330
0.598,0.342,-0.302
0.688,0.390,-0.268
0.669,0.410,-0.246
0.586,0.363,-0.236
0.507,0.229,-0.202
0.466,0.055,-0.107
0.439,-0.059,0.040
0.387,-0.037,0.170
0.307,0.117,0.214
0.226,0.328,0.162
0.177,0.521,0.062
0.167,0.677,-0.033
0.192,0.809,-0.099
0.262,0.912,-0.125
0.402,0.957,-0.089
0.612,0.929,0.022
0.861,0.869,0.162
1.088,0.833,0.235
1.247,0.827,0.172
1.319,0.790,0.012
1.298,0.662,-0.120
1.179,0.456,-0.127
0.975,0.256,-0.025
0.735,0.140,0.086
0.544,0.114,0.125
0.473,0.117,0.098
0.516,0.081,0.064
0.589,-0.010,0.055
0.585,-0.141,0.043
0.464,-0.289,-0.009
0.270,-0.444,-0.093
0.100,-0.585,-0.165
0.022,-0.677,-0.187
0.030,-0.680,-0.168
0.062,-0.581,-0.149
0.050,-0.401,-0.149
-0.037,-0.182,-0.151
-0.176,0.039,-0.119
-0.310,0.238,-0.041
-0.381,0.388,0.049
-0.364,0.469,0.105
-0.290,0.476,0.101
-0.217,0.430,0.046
-0.186,0.370,-0.029
-0.186,0.337,-0.093
-0.166,0.354,-0.143
-0.099,0.416,-0.190
-0.013,0.498,-0.251
0.031,0.562,-0.328
-0.002,0.560,-0.401
-0.094,0.467,-0.435
-0.201,0.293,-0.404
-0.296,0.086,-0.311
-0.370,-0.087,-0.195
-0.411,-0.184,-0.104
-0.393,-0.210,-0.064
-0.309,-0.211,-0.066
-0.196,-0.231,-0.072
-0.125,-0.287,-0.051
-0.136,-0.359,-0.017
-0.208,-0.403,-0.014
-0.275,-0.387,-0.079
-0.290,-0.314,-0.189
-0.259,-0.213,-0.268
-0.216,-0.120,-0.262
-0.184,-0.040,-0.197
-0.158,0.037,-0.170
-0.127,0.125,-0.259
-0.105,0.218,-0.449
-0.128,0.300,-0.654
-0.222,0.372,-0.787
-0.382,0.448,-0.819
-0.567,0.538,-0.762
-0.728,0.614,-0.634
-0.830,0.629,-0.455
-0.870,0.558,-0.275
-0.859,0.424,-0.164
-0.810,0.278,-0.159
-0.727,0.157,-0.204
-0.601,0.058,-0.192
-0.431,-0.031,-0.058
-0.238,-0.100,0.151
-0.052,-0.121,0.318
0.108,-0.078,0.359
0.259,-0.004,0.276
0.425,0.049,0.135
0.591,0.048,-0.014
0.690,0.009,-0.156
0.653,-0.033,-0.288
0.480,-0.066,-0.387
0.257,-0.123,-0.423
0.093,-0.244,-0.390
0.033,-0.425,-0.319
0.036,-0.588,-0.259
0.026,-0.639,-0.252
-0.036,-0.528,-0.309
-0.131,-0.294,-0.389
-0.233,-0.032,-0.405
-0.341,0.171,-0.282
-0.474,0.280,-0.033
-0.640,0.300,0.222
-0.809,0.239,0.338
-0.941,0.111,0.261
-1.016,-0.041,0.061
-1.042,-0.140,-0.135
-1.033,-0.124,-0.252
-0.984,0.000,-0.294
-0.869,0.150,-0.304
-0.671,0.244,-0.306
-0.412,0.278,-0.298
-0.141,0.313,-0.286
0.085,0.396,-0.294
0.242,0.494,-0.341
0.328,0.524,-0.416
0.351,0.439,-0.483
0.308,0.263,-0.507
0.204,0.058,-0.489
0.078,-0.141,-0.468
-0.007,-0.335,-0.496
-0.019,-0.509,-0.576
0.010,-0.607,-0.654
0.007,-0.575,-0.657
-0.068,-0.424,-0.567
-0.186,-0.222,-0.435
-0.290,-0.043,-0.327
-0.373,0.098,-0.258
-0.474,0.209,-0.203
-0.622,0.276,-0.159
-0.775,0.260,-0.173
-0.854,0.150,-0.290
-0.839,0.013,-0.487
-0.799,-0.052,-0.689
-0.814,-0.014,-0.834
-0.880,0.061,-0.915
-0.910,0.075,-0.941
-0.828,0.004,-0.904
-0.654,-0.084,-0.801
-0.469,-0.101,-0.683
-0.330,-0.034,-0.633
-0.228,0.057,-0.679
-0.145,0.102,-0.754
-0.094,0.085,-0.763
-0.100,0.032,-0.693
-0.132,-0.040,-0.630
-0.103,-0.136,-0.666
0.042,-0.259,-0.786
0.243,-0.367,-0.882
0.368,-0.403,-0.855
0.335,-0.348,-0.698
0.189,-0.255,-0.496
0.054,-0.199,-0.351
0.013,-0.220,-0.306
0.048,-0.294,-0.339
0.084,-0.371,-0.381
0.057,-0.430,-0.370
-0.037,-0.483,-0.297
-0.169,-0.542,-0.211
-0.304,-0.586,-0.184
-0.408,-0.588,-0.245
-0.460,-0.548,-0.354
-0.452,-0.496,-0.441
-0.398,-0.455,-0.465
-0.325,-0.415,-0.448
-0.254,-0.361,-0.435
-0.196,-0.299,-0.451
-0.159,-0.265,-0.485
-0.141,-0.282,-0.514
-0.139,-0.335,-0.531
-0.137,-0.391,-0.537
-0.111,-0.441,-0.537
-0.052,-0.508,-0.537
0.027,-0.614,-0.544
0.104,-0.738,-0.563
0.168,-0.827,-0.595
0.231,-0.848,-0.636
0.326,-0.804,-0.694
0.478,-0.727,-0.764
0.674,-0.641,-0.822
0.855,-0.558,-0.821
0.948,-0.483,-0.734
0.917,-0.430,-0.592
0.794,-0.403,-0.466
0.659,-0.392,-0.409
0.575,-0.383,-0.408
0.551,-0.371,-0.400
0.539,-0.369,-0.335
0.490,-0.390,-0.223
0.391,-0.442,-0.119
0.282,-0.514,-0.075
0.214,-0.585,-0.100
0.216,-0.639,-0.164
0.275,-0.674,-0.238
0.353,-0.699,-0.308
0.419,-0.738,-0.372
0.474,-0.808,-0.425
0.528,-0.907,-0.449
0.588,-1.010,-0.442
0.635,-1.087,-0.426
0.644,-1.116,-0.446
0.595,-1.099,-0.531
0.489,-1.049,-0.658
0.346,-0.987,-0.761
0.192,-0.930,-0.775
0.058,-0.895,-0.688
-0.030,-0.893,-0.548
-0.061,-0.916,-0.432
-0.041,-0.924,-0.393
0.014,-0.869,-0.427
0.093,-0.744,-0.479
0.196,-0.597,-0.480
0.314,-0.515,-0.411
0.420,-0.554,-0.320
0.489,-0.685,-0.291
0.517,-0.832,-0.373
0.532,-0.934,-0.522
0.567,-0.999,-0.635
0.628,-1.072,-0.644
0.677,-1.166,-0.578
0.665,-1.237,-0.535
0.580,-1.235,-0.581
0.458,-1.161,-0.683
0.356,-1.077,-0.742
0.301,-1.040,-0.702
0.267,-1.060,-0.599
0.212,-1.107,-0.517
0.127,-1.160,-0.496
0.048,-1.223,-0.494
0.018,-1.291,-0.451
0.039,-1.333,-0.362
0.082,-1.311,-0.291
0.128,-1.231,-0.286
0.188,-1.145,-0.327
0.280,-1.110,-0.337
0.380,-1.133,-0.275
0.428,-1.178,-0.182
0.389,-1.213,-0.146
0.295,-1.247,-0.213
0.229,-1.315,-0.346
0.243,-1.426,-0.474
0.330,-1.548,-0.553
0.439,-1.626,-0.587
0.537,-1.636,-0.604
0.607,-1.602,-0.620
0.646,-1.569,-0.639
0.649,-1.571,-0.674
0.627,-1.605,-0.735
0.610,-1.650,-0.793
0.619,-1.693,-0.791
0.640,-1.734,-0.693
0.631,-1.760,-0.530
0.571,-1.747,-0.389
0.479,-1.686,-0.333
0.390,-1.599,-0.340
0.310,-1.541,-0.344
0.217,-1.550,-0.317
0.100,-1.609,-0.309
-0.011,-1.662,-0.375
-0.068,-1.651,-0.487
-0.048,-1.557,-0.537
0.022,-1.401,-0.451
0.096,-1.220,-0.281
0.138,-1.064,-0.152
0.144,-0.985,-0.125
0.128,-1.010,-0.143
0.119,-1.124,-0.119
0.152,-1.263,-0.058
0.250,-1.370,-0.042
0.401,-1.431,-0.119
0.553,-1.461,-0.236
0.646,-1.473,-0.314
0.650,-1.450,-0.348
0.589,-1.377,-0.392
0.509,-1.269,-0.455
0.441,-1.171,-0.458
0.387,-1.120,-0.337
0.335,-1.120,-0.147
0.284,-1.159,-0.027
0.250,-1.237,-0.056
0.248,-1.351,-0.175
0.275,-1.464,-0.265
0.309,-1.509,-0.282
0.327,-1.450,-0.273
0.331,-1.327,-0.289
0.339,-1.227,-0.317
0.364,-1.197,-0.314
0.405,-1.203,-0.272
0.447,-1.177,-0.221
0.477,-1.100,-0.157
0.501,-1.026,-0.038
0.517,-1.006,0.157
0.513,-1.029,0.357
0.466,-1.029,0.445
0.372,-0.968,0.370
0.264,-0.870,0.207
0.196,-0.791,0.079
0.197,-0.756,0.041
0.238,-0.753,0.032
0.255,-0.774,-0.032
0.204,-0.845,-0.140
0.103,-0.986,-0.189
0.009,-1.175,-0.104
-0.029,-1.348,0.059
-0.013,-1.467,0.154
0.028,-1.543,0.097
0.069,-1.614,-0.039
0.111,-1.688,-0.103
0.165,-1.740,-0.038
0.231,-1.752,0.045
0.304,-1.748,-0.020
0.386,-1.763,-0.273
0.481,-1.793,-0.576
0.578,-1.789,-0.723
0.648,-1.707,-0.612
0.667,-1.550,-0.303
0.641,-1.358,0.054
0.601,-1.171,0.318
0.575,-1.006,0.412
0.568,-0.876,0.345
0.574,-0.804,0.200
0.585,-0.809,0.079
0.593,-0.872,0.039
0.580,-0.931,0.048
0.526,-0.919,0.049
0.433,-0.828,0.047
0.328,-0.714,0.096
0.239,-0.652,0.203
0.165,-0.674,0.261
0.077,-0.749,0.141
-0.041,-0.814,-0.151
-0.174,-0.833,-0.435
-0.291,-0.810,-0.520
-0.383,-0.772,-0.385
-0.462,-0.743,-0.197
-0.530,-0.734,-0.128
-0.551,-0.759,-0.192
-0.472,-0.826,-0.238
-0.286,-0.922,-0.119
-0.051,-1.006,0.172
0.137,-1.038,0.489
0.225,-1.003,0.642
0.243,-0.915,0.544
0.268,-0.795,0.274
0.350,-0.655,0.025
0.454,-0.516,-0.038
0.497,-0.414,0.105
0.431,-0.385,0.335
0.282,-0.426,0.498
0.115,-0.500,0.514
-0.021,-0.568,0.406
-0.116,-0.615,0.244
-0.165,-0.639,0.086
-0.157,-0.623,-0.027
-0.086,-0.546,-0.069
0.016,-0.417,-0.012
0.101,-0.294,0.151
0.145,-0.230,0.369
0.163,-0.235,0.514
0.184,-0.262,0.436
0.220,-0.265,0.116
0.261,-0.233,-0.252
0.285,-0.186,-0.376
0.246,-0.137,-0.141
0.093,-0.083,0.243
-0.183,-0.022,0.421
-0.488,0.026,0.263
-0.665,0.038,0.002
-0.629,0.011,-0.027
-0.465,-0.045,0.234
-0.361,-0.117,0.508
-0.432,-0.211,0.510
-0.608,-0.328,0.265
-0.715,-0.452,0.055
-0.645,-0.546,0.081
-0.452,-0.582,0.246
-0.290,-0.559,0.297
-0.268,-0.498,0.141
-0.376,-0.414,-0.044
-0.513,-0.299,-0.005
-0.564,-0.140,0.288
-0.489,0.057,0.593
-0.344,0.248,0.628
-0.247,0.381,0.358
-0.297,0.437,0.028
-0.498,0.448,-0.075
-0.755,0.460,0.112
-0.949,0.496,0.405
-1.022,0.541,0.581
-0.995,0.567,0.586
-0.907,0.547,0.508
-0.764,0.463,0.428
-0.540,0.313,0.334
-0.250,0.143,0.202
0.014,0.045,0.081
0.125,0.102,0.057
0.037,0.304,0.138
-0.161,0.523,0.247
-0.301,0.610,0.308
-0.282,0.512,0.327
-0.152,0.315,0.343
-0.066,0.162,0.348
-0.134,0.128,0.284
-0.337,0.191,0.128
-0.566,0.280,-0.050
-0.732,0.347,-0.144
-0.818,0.376,-0.085
-0.845,0.350,0.102
-0.829,0.251,0.326
-0.774,0.091,0.472
-0.704,-0.067,0.457
-0.656,-0.152,0.280
-0.637,-0.144,0.041
-0.617,-0.100,-0.105
