SITE CODE= 47254è„âzésíÜÉmñì            ,37.4962,137.2705, 15.86,7.6,45292.6738723, 15.25, 26.04
 LAT.=   37.1063
 LON.=  138.1601
 SAMPLING RATE= 100Hz
 UNIT  = gal(cm/s/s)
INITIAL TIME = 2024 01 01 16 09 10
 NS,EW,UD
-0.077,-0.129,-0.042
-0.107,-0.147,-0.026
-0.126,-0.153,-0.013
-0.130,-0.150,-0.003
-0.123,-0.145,0.006
-0.111,-0.143,0.015
-0.104,-0.143,0.023
-0.110,-0.145,0.027
-0.134,-0.146,0.029
-0.174,-0.145,0.031
-0.220,-0.137,0.039
-0.259,-0.124,0.052
-0.283,-0.106,0.064
-0.294,-0.089,0.068
-0.294,-0.073,0.060
-0.288,-0.060,0.042
-0.274,-0.047,0.024
-0.248,-0.030,0.018
-0.206,-0.007,0.030
-0.152,0.026,0.055
-0.099,0.067,0.082
-0.062,0.108,0.099
-0.052,0.148,0.102
-0.066,0.187,0.094
-0.092,0.225,0.082
-0.115,0.258,0.071
-0.125,0.278,0.060
-0.119,0.281,0.048
-0.098,0.266,0.032
-0.062,0.236,0.014
-0.014,0.194,-0.003
0.040,0.145,-0.019
0.096,0.092,-0.035
0.147,0.039,-0.052
0.189,-0.011,-0.066
0.220,-0.056,-0.073
0.242,-0.095,-0.071
0.260,-0.127,-0.061
0.278,-0.154,-0.048
0.293,-0.175,-0.039
0.302,-0.188,-0.033
0.303,-0.188,-0.028
0.302,-0.178,-0.020
0.309,-0.165,-0.010
0.327,-0.160,-0.002
0.352,-0.175,0.001
0.375,-0.205,-0.004
0.389,-0.244,-0.012
0.392,-0.278,-0.016
0.387,-0.302,-0.007
0.375,-0.311,0.014
0.358,-0.306,0.038
0.334,-0.285,0.053
0.302,-0.249,0.053
0.261,-0.206,0.043
0.210,-0.162,0.032
0.155,-0.121,0.029
0.098,-0.085,0.034
0.040,-0.052,0.042
-0.021,-0.021,0.046
-0.085,0.011,0.046
-0.145,0.051,0.044
-0.194,0.097,0.042
-0.225,0.145,0.042
-0.242,0.190,0.042
-0.251,0.227,0.042
-0.259,0.255,0.039
-0.267,0.272,0.030
-0.272,0.278,0.016
-0.271,0.276,-0.002
-0.263,0.273,-0.017
-0.257,0.274,-0.024
-0.261,0.284,-0.025
-0.281,0.299,-0.024
-0.314,0.312,-0.022
-0.347,0.315,-0.017
-0.364,0.302,-0.009
-0.352,0.273,-0.005
-0.308,0.236,-0.009
-0.245,0.197,-0.027
-0.185,0.163,-0.053
-0.143,0.139,-0.080
-0.121,0.123,-0.099
-0.107,0.108,-0.102
-0.090,0.087,-0.089
-0.059,0.057,-0.065
-0.015,0.024,-0.044
0.037,-0.004,-0.031
0.083,-0.029,-0.028
0.112,-0.054,-0.031
0.121,-0.079,-0.037
0.114,-0.105,-0.042
0.101,-0.132,-0.044
0.082,-0.160,-0.042
0.059,-0.186,-0.036
0.028,-0.207,-0.031
-0.002,-0.220,-0.026
-0.023,-0.227,-0.021
-0.027,-0.229,-0.010
-0.014,-0.226,0.011
0.011,-0.218,0.043
0.039,-0.207,0.081
0.062,-0.195,0.115
0.078,-0.184,0.138
0.087,-0.175,0.146
0.095,-0.164,0.144
0.106,-0.147,0.138
0.121,-0.123,0.133
0.138,-0.097,0.129
0.149,-0.075,0.125
0.149,-0.062,0.119
0.142,-0.058,0.115
0.135,-0.058,0.117
0.134,-0.060,0.126
0.136,-0.059,0.138
0.141,-0.053,0.145
0.144,-0.044,0.141
0.148,-0.041,0.126
0.152,-0.048,0.104
0.156,-0.063,0.080
0.156,-0.079,0.057
0.146,-0.087,0.030
0.121,-0.081,-0.003
0.075,-0.061,-0.037
0.012,-0.031,-0.065
-0.056,-0.000,-0.080
-0.113,0.022,-0.082
-0.146,0.029,-0.078
-0.156,0.021,-0.079
-0.148,0.003,-0.089
-0.135,-0.021,-0.106
-0.130,-0.046,-0.126
-0.138,-0.070,-0.141
-0.162,-0.087,-0.147
-0.192,-0.092,-0.139
-0.219,-0.081,-0.116
-0.230,-0.054,-0.085
-0.224,-0.015,-0.058
-0.201,0.025,-0.044
-0.169,0.058,-0.047
-0.132,0.079,-0.061
-0.096,0.092,-0.078
-0.069,0.101,-0.089
-0.055,0.112,-0.093
-0.055,0.128,-0.089
-0.062,0.148,-0.082
-0.063,0.168,-0.075
-0.046,0.180,-0.069
-0.010,0.182,-0.063
0.035,0.180,-0.053
0.077,0.178,-0.039
0.103,0.177,-0.018
0.109,0.176,0.009
0.100,0.173,0.038
0.081,0.169,0.063
0.063,0.167,0.080
0.054,0.170,0.087
0.057,0.174,0.085
0.066,0.176,0.075
0.078,0.169,0.061
0.088,0.148,0.050
0.096,0.108,0.046
0.099,0.055,0.053
0.094,-0.003,0.067
0.078,-0.056,0.084
0.053,-0.100,0.100
0.021,-0.138,0.106
-0.012,-0.174,0.100
-0.040,-0.209,0.078
-0.064,-0.240,0.049
-0.087,-0.260,0.020
-0.115,-0.262,-0.000
-0.145,-0.245,-0.007
-0.168,-0.211,-0.001
-0.173,-0.167,0.014
-0.155,-0.121,0.033
-0.121,-0.076,0.049
-0.085,-0.037,0.061
-0.055,-0.012,0.067
-0.036,-0.002,0.068
-0.024,-0.010,0.066
-0.012,-0.028,0.062
0.006,-0.050,0.058
0.030,-0.066,0.055
0.054,-0.076,0.049
0.074,-0.077,0.040
0.087,-0.072,0.030
0.096,-0.062,0.022
0.104,-0.046,0.016
0.112,-0.025,0.012
0.114,-0.001,0.009
0.106,0.021,0.006
0.087,0.035,0.005
0.065,0.041,0.000
0.049,0.037,-0.013
0.042,0.023,-0.036
0.041,0.006,-0.065
0.037,-0.010,-0.094
0.023,-0.020,-0.114
-0.002,-0.020,-0.124
-0.039,-0.014,-0.123
-0.081,-0.006,-0.116
-0.116,0.001,-0.112
-0.135,0.001,-0.118
-0.134,-0.008,-0.134
-0.118,-0.028,-0.155
-0.098,-0.058,-0.172
-0.083,-0.090,-0.184
-0.080,-0.120,-0.188
-0.088,-0.145,-0.187
-0.104,-0.158,-0.187
-0.128,-0.155,-0.188
-0.151,-0.131,-0.184
-0.166,-0.086,-0.170
-0.164,-0.027,-0.142
-0.140,0.036,-0.106
-0.092,0.091,-0.077
-0.026,0.129,-0.061
0.046,0.147,-0.059
0.106,0.155,-0.063
0.143,0.166,-0.061
0.155,0.190,-0.048
0.151,0.228,-0.024
0.139,0.274,0.007
0.126,0.323,0.039
0.115,0.369,0.067
0.108,0.407,0.091
0.104,0.431,0.105
0.099,0.438,0.108
0.089,0.427,0.103
0.071,0.401,0.096
0.048,0.363,0.094
0.028,0.316,0.097
0.017,0.261,0.099
0.018,0.202,0.093
0.028,0.142,0.078
0.039,0.083,0.063
0.047,0.026,0.051
0.050,-0.032,0.044
0.048,-0.098,0.036
0.042,-0.172,0.022
0.032,-0.251,0.004
0.021,-0.324,-0.012
0.014,-0.380,-0.021
0.012,-0.414,-0.024
0.018,-0.430,-0.027
0.027,-0.429,-0.031
0.031,-0.418,-0.032
0.028,-0.401,-0.030
0.020,-0.382,-0.023
0.012,-0.364,-0.015
0.011,-0.342,-0.008
0.015,-0.314,-0.004
0.022,-0.281,-0.002
0.027,-0.247,-0.001
0.021,-0.215,0.003
0.005,-0.187,0.009
-0.018,-0.163,0.018
-0.037,-0.141,0.029
-0.050,-0.119,0.042
-0.062,-0.093,0.055
-0.079,-0.062,0.061
-0.105,-0.023,0.057
-0.138,0.020,0.046
-0.171,0.063,0.031
-0.196,0.098,0.016
-0.203,0.117,-0.002
-0.188,0.121,-0.026
-0.158,0.111,-0.053
-0.125,0.091,-0.074
-0.096,0.067,-0.085
-0.078,0.048,-0.083
-0.067,0.041,-0.073
-0.064,0.049,-0.060
-0.065,0.073,-0.050
-0.064,0.108,-0.046
-0.057,0.147,-0.048
-0.044,0.180,-0.052
-0.026,0.198,-0.055
-0.007,0.199,-0.053
0.015,0.188,-0.047
0.040,0.166,-0.039
0.069,0.137,-0.034
0.100,0.104,-0.036
0.126,0.073,-0.044
0.139,0.048,-0.053
0.139,0.031,-0.057
0.135,0.019,-0.051
0.134,0.008,-0.036
0.142,-0.002,-0.015
0.154,-0.007,0.009
0.166,-0.003,0.033
0.175,0.005,0.054
0.180,0.010,0.068
0.185,0.003,0.071
0.190,-0.020,0.060
0.198,-0.057,0.040
0.204,-0.099,0.017
0.203,-0.133,-0.002
0.192,-0.150,-0.010
0.171,-0.149,-0.003
0.146,-0.132,0.018
0.124,-0.108,0.046
0.109,-0.081,0.065
0.102,-0.053,0.067
0.094,-0.028,0.050
0.080,-0.009,0.026
0.052,0.003,0.011
0.014,0.008,0.012
-0.025,0.003,0.024
-0.054,-0.014,0.036
-0.071,-0.046,0.040
-0.082,-0.088,0.030
-0.098,-0.128,0.010
-0.129,-0.152,-0.014
-0.177,-0.151,-0.034
-0.235,-0.126,-0.041
-0.291,-0.078,-0.033
-0.329,-0.013,-0.014
-0.343,0.056,0.012
-0.335,0.116,0.037
-0.311,0.153,0.055
-0.280,0.161,0.063
-0.248,0.142,0.057
-0.214,0.102,0.041
-0.178,0.050,0.018
-0.141,0.001,-0.006
-0.101,-0.033,-0.025
-0.060,-0.048,-0.035
-0.021,-0.046,-0.034
0.014,-0.033,-0.025
0.044,-0.014,-0.011
0.073,0.009,0.003
0.104,0.030,0.014
0.135,0.050,0.021
0.164,0.067,0.021
0.188,0.080,0.014
0.210,0.091,0.001
0.235,0.096,-0.010
0.261,0.094,-0.013
0.288,0.086,-0.005
0.311,0.074,0.014
0.321,0.062,0.038
0.315,0.054,0.063
0.291,0.054,0.088
0.255,0.061,0.111
0.216,0.071,0.128
0.179,0.083,0.137
0.143,0.096,0.137
0.106,0.108,0.131
0.067,0.118,0.120
0.032,0.124,0.108
0.007,0.120,0.094
-0.003,0.101,0.079
-0.002,0.065,0.062
0.004,0.019,0.041
0.005,-0.035,0.018
-0.005,-0.089,-0.008
-0.027,-0.136,-0.030
-0.059,-0.168,-0.049
-0.093,-0.181,-0.064
-0.127,-0.178,-0.079
-0.158,-0.166,-0.096
-0.192,-0.153,-0.114
-0.229,-0.143,-0.133
-0.267,-0.138,-0.148
-0.298,-0.138,-0.156
-0.315,-0.139,-0.158
-0.316,-0.134,-0.155
-0.302,-0.118,-0.150
-0.280,-0.091,-0.145
-0.256,-0.055,-0.136
-0.237,-0.018,-0.123
-0.220,0.009,-0.105
-0.196,0.016,-0.087
-0.162,0.002,-0.073
-0.119,-0.025,-0.064
-0.079,-0.053,-0.057
-0.048,-0.072,-0.049
-0.028,-0.079,-0.039
-0.012,-0.077,-0.026
0.008,-0.073,-0.013
0.034,-0.072,-0.001
0.068,-0.074,0.010
0.104,-0.076,0.021
0.139,-0.071,0.032
0.168,-0.055,0.044
0.192,-0.027,0.059
0.215,0.012,0.079
0.240,0.060,0.102
0.266,0.108,0.121
0.290,0.148,0.131
0.306,0.173,0.131
0.313,0.182,0.130
0.315,0.180,0.132
0.311,0.179,0.141
0.301,0.185,0.149
0.282,0.198,0.149
0.253,0.216,0.138
0.218,0.230,0.118
0.181,0.239,0.096
0.146,0.239,0.076
0.116,0.231,0.062
0.091,0.214,0.053
0.071,0.188,0.044
0.052,0.153,0.030
0.029,0.115,0.006
0.001,0.080,-0.021
-0.033,0.053,-0.043
-0.069,0.036,-0.054
-0.102,0.027,-0.057
-0.127,0.022,-0.055
-0.147,0.017,-0.055
-0.164,0.010,-0.055
-0.180,0.003,-0.052
-0.194,-0.003,-0.043
-0.203,-0.005,-0.034
-0.205,-0.008,-0.028
-0.202,-0.016,-0.026
-0.197,-0.031,-0.028
-0.190,-0.053,-0.032
-0.179,-0.078,-0.038
-0.164,-0.098,-0.046
-0.148,-0.110,-0.053
-0.133,-0.111,-0.056
-0.122,-0.100,-0.053
-0.115,-0.080,-0.046
-0.111,-0.057,-0.037
-0.106,-0.039,-0.031
-0.101,-0.029,-0.029
-0.091,-0.026,-0.030
-0.075,-0.024,-0.031
-0.050,-0.019,-0.029
-0.021,-0.007,-0.024
0.006,0.010,-0.015
0.028,0.028,-0.007
0.044,0.044,-0.002
0.056,0.055,-0.000
0.067,0.057,-0.002
0.080,0.052,-0.006
0.093,0.047,-0.009
0.104,0.048,-0.007
0.106,0.057,0.001
0.099,0.070,0.012
0.084,0.081,0.021
0.069,0.083,0.023
0.060,0.073,0.017
0.058,0.050,0.007
0.059,0.016,-0.001
0.061,-0.024,-0.005
0.056,-0.063,-0.003
0.043,-0.096,0.003
0.022,-0.119,0.010
-0.003,-0.133,0.018
-0.030,-0.138,0.020
-0.062,-0.137,0.014
-0.096,-0.132,0.003
-0.130,-0.125,-0.007
-0.155,-0.116,-0.012
-0.164,-0.104,-0.010
-0.153,-0.088,-0.003
-0.125,-0.071,0.007
-0.089,-0.054,0.018
-0.054,-0.037,0.026
-0.028,-0.020,0.026
-0.015,-0.009,0.020
-0.011,-0.004,0.008
-0.006,-0.006,-0.004
0.008,-0.011,-0.014
0.036,-0.016,-0.019
0.072,-0.019,-0.019
0.107,-0.019,-0.014
0.133,-0.016,-0.007
0.149,-0.013,0.001
0.162,-0.009,0.007
0.175,-0.004,0.010
0.190,0.006,0.012
0.204,0.024,0.015
0.212,0.048,0.020
0.210,0.074,0.025
0.201,0.099,0.029
0.186,0.117,0.031
0.174,0.125,0.033
0.168,0.121,0.037
0.169,0.106,0.038
0.171,0.087,0.029
0.168,0.067,0.010
0.152,0.052,-0.012
0.120,0.043,-0.028
0.076,0.044,-0.033
0.024,0.050,-0.030
-0.026,0.057,-0.022
-0.070,0.058,-0.016
-0.107,0.052,-0.014
-0.137,0.043,-0.016
-0.161,0.035,-0.025
-0.180,0.031,-0.037
-0.198,0.029,-0.047
-0.216,0.025,-0.050
-0.233,0.020,-0.046
-0.246,0.012,-0.039
-0.247,0.002,-0.034
-0.235,-0.012,-0.033
-0.212,-0.030,-0.034
-0.184,-0.047,-0.035
-0.158,-0.058,-0.035
-0.141,-0.063,-0.033
-0.133,-0.063,-0.030
-0.128,-0.061,-0.026
-0.115,-0.060,-0.020
-0.085,-0.061,-0.014
-0.044,-0.067,-0.010
-0.002,-0.076,-0.007
0.031,-0.087,-0.003
0.053,-0.096,0.003
0.069,-0.104,0.009
0.085,-0.108,0.016
0.101,-0.110,0.020
0.117,-0.106,0.022
0.129,-0.096,0.024
0.136,-0.077,0.024
0.136,-0.055,0.026
0.130,-0.036,0.030
0.123,-0.023,0.035
0.114,-0.017,0.042
0.104,-0.012,0.049
0.091,-0.006,0.053
0.073,0.004,0.055
0.053,0.022,0.058
0.038,0.045,0.059
0.028,0.071,0.057
0.020,0.094,0.047
0.008,0.115,0.032
-0.009,0.135,0.020
-0.030,0.157,0.014
-0.052,0.180,0.017
-0.073,0.200,0.022
-0.094,0.215,0.024
-0.115,0.225,0.022
-0.135,0.230,0.014
-0.152,0.231,0.003
-0.166,0.226,-0.007
-0.177,0.219,-0.015
-0.185,0.212,-0.020
-0.190,0.207,-0.021
-0.192,0.198,-0.019
-0.188,0.182,-0.016
-0.174,0.154,-0.016
-0.151,0.118,-0.021
-0.126,0.077,-0.035
-0.104,0.034,-0.055
-0.094,-0.010,-0.077
-0.096,-0.050,-0.094
-0.103,-0.085,-0.104
-0.105,-0.116,-0.101
-0.093,-0.144,-0.088
-0.065,-0.169,-0.070
-0.025,-0.190,-0.055
0.019,-0.204,-0.047
0.061,-0.214,-0.045
0.095,-0.221,-0.046
0.122,-0.226,-0.047
0.144,-0.227,-0.046
0.160,-0.219,-0.045
0.167,-0.207,-0.041
0.163,-0.192,-0.029
0.152,-0.177,-0.008
0.142,-0.159,0.021
0.140,-0.139,0.053
0.145,-0.117,0.078
0.151,-0.096,0.094
0.146,-0.075,0.100
0.130,-0.057,0.100
0.107,-0.041,0.096
0.090,-0.033,0.092
0.084,-0.034,0.088
0.087,-0.044,0.086
0.092,-0.058,0.083
0.092,-0.070,0.077
0.083,-0.074,0.068
0.063,-0.067,0.061
0.040,-0.049,0.061
0.021,-0.020,0.068
0.011,0.015,0.076
0.010,0.048,0.080
0.011,0.072,0.075
0.007,0.087,0.067
-0.004,0.095,0.059
-0.020,0.102,0.053
-0.035,0.106,0.048
-0.044,0.104,0.035
-0.048,0.092,0.016
-0.049,0.073,-0.009
-0.048,0.052,-0.033
-0.049,0.037,-0.050
-0.051,0.032,-0.060
-0.055,0.035,-0.063
-0.060,0.044,-0.058
-0.062,0.055,-0.048
-0.059,0.061,-0.039
-0.052,0.061,-0.035
-0.043,0.052,-0.040
-0.036,0.038,-0.049
-0.035,0.020,-0.058
-0.038,0.001,-0.063
-0.046,-0.019,-0.064
-0.059,-0.035,-0.061
-0.075,-0.043,-0.056
-0.093,-0.044,-0.050
-0.109,-0.041,-0.043
-0.119,-0.037,-0.032
-0.121,-0.032,-0.018
-0.117,-0.026,-0.004
-0.113,-0.020,0.003
-0.108,-0.014,0.004
-0.104,-0.009,0.002
-0.095,-0.005,0.001
-0.082,-0.003,0.003
-0.063,-0.001,0.008
-0.042,0.003,0.011
-0.028,0.007,0.011
-0.022,0.011,0.009
-0.026,0.013,0.010
-0.032,0.016,0.015
-0.033,0.019,0.021
-0.026,0.021,0.027
-0.010,0.024,0.029
0.008,0.026,0.028
0.020,0.031,0.027
0.021,0.038,0.024
0.009,0.047,0.020
-0.008,0.054,0.012
-0.021,0.057,0.001
-0.023,0.058,-0.010
-0.009,0.056,-0.019
0.017,0.050,-0.025
0.048,0.039,-0.030
0.078,0.023,-0.035
0.102,0.005,-0.041
0.116,-0.012,-0.046
0.119,-0.024,-0.047
0.112,-0.029,-0.042
0.093,-0.028,-0.032
0.065,-0.022,-0.021
0.037,-0.016,-0.011
0.013,-0.013,-0.005
0.000,-0.013,-0.003
0.001,-0.016,-0.004
0.012,-0.021,-0.008
0.027,-0.028,-0.014
0.043,-0.036,-0.022
0.057,-0.041,-0.030
0.067,-0.043,-0.037
0.073,-0.041,-0.041
0.074,-0.037,-0.042
0.073,-0.033,-0.042
0.072,-0.031,-0.042
0.071,-0.033,-0.042
0.068,-0.037,-0.042
0.063,-0.042,-0.041
0.057,-0.043,-0.038
0.048,-0.039,-0.035
0.036,-0.028,-0.031
0.019,-0.013,-0.028
0.000,0.003,-0.022
-0.017,0.020,-0.010
-0.028,0.036,0.009
-0.030,0.050,0.029
-0.021,0.057,0.042
-0.007,0.052,0.047
0.006,0.039,0.046
0.010,0.022,0.043
0.007,0.011,0.040
-0.003,0.006,0.039
-0.015,0.008,0.041
-0.028,0.016,0.051
-0.041,0.030,0.067
-0.055,0.048,0.084
-0.069,0.065,0.098
-0.087,0.080,0.103
-0.104,0.087,0.101
-0.117,0.086,0.096
-0.123,0.077,0.093
-0.120,0.060,0.092
-0.111,0.034,0.091
-0.097,0.000,0.084
-0.081,-0.036,0.070
-0.068,-0.065,0.051
-0.062,-0.082,0.032
-0.063,-0.083,0.020
-0.069,-0.074,0.017
-0.072,-0.062,0.022
-0.067,-0.055,0.030
-0.049,-0.062,0.037
-0.020,-0.082,0.038
0.015,-0.112,0.028
0.050,-0.143,0.009
0.077,-0.170,-0.012
0.096,-0.187,-0.027
0.108,-0.189,-0.032
0.115,-0.177,-0.029
0.123,-0.156,-0.023
0.136,-0.132,-0.020
0.155,-0.108,-0.020
0.173,-0.084,-0.020
0.185,-0.059,-0.019
0.187,-0.031,-0.019
0.178,-0.004,-0.021
0.161,0.019,-0.025
0.143,0.033,-0.029
0.132,0.041,-0.031
0.131,0.043,-0.030
0.136,0.047,-0.026
0.138,0.055,-0.020
0.129,0.069,-0.014
0.110,0.085,-0.008
0.085,0.101,0.000
0.057,0.110,0.009
0.028,0.113,0.015
-0.002,0.110,0.016
-0.032,0.105,0.010
-0.059,0.101,-0.000
-0.082,0.099,-0.010
-0.097,0.096,-0.015
-0.105,0.089,-0.013
-0.107,0.078,-0.007
-0.103,0.062,-0.001
-0.095,0.043,0.001
-0.087,0.023,-0.001
-0.080,0.007,-0.007
-0.074,-0.005,-0.016
-0.069,-0.012,-0.030
-0.067,-0.020,-0.044
-0.072,-0.028,-0.057
-0.083,-0.031,-0.063
-0.095,-0.026,-0.062
-0.101,-0.014,-0.053
-0.096,0.000,-0.041
-0.080,0.012,-0.029
-0.054,0.023,-0.018
-0.022,0.033,-0.007
0.010,0.042,0.004
0.033,0.048,0.019
0.043,0.052,0.037
0.042,0.057,0.055
0.037,0.065,0.068
0.030,0.074,0.073
0.022,0.084,0.071
0.014,0.093,0.063
0.007,0.098,0.051
0.008,0.093,0.038
0.018,0.078,0.026
0.034,0.056,0.020
0.054,0.032,0.020
0.071,0.013,0.027
0.085,0.000,0.036
0.094,-0.009,0.039
0.101,-0.018,0.033
0.104,-0.030,0.019
0.104,-0.043,0.003
0.102,-0.053,-0.007
0.098,-0.059,-0.011
0.091,-0.063,-0.011
0.083,-0.065,-0.010
0.078,-0.068,-0.012
0.078,-0.073,-0.020
0.080,-0.076,-0.033
0.078,-0.073,-0.049
0.064,-0.062,-0.062
0.039,-0.044,-0.065
0.008,-0.024,-0.057
-0.022,-0.007,-0.041
-0.042,0.001,-0.021
-0.051,-0.002,-0.005
-0.051,-0.014,0.001
-0.050,-0.031,-0.003
-0.056,-0.047,-0.012
-0.072,-0.057,-0.019
-0.095,-0.061,-0.018
-0.119,-0.063,-0.012
-0.137,-0.063,-0.003
-0.145,-0.063,0.008
-0.145,-0.061,0.020
-0.139,-0.053,0.034
-0.130,-0.040,0.046
-0.119,-0.024,0.052
-0.109,-0.012,0.050
-0.101,-0.009,0.042
-0.094,-0.016,0.030
-0.087,-0.031,0.018
-0.078,-0.047,0.008
-0.066,-0.063,0.002
-0.052,-0.079,0.000
-0.036,-0.094,0.000
-0.019,-0.110,0.001
-0.003,-0.123,0.002
0.009,-0.133,0.001
0.017,-0.137,-0.003
0.021,-0.132,-0.009
0.020,-0.120,-0.015
0.015,-0.103,-0.021
0.014,-0.084,-0.029
0.021,-0.067,-0.036
0.033,-0.054,-0.038
0.048,-0.046,-0.033
0.063,-0.042,-0.022
0.075,-0.042,-0.010
0.083,-0.043,0.001
0.085,-0.044,0.008
0.082,-0.042,0.010
0.077,-0.036,0.010
0.072,-0.026,0.012
0.068,-0.018,0.013
0.068,-0.014,0.012
0.070,-0.019,0.005
0.074,-0.033,-0.009
0.076,-0.052,-0.025
0.073,-0.071,-0.040
0.061,-0.082,-0.050
0.040,-0.080,-0.055
0.012,-0.064,-0.055
-0.017,-0.037,-0.050
-0.041,-0.004,-0.042
-0.053,0.030,-0.030
-0.055,0.060,-0.016
-0.048,0.080,-0.003
-0.034,0.088,0.004
-0.020,0.084,0.005
-0.009,0.072,0.001
-0.009,0.056,-0.007
-0.021,0.041,-0.015
-0.041,0.034,-0.020
-0.062,0.037,-0.021
-0.077,0.047,-0.017
-0.083,0.059,-0.011
-0.081,0.066,-0.005
-0.073,0.067,-0.000
-0.065,0.059,0.003
-0.061,0.047,0.007
-0.059,0.033,0.014
-0.056,0.022,0.024
-0.046,0.015,0.037
-0.030,0.010,0.046
-0.010,0.005,0.048
0.007,-0.001,0.039
0.018,-0.009,0.025
0.023,-0.017,0.012
0.023,-0.022,0.005
0.019,-0.021,0.005
0.012,-0.013,0.008
0.005,0.001,0.010
-0.001,0.019,0.010
-0.004,0.039,0.008
-0.005,0.056,0.006
-0.005,0.067,0.005
-0.001,0.073,0.005
0.006,0.073,0.003
0.013,0.069,0.003
0.018,0.065,0.003
0.016,0.068,0.004
0.007,0.079,0.008
-0.007,0.098,0.011
-0.020,0.115,0.013
-0.029,0.124,0.012
-0.030,0.120,0.009
-0.025,0.105,0.005
-0.021,0.085,0.001
-0.021,0.065,-0.003
-0.024,0.047,-0.007
-0.029,0.031,-0.011
-0.034,0.016,-0.014
-0.037,0.003,-0.015
-0.035,-0.004,-0.014
-0.028,-0.009,-0.013
-0.016,-0.014,-0.014
0.001,-0.025,-0.017
0.021,-0.045,-0.020
0.044,-0.071,-0.022
0.066,-0.100,-0.026
0.080,-0.128,-0.030
0.082,-0.151,-0.036
0.072,-0.168,-0.041
0.054,-0.177,-0.045
0.036,-0.175,-0.046
0.024,-0.161,-0.044
0.020,-0.140,-0.038
0.022,-0.113,-0.030
0.025,-0.087,-0.023
0.028,-0.066,-0.017
0.031,-0.052,-0.012
0.034,-0.046,-0.008
0.036,-0.047,-0.005
0.038,-0.050,-0.003
0.041,-0.055,-0.002
0.042,-0.061,-0.002
0.039,-0.066,-0.003
0.028,-0.071,-0.003
0.010,-0.074,-0.003
-0.008,-0.072,-0.003
-0.019,-0.066,-0.003
-0.019,-0.057,-0.002
-0.009,-0.042,0.000
0.005,-0.024,0.002
0.015,0.000,0.003
0.018,0.028,0.003
0.016,0.056,0.005
0.011,0.082,0.010
0.009,0.105,0.018
0.009,0.123,0.026
0.010,0.132,0.030
0.010,0.130,0.028
0.008,0.120,0.021
0.004,0.110,0.014
0.001,0.102,0.010
-0.002,0.101,0.009
-0.005,0.104,0.009
-0.010,0.110,0.008
-0.021,0.115,0.007
-0.036,0.119,0.007
-0.056,0.121,0.007
-0.078,0.121,0.006
-0.097,0.119,0.005
-0.109,0.116,0.004
-0.110,0.114,0.006
-0.103,0.115,0.009
-0.090,0.115,0.011
-0.074,0.112,0.010
-0.057,0.101,0.007
-0.038,0.084,0.003
-0.021,0.065,0.001
-0.005,0.049,-0.001
0.008,0.039,-0.007
0.018,0.037,-0.017
0.023,0.042,-0.025
0.025,0.051,-0.030
0.026,0.055,-0.032
0.030,0.053,-0.033
0.036,0.041,-0.036
0.042,0.023,-0.039
0.048,0.001,-0.040
0.054,-0.021,-0.039
0.061,-0.041,-0.036
0.067,-0.056,-0.033
0.069,-0.067,-0.030
0.067,-0.074,-0.028
0.063,-0.077,-0.023
0.061,-0.073,-0.018
0.060,-0.064,-0.011
0.061,-0.053,-0.006
0.063,-0.042,-0.002
0.065,-0.035,0.001
0.065,-0.031,0.007
0.063,-0.027,0.015
0.059,-0.024,0.023
0.053,-0.022,0.027
0.047,-0.023,0.027
0.042,-0.029,0.024
0.034,-0.035,0.020
0.023,-0.039,0.016
0.009,-0.035,0.013
-0.010,-0.023,0.010
-0.030,-0.003,0.006
-0.052,0.021,0.001
-0.071,0.048,-0.004
-0.087,0.071,-0.010
-0.100,0.086,-0.015
-0.105,0.092,-0.016
-0.101,0.091,-0.012
-0.089,0.085,-0.007
-0.073,0.073,-0.005
-0.055,0.059,-0.006
-0.037,0.043,-0.009
-0.020,0.031,-0.009
-0.006,0.026,-0.008
0.003,0.031,-0.006
0.006,0.041,-0.003
0.003,0.053,-0.001
-0.005,0.064,-0.001
-0.018,0.072,-0.003
-0.030,0.074,-0.006
-0.041,0.071,-0.009
-0.045,0.063,-0.010
-0.046,0.051,-0.011
-0.042,0.038,-0.013
-0.035,0.024,-0.016
-0.024,0.009,-0.021
-0.010,-0.005,-0.024
0.007,-0.014,-0.022
0.026,-0.016,-0.016
0.044,-0.010,-0.005
0.057,0.000,0.007
0.060,0.010,0.015
0.054,0.013,0.018
0.044,0.007,0.014
0.035,-0.008,0.003
0.029,-0.024,-0.012
0.025,-0.037,-0.024
0.021,-0.045,-0.031
0.016,-0.046,-0.031
0.014,-0.043,-0.023
0.016,-0.038,-0.010
0.021,-0.033,0.005
0.028,-0.029,0.018
0.033,-0.024,0.026
0.033,-0.018,0.030
0.028,-0.010,0.033
0.020,-0.004,0.033
0.012,-0.001,0.031
0.007,-0.005,0.028
0.003,-0.012,0.025
-0.001,-0.021,0.022
-0.006,-0.028,0.022
-0.010,-0.031,0.024
-0.012,-0.031,0.030
-0.007,-0.030,0.037
0.005,-0.029,0.041
0.019,-0.029,0.043
0.030,-0.031,0.042
0.035,-0.032,0.041
0.031,-0.032,0.040
0.021,-0.030,0.039
0.009,-0.028,0.037
-0.005,-0.030,0.034
-0.018,-0.035,0.030
-0.030,-0.047,0.025
-0.036,-0.063,0.018
-0.039,-0.081,0.010
-0.039,-0.096,0.003
-0.038,-0.103,-0.003
-0.033,-0.101,-0.006
-0.025,-0.089,-0.005
-0.012,-0.071,0.000
0.001,-0.048,0.006
0.016,-0.023,0.011
0.027,0.001,0.015
0.035,0.022,0.018
0.042,0.039,0.021
0.049,0.052,0.024
0.057,0.059,0.022
0.065,0.061,0.016
0.070,0.058,0.007
0.069,0.056,-0.004
0.061,0.056,-0.012
0.048,0.061,-0.015
0.035,0.070,-0.016
0.027,0.079,-0.014
0.026,0.085,-0.012
0.028,0.086,-0.009
0.029,0.078,-0.007
0.026,0.065,-0.007
0.018,0.049,-0.010
0.001,0.034,-0.015
-0.019,0.024,-0.021
-0.040,0.018,-0.025
-0.055,0.014,-0.024
-0.063,0.011,-0.021
-0.066,0.009,-0.018
-0.067,0.003,-0.016
-0.068,-0.003,-0.014
-0.068,-0.009,-0.010
-0.070,-0.010,-0.007
-0.074,-0.007,-0.006
-0.081,-0.002,-0.008
-0.087,0.002,-0.013
-0.092,0.004,-0.019
-0.093,0.004,-0.025
-0.090,0.004,-0.027
-0.082,0.004,-0.024
-0.072,0.005,-0.018
-0.063,0.007,-0.010
-0.055,0.010,0.000
-0.047,0.012,0.010
-0.035,0.017,0.019
-0.022,0.023,0.024
-0.010,0.030,0.025
-0.005,0.036,0.024
-0.003,0.037,0.022
-0.001,0.033,0.019
0.001,0.024,0.014
0.005,0.012,0.007
0.011,-0.002,0.001
0.019,-0.016,-0.003
0.025,-0.027,-0.005
0.026,-0.032,-0.005
0.020,-0.030,-0.003
0.007,-0.023,0.000
-0.009,-0.013,0.003
-0.025,-0.002,0.005
-0.040,0.009,0.008
-0.050,0.018,0.013
-0.055,0.024,0.018
-0.054,0.027,0.021
-0.051,0.026,0.022
-0.045,0.021,0.020
-0.035,0.010,0.016
-0.020,-0.003,0.014
-0.002,-0.019,0.013
0.015,-0.032,0.012
0.028,-0.038,0.011
0.034,-0.037,0.012
0.035,-0.031,0.014
0.035,-0.027,0.015
0.036,-0.024,0.010
0.042,-0.024,0.003
0.051,-0.025,-0.003
0.058,-0.027,-0.009
0.062,-0.030,-0.012
0.063,-0.032,-0.018
0.061,-0.037,-0.022
0.058,-0.042,-0.026
0.053,-0.046,-0.028
0.046,-0.044,-0.025
0.038,-0.033,-0.019
0.029,-0.016,-0.010
0.020,0.003,0.001
0.014,0.020,0.011
0.013,0.034,0.020
0.016,0.044,0.027
0.020,0.048,0.029
0.021,0.048,0.024
0.018,0.046,0.016
0.012,0.043,0.007
0.005,0.037,-0.000
-0.001,0.028,-0.005
-0.008,0.018,-0.008
-0.015,0.008,-0.009
-0.022,-0.001,-0.008
-0.026,-0.009,-0.008
-0.025,-0.015,-0.007
-0.017,-0.022,-0.007
-0.003,-0.031,-0.006
0.012,-0.045,-0.006
0.026,-0.061,-0.009
0.034,-0.073,-0.011
0.037,-0.078,-0.012
0.039,-0.075,-0.008
0.043,-0.065,-0.001
0.052,-0.049,0.005
0.065,-0.031,0.005
0.077,-0.014,-0.001
0.083,-0.003,-0.008
0.081,0.006,-0.011
0.073,0.014,-0.008
0.065,0.023,-0.001
0.060,0.033,0.005
0.058,0.039,0.005
0.055,0.042,-0.000
0.048,0.040,-0.010
0.035,0.037,-0.022
0.016,0.033,-0.033
-0.009,0.032,-0.042
-0.037,0.036,-0.046
-0.067,0.044,-0.044
-0.091,0.057,-0.038
-0.106,0.069,-0.031
-0.114,0.078,-0.027
-0.116,0.080,-0.028
-0.112,0.073,-0.033
-0.103,0.057,-0.042
-0.092,0.037,-0.049
-0.081,0.014,-0.052
-0.072,-0.007,-0.049
-0.063,-0.028,-0.041
-0.052,-0.044,-0.028
-0.041,-0.055,-0.015
-0.028,-0.059,-0.003
-0.018,-0.055,0.006
-0.010,-0.046,0.012
-0.006,-0.033,0.014
-0.005,-0.019,0.016
-0.006,-0.008,0.017
-0.006,-0.001,0.018
-0.003,0.003,0.019
0.001,0.009,0.019
0.005,0.020,0.016
0.006,0.032,0.013
0.004,0.044,0.010
-0.001,0.054,0.010
-0.006,0.062,0.013
-0.007,0.069,0.016
-0.002,0.072,0.018
0.004,0.073,0.019
0.010,0.071,0.020
0.017,0.069,0.022
0.028,0.066,0.024
0.045,0.063,0.024
0.062,0.057,0.022
0.074,0.051,0.022
0.080,0.042,0.023
0.080,0.030,0.023
0.078,0.016,0.020
0.076,0.000,0.014
0.074,-0.014,0.008
0.072,-0.027,0.004
0.071,-0.039,0.001
0.070,-0.050,0.001
0.066,-0.061,0.001
0.061,-0.071,0.003
0.055,-0.078,0.005
0.052,-0.084,0.004
0.051,-0.088,0.001
0.050,-0.090,-0.006
0.050,-0.091,-0.014
0.048,-0.092,-0.020
0.046,-0.093,-0.024
0.040,-0.094,-0.023
0.033,-0.092,-0.020
0.025,-0.086,-0.014
0.018,-0.074,-0.009
0.010,-0.059,-0.004
0.001,-0.041,0.000
-0.010,-0.024,0.007
-0.025,-0.010,0.014
-0.041,-0.004,0.020
-0.054,-0.005,0.023
-0.061,-0.011,0.020
-0.061,-0.020,0.013
-0.057,-0.027,0.004
-0.052,-0.031,-0.005
-0.051,-0.031,-0.011
-0.054,-0.029,-0.014
-0.061,-0.027,-0.014
-0.067,-0.028,-0.007
-0.070,-0.028,0.003
-0.069,-0.026,0.014
-0.065,-0.020,0.022
-0.060,-0.014,0.026
-0.057,-0.013,0.027
-0.055,-0.015,0.027
-0.051,-0.020,0.025
-0.043,-0.025,0.022
-0.032,-0.029,0.020
-0.024,-0.031,0.018
-0.020,-0.031,0.018
-0.017,-0.029,0.018
-0.012,-0.030,0.015
-0.005,-0.036,0.007
0.005,-0.045,-0.003
0.016,-0.055,-0.013
0.026,-0.064,-0.017
0.034,-0.071,-0.015
0.041,-0.074,-0.010
0.044,-0.070,-0.004
0.046,-0.060,0.003
0.042,-0.048,0.011
0.034,-0.037,0.018
0.022,-0.026,0.021
0.012,-0.014,0.019
0.007,-0.002,0.013
0.006,0.012,0.004
0.008,0.026,-0.004
0.010,0.041,-0.010
0.012,0.052,-0.015
0.012,0.059,-0.017
0.010,0.061,-0.018
0.006,0.056,-0.018
0.000,0.050,-0.018
-0.004,0.045,-0.015
-0.005,0.042,-0.012
-0.006,0.041,-0.007
-0.006,0.042,-0.001
-0.006,0.044,0.004
-0.005,0.045,0.009
-0.005,0.044,0.012
-0.009,0.042,0.016
-0.016,0.037,0.020
-0.024,0.030,0.023
-0.031,0.024,0.025
-0.038,0.021,0.026
-0.042,0.019,0.028
-0.044,0.019,0.031
-0.042,0.018,0.036
-0.035,0.016,0.040
-0.026,0.014,0.042
-0.016,0.012,0.044
-0.003,0.011,0.048
0.009,0.008,0.051
0.020,-0.001,0.052
0.026,-0.014,0.050
0.028,-0.028,0.046
0.020,-0.039,0.040
0.003,-0.044,0.035
-0.019,-0.044,0.031
-0.039,-0.039,0.027
-0.053,-0.034,0.022
-0.061,-0.032,0.014
-0.062,-0.033,0.003
-0.059,-0.041,-0.008
-0.051,-0.052,-0.019
-0.039,-0.067,-0.027
-0.025,-0.082,-0.033
-0.010,-0.093,-0.035
0.003,-0.096,-0.033
0.015,-0.093,-0.028
0.022,-0.083,-0.022
0.024,-0.071,-0.017
0.022,-0.059,-0.012
0.020,-0.050,-0.007
0.018,-0.043,-0.003
0.020,-0.040,-0.001
0.026,-0.037,-0.002
0.034,-0.033,-0.004
0.043,-0.024,-0.007
0.052,-0.013,-0.009
0.060,0.001,-0.009
0.066,0.016,-0.007
0.074,0.028,-0.001
0.085,0.038,0.007
0.097,0.043,0.014
0.108,0.043,0.017
0.112,0.037,0.016
0.106,0.026,0.012
0.093,0.010,0.006
0.077,-0.009,-0.001
0.061,-0.029,-0.009
0.048,-0.049,-0.017
0.039,-0.069,-0.024
0.033,-0.087,-0.028
0.031,-0.098,-0.029
0.031,-0.101,-0.028
0.033,-0.094,-0.024
0.034,-0.078,-0.019
0.031,-0.055,-0.011
0.024,-0.028,-0.003
0.014,-0.001,0.002
0.002,0.021,0.005
-0.011,0.037,0.006
-0.027,0.047,0.007
-0.043,0.053,0.008
-0.058,0.056,0.008
-0.070,0.056,0.005
-0.080,0.053,-0.000
-0.088,0.049,-0.005
-0.091,0.047,-0.007
-0.089,0.048,-0.006
-0.082,0.052,-0.002
-0.074,0.057,-0.000
-0.069,0.061,-0.000
-0.067,0.066,-0.001
-0.067,0.071,-0.002
-0.067,0.078,-0.002
-0.066,0.085,-0.004
-0.065,0.091,-0.008
-0.065,0.094,-0.014
-0.066,0.093,-0.020
-0.069,0.088,-0.023
-0.072,0.078,-0.025
-0.074,0.065,-0.026
-0.073,0.052,-0.028
-0.070,0.040,-0.031
-0.067,0.033,-0.034
-0.060,0.028,-0.034
-0.050,0.026,-0.031
-0.035,0.022,-0.027
-0.020,0.018,-0.023
-0.007,0.010,-0.020
0.003,0.003,-0.014
0.010,-0.002,-0.006
0.012,-0.005,0.002
0.009,-0.006,0.011
0.002,-0.005,0.020
-0.007,-0.003,0.026
-0.017,-0.001,0.029
-0.024,0.000,0.028
-0.028,0.001,0.024
-0.028,0.001,0.020
-0.026,0.002,0.017
-0.025,0.003,0.017
-0.026,0.006,0.019
-0.031,0.009,0.022
-0.038,0.010,0.024
-0.046,0.010,0.023
-0.051,0.007,0.018
-0.050,0.001,0.010
-0.047,-0.005,0.001
-0.043,-0.011,-0.007
-0.039,-0.016,-0.012
-0.033,-0.021,-0.012
-0.026,-0.027,-0.010
-0.018,-0.033,-0.010
-0.006,-0.042,-0.013
0.009,-0.053,-0.021
0.025,-0.063,-0.029
0.038,-0.068,-0.035
0.044,-0.066,-0.038
0.042,-0.059,-0.035
0.037,-0.048,-0.028
0.033,-0.034,-0.021
0.033,-0.021,-0.017
0.038,-0.010,-0.018
0.046,-0.002,-0.021
0.053,0.002,-0.025
0.059,0.004,-0.026
0.058,0.004,-0.026
0.051,0.003,-0.025
0.038,0.001,-0.026
0.024,0.001,-0.026
0.010,0.004,-0.026
-0.001,0.010,-0.025
-0.010,0.018,-0.024
-0.015,0.025,-0.024
-0.018,0.029,-0.025
-0.019,0.029,-0.025
-0.018,0.026,-0.026
-0.016,0.023,-0.027
-0.016,0.023,-0.028
-0.021,0.028,-0.028
-0.031,0.037,-0.028
-0.044,0.048,-0.026
-0.057,0.058,-0.023
-0.068,0.065,-0.022
-0.074,0.068,-0.024
-0.076,0.065,-0.026
-0.072,0.060,-0.025
-0.063,0.053,-0.020
-0.054,0.049,-0.012
-0.046,0.046,-0.005
-0.039,0.041,0.002
-0.028,0.034,0.006
-0.012,0.028,0.007
0.008,0.023,0.005
0.030,0.021,0.001
0.052,0.020,0.001
0.070,0.020,0.004
0.084,0.021,0.010
0.095,0.021,0.018
0.103,0.018,0.025
0.107,0.012,0.032
0.108,0.002,0.037
0.105,-0.008,0.038
0.100,-0.020,0.037
0.094,-0.033,0.034
0.089,-0.048,0.029
0.083,-0.061,0.023
0.074,-0.072,0.021
0.062,-0.078,0.023
0.047,-0.078,0.030
0.033,-0.075,0.037
0.021,-0.070,0.040
0.013,-0.065,0.039
0.007,-0.063,0.035
0.000,-0.061,0.029
-0.010,-0.056,0.024
-0.023,-0.047,0.020
-0.040,-0.035,0.019
-0.056,-0.021,0.023
-0.069,-0.005,0.031
-0.079,0.009,0.041
-0.085,0.018,0.045
-0.089,0.020,0.042
-0.089,0.015,0.031
-0.089,0.007,0.014
-0.085,0.000,-0.001
-0.080,-0.004,-0.014
-0.073,-0.005,-0.024
-0.067,-0.004,-0.031
-0.061,-0.003,-0.036
-0.057,-0.001,-0.037
-0.054,0.000,-0.032
-0.051,0.002,-0.025
-0.046,0.003,-0.018
-0.037,0.004,-0.011
-0.022,0.001,-0.008
-0.006,-0.003,-0.006
0.009,-0.007,-0.007
0.020,-0.007,-0.007
0.028,-0.005,-0.005
0.037,-0.003,-0.001
0.045,0.001,0.004
0.051,0.008,0.008
0.054,0.016,0.012
0.055,0.024,0.014
0.053,0.030,0.015
0.048,0.034,0.012
0.039,0.035,0.007
0.025,0.033,-0.001
0.009,0.028,-0.007
-0.009,0.021,-0.012
-0.027,0.016,-0.014
-0.042,0.010,-0.017
-0.050,0.003,-0.020
-0.050,-0.005,-0.024
-0.041,-0.012,-0.029
-0.030,-0.017,-0.033
-0.017,-0.017,-0.035
-0.005,-0.014,-0.034
0.006,-0.007,-0.030
0.017,0.001,-0.022
0.028,0.010,-0.014
0.039,0.018,-0.005
0.048,0.023,0.002
0.054,0.023,0.007
0.057,0.018,0.009
0.056,0.008,0.007
0.054,-0.006,0.004
0.052,-0.021,-0.000
0.051,-0.033,-0.003
0.049,-0.039,-0.002
0.047,-0.036,0.002
0.044,-0.026,0.007
0.045,-0.014,0.012
0.048,-0.002,0.016
0.054,0.005,0.016
0.059,0.009,0.013
0.061,0.008,0.008
0.058,0.004,0.004
0.048,-0.002,0.001
0.033,-0.009,-0.000
0.012,-0.016,-0.003
-0.010,-0.022,-0.008
-0.032,-0.026,-0.012
-0.050,-0.030,-0.016
-0.062,-0.030,-0.018
-0.066,-0.030,-0.021
-0.066,-0.031,-0.024
-0.061,-0.035,-0.027
-0.054,-0.039,-0.025
-0.046,-0.042,-0.019
-0.035,-0.044,-0.009
-0.026,-0.044,0.000
-0.020,-0.041,0.007
-0.016,-0.036,0.010
-0.016,-0.028,0.009
-0.016,-0.020,0.006
-0.016,-0.012,0.003
-0.016,-0.005,0.000
-0.014,0.003,0.000
-0.009,0.011,0.002
-0.001,0.020,0.006
0.011,0.029,0.012
0.026,0.035,0.017
0.040,0.039,0.020
0.050,0.039,0.020
0.055,0.035,0.017
0.055,0.029,0.016
0.053,0.025,0.018
0.049,0.026,0.022
0.044,0.031,0.028
0.037,0.040,0.032
0.028,0.051,0.034
0.019,0.062,0.033
0.008,0.071,0.031
-0.001,0.078,0.027
-0.008,0.080,0.023
-0.011,0.076,0.018
-0.011,0.067,0.011
-0.010,0.054,0.005
-0.009,0.042,0.002
-0.006,0.032,0.001
-0.004,0.027,-0.002
-0.005,0.026,-0.004
-0.010,0.028,-0.004
-0.017,0.029,-0.000
-0.020,0.031,0.003
-0.019,0.032,0.003
-0.017,0.032,-0.002
-0.016,0.032,-0.008
-0.013,0.030,-0.014
-0.009,0.028,-0.016
-0.002,0.023,-0.018
0.006,0.016,-0.020
0.016,0.010,-0.023
0.026,0.006,-0.026
0.034,0.003,-0.026
0.039,0.001,-0.020
0.040,0.001,-0.012
0.039,0.006,-0.002
0.039,0.013,0.006
0.039,0.021,0.012
0.038,0.029,0.014
0.036,0.037,0.012
0.033,0.042,0.007
0.029,0.046,0.002
0.024,0.046,0.000
0.023,0.045,-0.000
0.026,0.042,-0.001
0.032,0.036,-0.003
0.038,0.026,-0.004
0.041,0.014,-0.004
0.041,0.004,-0.003
0.039,-0.004,-0.002
0.037,-0.010,-0.001
0.033,-0.015,0.001
0.030,-0.019,0.003
0.029,-0.022,0.003
0.032,-0.027,0.002
0.039,-0.031,-0.000
0.048,-0.038,-0.002
0.054,-0.045,-0.003
0.056,-0.052,-0.005
0.054,-0.058,-0.008
0.051,-0.060,-0.010
0.045,-0.059,-0.011
0.037,-0.055,-0.008
0.029,-0.047,-0.004
0.022,-0.038,0.002
0.018,-0.032,0.008
0.015,-0.030,0.014
0.012,-0.031,0.020
0.009,-0.031,0.022
0.003,-0.026,0.023
-0.005,-0.016,0.024
-0.016,-0.005,0.025
-0.028,0.007,0.027
-0.037,0.017,0.029
-0.041,0.023,0.031
-0.039,0.025,0.030
-0.034,0.024,0.028
-0.027,0.020,0.026
-0.017,0.016,0.027
-0.004,0.011,0.030
0.010,0.007,0.033
0.023,0.003,0.031
0.031,0.000,0.025
0.032,-0.003,0.016
0.029,-0.005,0.005
0.024,-0.006,-0.004
0.020,-0.007,-0.010
0.017,-0.008,-0.010
0.017,-0.009,-0.008
0.019,-0.010,-0.005
0.021,-0.010,-0.005
0.024,-0.011,-0.010
0.025,-0.012,-0.016
0.021,-0.016,-0.020
0.012,-0.019,-0.021
0.002,-0.019,-0.018
-0.005,-0.015,-0.014
-0.007,-0.010,-0.013
-0.002,-0.006,-0.014
0.006,-0.002,-0.016
0.014,0.003,-0.017
0.021,0.008,-0.017
0.023,0.009,-0.018
0.022,0.008,-0.020
0.019,0.007,-0.023
0.014,0.008,-0.026
0.007,0.012,-0.025
-0.000,0.015,-0.021
-0.007,0.018,-0.015
-0.012,0.018,-0.010
-0.013,0.016,-0.007
-0.011,0.011,-0.003
-0.005,0.003,0.000
0.003,-0.005,0.003
0.013,-0.011,0.006
0.020,-0.014,0.009
0.022,-0.012,0.012
0.019,-0.007,0.016
0.013,-0.001,0.020
0.007,0.004,0.020
0.002,0.007,0.018
-0.000,0.007,0.014
-0.003,0.003,0.010
-0.005,-0.000,0.006
-0.007,-0.003,0.003
-0.009,-0.003,-0.001
-0.012,-0.003,-0.005
-0.014,-0.002,-0.007
-0.019,0.001,-0.008
-0.025,0.008,-0.006
-0.032,0.015,-0.004
-0.041,0.020,-0.003
-0.050,0.018,-0.004
-0.061,0.010,-0.007
-0.069,-0.003,-0.010
-0.074,-0.020,-0.015
-0.076,-0.038,-0.021
-0.074,-0.054,-0.025
-0.074,-0.064,-0.026
-0.074,-0.068,-0.025
-0.075,-0.067,-0.022
-0.077,-0.065,-0.020
-0.079,-0.064,-0.018
-0.080,-0.063,-0.016
-0.080,-0.063,-0.013
-0.078,-0.061,-0.010
-0.074,-0.060,-0.006
-0.070,-0.058,-0.001
-0.068,-0.054,0.003
-0.069,-0.047,0.005
-0.072,-0.037,0.004
-0.074,-0.021,0.004
-0.074,0.000,0.006
-0.073,0.024,0.009
-0.067,0.049,0.014
-0.057,0.068,0.018
-0.044,0.082,0.021
-0.029,0.092,0.025
-0.012,0.097,0.030
0.005,0.096,0.035
0.024,0.090,0.040
0.041,0.081,0.042
0.053,0.070,0.041
0.062,0.058,0.037
0.066,0.047,0.032
0.067,0.037,0.027
0.065,0.030,0.022
0.063,0.022,0.020
0.061,0.014,0.018
0.059,0.006,0.019
0.057,-0.001,0.021
0.057,-0.007,0.022
0.056,-0.011,0.021
0.054,-0.015,0.018
0.050,-0.018,0.014
0.046,-0.021,0.009
0.042,-0.028,0.006
0.040,-0.035,0.004
0.040,-0.042,0.005
0.042,-0.048,0.009
0.043,-0.050,0.016
0.041,-0.051,0.023
0.036,-0.048,0.030
0.027,-0.042,0.035
0.016,-0.035,0.037
0.005,-0.030,0.036
-0.004,-0.026,0.035
-0.008,-0.024,0.034
-0.007,-0.023,0.032
-0.003,-0.023,0.029
0.003,-0.023,0.026
0.008,-0.022,0.024
0.009,-0.022,0.024
0.004,-0.024,0.025
-0.004,-0.027,0.024
-0.013,-0.033,0.021
-0.022,-0.039,0.016
-0.031,-0.044,0.012
-0.038,-0.048,0.010
-0.044,-0.049,0.006
-0.048,-0.049,0.001
-0.050,-0.048,-0.003
-0.052,-0.044,-0.003
-0.053,-0.039,0.001
-0.055,-0.031,0.005
-0.057,-0.023,0.007
-0.056,-0.017,0.006
-0.052,-0.013,0.003
-0.044,-0.010,0.000
-0.033,-0.006,-0.003
-0.022,-0.003,-0.009
-0.012,-0.003,-0.016
-0.006,-0.005,-0.022
-0.003,-0.010,-0.027
-0.003,-0.013,-0.030
-0.005,-0.014,-0.033
-0.009,-0.012,-0.037
-0.014,-0.006,-0.039
-0.018,0.004,-0.039
-0.021,0.015,-0.038
-0.020,0.023,-0.037
-0.016,0.027,-0.036
-0.009,0.028,-0.033
0.001,0.028,-0.031
0.012,0.029,-0.026
0.025,0.028,-0.020
0.040,0.028,-0.012
0.053,0.028,-0.005
0.065,0.029,-0.001
0.073,0.030,-0.002
0.076,0.029,-0.005
0.074,0.027,-0.010
0.065,0.024,-0.012
0.052,0.021,-0.013
0.038,0.020,-0.012
0.026,0.021,-0.010
0.015,0.023,-0.008
0.007,0.025,-0.006
0.001,0.024,-0.006
-0.001,0.020,-0.009
0.001,0.012,-0.012
0.005,0.003,-0.013
0.009,-0.005,-0.010
0.014,-0.011,-0.005
0.016,-0.014,-0.000
0.018,-0.015,0.003
0.019,-0.015,0.006
0.020,-0.016,0.008
0.021,-0.016,0.009
0.022,-0.016,0.008
0.024,-0.016,0.006
0.023,-0.016,0.003
0.021,-0.016,-0.000
0.016,-0.016,-0.003
0.013,-0.014,-0.004
0.011,-0.009,-0.003
0.010,-0.001,-0.001
0.010,0.009,0.002
0.011,0.019,0.006
0.013,0.026,0.009
0.016,0.029,0.011
0.018,0.029,0.011
0.016,0.028,0.012
0.012,0.023,0.013
0.008,0.018,0.014
0.001,0.012,0.014
-0.005,0.010,0.014
-0.012,0.010,0.013
-0.018,0.012,0.011
-0.022,0.017,0.009
-0.028,0.022,0.007
-0.035,0.029,0.005
-0.045,0.036,0.002
-0.059,0.042,-0.000
-0.073,0.050,-0.001
-0.082,0.057,-0.001
-0.084,0.063,-0.002
-0.080,0.066,-0.006
-0.073,0.065,-0.012
-0.066,0.061,-0.019
-0.062,0.055,-0.024
-0.058,0.047,-0.026
-0.053,0.037,-0.026
-0.046,0.027,-0.024
-0.039,0.017,-0.022
-0.031,0.009,-0.020
-0.024,0.005,-0.017
-0.018,0.006,-0.014
-0.012,0.010,-0.010
-0.006,0.015,-0.007
0.000,0.017,-0.004
0.006,0.015,-0.002
0.012,0.010,-0.002
0.016,0.005,-0.003
0.019,-0.001,-0.005
0.022,-0.007,-0.006
0.026,-0.013,-0.006
0.032,-0.018,-0.005
0.039,-0.023,-0.003
0.046,-0.027,-0.002
0.052,-0.031,-0.001
0.057,-0.034,-0.002
0.062,-0.035,-0.003
0.063,-0.034,-0.003
0.061,-0.030,-0.002
0.055,-0.026,-0.002
0.051,-0.022,-0.003
0.050,-0.018,-0.004
0.051,-0.015,-0.004
0.055,-0.014,-0.005
0.062,-0.016,-0.008
0.066,-0.017,-0.011
0.065,-0.017,-0.015
0.060,-0.016,-0.018
0.054,-0.016,-0.019
0.051,-0.019,-0.017
0.052,-0.023,-0.012
0.056,-0.027,-0.006
0.058,-0.029,-0.001
0.058,-0.031,-0.001
0.054,-0.035,-0.005
0.046,-0.038,-0.010
0.036,-0.039,-0.014
0.022,-0.037,-0.017
0.007,-0.032,-0.019
-0.008,-0.028,-0.022
-0.019,-0.024,-0.025
-0.023,-0.024,-0.028
-0.022,-0.028,-0.031
-0.017,-0.034,-0.034
-0.009,-0.041,-0.035
-0.002,-0.045,-0.034
0.000,-0.046,-0.029
-0.003,-0.043,-0.021
-0.010,-0.039,-0.012
-0.018,-0.032,-0.005
-0.024,-0.025,-0.001
-0.033,-0.018,-0.002
-0.045,-0.008,-0.006
-0.059,0.002,-0.009
-0.073,0.013,-0.009
-0.083,0.022,-0.004
-0.088,0.030,0.000
-0.086,0.033,0.004
-0.078,0.031,0.004
-0.068,0.028,0.003
-0.059,0.023,0.001
-0.053,0.020,-0.000
-0.050,0.016,-0.002
-0.051,0.011,-0.003
-0.053,0.006,-0.001
-0.055,0.000,0.004
-0.055,-0.005,0.009
-0.052,-0.009,0.013
-0.046,-0.011,0.014
-0.041,-0.014,0.010
-0.036,-0.018,0.004
-0.031,-0.022,-0.002
-0.028,-0.025,-0.005
-0.025,-0.026,-0.004
-0.021,-0.028,0.000
-0.014,-0.030,0.005
-0.004,-0.031,0.008
0.008,-0.030,0.010
0.020,-0.026,0.012
0.028,-0.020,0.015
0.032,-0.012,0.017
0.031,-0.003,0.020
0.026,0.007,0.022
0.022,0.015,0.023
0.018,0.020,0.022
0.016,0.022,0.019
0.014,0.022,0.015
0.014,0.020,0.010
0.015,0.017,0.007
0.017,0.016,0.004
0.018,0.021,0.005
0.016,0.031,0.008
0.015,0.046,0.012
0.014,0.065,0.015
0.013,0.086,0.019
0.013,0.106,0.022
0.014,0.123,0.026
0.017,0.130,0.029
0.020,0.127,0.029
0.024,0.116,0.027
0.026,0.098,0.022
0.027,0.075,0.016
0.027,0.049,0.008
0.026,0.023,0.001
0.026,0.001,-0.005
0.027,-0.018,-0.008
0.030,-0.034,-0.010
0.032,-0.046,-0.011
0.032,-0.053,-0.012
0.028,-0.055,-0.013
0.022,-0.057,-0.015
0.016,-0.057,-0.018
0.007,-0.057,-0.022
-0.003,-0.055,-0.026
-0.016,-0.053,-0.028
-0.026,-0.050,-0.028
-0.035,-0.045,-0.025
-0.041,-0.039,-0.020
-0.045,-0.034,-0.014
-0.049,-0.030,-0.010
-0.053,-0.028,-0.008
-0.057,-0.025,-0.006
-0.061,-0.022,-0.004
-0.063,-0.022,-0.002
-0.065,-0.022,-0.000
-0.066,-0.024,0.001
-0.063,-0.024,0.003
-0.059,-0.023,0.001
-0.055,-0.021,-0.003
-0.054,-0.017,-0.008
-0.054,-0.012,-0.010
-0.055,-0.007,-0.008
-0.055,-0.003,-0.005
-0.053,0.002,-0.002
-0.045,0.008,0.000
-0.033,0.015,0.004
-0.020,0.021,0.009
-0.008,0.028,0.015
0.001,0.035,0.022
0.009,0.043,0.028
0.017,0.051,0.030
0.022,0.059,0.030
0.024,0.065,0.028
0.025,0.073,0.026
0.028,0.078,0.022
0.033,0.083,0.015
0.036,0.083,0.009
0.038,0.077,0.005
0.040,0.067,0.003
0.043,0.053,-0.001
0.045,0.038,-0.007
0.045,0.022,-0.012
0.042,0.009,-0.014
0.036,0.001,-0.013
0.028,-0.000,-0.010
0.018,0.001,-0.009
0.008,0.002,-0.009
0.000,0.002,-0.009
-0.007,0.003,-0.009
-0.012,0.004,-0.008
-0.018,0.006,-0.008
-0.024,0.007,-0.009
-0.028,0.008,-0.010
-0.027,0.009,-0.011
-0.022,0.010,-0.012
-0.012,0.010,-0.014
-0.003,0.012,-0.014
0.006,0.014,-0.013
0.012,0.018,-0.008
0.019,0.020,-0.002
0.024,0.020,0.002
0.028,0.018,0.005
0.028,0.017,0.006
0.023,0.016,0.006
0.016,0.018,0.005
0.009,0.022,0.003
0.005,0.026,0.000
0.002,0.027,-0.004
0.000,0.023,-0.010
-0.001,0.015,-0.017
-0.001,0.006,-0.021
0.001,-0.002,-0.019
0.005,-0.007,-0.014
0.011,-0.008,-0.006
0.018,-0.004,0.002
0.026,0.001,0.010
0.031,0.005,0.017
0.033,0.007,0.022
0.031,0.006,0.022
0.025,0.002,0.019
0.019,-0.006,0.012
0.014,-0.016,0.005
0.013,-0.027,-0.001
0.014,-0.039,-0.006
0.018,-0.049,-0.008
0.023,-0.057,-0.007
0.027,-0.062,-0.006
0.028,-0.065,-0.006
0.025,-0.067,-0.008
0.020,-0.067,-0.010
0.012,-0.067,-0.011
0.003,-0.067,-0.012
-0.003,-0.066,-0.012
-0.005,-0.065,-0.014
-0.004,-0.061,-0.017
-0.001,-0.055,-0.021
0.002,-0.046,-0.026
0.005,-0.035,-0.029
0.006,-0.022,-0.029
0.004,-0.008,-0.028
0.001,0.006,-0.025
-0.000,0.019,-0.023
0.000,0.029,-0.020
0.004,0.037,-0.016
0.008,0.044,-0.013
0.010,0.049,-0.012
0.008,0.051,-0.011
0.001,0.051,-0.011
-0.009,0.048,-0.011
-0.020,0.046,-0.012
-0.028,0.046,-0.014
-0.034,0.048,-0.016
-0.038,0.052,-0.018
-0.040,0.058,-0.016
-0.041,0.064,-0.013
-0.043,0.069,-0.009
-0.046,0.071,-0.006
-0.048,0.069,-0.004
-0.048,0.064,-0.003
-0.046,0.058,-0.002
-0.045,0.052,-0.002
-0.045,0.045,-0.001
-0.046,0.037,-0.001
-0.046,0.030,0.000
-0.045,0.022,0.002
-0.042,0.014,0.005
-0.039,0.004,0.007
-0.035,-0.005,0.010
-0.031,-0.015,0.012
-0.027,-0.022,0.012
-0.022,-0.028,0.012
-0.016,-0.032,0.011
-0.011,-0.035,0.010
-0.005,-0.038,0.010
0.001,-0.040,0.009
0.006,-0.040,0.009
0.007,-0.037,0.011
0.005,-0.030,0.017
0.003,-0.023,0.021
0.001,-0.018,0.024
0.001,-0.015,0.024
0.001,-0.017,0.024
0.000,-0.023,0.023
0.000,-0.033,0.021
0.002,-0.046,0.016
0.006,-0.061,0.011
0.011,-0.075,0.008
0.016,-0.087,0.007
0.021,-0.097,0.007
0.024,-0.102,0.010
0.022,-0.102,0.016
0.017,-0.095,0.023
0.010,-0.083,0.030
0.006,-0.070,0.035
0.004,-0.058,0.035
0.004,-0.048,0.033
0.005,-0.040,0.031
0.009,-0.033,0.030
0.015,-0.026,0.030
0.024,-0.020,0.031
0.033,-0.015,0.032
0.041,-0.011,0.032
0.045,-0.009,0.030
0.045,-0.007,0.027
0.042,-0.006,0.023
0.038,-0.003,0.020
0.035,0.001,0.019
0.035,0.004,0.020
0.036,0.005,0.021
0.039,0.004,0.019
0.041,0.003,0.016
0.040,0.002,0.012
0.036,0.004,0.009
0.029,0.007,0.007
0.021,0.013,0.007
0.012,0.021,0.007
0.007,0.028,0.008
0.004,0.034,0.010
0.002,0.041,0.012
0.001,0.048,0.014
0.001,0.056,0.016
0.002,0.061,0.017
0.004,0.062,0.016
0.007,0.057,0.013
0.010,0.050,0.010
0.013,0.042,0.006
0.016,0.033,0.002
0.019,0.025,-0.001
0.021,0.018,-0.004
0.023,0.014,-0.007
0.025,0.011,-0.008
0.025,0.009,-0.005
0.022,0.008,0.000
0.017,0.006,0.004
0.012,0.003,0.007
0.008,-0.003,0.007
0.005,-0.009,0.008
0.005,-0.016,0.007
0.006,-0.021,0.005
0.009,-0.024,0.003
0.010,-0.024,0.002
0.010,-0.023,0.003
0.007,-0.021,0.004
0.004,-0.019,0.006
0.001,-0.015,0.007
-0.003,-0.011,0.006
-0.006,-0.009,0.004
-0.008,-0.010,0.002
-0.007,-0.013,-0.001
-0.001,-0.018,-0.005
0.005,-0.024,-0.009
0.009,-0.033,-0.012
0.009,-0.041,-0.016
0.001,-0.046,-0.018
-0.013,-0.048,-0.021
-0.030,-0.047,-0.022
-0.047,-0.043,-0.020
-0.061,-0.038,-0.018
-0.069,-0.031,-0.016
-0.072,-0.026,-0.015
-0.072,-0.022,-0.014
-0.069,-0.020,-0.013
-0.065,-0.018,-0.013
-0.061,-0.017,-0.015
-0.055,-0.018,-0.018
-0.048,-0.021,-0.019
-0.042,-0.023,-0.018
-0.037,-0.026,-0.014
-0.033,-0.030,-0.010
-0.031,-0.037,-0.006
-0.027,-0.043,-0.001
-0.018,-0.048,0.003
-0.005,-0.052,0.006
0.008,-0.053,0.009
0.020,-0.054,0.009
0.030,-0.052,0.008
0.036,-0.049,0.007
0.037,-0.041,0.010
0.034,-0.030,0.014
0.032,-0.015,0.019
0.032,0.001,0.022
0.035,0.015,0.024
0.036,0.026,0.026
0.038,0.032,0.027
0.039,0.033,0.028
0.041,0.028,0.026
0.042,0.021,0.024
0.042,0.014,0.021
0.041,0.008,0.021
0.038,0.003,0.021
0.033,0.000,0.023
0.027,-0.003,0.024
0.020,-0.006,0.024
0.014,-0.010,0.023
0.010,-0.015,0.020
0.007,-0.017,0.015
0.005,-0.018,0.008
0.001,-0.016,0.001
-0.003,-0.015,-0.003
-0.007,-0.013,-0.006
-0.010,-0.010,-0.008
-0.013,-0.007,-0.008
-0.014,-0.006,-0.009
-0.015,-0.007,-0.012
-0.014,-0.010,-0.016
-0.010,-0.013,-0.018
-0.004,-0.015,-0.017
0.000,-0.018,-0.014
0.001,-0.020,-0.012
-0.000,-0.021,-0.012
-0.004,-0.023,-0.013
-0.009,-0.026,-0.013
-0.012,-0.028,-0.014
-0.014,-0.030,-0.016
-0.013,-0.032,-0.020
-0.011,-0.033,-0.022
-0.008,-0.035,-0.022
-0.005,-0.035,-0.019
-0.003,-0.037,-0.017
0.001,-0.039,-0.018
0.005,-0.041,-0.019
0.008,-0.044,-0.019
0.007,-0.044,-0.016
0.005,-0.043,-0.013
0.002,-0.041,-0.009
-0.003,-0.039,-0.004
-0.009,-0.035,0.001
-0.016,-0.031,0.005
-0.022,-0.026,0.009
-0.025,-0.021,0.010
-0.024,-0.014,0.012
-0.020,-0.009,0.012
-0.012,-0.005,0.012
-0.003,-0.003,0.010
0.006,-0.002,0.008
0.015,0.000,0.007
0.021,0.001,0.007
0.024,0.004,0.007
0.021,0.010,0.010
0.014,0.019,0.012
0.005,0.028,0.013
-0.004,0.036,0.012
-0.011,0.041,0.009
-0.016,0.043,0.005
-0.019,0.043,0.001
-0.020,0.042,-0.002
-0.019,0.041,-0.005
-0.017,0.040,-0.006
-0.015,0.040,-0.005
-0.012,0.039,-0.003
-0.008,0.038,-0.001
-0.004,0.037,0.000
-0.003,0.034,0.000
-0.003,0.030,0.000
-0.003,0.024,0.001
-0.001,0.018,0.001
0.003,0.010,0.000
0.005,0.003,-0.003
0.004,-0.004,-0.005
0.000,-0.009,-0.008
-0.005,-0.010,-0.010
-0.011,-0.009,-0.012
-0.017,-0.007,-0.012
-0.021,-0.002,-0.012
-0.022,0.003,-0.009
-0.021,0.008,-0.006
-0.017,0.010,-0.003
-0.011,0.010,-0.002
-0.005,0.008,-0.003
-0.001,0.005,-0.006
0.001,0.002,-0.010
0.005,0.000,-0.012
0.009,-0.001,-0.014
0.012,0.000,-0.016
0.012,0.003,-0.016
0.010,0.006,-0.015
0.008,0.006,-0.014
0.004,0.005,-0.013
0.001,0.003,-0.013
0.000,0.002,-0.012
-0.000,0.001,-0.012
-0.001,0.000,-0.013
-0.001,-0.001,-0.015
-0.002,-0.003,-0.016
-0.002,-0.003,-0.016
-0.001,-0.003,-0.015
0.001,-0.000,-0.014
0.002,0.005,-0.012
0.003,0.011,-0.009
0.002,0.017,-0.006
0.001,0.022,-0.004
-0.001,0.025,-0.004
-0.003,0.027,-0.008
-0.006,0.027,-0.014
-0.009,0.027,-0.020
-0.013,0.028,-0.023
-0.016,0.031,-0.026
-0.019,0.033,-0.027
-0.020,0.034,-0.027
-0.021,0.034,-0.027
-0.022,0.035,-0.027
-0.022,0.037,-0.028
-0.024,0.039,-0.028
-0.026,0.040,-0.026
-0.027,0.039,-0.024
-0.024,0.039,-0.022
-0.017,0.039,-0.021
-0.008,0.038,-0.020
-0.001,0.035,-0.019
0.000,0.033,-0.019
-0.003,0.032,-0.018
-0.007,0.032,-0.016
-0.012,0.033,-0.012
-0.014,0.034,-0.008
-0.015,0.035,-0.006
-0.014,0.034,-0.006
-0.013,0.031,-0.008
-0.012,0.026,-0.009
-0.012,0.018,-0.012
-0.010,0.009,-0.017
-0.008,0.000,-0.021
-0.006,-0.007,-0.023
-0.005,-0.012,-0.022
-0.005,-0.016,-0.021
-0.005,-0.018,-0.022
-0.006,-0.018,-0.024
-0.008,-0.018,-0.025
-0.010,-0.017,-0.024
-0.012,-0.015,-0.022
-0.014,-0.012,-0.019
-0.014,-0.008,-0.015
-0.014,-0.002,-0.009
-0.013,0.004,-0.004
-0.011,0.010,0.000
-0.009,0.017,0.003
-0.007,0.023,0.006
-0.004,0.027,0.008
-0.003,0.029,0.009
-0.003,0.028,0.009
-0.006,0.025,0.010
-0.009,0.020,0.012
-0.011,0.016,0.014
-0.012,0.013,0.016
-0.012,0.012,0.017
-0.010,0.012,0.018
-0.004,0.014,0.018
0.004,0.015,0.017
0.012,0.017,0.017
0.019,0.018,0.018
0.023,0.020,0.020
0.026,0.022,0.023
0.028,0.028,0.028
0.027,0.037,0.033
0.026,0.050,0.037
0.024,0.062,0.040
0.025,0.071,0.040
0.028,0.077,0.039
0.030,0.078,0.036
0.030,0.074,0.031
0.026,0.069,0.026
0.020,0.063,0.023
0.012,0.057,0.020
0.005,0.050,0.018
0.000,0.042,0.014
-0.002,0.035,0.010
-0.004,0.028,0.006
-0.006,0.024,0.002
-0.009,0.020,-0.001
-0.012,0.019,-0.004
-0.016,0.021,-0.003
-0.020,0.026,-0.001
-0.021,0.031,0.003
-0.019,0.032,0.004
-0.014,0.030,0.005
-0.007,0.024,0.003
-0.001,0.017,0.001
0.006,0.009,-0.002
0.012,-0.000,-0.005
0.016,-0.008,-0.008
0.017,-0.015,-0.007
0.017,-0.021,-0.005
0.018,-0.026,-0.003
0.021,-0.034,-0.003
0.022,-0.043,-0.005
0.021,-0.053,-0.007
0.018,-0.061,-0.011
0.014,-0.066,-0.015
0.010,-0.067,-0.016
0.003,-0.064,-0.016
-0.003,-0.059,-0.014
-0.009,-0.051,-0.012
-0.012,-0.042,-0.011
-0.014,-0.033,-0.011
-0.016,-0.025,-0.012
-0.017,-0.014,-0.014
-0.018,-0.001,-0.014
-0.017,0.014,-0.013
-0.014,0.027,-0.010
-0.008,0.039,-0.006
0.000,0.049,-0.001
0.008,0.058,0.003
0.014,0.064,0.005
0.018,0.067,0.007
0.020,0.067,0.009
0.020,0.064,0.008
0.018,0.059,0.004
0.017,0.052,-0.001
0.016,0.041,-0.007
0.016,0.030,-0.011
0.016,0.018,-0.012
0.018,0.008,-0.011
0.019,-0.001,-0.008
0.018,-0.008,-0.004
0.018,-0.013,0.000
0.018,-0.016,0.003
0.018,-0.015,0.005
0.017,-0.012,0.007
0.016,-0.006,0.008
0.015,-0.000,0.010
0.016,0.005,0.014
0.018,0.008,0.018
0.019,0.007,0.020
0.019,0.003,0.020
0.017,-0.003,0.020
0.013,-0.010,0.021
0.007,-0.015,0.021
-0.002,-0.018,0.022
-0.013,-0.018,0.023
-0.026,-0.017,0.024
-0.041,-0.016,0.024
-0.055,-0.016,0.023
-0.067,-0.018,0.021
-0.076,-0.022,0.019
-0.080,-0.027,0.016
-0.080,-0.031,0.013
-0.078,-0.033,0.011
-0.075,-0.035,0.009
-0.073,-0.035,0.006
-0.070,-0.032,0.004
-0.067,-0.027,0.003
-0.063,-0.021,0.002
-0.057,-0.014,0.001
-0.053,-0.010,0.000
-0.048,-0.007,0.000
-0.042,-0.005,-0.001
-0.035,-0.006,-0.001
-0.028,-0.008,-0.003
-0.021,-0.009,-0.003
-0.016,-0.010,-0.002
-0.011,-0.012,-0.002
-0.009,-0.014,-0.003
-0.008,-0.015,-0.007
-0.009,-0.014,-0.013
-0.010,-0.012,-0.018
-0.012,-0.010,-0.023
-0.012,-0.009,-0.026
-0.009,-0.007,-0.026
-0.003,-0.004,-0.024
0.003,-0.001,-0.022
0.009,0.002,-0.020
0.014,0.007,-0.018
0.019,0.012,-0.017
0.021,0.018,-0.017
0.020,0.022,-0.017
0.016,0.026,-0.016
0.011,0.029,-0.014
0.007,0.032,-0.012
0.004,0.034,-0.012
0.003,0.033,-0.012
0.005,0.032,-0.011
0.008,0.030,-0.009
0.011,0.026,-0.008
0.014,0.022,-0.007
0.018,0.018,-0.008
0.021,0.015,-0.008
0.024,0.012,-0.008
0.026,0.010,-0.007
0.026,0.009,-0.007
0.023,0.010,-0.005
0.020,0.012,-0.000
0.017,0.013,0.004
0.014,0.012,0.008
0.013,0.009,0.010
0.016,0.003,0.011
0.021,-0.003,0.010
0.027,-0.010,0.007
0.033,-0.018,0.004
0.036,-0.023,0.001
0.038,-0.027,0.000
0.039,-0.029,-0.000
0.038,-0.029,-0.001
0.036,-0.030,-0.000
0.034,-0.031,0.000
0.034,-0.035,0.001
0.036,-0.041,0.000
0.040,-0.049,-0.000
0.046,-0.057,-0.001
0.050,-0.063,-0.003
0.050,-0.069,-0.003
0.046,-0.071,-0.002
0.039,-0.069,0.000
0.032,-0.065,0.003
0.026,-0.059,0.005
0.021,-0.051,0.006
0.017,-0.044,0.007
0.014,-0.038,0.007
0.012,-0.033,0.009
0.013,-0.028,0.012
0.016,-0.023,0.014
0.019,-0.018,0.015
0.022,-0.014,0.015
0.025,-0.009,0.016
0.027,-0.004,0.017
0.028,0.000,0.018
0.028,0.004,0.021
0.027,0.007,0.026
0.026,0.009,0.031
0.026,0.010,0.035
0.024,0.010,0.036
0.021,0.010,0.034
0.019,0.011,0.030
0.018,0.012,0.024
0.017,0.012,0.018
0.016,0.012,0.014
0.014,0.013,0.014
0.013,0.015,0.016
0.014,0.018,0.020
0.017,0.018,0.021
0.021,0.018,0.023
0.026,0.018,0.026
0.031,0.019,0.028
0.033,0.020,0.028
0.031,0.018,0.023
0.028,0.013,0.018
0.024,0.007,0.014
0.023,0.001,0.011
0.022,-0.001,0.009
0.021,-0.003,0.006
0.018,-0.005,0.006
0.014,-0.007,0.007
0.010,-0.008,0.010
0.008,-0.009,0.011
0.010,-0.011,0.009
0.014,-0.014,0.007
0.017,-0.014,0.006
0.017,-0.011,0.007
0.015,-0.005,0.009
0.012,0.003,0.014
0.010,0.010,0.020
0.007,0.014,0.024
0.005,0.016,0.028
0.004,0.014,0.030
0.003,0.011,0.030
0.000,0.010,0.030
-0.002,0.011,0.030
-0.005,0.014,0.030
-0.006,0.017,0.030
-0.005,0.018,0.029
-0.003,0.019,0.028
-0.001,0.017,0.023
-0.001,0.013,0.017
-0.002,0.009,0.010
-0.003,0.003,0.005
-0.001,-0.001,0.002
0.002,-0.006,-0.001
0.005,-0.011,-0.004
0.007,-0.015,-0.008
0.006,-0.017,-0.011
0.005,-0.018,-0.013
0.004,-0.020,-0.014
0.004,-0.024,-0.015
0.007,-0.029,-0.017
0.012,-0.034,-0.021
0.018,-0.038,-0.023
0.023,-0.040,-0.022
0.027,-0.041,-0.020
0.031,-0.042,-0.017
0.034,-0.042,-0.015
0.038,-0.040,-0.014
0.040,-0.035,-0.012
0.040,-0.029,-0.010
0.037,-0.021,-0.009
0.032,-0.013,-0.007
0.026,-0.005,-0.006
0.021,0.002,-0.005
0.018,0.007,-0.004
0.016,0.009,-0.004
0.014,0.009,-0.005
0.012,0.007,-0.006
0.012,0.008,-0.009
0.010,0.010,-0.010
0.008,0.014,-0.010
0.005,0.019,-0.007
0.001,0.025,-0.003
-0.002,0.032,0.000
-0.007,0.040,0.003
-0.012,0.044,0.005
-0.016,0.044,0.005
-0.019,0.041,0.002
-0.020,0.036,-0.001
-0.022,0.028,-0.006
-0.024,0.018,-0.011
-0.026,0.009,-0.016
-0.026,0.001,-0.019
-0.027,-0.004,-0.021
-0.028,-0.006,-0.022
-0.030,-0.007,-0.020
-0.030,-0.005,-0.016
-0.028,-0.001,-0.011
-0.024,0.000,-0.006
-0.021,-0.000,-0.003
-0.016,-0.004,-0.001
-0.010,-0.009,-0.001
-0.003,-0.013,-0.001
0.001,-0.017,-0.003
0.003,-0.020,-0.005
0.001,-0.020,-0.009
-0.003,-0.019,-0.012
-0.006,-0.016,-0.015
-0.008,-0.016,-0.016
-0.007,-0.017,-0.017
-0.003,-0.020,-0.016
0.003,-0.024,-0.015
0.008,-0.028,-0.013
0.013,-0.032,-0.010
0.016,-0.035,-0.005
0.019,-0.037,-0.001
0.020,-0.035,0.003
0.021,-0.031,0.004
0.020,-0.027,0.004
0.018,-0.022,0.003
0.017,-0.017,0.000
0.016,-0.009,-0.001
0.014,-0.001,-0.000
0.013,0.006,0.002
0.012,0.012,0.005
0.012,0.018,0.007
0.010,0.023,0.010
0.009,0.027,0.014
0.009,0.030,0.016
0.009,0.033,0.015
0.010,0.032,0.014
0.009,0.030,0.014
0.010,0.024,0.015
0.015,0.015,0.016
0.021,0.005,0.015
0.026,-0.006,0.013
0.028,-0.015,0.011
0.030,-0.021,0.009
0.031,-0.025,0.005
0.031,-0.027,0.001
0.030,-0.026,-0.001
0.029,-0.023,0.000
0.029,-0.020,0.001
0.028,-0.017,0.003
0.026,-0.014,0.004
0.023,-0.011,0.005
0.020,-0.010,0.005
0.018,-0.009,0.005
0.014,-0.008,0.004
0.010,-0.009,0.000
0.006,-0.011,-0.005
0.001,-0.015,-0.011
-0.005,-0.019,-0.015
-0.010,-0.020,-0.017
-0.016,-0.021,-0.016
-0.022,-0.020,-0.016
-0.028,-0.018,-0.015
-0.034,-0.017,-0.014
-0.039,-0.017,-0.013
-0.042,-0.017,-0.013
-0.045,-0.017,-0.013
-0.046,-0.015,-0.012
-0.046,-0.012,-0.010
-0.043,-0.007,-0.008
-0.040,-0.005,-0.007
-0.036,-0.006,-0.009
-0.032,-0.010,-0.010
-0.027,-0.017,-0.012
-0.023,-0.024,-0.013
-0.021,-0.031,-0.013
-0.020,-0.036,-0.012
-0.019,-0.039,-0.010
-0.018,-0.040,-0.008
-0.018,-0.039,-0.007
-0.017,-0.039,-0.005
-0.016,-0.037,-0.005
-0.014,-0.035,-0.005
-0.012,-0.032,-0.005
-0.012,-0.030,-0.006
-0.010,-0.028,-0.005
-0.008,-0.024,-0.004
-0.005,-0.018,-0.002
-0.002,-0.010,0.000
0.000,-0.002,0.003
0.002,0.007,0.005
0.002,0.016,0.007
0.001,0.026,0.007
-0.003,0.033,0.006
-0.007,0.039,0.005
-0.009,0.042,0.004
-0.007,0.044,0.003
-0.005,0.044,0.003
-0.001,0.042,0.003
0.002,0.039,0.003
0.005,0.033,0.002
0.007,0.026,-0.001
0.007,0.019,-0.004
0.007,0.012,-0.006
0.007,0.007,-0.007
0.006,0.003,-0.007
0.005,0.001,-0.009
0.005,0.001,-0.011
0.005,0.000,-0.012
0.005,-0.001,-0.011
0.005,-0.004,-0.010
0.005,-0.007,-0.010
0.004,-0.010,-0.012
0.004,-0.012,-0.014
0.004,-0.016,-0.015
0.003,-0.020,-0.015
0.003,-0.023,-0.014
0.002,-0.026,-0.012
0.003,-0.028,-0.009
0.002,-0.031,-0.006
0.000,-0.034,-0.004
-0.003,-0.038,-0.003
-0.009,-0.041,-0.001
-0.014,-0.044,0.001
-0.020,-0.046,0.002
-0.026,-0.045,0.001
-0.032,-0.042,-0.000
-0.037,-0.037,-0.002
-0.040,-0.032,-0.003
-0.042,-0.026,-0.003
-0.042,-0.021,-0.002
-0.042,-0.015,-0.000
-0.039,-0.009,0.003
-0.032,-0.001,0.008
-0.024,0.009,0.012
-0.016,0.018,0.014
-0.007,0.025,0.013
0.002,0.028,0.011
0.010,0.028,0.008
0.016,0.027,0.005
0.021,0.024,0.002
0.023,0.020,0.000
0.024,0.013,0.000
0.026,0.007,0.001
0.026,0.001,0.002
0.024,-0.003,0.001
0.021,-0.007,0.000
0.016,-0.009,-0.001
0.013,-0.009,-0.001
0.011,-0.007,0.001
0.011,-0.004,0.004
0.013,0.000,0.005
0.015,0.006,0.005
0.016,0.012,0.004
0.015,0.018,0.003
0.010,0.022,0.002
0.003,0.025,0.001
-0.006,0.029,-0.000
-0.015,0.031,-0.001
-0.023,0.032,-0.000
-0.029,0.031,0.001
-0.032,0.030,0.001
-0.033,0.030,0.000
-0.035,0.028,-0.000
-0.039,0.024,-0.000
-0.046,0.020,-0.001
-0.055,0.015,-0.004
-0.062,0.011,-0.007
-0.067,0.007,-0.011
-0.071,0.004,-0.014
-0.072,0.002,-0.017
-0.071,0.001,-0.020
-0.068,0.000,-0.022
-0.063,-0.001,-0.023
-0.059,-0.004,-0.022
-0.056,-0.005,-0.021
-0.054,-0.005,-0.019
-0.051,-0.004,-0.017
-0.048,-0.001,-0.013
-0.044,0.004,-0.009
-0.039,0.012,-0.003
-0.034,0.019,0.001
-0.029,0.024,0.005
-0.024,0.028,0.005
-0.021,0.031,0.005
-0.018,0.034,0.004
-0.017,0.036,0.003
-0.018,0.037,0.001
-0.019,0.037,-0.000
-0.018,0.036,-0.002
-0.015,0.034,-0.003
-0.010,0.030,-0.004
-0.005,0.024,-0.003
-0.001,0.018,-0.002
0.000,0.011,-0.000
0.000,0.006,0.001
-0.001,0.003,0.003
-0.001,0.001,0.003
-0.002,0.002,0.003
-0.003,0.004,0.004
-0.005,0.006,0.007
-0.007,0.007,0.009
-0.006,0.007,0.009
-0.003,0.005,0.009
0.000,0.005,0.008
0.002,0.005,0.009
0.004,0.007,0.009
0.005,0.012,0.007
0.005,0.018,0.005
0.003,0.024,0.003
-0.000,0.031,0.002
-0.003,0.035,0.000
-0.005,0.038,-0.002
-0.007,0.039,-0.003
-0.009,0.039,-0.001
-0.011,0.038,0.003
-0.013,0.035,0.007
-0.014,0.031,0.009
-0.015,0.026,0.009
-0.015,0.021,0.007
-0.014,0.018,0.004
-0.015,0.015,0.001
-0.017,0.012,-0.001
-0.020,0.011,-0.001
-0.021,0.010,0.000
-0.022,0.009,0.002
-0.021,0.005,0.004
-0.020,0.001,0.005
-0.017,-0.004,0.005
-0.015,-0.009,0.001
-0.016,-0.014,-0.003
-0.018,-0.020,-0.006
-0.019,-0.025,-0.007
-0.018,-0.032,-0.006
-0.018,-0.038,-0.003
-0.018,-0.043,0.001
-0.016,-0.046,0.006
-0.013,-0.049,0.009
-0.009,-0.050,0.010
-0.007,-0.051,0.010
-0.005,-0.052,0.010
-0.002,-0.054,0.011
0.000,-0.056,0.011
0.001,-0.055,0.010
0.001,-0.051,0.010
0.000,-0.043,0.010
-0.002,-0.035,0.011
-0.005,-0.026,0.012
-0.008,-0.016,0.015
-0.010,-0.005,0.019
-0.010,0.003,0.021
-0.009,0.008,0.022
-0.007,0.010,0.021
-0.003,0.012,0.020
0.001,0.014,0.019
0.005,0.016,0.018
0.004,0.020,0.017
-0.000,0.023,0.017
-0.006,0.024,0.017
-0.009,0.023,0.017
-0.010,0.022,0.016
-0.010,0.023,0.016
-0.009,0.025,0.014
-0.009,0.027,0.014
-0.008,0.030,0.014
-0.008,0.034,0.016
-0.008,0.036,0.018
-0.009,0.035,0.019
-0.007,0.030,0.016
-0.005,0.024,0.012
-0.005,0.019,0.008
-0.008,0.014,0.005
-0.013,0.011,0.003
-0.017,0.008,0.003
-0.020,0.006,0.003
-0.021,0.003,0.003
-0.020,-0.001,0.001
-0.016,-0.008,-0.003
-0.010,-0.015,-0.007
-0.006,-0.021,-0.011
-0.004,-0.025,-0.014
-0.004,-0.027,-0.014
-0.004,-0.028,-0.011
-0.005,-0.027,-0.007
-0.005,-0.024,-0.002
-0.006,-0.022,0.000
-0.007,-0.022,0.002
-0.008,-0.020,0.002
-0.009,-0.018,0.002
-0.011,-0.012,0.000
-0.015,-0.005,-0.001
-0.018,-0.000,-0.002
-0.020,0.002,-0.002
-0.019,0.000,-0.003
-0.017,-0.005,-0.005
-0.015,-0.012,-0.009
-0.013,-0.020,-0.013
-0.011,-0.027,-0.014
-0.009,-0.031,-0.012
-0.009,-0.031,-0.010
-0.010,-0.028,-0.008
-0.013,-0.024,-0.008
-0.016,-0.020,-0.009
-0.018,-0.015,-0.010
-0.018,-0.011,-0.011
-0.016,-0.008,-0.012
-0.011,-0.005,-0.012
-0.004,-0.001,-0.012
0.005,0.005,-0.012
0.015,0.013,-0.011
0.024,0.021,-0.010
0.032,0.029,-0.008
0.038,0.035,-0.006
0.041,0.038,-0.002
0.041,0.039,0.001
0.036,0.039,0.001
0.031,0.037,-0.001
0.026,0.035,-0.006
0.021,0.033,-0.011
0.018,0.029,-0.016
0.016,0.024,-0.021
0.013,0.018,-0.024
0.010,0.012,-0.026
0.006,0.009,-0.026
0.004,0.005,-0.024
0.004,0.003,-0.020
0.006,0.001,-0.013
0.008,-0.001,-0.006
0.010,-0.002,0.000
0.012,-0.003,0.004
0.014,-0.006,0.006
0.018,-0.010,0.006
0.022,-0.013,0.006
0.022,-0.015,0.005
0.020,-0.014,0.005
0.018,-0.013,0.005
0.016,-0.014,0.003
0.014,-0.016,0.000
0.012,-0.020,-0.002
0.010,-0.024,-0.004
0.009,-0.028,-0.004
0.010,-0.033,-0.004
0.010,-0.035,-0.005
0.010,-0.035,-0.007
0.010,-0.033,-0.009
0.011,-0.028,-0.007
0.012,-0.023,-0.005
0.012,-0.019,-0.002
0.013,-0.016,-0.001
0.015,-0.012,0.000
0.018,-0.009,0.001
0.020,-0.005,0.001
0.021,-0.002,0.002
0.021,-0.001,0.001
0.021,-0.002,0.000
0.019,-0.004,-0.001
0.017,-0.005,-0.000
0.015,-0.006,0.000
0.015,-0.005,0.001
0.016,-0.004,0.002
0.017,-0.003,0.003
0.018,-0.001,0.003
0.019,0.001,0.001
0.020,0.004,-0.002
0.022,0.006,-0.005
0.025,0.008,-0.006
0.029,0.010,-0.006
0.032,0.010,-0.005
0.035,0.010,-0.005
0.038,0.009,-0.007
0.041,0.007,-0.008
0.043,0.006,-0.010
0.046,0.005,-0.011
0.048,0.004,-0.011
0.050,0.005,-0.011
0.048,0.010,-0.010
0.044,0.016,-0.007
0.039,0.022,-0.004
0.035,0.028,-0.001
0.031,0.032,0.000
0.030,0.035,0.001
0.027,0.037,0.001
0.024,0.038,0.001
0.021,0.041,-0.001
0.018,0.043,-0.004
0.014,0.043,-0.006
0.010,0.041,-0.007
0.007,0.038,-0.007
0.004,0.037,-0.007
0.000,0.037,-0.007
-0.005,0.039,-0.006
-0.011,0.041,-0.004
-0.016,0.042,-0.001
-0.020,0.042,0.001
-0.023,0.042,0.003
-0.026,0.041,0.003
-0.028,0.039,0.003
-0.029,0.037,0.003
-0.028,0.034,0.003
-0.025,0.029,0.003
-0.021,0.022,0.002
-0.018,0.014,-0.000
-0.013,0.007,-0.004
-0.008,0.002,-0.008
-0.003,-0.000,-0.011
0.000,-0.002,-0.012
0.001,-0.003,-0.010
0.001,-0.002,-0.007
0.002,-0.000,-0.002
0.004,0.002,0.000
0.007,0.005,0.001
0.011,0.006,0.002
0.014,0.006,0.003
0.019,0.003,0.004
0.024,-0.001,0.005
0.029,-0.005,0.007
0.035,-0.007,0.007
0.042,-0.008,0.008
0.049,-0.008,0.009
0.054,-0.007,0.010
0.056,-0.004,0.013
0.055,-0.000,0.014
0.052,0.005,0.012
0.048,0.012,0.010
0.041,0.019,0.006
0.034,0.024,0.003
0.029,0.028,0.000
0.026,0.028,-0.002
0.024,0.024,-0.005
0.022,0.017,-0.007
0.019,0.009,-0.009
0.017,0.004,-0.009
0.015,0.001,-0.009
0.013,0.001,-0.008
0.011,0.002,-0.007
0.008,0.004,-0.006
0.005,0.006,-0.005
0.001,0.008,-0.006
-0.002,0.007,-0.006
-0.005,0.005,-0.006
-0.005,0.000,-0.005
-0.004,-0.005,-0.004
-0.001,-0.010,-0.004
0.001,-0.016,-0.006
0.003,-0.020,-0.009
0.005,-0.023,-0.011
0.004,-0.025,-0.012
0.001,-0.026,-0.011
-0.002,-0.026,-0.008
-0.007,-0.024,-0.004
-0.012,-0.020,-0.001
-0.017,-0.014,0.001
-0.021,-0.010,0.000
-0.024,-0.009,-0.001
-0.025,-0.009,-0.001
-0.025,-0.009,-0.001
-0.025,-0.009,-0.001
-0.022,-0.010,0.000
-0.019,-0.014,0.002
-0.013,-0.016,0.005
-0.007,-0.016,0.009
-0.002,-0.016,0.011
0.001,-0.014,0.013
0.002,-0.014,0.013
0.002,-0.014,0.012
0.001,-0.014,0.011
0.000,-0.014,0.009
-0.002,-0.012,0.005
-0.003,-0.010,0.003
-0.003,-0.008,0.000
-0.003,-0.005,-0.001
-0.001,-0.003,-0.002
0.002,0.000,-0.002
0.005,0.001,-0.001
0.006,0.002,-0.000
0.008,0.003,0.001
0.010,0.003,0.001
0.014,0.005,0.001
0.016,0.008,0.001
0.016,0.011,0.001
0.015,0.014,0.003
0.014,0.017,0.005
0.012,0.019,0.006
0.010,0.021,0.006
0.007,0.022,0.008
0.005,0.022,0.009
0.003,0.023,0.010
0.002,0.024,0.010
0.001,0.026,0.010
0.001,0.024,0.010
-0.001,0.020,0.010
-0.003,0.015,0.009
-0.006,0.010,0.008
-0.007,0.006,0.007
-0.009,0.003,0.006
-0.013,0.000,0.005
-0.018,-0.001,0.002
-0.024,-0.001,0.000
-0.028,-0.000,-0.001
-0.030,0.001,-0.003
-0.029,0.001,-0.003
-0.026,0.002,-0.003
-0.021,0.003,-0.001
-0.017,0.006,0.000
-0.014,0.010,0.001
-0.012,0.014,0.002
-0.010,0.016,0.003
-0.009,0.014,0.005
-0.007,0.011,0.005
-0.005,0.007,0.006
-0.001,0.003,0.005
0.002,0.000,0.005
0.004,-0.003,0.005
0.005,-0.006,0.005
0.005,-0.006,0.006
0.005,-0.004,0.007
0.007,-0.001,0.006
0.010,0.001,0.005
0.012,0.003,0.005
0.014,0.005,0.005
0.016,0.006,0.006
0.016,0.006,0.008
0.016,0.005,0.008
0.014,0.003,0.007
0.011,0.001,0.003
0.007,-0.002,-0.001
0.003,-0.006,-0.004
0.000,-0.010,-0.007
-0.003,-0.013,-0.007
-0.003,-0.017,-0.007
-0.002,-0.023,-0.008
0.001,-0.030,-0.010
0.003,-0.035,-0.011
0.005,-0.039,-0.010
0.005,-0.042,-0.009
0.003,-0.043,-0.007
0.000,-0.044,-0.003
-0.004,-0.044,0.000
-0.009,-0.043,0.004
-0.012,-0.043,0.007
-0.012,-0.043,0.009
-0.011,-0.042,0.009
-0.008,-0.040,0.009
-0.006,-0.039,0.009
-0.004,-0.038,0.009
-0.001,-0.037,0.008
0.001,-0.037,0.006
0.004,-0.036,0.003
0.007,-0.034,0.001
0.009,-0.030,-0.001
0.008,-0.024,-0.002
0.007,-0.018,-0.002
0.003,-0.012,-0.001
-0.000,-0.009,-0.001
-0.003,-0.006,-0.001
-0.004,-0.005,-0.000
-0.002,-0.004,0.001
0.001,-0.001,0.004
0.005,0.003,0.007
0.008,0.006,0.008
0.010,0.006,0.009
0.010,0.003,0.010
0.010,-0.001,0.012
0.010,-0.006,0.013
0.007,-0.011,0.012
0.002,-0.013,0.011
-0.004,-0.013,0.011
-0.011,-0.012,0.013
-0.018,-0.010,0.013
-0.024,-0.007,0.012
-0.030,-0.004,0.009
-0.035,-0.002,0.007
-0.040,-0.001,0.004
-0.044,-0.001,0.002
-0.043,0.000,0.001
-0.039,0.001,0.002
-0.034,0.002,0.004
-0.029,0.002,0.006
-0.025,0.002,0.006
-0.021,0.003,0.005
-0.019,0.003,0.004
-0.018,0.004,0.005
-0.019,0.004,0.007
-0.019,0.005,0.009
-0.019,0.006,0.010
-0.018,0.008,0.011
-0.016,0.009,0.013
-0.012,0.010,0.015
-0.007,0.010,0.016
-0.002,0.008,0.017
0.002,0.004,0.020
0.006,-0.001,0.021
0.009,-0.007,0.020
0.010,-0.014,0.019
0.008,-0.019,0.019
0.006,-0.022,0.019
0.004,-0.021,0.020
0.003,-0.015,0.021
0.001,-0.008,0.023
0.001,-0.002,0.026
0.002,0.001,0.029
0.003,0.003,0.030
0.004,0.003,0.027
0.005,0.003,0.022
0.005,0.002,0.018
0.006,0.001,0.015
0.006,0.000,0.012
0.005,-0.003,0.010
0.004,-0.007,0.007
0.004,-0.011,0.007
0.005,-0.016,0.007
0.007,-0.020,0.007
0.010,-0.023,0.006
0.012,-0.024,0.004
0.013,-0.021,0.003
0.012,-0.018,0.001
0.009,-0.013,0.000
0.006,-0.008,0.000
0.003,-0.004,0.001
0.000,-0.001,0.003
-0.001,0.001,0.003
0.000,0.003,0.003
0.004,0.005,0.003
0.008,0.006,0.003
0.011,0.005,0.002
0.012,0.003,0.001
0.012,0.001,-0.000
0.010,-0.001,-0.001
0.008,-0.003,0.000
0.006,-0.003,0.002
0.003,-0.001,0.002
0.001,0.000,0.001
-0.001,0.001,-0.002
-0.003,0.001,-0.004
-0.004,0.001,-0.004
-0.005,0.001,-0.004
-0.006,-0.000,-0.003
-0.004,-0.002,-0.001
-0.001,-0.003,0.002
0.001,-0.004,0.006
0.005,-0.005,0.009
0.009,-0.008,0.009
0.014,-0.010,0.008
0.016,-0.011,0.006
0.016,-0.011,0.005
0.015,-0.010,0.005
0.016,-0.009,0.005
0.018,-0.006,0.005
0.020,-0.003,0.005
0.021,0.000,0.004
0.024,0.002,0.003
0.027,0.002,0.002
0.030,0.001,0.001
0.030,0.001,0.000
0.029,0.002,-0.001
0.027,0.002,-0.001
0.025,0.002,-0.000
0.024,0.002,0.000
0.021,0.002,0.001
0.019,0.003,0.000
0.018,0.003,-0.001
0.017,0.002,-0.001
0.016,0.001,-0.001
0.014,0.000,-0.001
0.013,-0.001,-0.001
0.013,-0.003,-0.002
0.012,-0.007,-0.003
0.011,-0.010,-0.004
0.009,-0.013,-0.004
0.007,-0.015,-0.003
0.006,-0.015,-0.002
0.004,-0.014,-0.001
0.001,-0.014,-0.002
-0.002,-0.014,-0.004
-0.004,-0.014,-0.007
-0.006,-0.014,-0.007
-0.008,-0.013,-0.006
-0.011,-0.012,-0.004
-0.014,-0.012,-0.004
-0.017,-0.011,-0.005
-0.019,-0.010,-0.006
-0.020,-0.010,-0.006
-0.020,-0.009,-0.005
-0.020,-0.006,-0.004
-0.019,-0.003,-0.004
-0.017,-0.000,-0.005
-0.012,0.002,-0.004
-0.007,0.005,-0.003
-0.000,0.009,-0.003
0.006,0.012,-0.003
0.012,0.011,-0.003
0.017,0.009,-0.003
0.020,0.005,-0.004
0.021,0.002,-0.006
0.022,-0.002,-0.009
0.022,-0.006,-0.012
0.021,-0.009,-0.013
0.018,-0.010,-0.013
0.016,-0.009,-0.013
0.014,-0.008,-0.013
0.015,-0.007,-0.014
0.016,-0.006,-0.016
0.018,-0.007,-0.018
0.020,-0.008,-0.017
0.022,-0.009,-0.016
0.024,-0.007,-0.016
0.024,-0.005,-0.016
0.021,-0.003,-0.018
0.016,-0.002,-0.018
0.012,-0.001,-0.018
0.008,0.000,-0.020
0.004,0.001,-0.021
0.000,0.001,-0.022
-0.003,0.001,-0.022
-0.007,-0.000,-0.022
-0.007,-0.003,-0.023
-0.007,-0.007,-0.024
-0.007,-0.010,-0.025
-0.007,-0.015,-0.026
-0.007,-0.018,-0.027
-0.006,-0.020,-0.028
-0.006,-0.021,-0.029
-0.007,-0.022,-0.030
-0.009,-0.021,-0.030
-0.010,-0.018,-0.030
-0.010,-0.014,-0.030
-0.011,-0.012,-0.029
-0.013,-0.010,-0.029
-0.015,-0.009,-0.030
-0.016,-0.006,-0.030
-0.018,-0.003,-0.030
-0.020,0.000,-0.028
-0.023,0.003,-0.025
-0.026,0.006,-0.022
-0.026,0.008,-0.020
-0.025,0.009,-0.017
-0.024,0.007,-0.016
-0.022,0.005,-0.016
-0.020,0.002,-0.018
-0.018,0.001,-0.018
-0.018,0.002,-0.018
-0.018,0.003,-0.018
-0.018,0.003,-0.018
-0.017,0.003,-0.019
-0.015,0.003,-0.020
-0.012,0.004,-0.020
-0.010,0.005,-0.020
-0.006,0.006,-0.020
-0.002,0.009,-0.020
0.003,0.013,-0.018
0.008,0.018,-0.015
0.014,0.023,-0.012
0.020,0.025,-0.009
0.023,0.025,-0.005
0.024,0.023,-0.001
0.025,0.020,0.001
0.027,0.016,0.002
0.029,0.010,0.001
0.029,0.004,0.000
0.027,-0.001,-0.001
0.025,-0.006,-0.002
0.025,-0.011,-0.004
0.026,-0.016,-0.006
0.026,-0.020,-0.009
0.025,-0.020,-0.009
0.023,-0.019,-0.008
0.021,-0.016,-0.007
0.018,-0.013,-0.007
0.013,-0.008,-0.007
0.007,-0.003,-0.007
0.002,0.000,-0.008
-0.004,0.003,-0.009
-0.009,0.005,-0.010
-0.014,0.007,-0.011
-0.018,0.008,-0.010
-0.020,0.005,-0.010
-0.020,0.002,-0.008
-0.020,-0.000,-0.006
-0.019,-0.002,-0.005
-0.018,-0.002,-0.005
-0.018,-0.002,-0.005
-0.018,-0.002,-0.006
-0.016,-0.002,-0.005
-0.011,-0.003,-0.004
-0.006,-0.004,-0.004
-0.002,-0.005,-0.005
0.000,-0.006,-0.006
0.001,-0.007,-0.006
0.001,-0.007,-0.005
0.001,-0.007,-0.005
0.002,-0.008,-0.005
0.003,-0.009,-0.006
0.006,-0.010,-0.006
0.009,-0.011,-0.004
0.012,-0.009,-0.002
0.016,-0.006,-0.000
0.018,-0.002,0.001
0.019,0.002,0.001
0.018,0.006,0.003
0.016,0.009,0.006
0.014,0.010,0.007
0.012,0.009,0.007
0.010,0.006,0.007
0.009,0.002,0.007
0.007,-0.000,0.008
0.004,-0.001,0.010
-0.001,-0.001,0.011
-0.007,0.000,0.012
-0.011,0.002,0.011
-0.014,0.006,0.009
-0.017,0.010,0.007
-0.021,0.013,0.006
-0.022,0.013,0.004
-0.023,0.013,0.001
-0.022,0.012,-0.000
-0.021,0.011,-0.001
-0.020,0.009,-0.001
-0.018,0.007,-0.001
-0.014,0.006,-0.002
-0.010,0.006,-0.003
-0.008,0.005,-0.005
-0.006,0.003,-0.008
-0.003,0.003,-0.010
0.001,0.004,-0.011
0.005,0.007,-0.009
0.010,0.010,-0.007
0.014,0.013,-0.005
0.018,0.016,-0.004
0.021,0.019,-0.004
0.024,0.020,-0.003
0.025,0.022,-0.001
0.026,0.022,0.000
0.026,0.022,0.001
0.026,0.021,0.003
0.028,0.020,0.005
0.031,0.018,0.006
0.034,0.016,0.007
0.035,0.012,0.007
0.034,0.009,0.007
0.032,0.007,0.006
0.030,0.006,0.005
0.026,0.005,0.003
0.024,0.005,0.001
0.023,0.005,0.000
0.022,0.006,-0.001
0.021,0.004,-0.001
0.019,0.001,-0.001
0.016,-0.001,-0.001
0.014,-0.001,0.000
0.014,0.000,0.001
0.015,0.002,0.000
0.014,0.005,-0.001
0.013,0.010,-0.002
0.010,0.015,-0.003
0.005,0.021,-0.003
0.000,0.026,-0.005
-0.004,0.032,-0.005
-0.008,0.037,-0.005
-0.010,0.041,-0.003
-0.012,0.042,-0.001
-0.014,0.042,-0.001
-0.014,0.042,-0.001
-0.015,0.041,0.000
-0.016,0.037,0.002
-0.019,0.034,0.004
-0.022,0.032,0.005
-0.024,0.029,0.007
-0.024,0.026,0.007
-0.024,0.021,0.009
-0.023,0.018,0.010
-0.022,0.014,0.010
-0.021,0.010,0.010
-0.022,0.006,0.009
-0.024,0.003,0.008
-0.027,0.003,0.009
-0.030,0.003,0.010
-0.032,0.003,0.012
-0.035,0.003,0.012
-0.036,0.003,0.011
-0.037,0.003,0.010
-0.037,0.004,0.009
-0.038,0.005,0.009
-0.038,0.005,0.009
-0.037,0.006,0.008
-0.036,0.007,0.007
-0.033,0.007,0.007
-0.032,0.007,0.007
-0.031,0.007,0.006
-0.032,0.006,0.005
-0.034,0.007,0.005
-0.036,0.008,0.007
-0.037,0.009,0.009
-0.035,0.010,0.011
-0.032,0.010,0.012
-0.030,0.009,0.012
-0.028,0.007,0.012
-0.028,0.004,0.012
-0.027,0.001,0.012
-0.026,-0.001,0.012
-0.026,-0.001,0.011
-0.026,0.000,0.012
-0.024,0.000,0.014
-0.022,0.001,0.015
-0.020,0.003,0.016
-0.017,0.005,0.018
-0.014,0.006,0.018
-0.011,0.007,0.017
-0.009,0.008,0.016
-0.008,0.010,0.015
-0.006,0.010,0.014
-0.005,0.009,0.012
-0.003,0.007,0.009
-0.002,0.004,0.007
-0.002,0.003,0.005
-0.003,0.003,0.005
-0.006,0.005,0.005
-0.009,0.006,0.005
-0.012,0.007,0.005
-0.015,0.009,0.005
-0.017,0.010,0.007
-0.017,0.011,0.008
-0.016,0.011,0.009
-0.014,0.010,0.010
-0.012,0.008,0.010
-0.010,0.007,0.010
-0.007,0.007,0.010
-0.002,0.009,0.010
0.002,0.010,0.010
0.005,0.011,0.011
0.008,0.011,0.012
0.011,0.011,0.014
0.014,0.011,0.014
0.017,0.011,0.014
0.018,0.011,0.014
0.018,0.011,0.014
0.018,0.010,0.014
0.017,0.009,0.014
0.015,0.008,0.013
0.012,0.006,0.012
0.010,0.004,0.010
0.006,0.003,0.009
0.001,0.004,0.010
-0.003,0.005,0.011
-0.007,0.005,0.013
-0.010,0.004,0.013
-0.014,0.003,0.012
-0.019,0.003,0.011
-0.022,0.002,0.011
-0.025,0.000,0.011
-0.026,-0.001,0.010
-0.027,-0.003,0.007
-0.028,-0.005,0.005
-0.029,-0.008,0.005
-0.028,-0.009,0.007
-0.028,-0.008,0.009
-0.028,-0.007,0.009
-0.028,-0.006,0.006
-0.027,-0.006,0.005
-0.025,-0.005,0.005
-0.023,-0.002,0.007
-0.021,-0.000,0.007
-0.020,0.000,0.006
-0.020,0.000,0.005
-0.020,-0.001,0.005
-0.019,-0.003,0.006
-0.018,-0.007,0.006
-0.017,-0.010,0.007
-0.016,-0.013,0.007
-0.016,-0.015,0.006
-0.017,-0.016,0.006
-0.018,-0.016,0.005
-0.016,-0.016,0.006
-0.014,-0.014,0.007
-0.012,-0.011,0.008
-0.011,-0.009,0.009
-0.010,-0.008,0.009
-0.007,-0.007,0.010
-0.004,-0.005,0.011
-0.003,-0.005,0.013
0.000,-0.007,0.014
0.004,-0.009,0.014
0.008,-0.012,0.013
0.009,-0.015,0.011
0.007,-0.016,0.009
0.005,-0.016,0.007
0.003,-0.013,0.006
0.001,-0.010,0.007
-0.001,-0.009,0.009
-0.002,-0.008,0.009
-0.003,-0.005,0.007
-0.003,-0.001,0.004
-0.003,0.002,0.001
-0.001,0.001,-0.001
0.002,-0.001,-0.003
0.006,-0.004,-0.005
0.009,-0.006,-0.006
0.012,-0.008,-0.006
0.013,-0.011,-0.004
0.013,-0.014,-0.002
0.012,-0.018,-0.001
0.011,-0.020,0.000
0.009,-0.021,0.000
0.005,-0.021,0.000
-0.000,-0.020,-0.001
-0.005,-0.017,-0.002
-0.009,-0.015,-0.003
-0.012,-0.016,-0.003
-0.013,-0.017,-0.004
-0.013,-0.017,-0.006
-0.012,-0.017,-0.007
-0.009,-0.016,-0.005
-0.006,-0.014,-0.003
-0.003,-0.012,-0.001
-0.003,-0.010,-0.001
-0.003,-0.009,-0.002
-0.004,-0.006,-0.002
-0.005,-0.003,-0.001
-0.005,0.001,0.000
-0.007,0.003,0.001
-0.008,0.001,0.002
-0.009,-0.001,0.002
-0.009,-0.004,0.002
-0.007,-0.006,0.003
-0.005,-0.009,0.003
-0.002,-0.012,0.004
0.002,-0.016,0.005
0.005,-0.017,0.006
0.006,-0.016,0.007
0.005,-0.014,0.009
0.003,-0.013,0.010
0.000,-0.012,0.013
-0.003,-0.010,0.016
-0.005,-0.008,0.018
-0.007,-0.005,0.018
-0.009,-0.003,0.018
-0.010,0.000,0.016
-0.012,0.002,0.014
-0.014,0.005,0.012
-0.016,0.008,0.012
-0.017,0.010,0.015
-0.019,0.012,0.016
-0.021,0.014,0.016
-0.023,0.016,0.012
-0.024,0.018,0.008
-0.022,0.020,0.005
-0.021,0.020,0.003
-0.020,0.021,0.001
-0.019,0.020,-0.002
-0.018,0.019,-0.004
-0.016,0.016,-0.005
-0.016,0.013,-0.005
-0.016,0.011,-0.005
-0.016,0.009,-0.006
-0.016,0.005,-0.007
-0.016,0.002,-0.007
-0.018,0.000,-0.006
-0.019,0.001,-0.003
-0.020,0.003,-0.003
-0.019,0.003,-0.004
-0.018,0.000,-0.005
-0.017,-0.004,-0.006
-0.016,-0.009,-0.006
-0.014,-0.012,-0.007
-0.012,-0.016,-0.008
-0.010,-0.020,-0.010
-0.006,-0.023,-0.010
-0.002,-0.025,-0.011
0.001,-0.027,-0.012
0.003,-0.029,-0.014
0.004,-0.031,-0.015
0.004,-0.031,-0.016
0.003,-0.030,-0.016
0.002,-0.026,-0.016
0.002,-0.022,-0.014
0.002,-0.020,-0.013
0.001,-0.016,-0.011
0.001,-0.012,-0.009
0.000,-0.008,-0.007
0.000,-0.003,-0.006
0.001,0.001,-0.007
0.001,0.005,-0.007
0.002,0.008,-0.005
0.002,0.010,-0.004
0.002,0.012,-0.003
0.004,0.015,-0.002
0.006,0.015,-0.001
0.007,0.013,-0.001
0.007,0.011,0.000
0.005,0.010,0.001
0.003,0.010,0.001
0.003,0.010,0.002
0.002,0.010,0.001
0.003,0.009,0.002
0.005,0.009,0.002
0.009,0.009,0.003
0.011,0.009,0.004
0.014,0.008,0.004
0.016,0.007,0.004
0.021,0.006,0.004
0.026,0.005,0.003
0.030,0.005,0.002
0.033,0.004,0.002
0.037,0.002,0.003
0.040,0.000,0.005
0.042,-0.002,0.007
0.042,-0.005,0.007
0.041,-0.009,0.005
0.040,-0.012,0.002
0.038,-0.013,0.000
0.035,-0.013,-0.001
0.031,-0.012,-0.002
0.027,-0.010,-0.003
0.023,-0.007,-0.004
0.020,-0.003,-0.005
0.018,0.001,-0.005
0.018,0.004,-0.004
0.018,0.007,-0.004
0.019,0.009,-0.006
0.019,0.010,-0.008
0.017,0.009,-0.009
0.016,0.007,-0.010
0.016,0.005,-0.010
0.016,0.001,-0.010
0.017,-0.002,-0.010
0.016,-0.004,-0.009
0.016,-0.005,-0.009
0.017,-0.005,-0.008
0.017,-0.008,-0.008
0.016,-0.010,-0.007
0.015,-0.012,-0.007
0.013,-0.012,-0.007
0.012,-0.012,-0.005
0.012,-0.013,-0.004
0.012,-0.014,-0.003
0.012,-0.014,-0.002
0.014,-0.015,-0.002
0.016,-0.016,-0.002
0.018,-0.018,-0.003
0.020,-0.018,-0.004
0.021,-0.018,-0.005
0.020,-0.018,-0.006
0.020,-0.018,-0.007
0.021,-0.018,-0.008
0.022,-0.018,-0.009
0.023,-0.017,-0.009
0.023,-0.016,-0.008
0.022,-0.015,-0.008
0.022,-0.014,-0.008
0.022,-0.014,-0.008
0.022,-0.013,-0.007
0.022,-0.010,-0.006
0.022,-0.009,-0.005
0.023,-0.008,-0.004
0.023,-0.007,-0.004
0.022,-0.007,-0.004
0.020,-0.007,-0.006
0.018,-0.008,-0.008
0.014,-0.008,-0.010
0.010,-0.008,-0.012
0.006,-0.007,-0.013
0.003,-0.008,-0.014
-0.000,-0.009,-0.014
-0.003,-0.010,-0.014
-0.005,-0.011,-0.015
-0.007,-0.012,-0.016
-0.008,-0.012,-0.017
-0.009,-0.012,-0.018
-0.011,-0.011,-0.019
-0.012,-0.009,-0.019
-0.013,-0.006,-0.018
-0.014,-0.004,-0.017
-0.015,-0.002,-0.016
-0.015,-0.001,-0.014
-0.015,-0.001,-0.014
-0.014,-0.002,-0.015
-0.012,-0.004,-0.018
-0.011,-0.006,-0.020
-0.009,-0.009,-0.021
-0.007,-0.011,-0.022
-0.005,-0.015,-0.023
-0.002,-0.019,-0.023
0.001,-0.022,-0.021
0.005,-0.024,-0.017
0.010,-0.027,-0.014
0.015,-0.030,-0.014
0.020,-0.033,-0.014
0.023,-0.036,-0.014
0.025,-0.038,-0.014
0.026,-0.039,-0.012
0.028,-0.037,-0.010
0.030,-0.033,-0.008
0.029,-0.027,-0.006
0.028,-0.019,-0.004
0.026,-0.011,-0.001
0.026,-0.003,0.003
0.026,0.002,0.006
0.026,0.006,0.007
0.025,0.006,0.006
0.025,0.005,0.005
0.025,0.004,0.006
0.024,0.004,0.007
0.024,0.003,0.007
0.024,0.001,0.007
0.025,-0.003,0.007
0.025,-0.007,0.007
0.024,-0.012,0.007
0.024,-0.019,0.005
0.023,-0.025,0.001
0.023,-0.030,-0.001
0.022,-0.031,-0.002
0.021,-0.031,-0.001
0.018,-0.031,-0.001
0.014,-0.030,0.000
0.011,-0.028,0.001
0.007,-0.026,0.003
0.003,-0.024,0.005
0.000,-0.022,0.006
-0.001,-0.020,0.006
-0.003,-0.017,0.005
-0.003,-0.012,0.005
-0.003,-0.008,0.005
-0.005,-0.005,0.006
-0.007,-0.001,0.006
-0.010,0.002,0.005
-0.012,0.005,0.006
-0.013,0.005,0.008
-0.013,0.005,0.009
-0.012,0.003,0.008
-0.012,0.002,0.007
-0.011,0.002,0.008
-0.010,0.002,0.009
-0.009,0.002,0.010
-0.007,0.002,0.009
-0.006,0.003,0.007
-0.006,0.006,0.006
-0.006,0.010,0.005
-0.005,0.015,0.005
-0.005,0.020,0.004
-0.006,0.022,0.003
-0.006,0.023,0.003
-0.006,0.022,0.003
-0.006,0.022,0.004
-0.007,0.023,0.005
-0.007,0.022,0.006
-0.007,0.022,0.007
-0.006,0.022,0.007
-0.007,0.022,0.007
-0.007,0.021,0.007
-0.007,0.020,0.007
-0.006,0.019,0.007
-0.004,0.018,0.005
-0.001,0.018,0.004
0.001,0.017,0.002
0.003,0.015,0.001
0.002,0.013,0.000
0.000,0.013,0.000
-0.003,0.013,0.000
-0.007,0.013,-0.000
-0.009,0.012,-0.001
-0.011,0.010,-0.002
-0.012,0.009,-0.003
-0.011,0.007,-0.004
-0.010,0.004,-0.005
-0.009,0.001,-0.007
-0.009,-0.001,-0.007
-0.007,-0.002,-0.006
-0.005,-0.003,-0.004
-0.002,-0.003,-0.002
0.001,-0.005,-0.001
0.003,-0.006,-0.002
0.003,-0.008,-0.001
0.003,-0.008,0.000
0.005,-0.007,0.002
0.009,-0.005,0.003
0.012,-0.004,0.004
0.014,-0.002,0.006
0.015,0.000,0.008
0.016,0.003,0.009
0.017,0.005,0.010
0.017,0.005,0.010
0.015,0.005,0.009
0.013,0.003,0.008
0.010,0.001,0.007
0.009,0.000,0.006
0.008,0.001,0.006
0.007,0.002,0.007
0.006,0.004,0.007
0.005,0.005,0.007
0.005,0.009,0.007
0.005,0.013,0.006
0.006,0.017,0.005
0.008,0.020,0.003
0.010,0.022,0.003
0.012,0.024,0.003
0.015,0.026,0.001
0.017,0.026,-0.001
0.020,0.025,-0.004
0.021,0.024,-0.005
0.023,0.024,-0.005
0.023,0.024,-0.006
0.022,0.025,-0.006
0.020,0.026,-0.005
0.016,0.028,-0.004
0.013,0.031,-0.003
0.010,0.034,-0.001
0.009,0.036,-0.001
0.008,0.036,-0.001
0.009,0.036,-0.001
0.009,0.035,-0.001
0.010,0.033,-0.000
0.010,0.030,0.000
0.011,0.026,0.001
0.011,0.021,-0.000
0.010,0.016,-0.002
0.010,0.013,-0.004
0.010,0.011,-0.006
0.012,0.010,-0.009
0.014,0.010,-0.010
0.015,0.009,-0.011
0.014,0.008,-0.009
0.013,0.007,-0.005
0.013,0.005,-0.001
0.012,0.004,-0.001
0.011,0.003,-0.002
0.009,0.003,-0.002
0.006,0.003,-0.002
0.004,0.004,-0.003
0.002,0.005,-0.003
0.001,0.007,-0.003
0.000,0.009,-0.002
0.000,0.010,-0.001
0.001,0.009,0.000
0.002,0.007,0.001
0.005,0.005,0.000
0.009,0.001,-0.000
0.014,-0.001,-0.000
0.017,-0.003,-0.000
0.018,-0.004,-0.001
0.017,-0.005,-0.002
0.016,-0.004,-0.002
0.014,-0.001,-0.001
0.012,0.004,-0.000
0.010,0.008,0.000
0.009,0.011,0.000
0.008,0.014,0.000
0.007,0.018,-0.000
0.006,0.020,-0.001
0.006,0.021,-0.004
0.007,0.022,-0.005
0.010,0.024,-0.005
0.014,0.027,-0.005
0.016,0.027,-0.005
0.017,0.026,-0.005
0.018,0.022,-0.006
0.019,0.018,-0.006
0.020,0.014,-0.007
0.022,0.010,-0.007
0.022,0.006,-0.008
0.021,0.002,-0.009
0.018,-0.001,-0.011
0.015,-0.003,-0.012
0.012,-0.004,-0.013
0.008,-0.005,-0.013
0.005,-0.005,-0.013
0.003,-0.004,-0.014
0.002,-0.003,-0.015
0.002,-0.001,-0.014
0.002,0.001,-0.012
0.003,0.005,-0.010
0.003,0.008,-0.007
0.003,0.011,-0.003
0.004,0.014,0.001
0.005,0.017,0.005
0.007,0.020,0.008
0.008,0.021,0.009
0.008,0.022,0.009
0.008,0.022,0.008
0.008,0.022,0.008
0.007,0.021,0.009
0.005,0.019,0.009
0.004,0.016,0.009
0.004,0.014,0.010
0.003,0.011,0.011
0.003,0.010,0.013
0.003,0.010,0.014
0.004,0.009,0.015
0.005,0.008,0.015
0.006,0.007,0.015
0.005,0.008,0.015
0.003,0.009,0.015
0.000,0.011,0.015
-0.002,0.014,0.016
-0.005,0.017,0.016
-0.007,0.021,0.017
-0.009,0.025,0.016
-0.012,0.028,0.015
-0.014,0.030,0.015
-0.015,0.031,0.015
-0.016,0.032,0.016
-0.017,0.031,0.015
-0.018,0.030,0.014
-0.018,0.031,0.013
-0.017,0.031,0.013
-0.018,0.030,0.012
-0.019,0.025,0.011
-0.021,0.021,0.010
-0.024,0.019,0.010
-0.027,0.018,0.011
-0.029,0.015,0.011
-0.029,0.012,0.009
-0.028,0.009,0.007
-0.028,0.007,0.006
-0.028,0.006,0.006
-0.028,0.004,0.007
-0.027,0.002,0.007
-0.026,0.000,0.007
-0.026,-0.001,0.007
-0.026,-0.003,0.007
-0.026,-0.005,0.007
-0.027,-0.006,0.007
-0.028,-0.006,0.005
-0.028,-0.007,0.003
-0.027,-0.009,0.000
-0.026,-0.011,-0.001
-0.024,-0.014,-0.002
-0.022,-0.016,-0.003
-0.022,-0.018,-0.004
-0.022,-0.021,-0.004
-0.024,-0.022,-0.003
-0.024,-0.021,-0.001
-0.024,-0.020,-0.000
-0.024,-0.017,0.001
-0.023,-0.015,0.003
-0.022,-0.013,0.004
-0.022,-0.012,0.004
-0.022,-0.012,0.004
-0.021,-0.014,0.003
-0.018,-0.015,0.003
-0.014,-0.016,0.004
-0.010,-0.015,0.005
-0.007,-0.014,0.005
-0.005,-0.013,0.004
-0.004,-0.012,0.004
-0.003,-0.012,0.004
-0.002,-0.011,0.005
-0.001,-0.009,0.005
-0.001,-0.006,0.005
-0.002,-0.003,0.004
-0.003,0.000,0.004
-0.003,0.003,0.005
-0.004,0.005,0.005
-0.005,0.007,0.006
-0.007,0.009,0.007
-0.010,0.012,0.009
-0.013,0.016,0.011
-0.013,0.019,0.012
-0.012,0.019,0.013
-0.010,0.017,0.012
-0.007,0.013,0.010
-0.005,0.008,0.008
-0.006,0.003,0.005
-0.009,-0.001,0.003
-0.013,-0.006,0.002
-0.017,-0.011,0.001
-0.020,-0.014,0.001
-0.023,-0.016,0.000
-0.024,-0.017,-0.001
-0.024,-0.017,-0.001
-0.024,-0.018,-0.001
-0.024,-0.017,0.000
-0.023,-0.016,0.000
-0.021,-0.013,0.001
-0.019,-0.009,0.002
-0.016,-0.005,0.003
-0.015,-0.001,0.005
-0.014,0.001,0.004
-0.013,0.003,0.003
-0.012,0.004,0.002
-0.013,0.004,0.002
-0.012,0.002,0.001
-0.011,0.001,0.001
-0.010,-0.000,0.002
-0.011,-0.000,0.003
-0.013,0.000,0.003
-0.016,0.000,0.002
-0.019,0.000,0.000
-0.021,-0.001,0.000
-0.023,-0.003,-0.000
-0.025,-0.004,-0.002
-0.028,-0.006,-0.004
-0.030,-0.008,-0.005
-0.033,-0.009,-0.005
-0.035,-0.011,-0.005
-0.035,-0.014,-0.005
-0.035,-0.015,-0.006
-0.034,-0.015,-0.007
-0.034,-0.013,-0.006
-0.033,-0.010,-0.005
-0.030,-0.009,-0.002
-0.027,-0.007,-0.000
-0.024,-0.006,-0.000
-0.022,-0.005,-0.001
-0.020,-0.007,-0.001
-0.017,-0.008,-0.001
-0.014,-0.010,0.000
-0.012,-0.014,0.000
-0.011,-0.018,0.000
-0.011,-0.021,-0.000
-0.011,-0.024,-0.000
-0.011,-0.024,-0.001
-0.011,-0.025,-0.001
-0.012,-0.025,-0.001
-0.011,-0.024,-0.000
-0.010,-0.025,0.001
-0.008,-0.026,0.003
-0.005,-0.030,0.005
-0.001,-0.034,0.005
0.003,-0.039,0.005
0.006,-0.042,0.004
0.008,-0.044,0.004
0.009,-0.046,0.005
0.009,-0.045,0.006
0.008,-0.043,0.007
0.006,-0.041,0.008
0.003,-0.040,0.009
0.001,-0.039,0.009
-0.001,-0.036,0.010
-0.002,-0.034,0.009
-0.004,-0.033,0.007
-0.006,-0.033,0.004
-0.007,-0.035,0.001
-0.008,-0.037,-0.001
-0.009,-0.039,-0.002
-0.010,-0.041,-0.003
-0.011,-0.041,-0.004
-0.012,-0.039,-0.003
-0.014,-0.035,-0.003
-0.017,-0.031,-0.002
-0.021,-0.027,-0.002
-0.023,-0.024,-0.002
-0.024,-0.021,-0.003
-0.022,-0.018,-0.003
-0.021,-0.016,-0.004
-0.019,-0.014,-0.003
-0.018,-0.014,-0.003
-0.016,-0.013,-0.002
-0.013,-0.013,-0.003
-0.010,-0.014,-0.002
-0.009,-0.016,-0.001
-0.008,-0.017,0.000
-0.009,-0.018,0.001
-0.007,-0.018,0.001
-0.005,-0.017,0.002
-0.003,-0.015,0.003
-0.002,-0.012,0.002
-0.002,-0.010,-0.001
-0.003,-0.009,-0.005
-0.003,-0.007,-0.006
-0.001,-0.005,-0.006
0.001,-0.005,-0.007
0.003,-0.007,-0.008
0.003,-0.010,-0.010
0.002,-0.010,-0.011
0.001,-0.010,-0.011
0.000,-0.011,-0.011
0.001,-0.011,-0.011
0.002,-0.011,-0.010
0.003,-0.009,-0.009
0.005,-0.007,-0.008
0.006,-0.007,-0.008
0.007,-0.007,-0.009
0.009,-0.009,-0.009
0.010,-0.009,-0.010
0.010,-0.008,-0.009
0.010,-0.007,-0.008
0.009,-0.006,-0.007
0.009,-0.005,-0.006
0.010,-0.006,-0.005
0.013,-0.006,-0.004
0.016,-0.007,-0.003
0.020,-0.007,-0.002
0.022,-0.007,-0.003
0.024,-0.006,-0.003
0.026,-0.005,-0.003
0.028,-0.003,-0.003
0.030,-0.002,-0.002
0.031,-0.001,-0.001
0.030,-0.001,-0.000
0.029,0.001,0.000
0.028,0.003,0.000
0.026,0.004,-0.001
0.024,0.002,-0.003
0.022,-0.002,-0.005
0.020,-0.005,-0.007
0.016,-0.007,-0.007
0.013,-0.009,-0.009
0.012,-0.012,-0.009
0.012,-0.015,-0.009
0.011,-0.013,-0.008
0.009,-0.008,-0.006
0.006,-0.001,-0.005
0.003,0.004,-0.005
0.002,0.008,-0.005
0.001,0.011,-0.004
0.000,0.014,-0.003
0.001,0.015,-0.002
0.003,0.016,-0.001
0.006,0.015,-0.000
0.008,0.013,0.001
0.008,0.009,0.002
0.007,0.003,0.001
0.006,-0.003,-0.000
0.004,-0.009,-0.003
0.001,-0.012,-0.005
-0.001,-0.014,-0.004
-0.003,-0.014,-0.002
-0.004,-0.013,-0.001
-0.005,-0.012,-0.001
-0.004,-0.012,-0.003
-0.001,-0.013,-0.005
0.000,-0.016,-0.006
0.001,-0.018,-0.007
-0.001,-0.020,-0.007
-0.002,-0.021,-0.007
-0.002,-0.020,-0.005
0.000,-0.019,-0.002
0.003,-0.016,0.001
0.005,-0.012,0.003
0.006,-0.006,0.004
0.006,0.000,0.005
0.005,0.007,0.005
0.002,0.011,0.004
-0.000,0.014,0.004
-0.001,0.015,0.005
-0.001,0.014,0.005
-0.001,0.011,0.003
-0.000,0.006,0.000
0.001,-0.001,-0.003
0.003,-0.007,-0.005
0.005,-0.013,-0.005
0.006,-0.018,-0.007
0.006,-0.019,-0.009
0.005,-0.018,-0.009
0.005,-0.014,-0.008
0.004,-0.009,-0.006
0.001,-0.003,-0.004
-0.001,0.003,-0.002
-0.003,0.008,-0.001
-0.002,0.010,-0.001
-0.001,0.011,-0.002
0.001,0.010,-0.002
0.003,0.011,-0.001
0.005,0.013,0.000
0.007,0.016,0.003
0.006,0.021,0.006
0.004,0.026,0.008
0.001,0.028,0.009
-0.001,0.028,0.007
-0.001,0.024,0.005
-0.000,0.020,0.003
-0.000,0.018,0.004
-0.000,0.016,0.005
-0.001,0.015,0.006
-0.001,0.013,0.006
-0.001,0.010,0.005
-0.001,0.007,0.004
-0.002,0.005,0.004
-0.005,0.005,0.005
-0.009,0.007,0.007
-0.013,0.009,0.009
-0.015,0.010,0.011
-0.015,0.011,0.011
-0.015,0.012,0.011
-0.014,0.013,0.010
-0.014,0.014,0.008
-0.014,0.015,0.005
-0.014,0.015,0.003
-0.013,0.014,0.002
-0.011,0.013,0.001
-0.009,0.012,-0.001
-0.007,0.011,-0.001
-0.005,0.010,-0.002
-0.004,0.009,-0.001
-0.002,0.008,-0.001
0.001,0.006,-0.001
0.005,0.004,-0.003
0.009,0.001,-0.005
0.014,-0.002,-0.007
0.018,-0.004,-0.007
0.020,-0.004,-0.007
0.021,-0.004,-0.007
0.022,-0.004,-0.006
0.022,-0.005,-0.005
0.024,-0.005,-0.004
0.025,-0.005,-0.004
0.026,-0.003,-0.004
0.026,-0.001,-0.004
0.026,0.002,-0.002
0.026,0.004,-0.001
0.026,0.006,-0.001
0.026,0.009,-0.000
0.025,0.012,0.000
0.021,0.014,0.001
0.016,0.016,-0.000
0.010,0.016,-0.002
0.005,0.016,-0.004
0.001,0.016,-0.006
-0.002,0.014,-0.007
-0.003,0.013,-0.008
-0.003,0.012,-0.009
-0.003,0.010,-0.009
-0.002,0.007,-0.009
-0.002,0.003,-0.010
-0.001,0.001,-0.011
-0.001,0.000,-0.011
0.000,-0.001,-0.010
0.000,-0.003,-0.009
-0.000,-0.004,-0.009
-0.001,-0.006,-0.010
-0.002,-0.008,-0.011
-0.002,-0.009,-0.011
-0.001,-0.010,-0.009
-0.000,-0.010,-0.007
0.001,-0.009,-0.005
0.003,-0.007,-0.005
0.005,-0.005,-0.005
0.007,-0.003,-0.003
0.009,-0.003,-0.002
0.012,-0.004,-0.001
0.015,-0.006,-0.000
0.017,-0.008,0.000
0.018,-0.009,0.001
0.017,-0.009,0.001
0.017,-0.009,0.002
0.017,-0.009,0.002
0.017,-0.009,0.002
0.016,-0.008,0.002
0.016,-0.006,0.003
0.016,-0.003,0.004
0.016,-0.001,0.006
0.017,-0.001,0.008
0.019,0.000,0.009
0.020,0.001,0.009
0.021,0.004,0.009
0.020,0.006,0.010
0.017,0.008,0.010
0.015,0.009,0.008
0.012,0.009,0.005
0.008,0.010,0.003
0.005,0.010,0.003
0.003,0.011,0.004
0.003,0.012,0.005
0.003,0.013,0.004
0.002,0.014,0.005
0.000,0.015,0.005
-0.002,0.016,0.006
-0.003,0.016,0.005
-0.004,0.016,0.005
-0.005,0.015,0.004
-0.006,0.014,0.004
-0.006,0.013,0.005
-0.004,0.012,0.006
-0.001,0.010,0.005
0.001,0.008,0.003
0.002,0.005,0.001
0.002,0.003,0.000
0.002,0.003,-0.000
0.003,0.005,-0.001
0.004,0.008,-0.002
0.005,0.010,-0.002
0.007,0.012,-0.002
0.010,0.012,-0.001
0.012,0.014,0.000
0.014,0.014,0.001
0.015,0.013,0.002
0.015,0.012,0.003
0.015,0.011,0.004
0.015,0.010,0.005
0.016,0.010,0.007
0.015,0.010,0.008
0.013,0.012,0.009
0.010,0.014,0.009
0.008,0.017,0.009
0.007,0.020,0.009
0.005,0.022,0.008
0.001,0.023,0.007
-0.001,0.024,0.005
-0.002,0.022,0.002
-0.002,0.018,0.000
-0.002,0.014,-0.001
-0.003,0.011,-0.003
-0.003,0.008,-0.004
-0.002,0.005,-0.005
-0.002,0.003,-0.005
-0.003,0.003,-0.005
-0.006,0.005,-0.005
-0.008,0.008,-0.005
-0.009,0.010,-0.004
-0.009,0.012,-0.004
-0.008,0.012,-0.005
-0.009,0.013,-0.006
-0.010,0.014,-0.007
-0.010,0.014,-0.007
-0.011,0.013,-0.009
-0.012,0.012,-0.010
-0.012,0.010,-0.011
-0.014,0.009,-0.011
-0.015,0.009,-0.012
-0.015,0.011,-0.012
-0.015,0.012,-0.012
-0.013,0.011,-0.011
-0.012,0.010,-0.010
-0.010,0.009,-0.010
-0.009,0.009,-0.010
-0.009,0.007,-0.010
-0.009,0.004,-0.009
-0.009,0.003,-0.008
-0.008,0.002,-0.007
-0.007,0.002,-0.007
-0.003,0.001,-0.006
0.000,0.002,-0.006
0.005,0.003,-0.005
0.008,0.006,-0.005
0.011,0.009,-0.004
0.014,0.013,-0.003
0.016,0.017,-0.001
0.018,0.020,-0.000
0.019,0.022,-0.000
0.018,0.024,0.000
0.017,0.026,0.001
0.016,0.028,0.001
0.015,0.028,0.001
0.013,0.026,0.000
0.010,0.025,0.000
0.007,0.024,0.001
0.005,0.024,0.001
0.005,0.024,-0.000
0.005,0.024,-0.001
0.004,0.024,-0.001
0.003,0.025,-0.002
0.001,0.025,-0.002
0.001,0.026,-0.001
0.002,0.027,0.000
0.001,0.028,0.001
-0.001,0.028,0.002
-0.004,0.028,0.001
-0.007,0.029,0.000
-0.010,0.030,-0.000
-0.013,0.031,-0.001
-0.017,0.032,-0.001
-0.019,0.033,-0.001
-0.020,0.033,0.000
-0.019,0.031,0.002
-0.018,0.029,0.003
-0.017,0.026,0.003
-0.015,0.022,0.001
-0.013,0.019,0.001
-0.011,0.015,0.001
-0.009,0.012,0.001
-0.008,0.010,0.000
-0.007,0.009,-0.001
-0.007,0.007,-0.001
-0.007,0.007,0.000
-0.007,0.007,0.001
-0.006,0.007,0.003
-0.005,0.007,0.003
-0.004,0.007,0.002
-0.005,0.006,0.000
-0.005,0.005,-0.001
-0.006,0.003,-0.003
-0.007,0.003,-0.004
-0.008,0.003,-0.005
-0.011,0.004,-0.007
-0.013,0.005,-0.007
-0.015,0.007,-0.007
-0.016,0.009,-0.005
-0.016,0.011,-0.003
-0.016,0.011,-0.002
-0.017,0.010,-0.001
-0.017,0.010,-0.001
-0.018,0.010,-0.001
-0.018,0.008,-0.003
-0.018,0.006,-0.005
-0.019,0.005,-0.006
-0.019,0.007,-0.006
-0.018,0.007,-0.006
-0.016,0.005,-0.006
-0.012,0.003,-0.007
-0.007,0.002,-0.007
-0.001,0.001,-0.006
0.004,0.000,-0.006
0.007,-0.001,-0.006
0.008,-0.002,-0.006
0.009,-0.003,-0.005
0.011,-0.004,-0.005
0.012,-0.005,-0.003
0.014,-0.005,-0.002
0.014,-0.005,-0.001
0.015,-0.006,-0.002
0.015,-0.005,-0.003
0.015,-0.004,-0.004
0.014,-0.002,-0.005
0.014,-0.001,-0.005
0.016,-0.001,-0.004
0.018,-0.000,-0.003
0.019,0.001,-0.003
0.020,0.001,-0.003
0.021,0.001,-0.003
0.022,-0.001,-0.003
0.022,-0.002,-0.003
0.020,-0.003,-0.002
0.017,-0.004,-0.002
0.013,-0.005,-0.002
0.009,-0.005,-0.003
0.004,-0.005,-0.005
-0.001,-0.005,-0.006
-0.005,-0.007,-0.007
-0.007,-0.008,-0.006
-0.005,-0.009,-0.005
-0.003,-0.010,-0.005
-0.002,-0.011,-0.005
-0.001,-0.012,-0.004
-0.000,-0.014,-0.002
0.001,-0.013,-0.001
0.003,-0.012,0.000
0.004,-0.011,0.000
0.004,-0.010,0.001
0.004,-0.010,0.003
0.003,-0.010,0.005
0.002,-0.010,0.004
0.001,-0.009,0.003
0.000,-0.008,0.003
0.000,-0.007,0.004
-0.001,-0.007,0.005
-0.001,-0.007,0.005
-0.000,-0.005,0.005
0.002,-0.004,0.005
0.005,-0.003,0.005
0.007,-0.001,0.006
0.008,-0.000,0.007
0.008,0.001,0.008
0.008,0.002,0.009
0.008,0.002,0.010
0.009,0.001,0.012
0.010,0.001,0.013
0.012,-0.001,0.013
0.015,-0.003,0.012
0.018,-0.005,0.013
0.020,-0.007,0.015
0.021,-0.009,0.017
0.021,-0.009,0.018
0.020,-0.010,0.018
0.018,-0.010,0.018
0.017,-0.011,0.017
0.017,-0.012,0.018
0.018,-0.012,0.018
0.018,-0.013,0.018
0.016,-0.015,0.016
0.014,-0.019,0.016
0.012,-0.022,0.015
0.010,-0.024,0.014
0.008,-0.025,0.012
0.005,-0.025,0.009
0.002,-0.026,0.008
-0.001,-0.026,0.008
-0.005,-0.025,0.007
-0.009,-0.024,0.006
-0.013,-0.023,0.005
-0.016,-0.022,0.006
-0.019,-0.022,0.008
-0.020,-0.022,0.009
-0.020,-0.022,0.008
-0.020,-0.021,0.007
-0.020,-0.019,0.006
-0.018,-0.017,0.006
-0.017,-0.016,0.006
-0.016,-0.016,0.006
-0.014,-0.016,0.006
-0.012,-0.016,0.006
-0.008,-0.018,0.004
-0.005,-0.020,0.002
-0.003,-0.023,0.001
-0.003,-0.027,-0.000
-0.003,-0.031,-0.001
-0.003,-0.033,-0.001
-0.003,-0.034,0.000
-0.003,-0.034,0.001
-0.004,-0.034,0.001
-0.005,-0.035,0.001
-0.007,-0.037,0.001
-0.007,-0.040,0.002
-0.005,-0.041,0.003
-0.005,-0.040,0.002
-0.005,-0.040,0.001
-0.004,-0.039,0.001
-0.003,-0.038,0.001
-0.002,-0.035,0.000
-0.002,-0.033,-0.000
-0.003,-0.031,0.000
-0.004,-0.030,0.001
-0.006,-0.028,0.001
-0.009,-0.028,0.000
-0.012,-0.028,0.000
-0.014,-0.027,0.000
-0.015,-0.027,0.001
-0.015,-0.028,0.000
-0.016,-0.030,-0.001
-0.015,-0.032,-0.001
-0.014,-0.033,-0.001
-0.012,-0.035,-0.001
-0.008,-0.038,-0.002
-0.004,-0.041,-0.003
-0.001,-0.042,-0.003
0.002,-0.043,-0.001
0.005,-0.043,0.000
0.007,-0.043,0.000
0.007,-0.042,0.000
0.007,-0.042,0.001
0.007,-0.041,0.003
0.007,-0.038,0.004
0.008,-0.035,0.005
0.008,-0.032,0.005
0.008,-0.030,0.004
0.009,-0.028,0.004
0.011,-0.025,0.005
0.012,-0.021,0.005
0.012,-0.016,0.005
0.010,-0.011,0.005
0.009,-0.007,0.005
0.009,-0.003,0.006
0.008,0.001,0.007
0.007,0.004,0.008
0.007,0.005,0.007
0.005,0.006,0.006
0.003,0.007,0.005
0.002,0.006,0.005
0.001,0.005,0.004
0.001,0.004,0.004
0.001,0.003,0.004
0.001,0.002,0.004
0.002,0.000,0.004
0.003,-0.001,0.003
0.004,-0.002,0.002
0.005,-0.002,0.000
0.005,-0.002,-0.001
0.005,-0.002,-0.001
0.007,-0.002,-0.000
0.007,-0.001,0.000
0.005,0.001,0.000
0.003,0.003,0.001
0.002,0.004,0.003
0.003,0.005,0.003
0.004,0.004,0.002
0.003,0.003,0.001
0.002,0.002,0.000
0.001,0.000,0.000
0.001,-0.001,-0.001
0.001,-0.001,-0.002
0.001,-0.001,-0.003
-0.000,-0.001,-0.002
-0.001,-0.001,-0.002
-0.001,0.000,-0.002
-0.003,0.001,-0.002
-0.004,0.001,-0.001
-0.005,0.002,0.000
-0.005,0.003,0.000
-0.006,0.005,0.000
-0.006,0.006,-0.000
-0.005,0.006,-0.000
-0.003,0.004,-0.001
-0.001,0.001,-0.001
0.000,-0.001,-0.000
0.001,-0.003,0.000
0.002,-0.004,0.000
0.003,-0.005,-0.000
0.006,-0.006,-0.000
0.007,-0.007,0.000
0.009,-0.005,0.000
0.010,-0.003,-0.001
0.011,-0.000,-0.000
0.010,0.000,0.001
0.010,0.000,0.002
0.010,0.000,0.003
0.012,0.002,0.003
0.014,0.003,0.004
0.014,0.004,0.005
0.013,0.005,0.005
0.012,0.006,0.005
0.011,0.008,0.004
0.010,0.010,0.005
0.009,0.012,0.005
0.007,0.013,0.005
0.005,0.014,0.005
0.005,0.016,0.005
0.005,0.019,0.005
0.006,0.021,0.003
0.007,0.021,0.002
0.009,0.020,0.001
0.009,0.018,0.000
0.009,0.015,-0.000
0.009,0.013,-0.000
0.009,0.011,0.000
0.008,0.009,0.000
0.006,0.007,-0.001
0.005,0.004,-0.002
0.005,0.001,-0.001
0.005,-0.000,-0.001
0.005,-0.000,-0.001
0.003,0.001,-0.003
0.002,0.003,-0.004
0.001,0.004,-0.003
0.000,0.006,-0.003
-0.001,0.009,-0.003
-0.001,0.011,-0.003
-0.001,0.012,-0.003
-0.001,0.011,-0.003
-0.001,0.010,-0.002
-0.001,0.010,-0.002
-0.001,0.010,-0.002
0.000,0.012,-0.002
0.000,0.014,-0.001
-0.001,0.016,-0.001
-0.001,0.017,-0.001
-0.001,0.018,-0.000
-0.001,0.019,-0.000
-0.001,0.019,-0.000
-0.002,0.018,-0.001
-0.002,0.016,-0.001
-0.001,0.012,-0.002
-0.001,0.009,-0.003
-0.002,0.006,-0.005
-0.004,0.003,-0.007
-0.005,0.001,-0.007
-0.006,-0.001,-0.007
-0.006,-0.002,-0.008
-0.007,-0.002,-0.009
-0.009,-0.002,-0.009
-0.010,-0.001,-0.009
-0.012,0.000,-0.007
-0.013,0.001,-0.006
-0.013,0.002,-0.005
-0.013,0.004,-0.005
-0.012,0.007,-0.006
-0.012,0.009,-0.007
-0.012,0.010,-0.008
-0.012,0.012,-0.008
-0.012,0.013,-0.008
-0.012,0.013,-0.008
-0.011,0.013,-0.007
-0.010,0.012,-0.008
-0.008,0.012,-0.008
-0.007,0.010,-0.008
-0.005,0.009,-0.008
-0.005,0.007,-0.009
-0.006,0.007,-0.010
-0.007,0.009,-0.010
-0.009,0.010,-0.009
-0.009,0.012,-0.009
-0.009,0.012,-0.010
-0.009,0.012,-0.009
-0.009,0.014,-0.007
-0.009,0.014,-0.006
-0.008,0.014,-0.006
-0.007,0.012,-0.007
-0.005,0.010,-0.007
-0.006,0.010,-0.009
-0.007,0.009,-0.010
-0.008,0.008,-0.011
-0.008,0.008,-0.011
-0.009,0.009,-0.011
-0.011,0.009,-0.011
-0.014,0.008,-0.010
-0.014,0.006,-0.009
-0.015,0.004,-0.006
-0.016,0.003,-0.005
-0.017,0.001,-0.006
-0.018,-0.001,-0.007
-0.019,-0.004,-0.008
-0.018,-0.006,-0.009
-0.017,-0.007,-0.009
-0.016,-0.007,-0.009
-0.015,-0.006,-0.009
-0.014,-0.005,-0.007
-0.014,-0.003,-0.005
-0.013,-0.001,-0.004
-0.012,-0.001,-0.003
-0.010,0.000,-0.001
-0.008,0.001,-0.001
-0.008,0.002,0.000
-0.009,0.003,0.001
-0.008,0.004,0.002
-0.006,0.003,0.003
-0.004,0.002,0.003
-0.003,0.001,0.003
-0.004,0.001,0.003
-0.005,0.001,0.003
-0.005,0.000,0.003
-0.005,-0.001,0.003
-0.006,-0.003,0.004
-0.007,-0.004,0.005
-0.009,-0.005,0.006
-0.009,-0.006,0.005
-0.010,-0.006,0.003
-0.010,-0.006,0.002
-0.010,-0.005,0.001
-0.010,-0.006,0.001
-0.011,-0.007,0.001
-0.012,-0.008,0.000
-0.012,-0.008,0.001
-0.011,-0.009,0.003
-0.009,-0.009,0.004
-0.008,-0.010,0.005
-0.007,-0.011,0.004
-0.005,-0.011,0.003
-0.003,-0.011,0.003
-0.002,-0.012,0.003
-0.001,-0.013,0.002
-0.000,-0.013,0.002
0.000,-0.012,0.003
0.001,-0.010,0.004
0.003,-0.008,0.005
0.003,-0.007,0.005
0.004,-0.007,0.003
0.005,-0.008,0.003
0.007,-0.008,0.002
0.009,-0.007,0.002
0.011,-0.005,0.002
0.012,-0.003,0.003
0.012,-0.001,0.005
0.013,0.002,0.006
0.013,0.005,0.007
0.013,0.006,0.007
0.014,0.007,0.007
0.014,0.008,0.007
0.013,0.010,0.008
0.012,0.013,0.009
0.010,0.016,0.009
0.009,0.018,0.010
0.007,0.020,0.011
0.006,0.022,0.012
0.005,0.025,0.012
0.005,0.026,0.012
0.003,0.026,0.011
0.002,0.026,0.010
0.001,0.025,0.009
0.001,0.024,0.006
0.000,0.022,0.004
-0.001,0.020,0.003
-0.003,0.018,0.002
-0.003,0.017,0.001
-0.005,0.016,0.001
-0.009,0.014,-0.000
-0.011,0.012,-0.001
-0.013,0.010,-0.002
-0.013,0.008,-0.002
-0.014,0.006,-0.001
-0.015,0.003,-0.001
-0.015,0.001,-0.001
-0.014,0.001,-0.000
-0.012,-0.000,0.001
-0.011,-0.003,0.001
-0.009,-0.005,0.001
-0.007,-0.005,0.001
-0.006,-0.003,0.001
-0.006,-0.001,0.001
-0.007,0.002,0.002
-0.007,0.006,0.002
-0.007,0.009,0.002
-0.008,0.010,0.002
-0.009,0.010,0.003
-0.009,0.010,0.005
-0.008,0.011,0.006
-0.007,0.010,0.006
-0.008,0.009,0.005
-0.011,0.007,0.005
-0.013,0.006,0.005
-0.013,0.005,0.005
-0.012,0.006,0.005
-0.011,0.007,0.005
-0.010,0.008,0.005
-0.008,0.009,0.006
-0.007,0.011,0.007
-0.005,0.013,0.007
-0.003,0.016,0.009
-0.002,0.017,0.010
0.000,0.016,0.010
0.003,0.015,0.009
0.005,0.014,0.009
0.008,0.013,0.008
0.010,0.012,0.007
0.011,0.010,0.006
0.012,0.009,0.007
0.012,0.007,0.008
0.011,0.006,0.009
0.011,0.003,0.008
0.010,0.002,0.007
0.010,0.001,0.006
0.010,-0.000,0.005
0.010,-0.002,0.005
0.009,-0.003,0.004
0.008,-0.005,0.003
0.006,-0.007,0.002
0.005,-0.009,0.003
0.005,-0.010,0.004
0.005,-0.010,0.005
0.006,-0.010,0.004
0.007,-0.010,0.004
0.008,-0.009,0.005
0.008,-0.007,0.006
0.007,-0.005,0.006
0.006,-0.002,0.007
0.005,0.001,0.007
0.005,0.003,0.008
0.006,0.005,0.009
0.007,0.006,0.010
0.006,0.008,0.011
0.004,0.009,0.011
0.003,0.010,0.010
0.001,0.010,0.010
0.000,0.009,0.009
-0.002,0.007,0.009
-0.003,0.005,0.009
-0.004,0.005,0.009
-0.004,0.004,0.008
-0.005,0.002,0.007
-0.007,0.000,0.006
-0.009,-0.002,0.004
-0.009,-0.002,0.002
-0.009,-0.001,0.001
-0.010,-0.000,0.000
-0.012,-0.000,-0.001
-0.015,-0.001,-0.002
-0.017,-0.001,-0.002
-0.018,-0.000,-0.002
-0.018,0.001,-0.001
-0.017,0.002,0.000
-0.015,0.003,0.000
-0.013,0.003,0.000
-0.011,0.001,0.001
-0.009,-0.000,0.001
-0.008,-0.002,0.000
-0.007,-0.002,0.000
-0.006,-0.001,0.001
-0.005,0.000,0.001
-0.004,-0.000,0.002
-0.004,-0.002,0.002
-0.003,-0.003,0.002
-0.002,-0.005,0.002
-0.002,-0.006,0.001
-0.002,-0.007,0.000
-0.003,-0.007,-0.000
-0.004,-0.007,0.000
-0.004,-0.007,0.000
-0.004,-0.006,0.000
-0.004,-0.005,-0.000
-0.003,-0.006,-0.000
-0.002,-0.006,0.000
-0.002,-0.006,-0.001
-0.003,-0.005,-0.001
-0.003,-0.005,-0.001
-0.002,-0.004,0.000
-0.001,-0.002,0.000
-0.000,0.001,-0.000
-0.001,0.004,-0.001
-0.001,0.007,-0.002
-0.001,0.008,-0.002
-0.001,0.008,-0.003
-0.002,0.009,-0.003
-0.004,0.009,-0.003
-0.006,0.009,-0.003
-0.007,0.008,-0.003
-0.007,0.007,-0.004
-0.008,0.005,-0.005
-0.009,0.005,-0.007
-0.010,0.005,-0.007
-0.010,0.004,-0.007
-0.009,0.004,-0.008
-0.009,0.005,-0.009
-0.010,0.006,-0.008
-0.009,0.006,-0.007
-0.007,0.005,-0.006
-0.004,0.006,-0.007
-0.002,0.007,-0.008
-0.001,0.007,-0.009
-0.000,0.007,-0.009
0.000,0.008,-0.007
0.001,0.008,-0.006
0.003,0.007,-0.003
0.007,0.006,-0.001
0.010,0.005,-0.001
0.012,0.005,-0.000
0.013,0.004,0.000
0.013,0.003,0.000
0.014,0.002,-0.000
0.014,0.002,-0.001
0.012,0.002,-0.001
0.010,0.003,0.001
0.008,0.004,0.003
0.009,0.005,0.003
0.009,0.007,0.003
0.009,0.009,0.003
0.007,0.012,0.004
0.005,0.014,0.004
0.005,0.016,0.004
0.005,0.017,0.004
0.006,0.019,0.005
0.007,0.021,0.007
0.007,0.022,0.007
0.008,0.022,0.007
0.007,0.024,0.006
0.005,0.026,0.006
0.002,0.028,0.006
0.002,0.028,0.005
0.002,0.027,0.005
0.000,0.025,0.004
-0.002,0.023,0.003
-0.003,0.021,0.002
-0.003,0.019,0.001
-0.001,0.016,0.000
0.001,0.014,-0.001
0.002,0.012,-0.003
0.002,0.012,-0.003
0.003,0.011,-0.002
0.004,0.010,-0.002
0.005,0.009,-0.002
0.006,0.008,-0.002
0.007,0.007,-0.001
0.007,0.004,-0.001
0.006,0.002,-0.002
0.006,0.000,-0.003
0.005,-0.001,-0.004
0.004,-0.003,-0.004
0.002,-0.005,-0.005
0.001,-0.007,-0.006
-0.000,-0.008,-0.007
-0.002,-0.009,-0.006
-0.003,-0.010,-0.006
-0.003,-0.011,-0.005
-0.003,-0.014,-0.005
-0.004,-0.018,-0.004
-0.004,-0.021,-0.005
-0.004,-0.026,-0.007
-0.002,-0.030,-0.008
-0.001,-0.032,-0.007
0.000,-0.033,-0.006
-0.000,-0.033,-0.005
-0.001,-0.032,-0.005
-0.002,-0.031,-0.004
-0.001,-0.029,-0.003
0.000,-0.026,-0.002
0.002,-0.025,-0.002
0.005,-0.024,-0.002
0.008,-0.025,-0.001
0.010,-0.024,0.000
0.012,-0.021,0.002
0.012,-0.019,0.002
0.012,-0.016,0.001
0.011,-0.013,0.001
0.010,-0.009,0.002
0.010,-0.004,0.003
0.009,-0.001,0.004
0.007,0.000,0.004
0.005,0.002,0.003
0.004,0.005,0.003
0.005,0.008,0.001
0.008,0.010,0.000
0.010,0.010,-0.001
0.010,0.010,-0.001
0.011,0.009,-0.001
0.013,0.009,-0.001
0.015,0.007,-0.002
0.016,0.004,-0.003
0.017,0.003,-0.004
0.016,0.002,-0.003
0.017,0.002,-0.001
0.017,0.000,-0.001
0.016,-0.003,-0.003
0.014,-0.005,-0.004
0.012,-0.005,-0.004
0.011,-0.006,-0.003
0.010,-0.009,-0.004
0.009,-0.011,-0.006
0.008,-0.012,-0.007
0.007,-0.011,-0.007
0.008,-0.009,-0.005
0.009,-0.005,-0.002
0.009,-0.003,-0.000
0.009,-0.001,0.001
0.009,-0.000,0.001
0.010,-0.000,0.002
0.010,0.000,0.003
0.011,0.001,0.002
0.010,0.001,0.001
0.009,0.001,0.000
0.006,-0.001,0.000
0.004,-0.002,0.000
0.001,-0.005,0.000
-0.000,-0.007,-0.001
-0.002,-0.009,-0.002
-0.003,-0.012,-0.004
-0.004,-0.014,-0.006
-0.004,-0.016,-0.008
-0.003,-0.017,-0.010
-0.002,-0.016,-0.010
-0.000,-0.015,-0.011
0.001,-0.014,-0.010
0.001,-0.013,-0.010
0.001,-0.011,-0.008
0.001,-0.010,-0.007
0.000,-0.009,-0.007
-0.000,-0.009,-0.007
0.000,-0.008,-0.008
0.001,-0.006,-0.007
0.002,-0.005,-0.005
0.003,-0.003,-0.003
0.006,-0.002,-0.003
0.008,-0.003,-0.004
0.010,-0.003,-0.007
0.011,-0.004,-0.008
0.011,-0.004,-0.009
0.013,-0.004,-0.009
0.014,-0.005,-0.010
0.015,-0.006,-0.010
0.014,-0.008,-0.009
0.013,-0.009,-0.009
0.012,-0.009,-0.008
0.012,-0.009,-0.008
0.013,-0.008,-0.009
0.012,-0.007,-0.008
0.012,-0.007,-0.007
0.012,-0.006,-0.006
0.012,-0.005,-0.007
0.012,-0.004,-0.006
0.012,-0.002,-0.005
0.012,0.000,-0.003
0.011,0.002,-0.003
0.011,0.004,-0.003
0.011,0.005,-0.004
0.011,0.003,-0.004
0.010,0.001,-0.005
0.009,-0.001,-0.005
0.007,-0.004,-0.006
0.005,-0.008,-0.006
0.004,-0.012,-0.006
0.003,-0.016,-0.006
0.001,-0.018,-0.007
-0.002,-0.021,-0.009
-0.005,-0.024,-0.009
-0.008,-0.026,-0.010
-0.009,-0.025,-0.012
-0.008,-0.022,-0.014
-0.008,-0.020,-0.014
-0.009,-0.017,-0.012
-0.009,-0.014,-0.011
-0.007,-0.011,-0.010
-0.005,-0.007,-0.009
-0.004,-0.005,-0.009
-0.003,-0.005,-0.009
-0.001,-0.003,-0.008
0.001,-0.002,-0.007
0.005,-0.001,-0.005
0.009,-0.002,-0.005
0.012,-0.004,-0.005
0.014,-0.006,-0.005
0.014,-0.006,-0.005
0.013,-0.007,-0.005
0.013,-0.007,-0.004
0.014,-0.007,-0.003
0.014,-0.006,-0.004
0.012,-0.005,-0.005
0.010,-0.004,-0.006
0.010,-0.004,-0.005
0.010,-0.003,-0.005
0.010,-0.002,-0.003
0.009,0.000,-0.002
0.009,0.000,-0.002
0.009,-0.001,-0.002
0.010,-0.001,-0.003
0.010,-0.001,-0.003
0.011,-0.001,-0.002
0.010,-0.001,0.000
0.008,-0.001,0.001
0.005,0.000,0.001
0.001,0.002,0.001
-0.002,0.003,0.003
-0.005,0.004,0.004
-0.008,0.004,0.004
-0.010,0.005,0.003
-0.011,0.005,0.002
-0.012,0.005,0.002
-0.012,0.006,0.004
-0.012,0.007,0.006
-0.013,0.007,0.006
-0.014,0.006,0.003
-0.015,0.004,0.001
-0.016,0.003,0.001
-0.016,0.002,0.001
-0.015,0.001,0.000
-0.014,-0.001,-0.003
-0.013,-0.004,-0.005
-0.012,-0.006,-0.006
-0.011,-0.008,-0.005
-0.010,-0.009,-0.005
-0.010,-0.009,-0.004
-0.010,-0.008,-0.003
-0.010,-0.007,-0.002
-0.010,-0.007,-0.001
-0.009,-0.008,-0.001
-0.008,-0.008,-0.001
-0.007,-0.008,-0.001
-0.006,-0.007,-0.001
-0.006,-0.008,-0.000
-0.005,-0.009,0.001
-0.005,-0.010,0.001
-0.004,-0.010,0.001
-0.003,-0.011,0.001
-0.003,-0.012,-0.000
-0.003,-0.012,-0.001
-0.004,-0.012,-0.001
-0.005,-0.012,-0.002
-0.007,-0.014,-0.003
-0.007,-0.017,-0.005
-0.005,-0.018,-0.005
-0.003,-0.020,-0.004
-0.001,-0.021,-0.004
0.001,-0.022,-0.005
0.003,-0.022,-0.005
0.005,-0.021,-0.005
0.007,-0.020,-0.004
0.009,-0.019,-0.003
0.010,-0.018,-0.003
0.011,-0.014,-0.003
0.012,-0.010,-0.003
0.013,-0.005,-0.001
0.014,-0.002,0.000
0.016,0.001,0.000
0.017,0.003,-0.000
0.018,0.006,0.000
0.019,0.007,0.000
0.020,0.007,0.000
0.020,0.009,0.000
0.019,0.010,0.001
0.018,0.012,0.003
0.017,0.013,0.004
0.016,0.012,0.005
0.016,0.011,0.007
0.015,0.009,0.008
0.015,0.008,0.007
0.015,0.006,0.006
0.014,0.005,0.006
0.012,0.003,0.007
0.010,0.003,0.007
0.009,0.003,0.005
0.009,0.003,0.002
0.009,0.003,0.001
0.010,0.002,0.001
0.009,0.002,0.003
0.009,0.002,0.004
0.009,0.003,0.004
0.009,0.002,0.003
0.009,0.001,0.003
0.010,0.001,0.003
0.010,0.001,0.003
0.011,0.001,0.004
0.010,0.002,0.004
0.008,0.002,0.003
0.006,0.003,0.003
0.005,0.005,0.004
0.005,0.009,0.005
0.004,0.011,0.006
0.002,0.013,0.007
-0.000,0.014,0.008
-0.002,0.016,0.009
-0.002,0.017,0.010
-0.002,0.018,0.010
-0.001,0.017,0.010
-0.001,0.015,0.011
-0.001,0.013,0.012
-0.001,0.011,0.013
-0.001,0.009,0.013
-0.001,0.007,0.012
-0.002,0.004,0.012
-0.001,0.001,0.012
0.000,-0.000,0.012
0.000,-0.001,0.012
0.000,-0.002,0.012
-0.001,-0.003,0.010
-0.001,-0.005,0.009
-0.002,-0.007,0.007
-0.003,-0.009,0.007
-0.003,-0.010,0.006
-0.003,-0.012,0.005
-0.003,-0.012,0.005
-0.002,-0.012,0.005
-0.001,-0.012,0.006
0.001,-0.010,0.007
0.002,-0.009,0.007
0.003,-0.007,0.007
0.002,-0.006,0.008
0.001,-0.006,0.009
0.001,-0.006,0.009
0.000,-0.005,0.010
0.000,-0.005,0.009
-0.000,-0.006,0.009
-0.001,-0.007,0.010
-0.000,-0.007,0.011
0.000,-0.005,0.013
0.000,-0.004,0.014
-0.001,-0.005,0.014
-0.003,-0.006,0.014
-0.003,-0.005,0.014
-0.003,-0.004,0.014
-0.002,-0.003,0.014
-0.000,-0.004,0.012
0.000,-0.006,0.010
0.000,-0.006,0.010
-0.001,-0.005,0.010
-0.003,-0.004,0.011
-0.005,-0.004,0.011
-0.007,-0.004,0.010
-0.008,-0.005,0.009
-0.008,-0.006,0.007
-0.008,-0.007,0.006
-0.009,-0.008,0.005
-0.009,-0.009,0.006
-0.010,-0.008,0.006
-0.012,-0.007,0.007
-0.013,-0.006,0.007
-0.014,-0.005,0.008
-0.015,-0.003,0.008
-0.016,-0.001,0.007
-0.016,0.001,0.007
-0.016,0.004,0.007
-0.016,0.007,0.007
-0.017,0.009,0.007
-0.016,0.010,0.007
-0.016,0.011,0.007
-0.015,0.012,0.007
-0.015,0.012,0.008
-0.016,0.011,0.008
-0.016,0.011,0.007
-0.017,0.011,0.006
-0.018,0.012,0.006
-0.020,0.011,0.007
-0.021,0.010,0.007
-0.022,0.009,0.007
-0.023,0.008,0.007
-0.024,0.007,0.007
-0.024,0.007,0.006
-0.025,0.006,0.005
-0.026,0.007,0.005
-0.028,0.007,0.005
-0.028,0.008,0.005
-0.027,0.008,0.003
-0.028,0.007,0.002
-0.030,0.007,0.001
-0.030,0.007,0.001
-0.029,0.006,0.001
-0.027,0.005,0.001
-0.025,0.005,0.002
-0.024,0.004,0.001
-0.022,0.002,0.001
-0.019,0.001,-0.000
-0.018,0.001,-0.000
-0.017,0.000,-0.000
-0.016,-0.001,0.000
-0.014,-0.002,0.000
-0.014,-0.003,0.001
-0.013,-0.004,0.001
-0.012,-0.005,0.002
-0.011,-0.006,0.002
-0.010,-0.007,0.002
-0.009,-0.006,0.001
-0.009,-0.006,0.001
-0.008,-0.006,0.001
-0.007,-0.006,0.002
-0.008,-0.005,0.002
-0.008,-0.004,0.001
-0.009,-0.002,0.002
-0.010,-0.001,0.003
-0.011,-0.000,0.005
-0.011,0.000,0.005
-0.010,0.000,0.004
-0.010,0.001,0.004
-0.010,0.001,0.003
-0.012,0.001,0.002
-0.013,0.002,0.001
-0.014,0.003,0.000
-0.015,0.005,-0.000
-0.016,0.006,-0.000
-0.016,0.007,0.000
-0.016,0.008,0.000
-0.017,0.009,-0.001
-0.018,0.009,-0.002
-0.020,0.009,-0.003
-0.021,0.010,-0.003
-0.021,0.012,-0.003
-0.021,0.012,-0.004
-0.020,0.012,-0.005
-0.020,0.011,-0.005
-0.019,0.011,-0.005
-0.018,0.010,-0.005
-0.016,0.010,-0.004
-0.013,0.009,-0.003
-0.010,0.009,-0.003
-0.009,0.008,-0.002
-0.006,0.007,-0.001
-0.004,0.005,-0.001
-0.002,0.004,-0.002
-0.001,0.003,-0.003
-0.001,0.002,-0.004
-0.001,0.001,-0.004
0.000,-0.000,-0.004
0.001,-0.003,-0.005
0.001,-0.006,-0.005
0.001,-0.010,-0.007
0.000,-0.013,-0.008
-0.001,-0.016,-0.008
-0.002,-0.017,-0.007
-0.003,-0.018,-0.007
-0.002,-0.019,-0.006
-0.001,-0.018,-0.006
-0.001,-0.018,-0.005
-0.001,-0.016,-0.003
-0.001,-0.014,-0.002
-0.001,-0.012,-0.001
-0.001,-0.009,-0.002
-0.001,-0.008,-0.002
-0.001,-0.007,-0.001
-0.002,-0.006,0.000
-0.001,-0.004,0.000
-0.000,-0.001,0.000
0.001,0.000,0.000
0.001,0.000,0.000
0.002,-0.000,0.000
0.003,-0.001,-0.000
0.004,-0.001,-0.000
0.005,-0.001,-0.000
0.007,-0.002,-0.001
0.008,-0.002,-0.001
0.009,-0.002,-0.002
0.010,-0.001,-0.002
0.012,-0.002,-0.002
0.013,-0.003,-0.003
0.014,-0.006,-0.005
0.016,-0.007,-0.006
0.017,-0.007,-0.005
0.019,-0.007,-0.005
0.021,-0.007,-0.005
0.022,-0.009,-0.005
0.023,-0.010,-0.005
0.024,-0.009,-0.005
0.024,-0.007,-0.005
0.024,-0.006,-0.004
0.022,-0.006,-0.004
0.021,-0.005,-0.004
0.021,-0.003,-0.003
0.021,0.000,-0.003
0.020,0.001,-0.002
0.020,0.001,-0.002
0.020,0.001,-0.002
0.020,0.002,-0.002
0.017,0.003,-0.002
0.014,0.002,-0.002
0.011,0.001,-0.004
0.010,0.002,-0.007
0.010,0.004,-0.009
0.009,0.006,-0.009
0.007,0.007,-0.009
0.006,0.007,-0.009
0.005,0.009,-0.007
0.004,0.010,-0.006
0.005,0.011,-0.006
0.006,0.010,-0.006
0.006,0.009,-0.006
0.006,0.007,-0.005
0.006,0.005,-0.006
0.006,0.003,-0.008
0.006,0.001,-0.009
0.007,-0.001,-0.008
0.007,-0.001,-0.005
0.007,0.000,-0.003
0.007,0.001,-0.003
0.007,0.003,-0.005
0.006,0.004,-0.005
0.006,0.006,-0.003
0.005,0.008,-0.003
0.003,0.010,-0.002
0.002,0.011,-0.002
0.002,0.012,-0.001
0.003,0.013,0.000
0.002,0.014,0.000
0.001,0.014,0.001
0.000,0.016,0.001
0.000,0.017,0.003
0.000,0.018,0.003
0.000,0.019,0.003
-0.000,0.020,0.003
-0.001,0.022,0.003
0.000,0.024,0.004
0.001,0.025,0.004
0.000,0.025,0.003
-0.001,0.024,0.002
-0.001,0.024,0.002
0.001,0.024,0.002
0.005,0.023,0.002
0.006,0.021,0.002
0.006,0.018,0.001
0.006,0.014,0.001
0.008,0.013,0.001
0.010,0.013,0.002
0.011,0.013,0.002
0.011,0.013,0.002
0.010,0.012,0.002
0.011,0.010,0.003
0.013,0.010,0.005
0.014,0.009,0.006
0.015,0.007,0.005
0.015,0.005,0.004
0.015,0.003,0.003
0.015,0.002,0.003
0.014,0.001,0.003
0.012,-0.000,0.003
0.010,-0.001,0.004
0.010,-0.002,0.005
0.011,-0.003,0.005
0.011,-0.004,0.004
0.010,-0.006,0.002
0.007,-0.007,0.000
0.005,-0.008,-0.000
0.003,-0.007,-0.000
0.001,-0.006,-0.001
-0.001,-0.006,-0.001
-0.002,-0.006,-0.001
-0.002,-0.005,-0.001
-0.002,-0.004,-0.001
-0.000,-0.004,-0.002
0.001,-0.005,-0.002
0.001,-0.005,-0.001
0.000,-0.005,-0.001
-0.002,-0.002,-0.001
-0.003,0.000,-0.001
-0.004,0.001,-0.002
-0.004,0.001,-0.003
-0.005,0.001,-0.003
-0.005,0.001,-0.004
-0.005,0.002,-0.004
-0.004,0.003,-0.004
-0.003,0.005,-0.003
-0.003,0.005,-0.002
-0.004,0.005,-0.001
-0.004,0.003,-0.001
-0.001,0.003,-0.001
0.001,0.003,-0.001
0.002,0.004,0.000
0.003,0.005,0.001
0.003,0.005,0.001
0.003,0.005,0.001
0.001,0.006,0.001
0.001,0.007,0.002
0.001,0.010,0.002
0.000,0.012,0.001
-0.003,0.013,-0.000
-0.006,0.013,-0.001
-0.007,0.014,-0.001
-0.008,0.014,0.000
-0.008,0.014,0.000
-0.009,0.013,-0.001
-0.009,0.012,-0.002
-0.008,0.012,-0.005
-0.009,0.011,-0.006
-0.009,0.010,-0.007
-0.009,0.010,-0.005
-0.009,0.010,-0.005
-0.008,0.010,-0.005
-0.007,0.010,-0.005
-0.007,0.007,-0.005
-0.007,0.006,-0.005
-0.005,0.006,-0.005
-0.004,0.005,-0.006
-0.003,0.003,-0.006
-0.005,0.001,-0.006
-0.006,0.001,-0.007
-0.006,0.001,-0.007
-0.005,0.001,-0.007
-0.003,0.000,-0.006
-0.001,-0.001,-0.005
-0.001,-0.002,-0.005
-0.000,-0.002,-0.006
-0.000,-0.003,-0.006
-0.001,-0.004,-0.006
-0.001,-0.005,-0.006
-0.002,-0.007,-0.005
-0.003,-0.008,-0.004
-0.003,-0.009,-0.004
-0.005,-0.009,-0.005
-0.006,-0.010,-0.007
-0.007,-0.012,-0.008
-0.007,-0.015,-0.008
-0.006,-0.018,-0.007
-0.006,-0.019,-0.007
-0.008,-0.020,-0.009
-0.009,-0.021,-0.010
-0.008,-0.021,-0.010
-0.006,-0.020,-0.009
-0.005,-0.018,-0.008
-0.004,-0.018,-0.007
-0.003,-0.018,-0.008
-0.002,-0.018,-0.008
-0.002,-0.018,-0.008
-0.001,-0.019,-0.007
-0.000,-0.020,-0.007
0.001,-0.021,-0.008
0.003,-0.021,-0.007
0.005,-0.020,-0.005
0.007,-0.019,-0.005
0.009,-0.017,-0.005
0.010,-0.015,-0.005
0.011,-0.014,-0.003
0.013,-0.013,-0.002
0.015,-0.011,-0.001
0.017,-0.008,-0.000
0.018,-0.005,0.000
0.019,-0.003,0.001
0.020,-0.003,0.003
0.021,-0.002,0.004
0.021,-0.003,0.004
0.021,-0.003,0.003
0.020,-0.004,0.003
0.018,-0.003,0.003
0.015,-0.001,0.003
0.014,0.002,0.004
0.012,0.004,0.006
0.011,0.006,0.006
0.010,0.008,0.005
0.009,0.009,0.004
0.008,0.010,0.005
0.008,0.011,0.008
0.007,0.010,0.009
0.008,0.010,0.009
0.008,0.009,0.007
0.008,0.008,0.007
0.007,0.007,0.007
0.006,0.008,0.006
0.005,0.009,0.005
0.004,0.009,0.004
0.002,0.009,0.004
-0.000,0.008,0.004
-0.001,0.007,0.003
-0.002,0.005,0.003
-0.001,0.004,0.001
-0.001,0.004,0.000
-0.001,0.005,0.000
-0.001,0.006,0.001
-0.001,0.007,0.003
-0.001,0.007,0.003
-0.001,0.007,0.003
-0.000,0.006,0.004
0.000,0.005,0.005
0.002,0.004,0.005
0.004,0.003,0.005
0.006,0.002,0.006
0.006,0.002,0.005
0.007,0.001,0.004
0.008,0.000,0.002
0.009,-0.001,0.001
0.010,-0.003,0.002
0.010,-0.004,0.003
0.008,-0.005,0.003
0.007,-0.006,0.003
0.006,-0.007,0.002
0.006,-0.009,0.002
0.006,-0.010,0.001
0.005,-0.011,-0.000
0.003,-0.010,-0.001
0.002,-0.009,-0.002
0.001,-0.007,-0.002
0.000,-0.006,-0.002
0.000,-0.003,-0.002
0.001,-0.001,-0.002
0.002,0.000,-0.001
0.002,0.002,0.000
0.002,0.004,0.001
0.003,0.006,0.002
0.004,0.007,0.004
0.005,0.007,0.005
0.004,0.007,0.005
0.003,0.007,0.005
0.002,0.006,0.005
0.002,0.006,0.005
0.001,0.005,0.004
-0.000,0.002,0.002
-0.001,-0.000,0.001
0.000,-0.003,0.000
0.001,-0.004,-0.001
0.001,-0.005,-0.003
0.001,-0.007,-0.004
0.001,-0.008,-0.004
0.001,-0.007,-0.003
0.001,-0.005,-0.001
0.000,-0.003,-0.001
0.000,-0.002,-0.001
0.001,0.000,0.000
0.002,0.002,0.001
0.002,0.005,0.001
0.002,0.006,0.003
0.001,0.005,0.003
0.000,0.003,0.003
-0.001,0.002,0.002
-0.001,0.001,0.001
-0.001,0.001,0.000
-0.002,0.000,0.000
-0.003,-0.000,0.001
-0.003,-0.001,0.001
-0.003,-0.001,0.002
-0.003,-0.001,0.002
-0.003,-0.001,0.002
-0.004,-0.002,0.002
-0.004,-0.003,0.002
-0.005,-0.004,0.002
-0.005,-0.005,0.001
-0.006,-0.005,0.001
-0.006,-0.006,0.000
-0.005,-0.007,0.000
-0.005,-0.007,0.001
-0.005,-0.007,0.002
-0.005,-0.007,0.002
-0.005,-0.006,0.003
-0.005,-0.005,0.004
-0.004,-0.005,0.005
-0.003,-0.005,0.006
-0.002,-0.004,0.007
-0.002,-0.003,0.007
-0.002,-0.002,0.008
-0.003,-0.002,0.009
-0.003,-0.002,0.010
-0.003,-0.002,0.010
-0.003,-0.002,0.009
-0.004,-0.002,0.008
-0.004,-0.003,0.007
-0.005,-0.003,0.007
-0.005,-0.003,0.006
-0.005,-0.003,0.005
-0.004,-0.003,0.005
-0.005,-0.003,0.006
-0.007,-0.002,0.007
-0.008,-0.001,0.007
-0.007,-0.001,0.007
-0.007,-0.002,0.005
-0.007,-0.003,0.004
-0.008,-0.003,0.003
-0.007,-0.003,0.003
-0.006,-0.003,0.003
-0.006,-0.002,0.002
-0.008,-0.001,0.000
-0.009,-0.001,-0.000
-0.010,-0.001,-0.000
-0.010,-0.001,-0.001
-0.010,-0.001,-0.001
-0.011,-0.001,-0.001
-0.011,-0.000,-0.001
-0.012,-0.000,-0.001
-0.014,-0.000,-0.001
-0.016,-0.000,-0.002
-0.018,0.000,-0.003
-0.019,0.001,-0.003
-0.020,0.002,-0.002
-0.022,0.003,-0.001
-0.022,0.003,-0.001
-0.022,0.002,-0.002
-0.022,0.002,-0.003
-0.022,0.002,-0.003
-0.022,0.001,-0.002
-0.022,-0.000,-0.002
-0.023,-0.000,-0.003
-0.024,0.001,-0.003
-0.026,0.003,-0.001
-0.027,0.002,0.000
-0.026,0.000,0.000
-0.025,-0.001,-0.001
-0.023,-0.002,-0.001
-0.022,-0.003,0.000
-0.021,-0.005,0.002
-0.020,-0.006,0.003
-0.020,-0.007,0.003
-0.019,-0.007,0.004
-0.018,-0.009,0.005
-0.016,-0.011,0.005
-0.014,-0.013,0.005
-0.014,-0.014,0.004
-0.014,-0.015,0.004
-0.014,-0.016,0.003
-0.013,-0.016,0.003
-0.013,-0.016,0.003
-0.013,-0.016,0.004
-0.012,-0.016,0.005
-0.012,-0.015,0.005
-0.012,-0.014,0.004
-0.012,-0.012,0.003
-0.012,-0.011,0.002
-0.012,-0.010,0.002
-0.013,-0.009,0.003
-0.013,-0.009,0.005
-0.012,-0.010,0.005
-0.012,-0.011,0.003
-0.010,-0.011,0.001
-0.009,-0.012,0.001
-0.007,-0.012,0.002
-0.006,-0.013,0.002
-0.005,-0.013,0.002
-0.005,-0.014,0.003
-0.005,-0.013,0.003
-0.005,-0.012,0.003
-0.004,-0.011,0.003
-0.004,-0.011,0.003
-0.003,-0.012,0.004
-0.003,-0.013,0.004
-0.003,-0.012,0.003
-0.004,-0.012,0.002
-0.003,-0.012,0.001
-0.003,-0.012,0.001
-0.002,-0.014,0.001
-0.001,-0.015,0.001
-0.001,-0.014,0.001
-0.001,-0.013,0.000
-0.000,-0.012,0.000
0.000,-0.012,0.000
0.000,-0.011,0.001
0.000,-0.010,0.003
0.000,-0.008,0.005
-0.000,-0.005,0.005
-0.001,-0.002,0.006
-0.003,-0.000,0.007
-0.004,0.001,0.007
-0.005,0.003,0.007
-0.004,0.004,0.007
-0.003,0.005,0.008
-0.003,0.004,0.008
-0.003,0.004,0.008
-0.005,0.003,0.008
-0.005,0.001,0.007
-0.005,-0.000,0.005
-0.005,-0.003,0.006
-0.004,-0.004,0.006
-0.003,-0.004,0.007
-0.003,-0.004,0.006
-0.003,-0.005,0.006
-0.002,-0.008,0.006
-0.001,-0.010,0.006
-0.001,-0.012,0.007
-0.000,-0.013,0.008
0.001,-0.013,0.009
0.001,-0.012,0.009
0.002,-0.011,0.008
0.003,-0.008,0.008
0.004,-0.005,0.009
0.005,-0.003,0.009
0.005,-0.002,0.009
0.007,-0.000,0.009
0.009,0.001,0.009
0.011,0.003,0.010
0.012,0.003,0.010
0.012,0.003,0.010
0.012,0.004,0.009
0.012,0.004,0.009
0.012,0.004,0.007
0.012,0.004,0.007
0.011,0.004,0.006
0.010,0.004,0.006
0.009,0.004,0.005
0.008,0.003,0.004
0.007,0.002,0.003
0.005,0.001,0.001
0.004,0.001,-0.001
0.003,0.001,-0.000
0.003,0.002,0.001
0.004,0.003,0.002
0.004,0.005,0.001
0.004,0.006,0.001
0.005,0.007,0.000
0.006,0.007,0.000
0.008,0.007,0.000
0.009,0.007,0.000
0.008,0.009,-0.000
0.006,0.010,-0.001
0.005,0.010,-0.001
0.003,0.010,-0.001
0.003,0.010,-0.001
0.002,0.010,-0.001
0.001,0.009,-0.001
0.001,0.008,-0.002
0.001,0.008,-0.002
0.001,0.009,-0.001
0.001,0.009,-0.001
0.003,0.009,-0.003
0.005,0.008,-0.004
0.007,0.007,-0.003
0.008,0.006,-0.002
0.008,0.006,-0.001
0.009,0.006,-0.001
0.012,0.005,-0.002
0.013,0.005,-0.003
0.014,0.005,-0.002
0.016,0.005,-0.001
0.016,0.004,-0.001
0.017,0.002,-0.002
0.016,0.001,-0.002
0.014,0.001,-0.001
0.014,0.000,-0.001
0.013,0.000,-0.003
0.013,0.000,-0.004
0.013,0.000,-0.004
0.013,0.001,-0.003
0.013,0.003,-0.003
0.012,0.004,-0.004
0.012,0.005,-0.005
0.012,0.005,-0.005
0.012,0.005,-0.004
0.010,0.006,-0.003
0.008,0.006,-0.003
0.007,0.006,-0.004
0.006,0.006,-0.004
0.005,0.006,-0.003
0.005,0.005,-0.003
0.005,0.004,-0.003
0.005,0.003,-0.004
0.004,0.003,-0.005
0.004,0.003,-0.005
0.005,0.002,-0.005
0.007,-0.000,-0.005
0.009,-0.002,-0.005
0.010,-0.004,-0.005
0.010,-0.005,-0.005
0.011,-0.007,-0.006
0.011,-0.007,-0.007
0.009,-0.006,-0.007
0.007,-0.006,-0.006
0.006,-0.006,-0.007
0.007,-0.006,-0.009
0.008,-0.005,-0.011
0.009,-0.005,-0.011
0.008,-0.005,-0.010
0.007,-0.006,-0.010
0.005,-0.005,-0.011
0.005,-0.004,-0.011
0.005,-0.003,-0.010
0.005,-0.002,-0.009
0.005,-0.001,-0.008
0.003,-0.000,-0.008
0.002,0.000,-0.008
0.002,0.001,-0.009
0.002,0.001,-0.009
0.001,0.000,-0.009
-0.000,0.000,-0.008
0.000,0.000,-0.008
0.001,0.000,-0.009
0.001,0.000,-0.009
0.000,0.000,-0.010
0.001,-0.001,-0.010
0.002,-0.002,-0.010
0.004,-0.003,-0.010
0.005,-0.003,-0.010
0.005,-0.003,-0.010
0.006,-0.003,-0.010
0.008,-0.003,-0.009
0.009,-0.005,-0.008
0.010,-0.005,-0.008
0.010,-0.004,-0.008
0.009,-0.002,-0.008
0.008,-0.001,-0.007
0.007,-0.001,-0.007
0.008,0.000,-0.007
0.008,0.001,-0.005
0.007,0.003,-0.004
0.006,0.004,-0.004
0.007,0.004,-0.005
0.008,0.005,-0.003
0.008,0.007,-0.000
0.006,0.009,0.001
0.004,0.010,0.000
0.003,0.010,-0.001
0.003,0.009,-0.002
0.003,0.009,-0.001
0.002,0.009,-0.001
0.000,0.009,-0.001
-0.001,0.008,-0.001
-0.001,0.008,0.000
-0.002,0.007,0.001
-0.003,0.007,0.003
-0.003,0.007,0.003
-0.003,0.006,0.002
-0.003,0.007,0.001
-0.003,0.007,0.000
-0.003,0.006,-0.000
-0.002,0.006,-0.000
-0.001,0.006,-0.001
-0.001,0.007,-0.001
-0.001,0.008,-0.002
-0.001,0.009,-0.002
-0.000,0.009,-0.003
0.001,0.009,-0.004
0.001,0.009,-0.004
0.002,0.009,-0.004
0.003,0.010,-0.005
0.005,0.012,-0.005
0.007,0.014,-0.005
0.009,0.014,-0.004
0.009,0.014,-0.003
0.009,0.013,-0.003
0.010,0.014,-0.002
0.012,0.015,-0.002
0.012,0.016,-0.003
0.012,0.016,-0.003
0.012,0.015,-0.004
0.012,0.014,-0.003
0.010,0.014,-0.003
0.010,0.014,-0.003
0.010,0.014,-0.003
0.011,0.013,-0.003
0.012,0.012,-0.002
0.011,0.011,-0.002
0.009,0.010,-0.002
0.007,0.009,-0.003
0.005,0.009,-0.003
0.004,0.009,-0.003
0.003,0.009,-0.003
0.001,0.009,-0.003
-0.001,0.010,-0.004
-0.004,0.011,-0.004
-0.005,0.012,-0.004
-0.005,0.013,-0.005
-0.005,0.012,-0.006
-0.006,0.011,-0.006
-0.005,0.010,-0.006
-0.004,0.010,-0.005
-0.002,0.009,-0.005
-0.001,0.007,-0.005
-0.000,0.005,-0.003
-0.000,0.003,-0.003
0.000,0.002,-0.003
0.001,0.001,-0.003
0.002,-0.001,-0.003
0.003,-0.002,-0.002
0.005,-0.003,-0.002
0.005,-0.002,-0.003
0.006,-0.001,-0.002
0.006,-0.001,-0.001
0.007,0.000,0.000
0.007,0.000,0.001
0.007,0.000,0.001
0.008,0.000,0.001
0.008,0.001,0.001
0.009,0.003,0.001
0.009,0.004,0.001
0.009,0.005,0.003
0.008,0.005,0.003
0.007,0.006,0.003
0.006,0.007,0.002
0.007,0.007,0.002
0.007,0.008,0.002
0.005,0.009,0.002
0.003,0.010,0.001
0.003,0.010,0.000
0.002,0.010,0.000
0.002,0.009,-0.000
0.002,0.009,-0.001
0.002,0.009,-0.000
0.003,0.009,0.001
0.003,0.010,0.002
0.002,0.010,0.002
0.002,0.009,0.001
0.002,0.009,0.000
0.003,0.010,0.000
0.004,0.010,0.000
0.004,0.009,0.001
0.003,0.009,0.000
0.004,0.009,-0.001
0.005,0.008,-0.001
0.005,0.007,-0.001
0.005,0.006,-0.001
0.007,0.006,-0.001
0.007,0.006,-0.001
0.007,0.006,-0.002
0.007,0.005,-0.001
0.007,0.005,-0.001
0.008,0.006,-0.001
0.008,0.006,-0.001
0.007,0.005,-0.002
0.007,0.003,-0.001
0.007,0.003,-0.001
0.008,0.002,-0.002
0.007,0.001,-0.003
0.004,-0.001,-0.005
0.002,-0.002,-0.004
0.001,-0.001,-0.003
0.001,0.000,-0.003
0.000,0.001,-0.004
-0.001,0.001,-0.005
-0.003,-0.000,-0.004
-0.003,-0.001,-0.003
-0.003,-0.000,-0.002
-0.002,0.000,-0.002
-0.002,0.000,-0.003
-0.003,0.000,-0.003
-0.003,0.000,-0.002
-0.004,0.001,-0.002
-0.004,0.001,-0.003
-0.004,0.001,-0.003
-0.003,-0.000,-0.002
-0.002,-0.001,-0.001
-0.000,-0.001,0.000
0.001,-0.001,0.000
0.001,-0.001,0.000
0.001,-0.001,0.000
0.001,-0.001,0.000
0.000,-0.001,0.001
-0.001,-0.000,0.001
-0.001,0.002,0.003
0.000,0.004,0.004
0.001,0.005,0.005
0.002,0.004,0.006
0.003,0.003,0.007
0.005,0.004,0.007
0.006,0.005,0.006
0.007,0.004,0.006
0.007,0.003,0.007
0.009,0.003,0.008
0.010,0.004,0.008
0.011,0.005,0.008
0.010,0.004,0.007
0.009,0.002,0.007
0.009,0.001,0.006
0.009,0.001,0.006
0.010,0.001,0.005
0.009,0.000,0.004
0.007,-0.001,0.003
0.006,-0.002,0.003
0.006,-0.003,0.003
0.006,-0.004,0.003
0.007,-0.005,0.003
0.006,-0.005,0.003
0.006,-0.005,0.003
0.005,-0.006,0.003
0.004,-0.009,0.002
0.004,-0.009,0.001
0.004,-0.008,0.001
0.004,-0.007,0.001
0.003,-0.008,0.001
0.003,-0.008,0.001
0.003,-0.007,0.002
0.004,-0.006,0.003
0.004,-0.007,0.002
0.004,-0.008,0.001
0.003,-0.009,0.001
0.003,-0.009,0.003
0.004,-0.008,0.005
0.005,-0.008,0.005
0.006,-0.010,0.004
0.006,-0.012,0.003
0.006,-0.012,0.002
0.007,-0.013,0.001
0.008,-0.014,0.001
0.007,-0.015,0.002
0.005,-0.016,0.003
0.003,-0.016,0.002
0.003,-0.016,0.001
0.003,-0.017,0.001
0.003,-0.017,0.002
0.003,-0.017,0.002
0.003,-0.016,0.002
0.002,-0.016,0.001
0.002,-0.016,0.001
0.001,-0.015,0.002
0.001,-0.014,0.003
0.002,-0.013,0.004
0.002,-0.013,0.005
0.002,-0.014,0.005
0.001,-0.014,0.004
0.000,-0.013,0.003
-0.001,-0.013,0.003
-0.002,-0.014,0.003
-0.002,-0.014,0.003
-0.002,-0.014,0.003
-0.003,-0.015,0.003
-0.004,-0.015,0.003
-0.004,-0.016,0.003
-0.003,-0.015,0.002
-0.003,-0.014,0.001
-0.003,-0.015,0.000
-0.005,-0.016,-0.001
-0.005,-0.016,-0.001
-0.004,-0.015,0.000
-0.003,-0.013,0.001
-0.004,-0.012,0.001
-0.005,-0.012,0.002
-0.006,-0.011,0.002
-0.008,-0.010,0.002
-0.010,-0.010,0.000
-0.012,-0.009,-0.000
-0.013,-0.009,-0.000
-0.013,-0.010,0.000
-0.014,-0.010,0.001
-0.015,-0.010,0.001
-0.015,-0.010,0.001
-0.015,-0.010,0.001
-0.015,-0.010,0.001
-0.016,-0.009,0.000
-0.016,-0.010,0.000
-0.016,-0.010,0.000
-0.016,-0.012,-0.000
-0.017,-0.014,-0.001
-0.018,-0.015,-0.001
-0.017,-0.016,-0.001
-0.016,-0.017,-0.000
-0.016,-0.017,-0.001
-0.015,-0.017,-0.001
-0.014,-0.017,-0.002
-0.013,-0.017,-0.001
-0.013,-0.016,-0.002
-0.012,-0.016,-0.002
-0.012,-0.016,-0.002
-0.011,-0.016,-0.001
-0.010,-0.016,-0.002
-0.010,-0.017,-0.003
-0.009,-0.018,-0.003
-0.007,-0.019,-0.002
-0.007,-0.018,-0.002
-0.008,-0.018,-0.003
-0.009,-0.018,-0.003
-0.010,-0.018,-0.003
-0.011,-0.017,-0.002
-0.014,-0.016,-0.001
-0.016,-0.015,0.000
-0.016,-0.016,0.001
-0.016,-0.016,0.001
-0.016,-0.018,0.001
-0.017,-0.018,0.001
-0.017,-0.019,0.002
-0.017,-0.019,0.003
-0.017,-0.019,0.003
-0.018,-0.020,0.003
-0.020,-0.020,0.003
-0.021,-0.020,0.003
-0.020,-0.020,0.003
-0.019,-0.019,0.004
-0.018,-0.020,0.005
-0.018,-0.021,0.004
-0.018,-0.022,0.001
-0.018,-0.022,0.000
-0.018,-0.020,0.000
-0.017,-0.018,0.001
-0.017,-0.015,0.002
-0.016,-0.013,0.002
-0.016,-0.012,0.002
-0.016,-0.010,0.003
-0.014,-0.008,0.004
-0.011,-0.005,0.005
-0.010,-0.005,0.005
-0.010,-0.003,0.005
-0.010,-0.001,0.006
-0.010,0.001,0.007
-0.009,0.003,0.007
-0.008,0.003,0.007
-0.007,0.003,0.006
-0.005,0.002,0.005
-0.003,0.002,0.005
-0.003,0.002,0.006
-0.004,0.003,0.007
-0.005,0.005,0.008
-0.005,0.007,0.008
-0.005,0.009,0.007
-0.005,0.010,0.007
-0.006,0.011,0.007
-0.006,0.012,0.009
-0.006,0.014,0.009
-0.007,0.015,0.008
-0.009,0.017,0.007
-0.011,0.018,0.007
-0.011,0.019,0.007
-0.010,0.020,0.008
-0.009,0.019,0.007
-0.010,0.018,0.006
-0.010,0.017,0.006
-0.011,0.016,0.006
-0.012,0.017,0.007
-0.014,0.016,0.007
-0.014,0.014,0.007
-0.015,0.012,0.007
-0.015,0.011,0.007
-0.015,0.010,0.007
-0.014,0.009,0.005
-0.014,0.007,0.003
-0.015,0.007,0.003
-0.016,0.007,0.003
-0.016,0.007,0.005
-0.016,0.008,0.005
-0.016,0.009,0.005
-0.015,0.010,0.005
-0.014,0.011,0.005
-0.014,0.012,0.006
-0.014,0.013,0.006
-0.014,0.015,0.007
-0.013,0.016,0.007
-0.014,0.017,0.007
-0.015,0.018,0.007
-0.016,0.018,0.006
-0.017,0.018,0.005
-0.017,0.018,0.004
-0.016,0.017,0.003
-0.016,0.015,0.003
-0.016,0.012,0.003
-0.014,0.009,0.002
-0.013,0.008,0.001
-0.012,0.007,0.001
-0.011,0.005,0.002
-0.011,0.003,0.003
-0.011,0.001,0.002
-0.011,0.000,0.002
-0.010,0.000,0.001
-0.010,-0.001,0.001
-0.010,-0.002,0.001
-0.010,-0.003,0.001
-0.009,-0.002,0.001
-0.008,0.000,0.002
-0.007,0.003,0.003
-0.006,0.007,0.003
-0.006,0.009,0.003
-0.006,0.010,0.002
-0.005,0.012,0.002
-0.005,0.012,0.003
-0.003,0.012,0.005
-0.001,0.012,0.005
-0.000,0.012,0.005
-0.000,0.011,0.004
-0.001,0.010,0.003
-0.002,0.009,0.002
-0.003,0.009,0.002
-0.004,0.010,0.003
-0.005,0.010,0.004
-0.005,0.010,0.004
-0.004,0.008,0.004
-0.001,0.007,0.005
0.000,0.006,0.005
0.001,0.006,0.003
0.000,0.006,0.001
0.000,0.007,0.001
0.001,0.008,0.002
0.001,0.008,0.003
0.003,0.007,0.002
0.003,0.007,0.001
0.005,0.008,0.000
0.006,0.010,0.001
0.007,0.011,0.002
0.007,0.012,0.002
0.007,0.011,0.003
0.008,0.010,0.003
0.009,0.010,0.003
0.009,0.009,0.002
0.009,0.007,0.001
0.007,0.006,0.002
0.007,0.006,0.003
0.006,0.005,0.003
0.005,0.005,0.001
0.004,0.004,0.000
0.004,0.003,-0.000
0.005,0.003,-0.001
0.005,0.001,-0.001
0.003,-0.001,-0.001
0.000,-0.002,0.001
-0.001,-0.002,0.003
-0.001,-0.001,0.003
-0.001,-0.001,0.003
-0.001,-0.001,0.002
-0.001,-0.000,0.002
-0.001,0.000,0.003
-0.001,0.001,0.004
-0.000,-0.000,0.004
0.000,-0.002,0.005
0.002,-0.003,0.006
0.004,-0.002,0.007
0.005,-0.000,0.007
0.005,0.000,0.007
0.005,0.000,0.006
0.005,-0.001,0.005
0.003,-0.002,0.004
0.002,-0.003,0.004
0.002,-0.004,0.005
0.003,-0.005,0.007
0.003,-0.005,0.006
0.004,-0.006,0.005
0.003,-0.007,0.003
0.003,-0.006,0.003
0.003,-0.005,0.002
0.004,-0.004,0.001
0.005,-0.005,0.001
0.006,-0.004,0.001
0.007,-0.003,0.002
0.007,-0.001,0.002
0.008,-0.001,0.003
0.009,-0.002,0.002
0.011,-0.002,0.001
0.011,-0.001,0.000
0.010,-0.001,-0.000
0.009,-0.001,-0.000
0.008,-0.000,0.000
0.007,0.000,-0.000
0.005,0.001,-0.001
0.005,0.001,-0.001
0.004,0.000,0.000
0.004,-0.000,0.001
0.003,-0.000,0.000
0.002,-0.001,-0.001
0.003,-0.001,-0.002
0.003,-0.002,-0.001
0.002,-0.003,-0.001
0.001,-0.003,-0.001
0.001,-0.003,-0.001
0.001,-0.003,-0.001
0.001,-0.002,-0.002
0.000,-0.001,-0.002
-0.000,-0.000,-0.002
0.000,0.001,-0.001
0.001,0.001,-0.001
0.002,0.000,-0.001
0.003,0.000,-0.003
0.004,0.001,-0.004
0.005,0.001,-0.005
0.007,0.001,-0.006
0.006,0.001,-0.005
0.006,0.002,-0.004
0.007,0.003,-0.003
0.008,0.003,-0.002
0.009,0.003,-0.003
0.009,0.004,-0.003
0.010,0.004,-0.003
0.013,0.004,-0.003
0.015,0.003,-0.004
0.015,0.003,-0.004
0.014,0.003,-0.003
0.014,0.004,-0.001
0.016,0.005,-0.001
0.017,0.005,-0.000
0.017,0.005,-0.001
0.016,0.005,-0.001
0.016,0.005,-0.001
0.014,0.005,0.000
0.013,0.004,0.001
0.012,0.003,0.000
0.013,0.001,-0.000
0.014,-0.001,-0.001
0.015,-0.003,-0.001
0.014,-0.004,-0.001
0.014,-0.005,-0.002
0.013,-0.006,-0.001
0.013,-0.007,-0.000
0.013,-0.007,-0.000
0.012,-0.007,-0.001
0.011,-0.007,-0.002
0.010,-0.007,-0.001
0.010,-0.006,-0.001
0.011,-0.007,-0.002
0.012,-0.007,-0.002
0.013,-0.009,-0.003
0.014,-0.010,-0.003
0.014,-0.012,-0.003
0.014,-0.012,-0.003
0.014,-0.012,-0.002
0.014,-0.012,-0.002
0.013,-0.012,-0.002
0.012,-0.013,-0.002
0.011,-0.013,-0.002
0.009,-0.012,-0.002
0.009,-0.011,-0.001
0.009,-0.011,-0.001
0.009,-0.011,-0.001
0.009,-0.012,-0.001
0.008,-0.014,-0.003
0.009,-0.015,-0.003
0.009,-0.016,-0.003
0.008,-0.015,-0.003
0.005,-0.014,-0.003
0.001,-0.012,-0.003
-0.001,-0.011,-0.004
-0.001,-0.010,-0.004
-0.001,-0.010,-0.004
-0.001,-0.009,-0.004
-0.001,-0.008,-0.004
-0.001,-0.007,-0.004
-0.000,-0.005,-0.005
-0.000,-0.005,-0.006
-0.001,-0.004,-0.008
-0.002,-0.005,-0.010
-0.001,-0.005,-0.010
0.000,-0.005,-0.010
0.001,-0.005,-0.008
0.002,-0.005,-0.007
0.003,-0.006,-0.006
0.004,-0.006,-0.008
0.004,-0.005,-0.010
0.005,-0.005,-0.011
0.005,-0.005,-0.010
0.005,-0.006,-0.010
0.005,-0.005,-0.009
0.005,-0.003,-0.008
0.005,-0.002,-0.008
0.005,-0.001,-0.008
0.007,0.000,-0.007
0.007,0.003,-0.006
0.008,0.005,-0.005
0.008,0.006,-0.006
0.007,0.005,-0.007
0.006,0.004,-0.007
0.006,0.005,-0.007
0.007,0.006,-0.006
0.007,0.007,-0.005
0.005,0.008,-0.006
0.003,0.009,-0.007
0.001,0.009,-0.008
-0.001,0.008,-0.008
-0.003,0.008,-0.008
-0.003,0.007,-0.008
-0.003,0.005,-0.009
-0.003,0.004,-0.010
-0.002,0.003,-0.010
-0.003,0.003,-0.010
-0.003,0.003,-0.011
-0.003,0.003,-0.011
-0.002,0.001,-0.011
-0.001,0.001,-0.010
-0.001,0.001,-0.010
-0.000,0.000,-0.011
-0.000,-0.001,-0.011
0.000,-0.001,-0.010
0.001,-0.001,-0.009
0.002,-0.001,-0.008
0.003,-0.001,-0.008
0.005,-0.001,-0.008
0.007,-0.001,-0.008
0.009,-0.001,-0.008
0.010,-0.001,-0.008
0.012,-0.000,-0.009
0.012,0.000,-0.009
0.012,0.001,-0.009
0.012,0.002,-0.009
0.011,0.002,-0.009
0.012,0.002,-0.008
0.012,0.003,-0.008
0.011,0.004,-0.008
0.009,0.005,-0.008
0.007,0.006,-0.008
0.006,0.007,-0.008
0.006,0.008,-0.009
0.006,0.009,-0.009
0.006,0.009,-0.009
0.007,0.009,-0.008
0.008,0.009,-0.007
0.008,0.010,-0.007
0.007,0.010,-0.007
0.007,0.009,-0.008
0.006,0.008,-0.009
0.007,0.007,-0.008
0.008,0.006,-0.008
0.009,0.005,-0.008
0.009,0.002,-0.009
0.010,0.000,-0.009
0.010,-0.001,-0.007
0.010,-0.001,-0.006
0.009,-0.002,-0.005
0.009,-0.003,-0.006
0.010,-0.004,-0.007
0.011,-0.004,-0.005
0.011,-0.004,-0.005
0.011,-0.004,-0.005
0.011,-0.005,-0.006
0.012,-0.006,-0.005
0.013,-0.007,-0.004
0.012,-0.007,-0.004
0.010,-0.007,-0.004
0.009,-0.006,-0.003
0.009,-0.005,-0.002
0.009,-0.004,-0.001
0.008,-0.002,-0.001
0.007,-0.001,-0.001
0.006,-0.001,-0.001
0.006,-0.001,-0.001
0.007,-0.001,0.000
0.008,-0.001,0.000
0.008,-0.002,-0.000
0.007,-0.004,-0.000
0.005,-0.004,0.000
0.004,-0.004,0.000
0.002,-0.004,0.000
0.001,-0.005,-0.000
-0.000,-0.005,-0.001
-0.001,-0.004,-0.001
-0.003,-0.003,-0.001
-0.003,-0.002,-0.001
-0.002,-0.003,-0.001
-0.001,-0.003,-0.001
0.000,-0.002,-0.003
0.001,-0.001,-0.004
0.001,-0.000,-0.003
0.000,0.000,-0.002
-0.000,0.001,-0.002
0.000,0.001,-0.003
0.000,0.001,-0.003
0.000,0.002,-0.002
0.000,0.003,-0.000
0.001,0.003,0.000
0.002,0.005,-0.000
0.001,0.005,-0.000
0.001,0.005,0.000
0.002,0.005,0.000
0.004,0.005,0.000
0.005,0.006,0.000
0.003,0.006,0.001
0.001,0.005,0.001
0.000,0.005,0.001
0.000,0.005,0.001
0.001,0.005,0.001
0.003,0.005,0.001
0.003,0.004,0.001
0.004,0.003,0.000
0.005,0.002,0.000
0.006,-0.000,0.000
0.007,-0.002,-0.000
0.007,-0.003,-0.001
0.007,-0.002,-0.001
0.006,-0.000,-0.001
0.005,0.001,-0.001
0.004,0.001,-0.002
0.003,0.001,-0.003
0.002,0.001,-0.003
0.001,0.000,-0.002
0.000,-0.000,-0.003
0.001,-0.001,-0.004
0.001,-0.002,-0.006
0.000,-0.002,-0.006
-0.001,-0.001,-0.005
-0.003,0.001,-0.003
-0.003,0.003,-0.003
-0.002,0.004,-0.003
-0.001,0.005,-0.003
-0.002,0.006,-0.003
-0.002,0.006,-0.002
-0.002,0.005,-0.002
-0.001,0.004,-0.002
-0.001,0.003,-0.002
-0.001,0.003,-0.002
-0.001,0.002,-0.002
-0.002,0.002,-0.002
-0.003,0.001,-0.001
-0.003,0.000,-0.002
-0.004,-0.000,-0.003
-0.005,-0.001,-0.003
-0.006,-0.001,-0.003
-0.005,0.000,-0.003
-0.004,0.001,-0.003
-0.003,0.002,-0.003
-0.005,0.003,-0.004
-0.005,0.004,-0.004
-0.006,0.004,-0.003
-0.006,0.003,-0.002
-0.005,0.001,-0.001
-0.004,-0.001,-0.002
-0.003,-0.002,-0.004
-0.002,-0.001,-0.004
-0.003,0.000,-0.003
-0.003,0.001,-0.002
-0.003,0.001,-0.002
-0.002,0.001,-0.003
-0.002,0.002,-0.002
-0.002,0.001,-0.001
-0.002,0.000,0.000
0.000,-0.001,0.000
0.001,-0.000,-0.001
0.000,0.000,-0.001
-0.001,0.000,0.000
-0.001,-0.001,0.001
0.000,-0.001,0.003
0.001,0.000,0.003
0.002,0.001,0.003
0.003,0.001,0.003
0.005,0.001,0.003
0.005,0.001,0.003
0.006,0.003,0.003
0.006,0.003,0.004
0.008,0.004,0.005
0.009,0.004,0.004
0.008,0.005,0.004
0.007,0.005,0.004
0.006,0.005,0.005
0.007,0.006,0.005
0.007,0.006,0.005
0.008,0.006,0.005
0.008,0.005,0.005
0.007,0.003,0.005
0.007,0.002,0.005
0.006,0.001,0.006
0.006,0.001,0.007
0.007,0.002,0.008
0.007,0.004,0.008
0.007,0.005,0.007
0.007,0.005,0.006
0.007,0.005,0.006
0.006,0.005,0.007
0.005,0.005,0.008
0.006,0.005,0.009
0.007,0.005,0.010
0.007,0.005,0.011
0.007,0.006,0.010
0.006,0.005,0.010
0.005,0.004,0.010
0.005,0.003,0.010
0.004,0.001,0.010
0.002,0.002,0.009
0.000,0.002,0.008
-0.001,0.002,0.009
-0.004,0.001,0.010
-0.005,0.000,0.010
-0.007,0.000,0.009
-0.007,-0.000,0.008
-0.007,-0.002,0.008
-0.008,-0.002,0.007
-0.009,-0.001,0.008
-0.010,-0.000,0.008
-0.011,0.001,0.008
-0.011,0.001,0.008
-0.012,0.003,0.009
-0.012,0.005,0.009
-0.014,0.007,0.009
-0.014,0.009,0.008
-0.014,0.009,0.007
-0.014,0.009,0.007
-0.015,0.009,0.008
-0.016,0.010,0.008
-0.015,0.010,0.008
-0.014,0.010,0.007
-0.012,0.009,0.007
-0.011,0.009,0.007
-0.010,0.008,0.007
-0.009,0.007,0.007
-0.008,0.005,0.007
-0.007,0.003,0.007
-0.007,0.001,0.007
-0.007,-0.001,0.008
-0.008,-0.001,0.009
-0.008,-0.001,0.010
-0.008,-0.000,0.010
-0.007,-0.000,0.009
-0.008,-0.001,0.009
-0.009,-0.001,0.009
-0.010,0.000,0.009
-0.010,0.001,0.009
-0.010,0.001,0.009
-0.010,0.001,0.010
-0.010,0.001,0.012
-0.009,0.003,0.014
-0.007,0.005,0.014
-0.007,0.006,0.013
-0.007,0.006,0.012
-0.008,0.007,0.012
-0.008,0.008,0.013
-0.009,0.009,0.014
-0.009,0.008,0.014
-0.009,0.007,0.014
-0.009,0.006,0.014
-0.008,0.005,0.014
-0.007,0.005,0.013
-0.006,0.005,0.012
-0.006,0.005,0.011
-0.006,0.005,0.011
-0.005,0.005,0.011
-0.005,0.005,0.010
-0.004,0.007,0.010
-0.005,0.008,0.011
-0.005,0.007,0.012
-0.005,0.005,0.012
-0.003,0.004,0.012
-0.002,0.003,0.010
-0.002,0.002,0.010
-0.003,0.001,0.009
-0.003,-0.001,0.009
-0.005,-0.001,0.009
-0.006,-0.001,0.009
-0.007,-0.001,0.008
-0.008,-0.001,0.007
-0.009,-0.001,0.007
-0.010,-0.001,0.007
-0.010,-0.000,0.007
-0.010,-0.001,0.007
-0.010,-0.001,0.006
-0.011,-0.001,0.005
-0.010,-0.001,0.006
-0.008,0.000,0.007
-0.006,0.000,0.007
-0.007,-0.000,0.007
-0.010,-0.001,0.005
-0.012,-0.000,0.004
-0.012,0.000,0.004
-0.012,0.000,0.005
-0.012,-0.001,0.007
-0.011,-0.001,0.006
-0.010,-0.002,0.005
-0.009,-0.003,0.004
-0.008,-0.003,0.005
-0.007,-0.003,0.006
-0.005,-0.002,0.006
-0.004,-0.002,0.005
-0.004,-0.003,0.005
-0.004,-0.003,0.006
-0.003,-0.003,0.007
-0.003,-0.003,0.006
-0.001,-0.004,0.005
-0.001,-0.006,0.004
-0.000,-0.008,0.003
0.000,-0.009,0.003
0.000,-0.009,0.002
0.000,-0.008,0.002
-0.001,-0.007,0.003
-0.003,-0.006,0.003
-0.004,-0.006,0.003
-0.005,-0.007,0.003
-0.005,-0.008,0.001
-0.005,-0.008,0.000
-0.005,-0.008,-0.000
-0.005,-0.007,-0.001
-0.005,-0.008,-0.002
-0.005,-0.009,-0.003
-0.005,-0.011,-0.003
-0.005,-0.011,-0.004
-0.007,-0.010,-0.005
-0.008,-0.009,-0.006
-0.010,-0.007,-0.005
-0.012,-0.006,-0.004
-0.012,-0.003,-0.003
-0.012,-0.001,-0.003
-0.012,0.001,-0.003
-0.012,0.002,-0.003
-0.011,0.003,-0.003
-0.011,0.003,-0.004
-0.011,0.003,-0.005
-0.012,0.001,-0.006
-0.014,0.001,-0.007
-0.015,0.002,-0.007
-0.015,0.002,-0.008
-0.015,0.001,-0.008
-0.016,0.000,-0.007
-0.016,-0.000,-0.007
-0.015,0.000,-0.007
-0.016,0.000,-0.008
-0.016,0.000,-0.007
-0.017,0.001,-0.006
-0.017,0.002,-0.006
-0.017,0.003,-0.007
-0.017,0.003,-0.008
-0.018,0.003,-0.009
-0.018,0.003,-0.009
-0.018,0.002,-0.009
-0.017,0.001,-0.007
-0.016,0.001,-0.006
-0.016,0.001,-0.006
-0.014,0.000,-0.006
-0.014,-0.000,-0.007
-0.013,-0.001,-0.006
-0.012,-0.002,-0.006
-0.009,-0.003,-0.005
-0.007,-0.005,-0.005
-0.005,-0.005,-0.005
-0.004,-0.004,-0.004
-0.004,-0.003,-0.005
-0.003,-0.003,-0.005
-0.003,-0.004,-0.005
-0.003,-0.004,-0.004
-0.002,-0.002,-0.003
-0.001,-0.000,-0.004
0.000,0.002,-0.005
-0.000,0.003,-0.005
-0.001,0.004,-0.004
-0.002,0.004,-0.003
-0.000,0.004,-0.002
0.001,0.004,-0.001
0.002,0.004,-0.001
0.003,0.004,-0.000
0.002,0.004,-0.000
0.002,0.004,-0.001
0.003,0.002,-0.001
0.002,-0.000,-0.001
0.001,-0.001,-0.002
-0.001,-0.002,-0.002
-0.002,-0.003,-0.001
-0.003,-0.005,-0.001
-0.004,-0.005,-0.000
-0.006,-0.005,-0.001
-0.008,-0.003,-0.003
-0.010,-0.003,-0.004
-0.012,-0.004,-0.004
-0.013,-0.005,-0.003
-0.014,-0.004,-0.003
-0.014,-0.004,-0.003
-0.014,-0.005,-0.003
-0.013,-0.007,-0.002
-0.013,-0.007,-0.001
-0.013,-0.005,-0.001
-0.014,-0.005,-0.001
-0.014,-0.005,-0.001
-0.014,-0.005,-0.001
-0.013,-0.005,-0.001
-0.012,-0.005,-0.001
-0.012,-0.005,-0.001
-0.013,-0.006,-0.001
-0.014,-0.006,-0.000
-0.013,-0.005,0.000
-0.011,-0.004,0.000
-0.010,-0.003,0.001
-0.009,-0.002,0.001
-0.010,-0.002,0.000
-0.010,-0.002,0.000
-0.008,-0.003,0.000
-0.006,-0.004,0.001
-0.005,-0.006,0.002
-0.004,-0.007,0.003
-0.003,-0.007,0.002
-0.003,-0.005,0.003
-0.003,-0.005,0.003
-0.003,-0.004,0.002
-0.002,-0.004,0.001
-0.001,-0.004,0.000
-0.002,-0.004,0.000
-0.003,-0.003,0.000
-0.004,-0.003,0.000
-0.004,-0.003,0.000
-0.004,-0.002,0.001
-0.003,-0.002,0.001
-0.003,-0.002,0.001
-0.003,-0.003,0.001
-0.002,-0.003,-0.000
-0.001,-0.004,-0.001
-0.002,-0.004,-0.001
-0.002,-0.004,-0.000
-0.001,-0.004,0.000
-0.000,-0.005,0.000
0.000,-0.007,-0.000
0.001,-0.009,-0.001
0.001,-0.011,-0.002
0.002,-0.011,-0.002
0.003,-0.012,-0.002
0.003,-0.012,-0.002
0.004,-0.012,-0.001
0.004,-0.010,-0.000
0.004,-0.010,0.001
0.004,-0.010,0.001
0.004,-0.010,0.002
0.003,-0.011,0.001
0.004,-0.012,0.001
0.004,-0.013,0.000
0.003,-0.013,0.000
0.003,-0.012,0.001
0.002,-0.010,0.002
0.001,-0.010,0.003
0.001,-0.011,0.002
0.002,-0.011,0.001
0.003,-0.010,0.001
0.003,-0.012,0.001
0.003,-0.014,0.001
0.002,-0.014,0.001
0.001,-0.013,0.002
0.000,-0.011,0.002
-0.002,-0.009,0.003
-0.003,-0.009,0.002
-0.003,-0.008,0.002
-0.002,-0.007,0.002
-0.001,-0.007,0.002
-0.001,-0.008,0.002
-0.002,-0.008,0.001
-0.001,-0.008,0.001
-0.000,-0.007,0.001
0.000,-0.005,0.002
-0.000,-0.006,0.001
-0.002,-0.007,0.001
-0.003,-0.007,0.000
-0.003,-0.007,0.000
-0.003,-0.007,0.001
-0.002,-0.007,0.001
-0.001,-0.007,0.000
-0.001,-0.007,0.000
-0.000,-0.008,0.000
-0.001,-0.007,0.001
-0.001,-0.007,0.002
-0.001,-0.007,0.002
-0.000,-0.006,0.002
0.000,-0.005,0.002
0.001,-0.004,0.002
0.003,-0.002,0.003
0.006,-0.001,0.003
0.007,-0.000,0.004
0.007,-0.001,0.004
0.007,-0.002,0.004
0.009,-0.002,0.004
0.010,-0.003,0.004
0.011,-0.003,0.004
0.010,-0.002,0.003
0.009,-0.001,0.003
0.009,0.000,0.003
0.010,0.001,0.003
0.010,0.001,0.003
0.010,0.000,0.002
0.010,0.000,0.001
0.010,0.001,0.001
0.011,0.003,0.001
0.011,0.003,0.002
0.011,0.002,0.002
0.010,0.001,0.002
0.010,0.002,0.001
0.010,0.003,0.000
0.009,0.003,0.000
0.009,0.003,0.000
0.008,0.003,0.001
0.007,0.004,0.001
0.008,0.004,0.002
0.008,0.003,0.002
0.008,0.003,0.001
0.008,0.003,0.000
0.008,0.003,-0.000
0.009,0.001,-0.000
0.011,-0.000,-0.001
0.012,-0.001,-0.001
0.011,-0.000,-0.000
0.011,0.000,0.000
0.011,0.001,0.001
0.011,0.003,0.000
0.011,0.003,-0.001
0.011,0.004,-0.001
0.012,0.004,-0.001
0.014,0.004,-0.001
0.015,0.005,-0.001
0.016,0.007,-0.001
0.017,0.007,-0.000
0.017,0.007,0.000
0.017,0.006,-0.001
0.016,0.006,-0.001
0.016,0.007,-0.001
0.017,0.008,0.001
0.017,0.008,0.001
0.016,0.008,0.000
0.016,0.009,-0.001
0.015,0.009,-0.001
0.013,0.009,0.000
0.012,0.009,-0.000
0.013,0.009,-0.001
0.013,0.009,-0.003
0.013,0.009,-0.002
0.012,0.008,-0.001
0.012,0.008,-0.001
0.012,0.009,-0.001
0.012,0.010,-0.001
0.011,0.010,-0.002
0.009,0.009,-0.002
0.007,0.008,-0.003
0.007,0.007,-0.003
0.007,0.005,-0.004
0.007,0.004,-0.004
0.006,0.003,-0.003
0.005,0.002,-0.003
0.005,0.001,-0.005
0.005,0.001,-0.006
0.005,0.002,-0.005
0.005,0.002,-0.004
0.004,0.002,-0.003
0.004,0.001,-0.003
0.004,-0.000,-0.003
0.004,-0.000,-0.003
0.005,-0.000,-0.003
0.006,-0.000,-0.003
0.007,-0.001,-0.003
0.007,-0.001,-0.003
0.006,-0.001,-0.001
0.007,-0.001,-0.001
0.008,-0.001,-0.002
0.008,-0.002,-0.003
0.008,-0.003,-0.003
0.007,-0.005,-0.003
0.007,-0.006,-0.003
0.007,-0.006,-0.004
0.007,-0.006,-0.004
0.007,-0.006,-0.003
0.008,-0.007,-0.002
0.009,-0.008,-0.002
0.011,-0.008,-0.002
0.010,-0.007,-0.001
0.010,-0.005,-0.001
0.008,-0.004,-0.001
0.007,-0.003,-0.003
0.006,-0.002,-0.004
0.005,-0.001,-0.003
0.004,0.000,-0.003
0.005,0.001,-0.002
0.006,0.002,-0.002
0.007,0.003,-0.001
0.008,0.003,-0.001
0.008,0.002,-0.000
0.008,0.001,-0.000
0.009,0.002,0.000
0.009,0.003,0.000
0.009,0.002,0.001
0.008,0.000,0.001
0.007,-0.001,0.000
0.007,-0.000,-0.001
0.007,-0.000,-0.001
0.007,-0.001,-0.001
0.005,-0.001,-0.000
0.003,-0.001,-0.001
0.003,0.000,-0.001
0.005,0.001,-0.001
0.006,0.001,-0.000
0.005,0.001,-0.001
0.005,0.001,-0.001
0.004,0.001,-0.002
0.004,0.001,-0.001
0.005,0.001,-0.000
0.005,0.002,0.001
0.006,0.001,0.001
0.007,0.000,0.001
0.007,-0.001,-0.000
0.007,-0.003,-0.001
0.007,-0.003,-0.001
0.008,-0.004,-0.000
0.009,-0.005,-0.000
0.009,-0.007,-0.000
0.009,-0.009,0.000
0.009,-0.012,-0.000
0.010,-0.013,-0.001
0.010,-0.014,-0.003
0.010,-0.013,-0.003
0.010,-0.012,-0.001
0.010,-0.012,-0.000
0.009,-0.013,-0.001
0.009,-0.013,-0.003
0.009,-0.013,-0.003
0.009,-0.013,-0.003
0.010,-0.012,-0.002
0.009,-0.012,-0.002
0.008,-0.013,-0.002
0.007,-0.013,-0.001
0.007,-0.013,-0.000
0.008,-0.012,-0.001
0.008,-0.010,-0.001
0.008,-0.010,-0.001
0.007,-0.010,-0.001
0.006,-0.010,0.000
0.005,-0.009,0.000
0.004,-0.010,0.000
0.004,-0.010,0.000
0.005,-0.011,0.000
0.007,-0.010,0.000
0.006,-0.010,-0.000
0.004,-0.010,-0.001
0.002,-0.011,-0.002
0.001,-0.012,-0.003
0.001,-0.013,-0.003
0.001,-0.013,-0.003
0.001,-0.013,-0.003
0.002,-0.012,-0.004
0.003,-0.011,-0.004
0.003,-0.010,-0.004
0.003,-0.009,-0.003
0.004,-0.008,-0.003
0.006,-0.007,-0.004
0.007,-0.006,-0.004
0.008,-0.005,-0.003
0.009,-0.004,-0.002
0.009,-0.002,-0.002
0.009,-0.000,-0.003
0.009,0.000,-0.003
0.010,0.000,-0.002
0.009,0.000,-0.001
0.008,0.001,-0.001
0.006,0.001,-0.001
0.005,0.002,-0.001
0.005,0.003,-0.001
0.005,0.004,-0.002
0.005,0.005,-0.002
0.005,0.005,-0.001
0.005,0.005,-0.001
0.004,0.004,-0.001
0.003,0.003,-0.002
0.003,0.003,-0.003
0.003,0.003,-0.003
0.004,0.003,-0.003
0.003,0.003,-0.003
0.002,0.005,-0.003
0.002,0.006,-0.003
0.002,0.007,-0.003
0.002,0.007,-0.003
0.001,0.006,-0.003
0.001,0.006,-0.003
0.001,0.007,-0.003
0.001,0.007,-0.003
0.000,0.008,-0.004
0.000,0.009,-0.004
0.001,0.009,-0.003
0.002,0.007,-0.002
0.003,0.007,-0.002
0.003,0.006,-0.003
0.004,0.007,-0.004
0.004,0.007,-0.004
0.003,0.007,-0.003
0.003,0.007,-0.002
0.002,0.008,-0.003
0.002,0.008,-0.002
0.001,0.008,-0.002
-0.001,0.007,-0.003
-0.001,0.006,-0.003
0.000,0.005,-0.002
0.001,0.005,-0.001
0.001,0.006,-0.000
0.001,0.007,-0.000
0.001,0.006,-0.001
0.003,0.004,-0.001
0.004,0.002,-0.001
0.005,0.001,-0.002
0.005,0.002,-0.004
0.005,0.002,-0.005
0.005,0.003,-0.005
0.005,0.002,-0.004
0.005,0.002,-0.004
0.005,0.002,-0.004
0.004,0.002,-0.003
0.003,0.003,-0.003
0.003,0.004,-0.003
0.004,0.005,-0.005
0.003,0.004,-0.005
0.003,0.005,-0.004
0.003,0.007,-0.003
0.004,0.010,-0.002
0.005,0.012,-0.002
0.005,0.011,-0.001
0.005,0.011,-0.001
0.005,0.012,-0.001
0.004,0.014,-0.001
0.003,0.014,-0.001
0.001,0.014,-0.001
0.001,0.013,-0.001
0.001,0.013,-0.002
0.002,0.013,-0.002
0.002,0.014,-0.003
0.003,0.014,-0.003
0.003,0.015,-0.003
0.003,0.014,-0.003
0.003,0.014,-0.002
0.003,0.014,-0.001
0.003,0.013,-0.002
0.003,0.011,-0.003
0.004,0.010,-0.005
0.005,0.010,-0.005
0.005,0.010,-0.005
0.004,0.010,-0.005
0.004,0.009,-0.004
0.004,0.009,-0.004
0.004,0.010,-0.004
0.003,0.010,-0.004
0.003,0.009,-0.004
0.002,0.009,-0.005
0.002,0.009,-0.005
0.001,0.011,-0.006
0.000,0.013,-0.006
0.000,0.013,-0.005
-0.000,0.012,-0.004
-0.001,0.012,-0.003
-0.001,0.013,-0.003
-0.001,0.013,-0.005
-0.002,0.012,-0.006
-0.002,0.012,-0.006
-0.003,0.013,-0.005
-0.003,0.013,-0.005
-0.003,0.012,-0.005
-0.003,0.011,-0.005
-0.003,0.011,-0.005
-0.003,0.010,-0.005
-0.003,0.010,-0.006
-0.001,0.008,-0.007
0.000,0.005,-0.007
0.001,0.003,-0.007
0.001,0.002,-0.006
0.000,0.001,-0.004
-0.000,0.000,-0.004
-0.001,-0.001,-0.005
-0.001,-0.003,-0.005
-0.002,-0.004,-0.006
-0.002,-0.006,-0.006
-0.002,-0.007,-0.006
-0.003,-0.006,-0.005
-0.005,-0.004,-0.004
-0.007,-0.003,-0.003
-0.008,-0.003,-0.002
-0.009,-0.003,-0.003
-0.011,-0.002,-0.003
-0.012,-0.001,-0.002
-0.012,-0.001,-0.001
-0.012,0.000,0.000
-0.014,0.002,0.001
-0.016,0.003,0.000
-0.016,0.003,0.000
-0.016,0.003,-0.000
-0.015,0.002,-0.001
-0.016,0.002,-0.001
-0.017,0.002,-0.001
-0.017,0.001,-0.001
-0.016,0.001,0.000
-0.015,0.001,0.000
-0.015,0.000,0.000
-0.015,-0.001,0.000
-0.014,-0.002,0.000
-0.014,-0.001,-0.000
-0.014,-0.001,-0.000
-0.014,-0.000,0.000
-0.012,-0.000,0.001
-0.011,0.000,0.002
-0.010,0.001,0.002
-0.009,0.002,0.002
-0.007,0.004,0.002
-0.006,0.006,0.003
-0.005,0.007,0.004
-0.005,0.007,0.004
-0.006,0.007,0.005
-0.006,0.007,0.007
-0.007,0.008,0.008
-0.007,0.008,0.008
-0.007,0.008,0.006
-0.007,0.008,0.005
-0.007,0.008,0.005
-0.007,0.009,0.005
-0.007,0.009,0.007
-0.007,0.010,0.007
-0.008,0.010,0.006
-0.008,0.010,0.006
-0.008,0.010,0.006
-0.008,0.010,0.006
-0.008,0.010,0.007
-0.009,0.011,0.007
-0.008,0.010,0.007
-0.007,0.010,0.007
-0.007,0.010,0.007
-0.009,0.010,0.007
-0.009,0.009,0.007
-0.008,0.008,0.007
-0.007,0.007,0.007
-0.007,0.006,0.006
-0.009,0.007,0.006
-0.009,0.007,0.007
-0.008,0.006,0.007
-0.007,0.005,0.007
-0.007,0.004,0.006
-0.007,0.003,0.005
-0.007,0.003,0.004
-0.007,0.002,0.004
-0.007,0.002,0.004
-0.008,0.001,0.005
-0.008,0.001,0.005
-0.008,0.002,0.006
-0.009,0.002,0.006
-0.009,0.001,0.007
-0.009,0.000,0.007
-0.010,-0.000,0.007
-0.010,0.000,0.007
-0.011,0.000,0.007
-0.012,0.000,0.007
-0.012,0.000,0.007
-0.012,0.000,0.008
-0.012,0.001,0.009
-0.012,0.000,0.009
-0.010,-0.001,0.009
-0.010,-0.002,0.009
-0.010,-0.002,0.008
-0.010,-0.002,0.007
-0.011,-0.003,0.006
-0.012,-0.003,0.005
-0.012,-0.003,0.005
-0.012,-0.002,0.005
-0.012,-0.001,0.006
-0.013,0.001,0.007
-0.013,0.002,0.008
-0.013,0.002,0.009
-0.012,0.002,0.009
-0.011,0.001,0.009
-0.010,0.001,0.009
-0.010,0.002,0.009
-0.011,0.002,0.009
-0.011,0.003,0.009
-0.011,0.003,0.010
-0.010,0.002,0.010
-0.009,0.001,0.009
-0.008,0.000,0.009
-0.009,0.000,0.009
-0.010,0.000,0.010
-0.009,-0.000,0.010
-0.009,-0.001,0.009
-0.008,-0.001,0.008
-0.008,-0.001,0.008
-0.009,-0.002,0.009
-0.010,-0.004,0.010
-0.010,-0.004,0.010
-0.010,-0.004,0.009
-0.010,-0.004,0.008
-0.010,-0.004,0.008
-0.010,-0.004,0.008
-0.010,-0.003,0.009
-0.010,-0.003,0.008
-0.010,-0.003,0.007
-0.011,-0.002,0.007
-0.011,-0.001,0.007
-0.010,0.000,0.008
-0.010,0.001,0.008
-0.009,0.001,0.007
-0.007,0.000,0.005
-0.006,-0.000,0.005
-0.006,0.000,0.004
-0.006,0.000,0.004
-0.006,-0.000,0.005
-0.006,-0.001,0.005
-0.006,-0.003,0.004
-0.005,-0.003,0.002
-0.005,-0.004,0.001
-0.005,-0.005,0.003
-0.005,-0.005,0.004
-0.005,-0.006,0.004
-0.005,-0.006,0.003
-0.004,-0.006,0.002
-0.004,-0.007,0.001
-0.004,-0.007,0.001
-0.004,-0.007,0.001
-0.004,-0.007,0.001
-0.003,-0.007,0.001
-0.003,-0.007,0.001
-0.002,-0.008,0.000
-0.001,-0.008,0.000
-0.000,-0.009,0.000
-0.000,-0.009,0.000
-0.001,-0.009,0.000
-0.001,-0.009,0.000
-0.001,-0.009,0.001
-0.000,-0.010,0.001
-0.000,-0.011,0.001
-0.001,-0.011,0.000
-0.001,-0.010,0.000
-0.001,-0.010,0.000
0.001,-0.010,-0.001
0.002,-0.011,-0.001
0.002,-0.012,-0.000
0.002,-0.011,0.000
0.003,-0.010,0.000
0.003,-0.009,0.000
0.003,-0.008,-0.000
0.003,-0.007,-0.000
0.003,-0.007,0.000
0.003,-0.006,0.001
0.004,-0.004,0.001
0.004,-0.003,0.001
0.003,-0.003,0.001
0.003,-0.004,0.000
0.003,-0.005,0.001
0.002,-0.007,0.001
0.002,-0.007,0.001
0.002,-0.007,0.000
0.002,-0.006,-0.001
0.002,-0.006,-0.001
0.001,-0.006,0.000
0.001,-0.005,0.001
0.000,-0.005,0.001
0.000,-0.005,0.001
0.001,-0.005,0.001
0.001,-0.003,0.001
0.000,-0.003,0.001
0.001,-0.003,0.001
0.001,-0.003,0.002
0.003,-0.003,0.002
0.004,-0.002,0.003
0.004,-0.002,0.002
0.004,-0.003,0.001
0.003,-0.002,0.001
0.003,-0.001,0.001
0.003,-0.000,0.002
0.003,-0.000,0.002
0.003,-0.001,0.003
0.003,-0.001,0.003
0.003,-0.000,0.003
0.004,0.000,0.003
0.005,0.000,0.003
0.005,0.001,0.003
0.006,0.001,0.003
0.005,0.002,0.003
0.005,0.002,0.005
0.005,0.002,0.006
0.005,0.002,0.006
0.005,0.003,0.004
0.006,0.003,0.002
0.006,0.002,0.001
0.007,0.001,0.001
0.007,-0.000,0.002
0.007,-0.000,0.001
0.006,-0.001,0.000
0.005,-0.002,-0.001
0.005,-0.003,-0.001
0.005,-0.002,-0.000
0.005,-0.002,-0.001
0.004,-0.003,-0.001
0.003,-0.004,-0.001
0.003,-0.004,-0.001
0.003,-0.003,0.001
0.002,-0.003,0.004
0.001,-0.004,0.007
0.000,-0.005,0.011
0.001,-0.006,0.014
0.001,-0.005,0.015
0.001,-0.004,0.012
0.001,-0.003,0.007
0.002,-0.001,0.001
0.004,0.001,-0.004
0.006,0.002,-0.007
0.007,0.003,-0.007
0.006,0.003,-0.004
0.003,0.004,0.002
0.001,0.003,0.008
0.000,0.001,0.011
0.000,-0.002,0.007
0.002,-0.006,-0.003
0.003,-0.009,-0.014
0.001,-0.011,-0.019
-0.002,-0.011,-0.016
-0.007,-0.010,-0.008
-0.011,-0.007,0.001
-0.010,-0.005,0.004
-0.006,-0.005,0.004
0.000,-0.006,0.005
0.006,-0.006,0.006
0.008,-0.005,0.007
0.006,-0.006,0.003
0.001,-0.007,-0.005
-0.004,-0.009,-0.012
-0.008,-0.009,-0.011
-0.009,-0.007,-0.003
-0.006,-0.004,0.008
-0.002,-0.002,0.014
0.001,-0.004,0.010
0.001,-0.010,0.003
0.001,-0.016,-0.003
-0.001,-0.022,-0.001
-0.004,-0.024,0.002
-0.009,-0.024,0.003
-0.012,-0.022,0.000
-0.013,-0.018,-0.001
-0.011,-0.013,0.001
-0.007,-0.009,0.005
-0.000,-0.005,0.005
0.004,-0.003,0.001
0.003,-0.003,-0.005
-0.004,-0.003,-0.008
-0.010,-0.000,-0.004
-0.012,0.003,0.001
-0.010,0.004,0.004
-0.006,0.001,0.001
-0.003,-0.003,-0.005
-0.002,-0.008,-0.006
-0.005,-0.009,0.005
-0.012,-0.009,0.023
-0.020,-0.009,0.034
-0.025,-0.011,0.024
-0.023,-0.014,-0.002
-0.015,-0.018,-0.031
-0.006,-0.019,-0.043
0.001,-0.013,-0.036
0.006,-0.002,-0.021
0.007,0.008,-0.010
0.006,0.010,-0.005
0.003,0.004,-0.002
0.002,-0.005,0.004
0.006,-0.013,0.008
0.011,-0.020,0.004
0.012,-0.027,-0.007
0.004,-0.033,-0.018
-0.012,-0.035,-0.019
-0.026,-0.030,-0.012
-0.029,-0.022,-0.005
-0.019,-0.016,-0.003
-0.004,-0.015,-0.001
0.005,-0.018,0.006
0.007,-0.020,0.020
0.003,-0.019,0.031
-0.001,-0.016,0.033
-0.002,-0.015,0.026
-0.002,-0.017,0.020
-0.001,-0.018,0.018
0.002,-0.014,0.016
0.003,-0.007,0.005
0.002,-0.001,-0.014
-0.001,-0.000,-0.031
-0.001,-0.003,-0.034
0.002,-0.008,-0.021
0.007,-0.010,-0.002
0.007,-0.011,0.009
0.001,-0.011,0.008
-0.010,-0.010,0.003
-0.019,-0.008,0.000
-0.022,-0.007,-0.003
-0.016,-0.007,-0.012
-0.006,-0.007,-0.025
0.000,-0.004,-0.030
0.000,0.003,-0.018
-0.001,0.013,0.004
0.004,0.022,0.017
0.016,0.024,0.010
0.028,0.015,-0.005
0.033,-0.000,-0.010
0.032,-0.012,-0.002
0.028,-0.014,0.004
0.023,-0.008,-0.007
0.017,-0.005,-0.033
0.008,-0.008,-0.052
-0.001,-0.014,-0.046
-0.004,-0.016,-0.021
-0.001,-0.014,0.000
0.004,-0.012,0.006
0.006,-0.015,0.001
0.005,-0.017,-0.001
0.009,-0.015,0.008
0.018,-0.010,0.018
0.026,-0.009,0.016
0.026,-0.011,0.004
0.016,-0.013,-0.008
0.004,-0.007,-0.007
0.001,0.005,0.001
0.010,0.018,0.005
0.021,0.023,-0.004
0.024,0.020,-0.022
0.015,0.015,-0.032
-0.001,0.013,-0.023
-0.018,0.014,0.005
-0.033,0.014,0.039
-0.042,0.008,0.065
-0.041,-0.003,0.072
-0.029,-0.014,0.057
-0.011,-0.019,0.029
0.003,-0.016,0.003
0.007,-0.005,-0.014
0.001,0.012,-0.019
-0.009,0.027,-0.014
-0.013,0.033,-0.003
-0.008,0.029,0.006
0.006,0.025,0.011
0.025,0.028,0.008
0.041,0.038,-0.005
0.048,0.045,-0.031
0.042,0.046,-0.073
0.031,0.040,-0.129
0.023,0.032,-0.186
0.022,0.026,-0.223
0.031,0.023,-0.237
0.044,0.023,-0.236
0.060,0.022,-0.237
0.070,0.014,-0.243
0.071,-0.003,-0.248
0.065,-0.029,-0.246
0.058,-0.057,-0.246
0.056,-0.083,-0.263
0.058,-0.104,-0.296
0.058,-0.120,-0.322
0.050,-0.126,-0.317
0.037,-0.118,-0.276
0.029,-0.103,-0.212
0.032,-0.097,-0.138
0.035,-0.115,-0.053
0.026,-0.149,0.041
0.004,-0.181,0.126
-0.018,-0.195,0.178
-0.031,-0.196,0.191
-0.042,-0.193,0.191
-0.059,-0.188,0.210
-0.078,-0.167,0.255
-0.089,-0.122,0.314
-0.092,-0.063,0.364
-0.092,-0.008,0.389
-0.088,0.032,0.389
-0.069,0.059,0.373
-0.037,0.078,0.350
-0.006,0.092,0.323
-0.000,0.102,0.291
-0.023,0.115,0.256
-0.057,0.135,0.219
-0.077,0.160,0.173
-0.071,0.182,0.098
-0.041,0.198,-0.029
-0.001,0.209,-0.201
0.031,0.213,-0.373
0.041,0.207,-0.489
0.025,0.195,-0.516
-0.007,0.179,-0.473
-0.037,0.156,-0.415
-0.044,0.121,-0.397
-0.019,0.073,-0.444
0.033,0.022,-0.529
0.093,-0.026,-0.604
0.132,-0.072,-0.626
0.128,-0.120,-0.576
0.079,-0.167,-0.468
0.010,-0.210,-0.327
-0.032,-0.248,-0.199
-0.003,-0.277,-0.139
0.108,-0.296,-0.192
0.262,-0.300,-0.349
0.390,-0.294,-0.518
0.428,-0.289,-0.563
0.356,-0.287,-0.410
0.209,-0.284,-0.111
0.058,-0.284,0.210
-0.038,-0.303,0.469
-0.064,-0.351,0.655
-0.041,-0.410,0.764
0.005,-0.439,0.747
0.044,-0.422,0.589
0.025,-0.378,0.415
-0.106,-0.330,0.437
-0.340,-0.267,0.764
-0.566,-0.155,1.275
-0.655,-0.007,1.732
-0.573,0.112,1.982
-0.408,0.162,2.036
-0.266,0.188,1.949
-0.175,0.278,1.700
-0.114,0.452,1.223
-0.083,0.641,0.550
-0.110,0.780,-0.123
-0.188,0.896,-0.531
-0.248,1.048,-0.534
-0.218,1.221,-0.251
-0.094,1.317,0.004
0.061,1.243,-0.034
0.177,1.003,-0.366
0.218,0.678,-0.752
0.176,0.360,-0.994
0.065,0.108,-1.154
-0.077,-0.063,-1.438
-0.200,-0.175,-1.888
-0.260,-0.252,-2.259
-0.214,-0.277,-2.274
-0.016,-0.206,-1.955
0.340,-0.052,-1.615
0.759,0.063,-1.521
1.063,0.003,-1.618
1.122,-0.236,-1.657
0.983,-0.512,-1.523
0.826,-0.703,-1.349
0.777,-0.845,-1.269
0.785,-1.056,-1.161
0.703,-1.339,-0.733
0.471,-1.548,0.123
0.182,-1.570,1.149
-0.053,-1.488,1.930
-0.241,-1.495,2.256
-0.459,-1.660,2.247
-0.694,-1.824,2.149
-0.817,-1.759,2.092
-0.744,-1.389,2.051
-0.556,-0.822,1.974
-0.395,-0.195,1.835
-0.265,0.444,1.593
-0.033,1.083,1.181
0.356,1.643,0.601
0.731,2.002,-0.008
0.843,2.114,-0.458
0.613,2.048,-0.693
0.200,1.888,-0.834
-0.206,1.645,-1.023
-0.563,1.285,-1.220
-0.930,0.843,-1.199
-1.305,0.438,-0.802
-1.572,0.164,-0.192
-1.634,0.007,0.191
-1.514,-0.123,-0.017
-1.313,-0.259,-0.753
-1.068,-0.325,-1.548
-0.725,-0.208,-1.906
-0.234,0.126,-1.657
0.331,0.587,-0.941
0.798,0.998,0.071
1.044,1.199,1.316
1.112,1.114,2.688
1.155,0.751,3.828
1.269,0.164,4.217
1.374,-0.560,3.568
1.283,-1.286,2.158
0.891,-1.812,0.702
0.300,-1.959,-0.170
-0.234,-1.717,-0.358
-0.496,-1.297,-0.208
-0.454,-0.992,-0.011
-0.239,-0.942,0.276
0.000,-1.027,0.764
0.228,-1.010,1.168
0.489,-0.780,0.885
0.753,-0.444,-0.360
0.855,-0.164,-2.039
0.652,0.066,-3.174
0.240,0.430,-3.209
-0.061,1.029,-2.463
-0.002,1.675,-1.699
0.330,2.015,-1.356
0.599,1.885,-1.278
0.559,1.465,-1.146
0.230,1.045,-0.987
-0.256,0.705,-1.118
-0.905,0.318,-1.603
-1.793,-0.160,-1.942
-2.795,-0.539,-1.408
-3.489,-0.590,0.281
-3.496,-0.347,2.657
-2.868,-0.105,4.866
-2.036,-0.115,6.280
-1.360,-0.320,6.807
-0.830,-0.441,6.718
-0.250,-0.276,6.263
0.441,0.115,5.496
1.119,0.535,4.401
1.707,0.898,3.097
2.291,1.298,1.822
2.968,1.838,0.675
3.680,2.444,-0.493
4.205,2.868,-1.814
4.257,2.889,-3.089
3.626,2.473,-3.946
2.353,1.772,-4.356
0.822,0.982,-4.797
-0.427,0.203,-5.677
-1.099,-0.551,-6.709
-1.319,-1.220,-7.072
-1.365,-1.618,-6.315
-1.326,-1.572,-4.945
-1.118,-1.169,-3.964
-0.751,-0.773,-3.820
-0.397,-0.718,-3.929
-0.173,-1.004,-3.310
0.003,-1.376,-1.631
0.237,-1.683,0.474
0.406,-2.030,2.131
0.244,-2.507,3.084
-0.292,-2.876,3.691
-0.813,-2.711,4.197
-0.824,-1.887,4.346
-0.297,-0.859,3.850
0.181,-0.300,2.983
-0.007,-0.457,2.375
-0.791,-0.915,2.271
-1.446,-1.072,2.294
-1.406,-0.760,2.031
-0.885,-0.311,1.620
-0.548,-0.029,1.512
-0.704,0.184,1.737
-1.054,0.570,1.658
-1.226,1.035,0.581
-1.223,1.208,-1.468
-1.217,0.988,-3.642
-1.101,0.789,-4.917
-0.565,1.060,-4.811
0.415,1.727,-3.579
1.415,2.299,-1.886
1.983,2.442,-0.398
2.099,2.223,0.447
2.082,1.789,0.514
2.082,1.070,0.011
1.831,-0.022,-0.550
0.942,-1.233,-0.578
-0.587,-2.022,0.240
-2.234,-2.050,1.696
-3.317,-1.496,3.160
-3.444,-0.865,3.981
-2.690,-0.524,3.911
-1.411,-0.444,3.191
0.003,-0.315,2.246
1.252,0.155,1.315
2.139,1.022,0.366
2.609,2.051,-0.648
2.798,2.848,-1.567
2.971,3.115,-2.089
3.293,2.818,-2.046
3.646,2.154,-1.568
3.684,1.335,-0.981
3.122,0.436,-0.541
1.950,-0.574,-0.298
0.404,-1.729,-0.182
-1.233,-3.015,-0.186
-2.737,-4.360,-0.408
-3.923,-5.552,-0.906
-4.635,-6.185,-1.548
-4.813,-5.840,-2.053
-4.522,-4.425,-2.177
-3.871,-2.360,-1.894
-2.919,-0.363,-1.423
-1.743,1.001,-1.076
-0.551,1.626,-0.995
0.350,1.812,-1.003
0.753,1.973,-0.740
0.720,2.344,-0.025
0.498,2.853,0.944
0.320,3.208,1.745
0.286,3.140,2.056
0.412,2.645,1.778
0.670,2.027,0.971
0.959,1.676,-0.144
1.086,1.763,-1.084
0.886,2.145,-1.241
0.406,2.535,-0.365
-0.056,2.734,1.102
-0.164,2.659,2.336
0.172,2.283,2.863
0.719,1.648,2.876
1.137,0.960,2.818
1.259,0.505,2.795
1.150,0.354,2.583
0.942,0.200,2.124
0.714,-0.354,1.747
0.578,-1.335,1.731
0.739,-2.341,1.779
1.311,-2.977,1.153
2.053,-3.225,-0.549
2.422,-3.313,-2.837
2.004,-3.313,-4.692
0.912,-3.063,-5.479
-0.307,-2.483,-5.443
-1.144,-1.785,-5.262
-1.481,-1.264,-5.207
-1.458,-0.936,-4.873
-1.135,-0.536,-3.735
-0.424,0.103,-1.860
0.600,0.753,0.036
1.470,0.970,1.141
1.605,0.549,1.104
0.875,-0.227,0.160
-0.225,-0.833,-1.074
-1.057,-0.946,-1.889
-1.464,-0.623,-1.797
-1.800,-0.114,-0.802
-2.414,0.406,0.592
-3.269,0.869,1.750
-4.057,1.171,2.338
-4.529,1.159,2.407
-4.578,0.786,2.136
-4.162,0.212,1.649
-3.338,-0.320,1.089
-2.343,-0.662,0.713
-1.463,-0.776,0.766
-0.692,-0.646,1.283
0.329,-0.283,2.065
1.936,0.139,2.772
4.006,0.308,2.993
5.977,0.001,2.341
7.238,-0.716,0.707
7.476,-1.584,-1.524
6.727,-2.369,-3.599
5.276,-2.931,-4.802
3.546,-3.137,-4.750
1.966,-2.840,-3.417
0.824,-1.996,-1.102
0.180,-0.757,1.546
-0.083,0.568,3.653
-0.149,1.614,4.535
-0.178,2.075,4.090
-0.233,1.884,2.798
-0.244,1.352,1.362
-0.110,1.038,0.347
0.145,1.330,0.020
0.322,2.131,0.370
0.207,2.957,1.182
-0.242,3.309,2.137
-0.890,2.938,2.882
-1.572,1.867,3.061
-2.233,0.359,2.421
-2.942,-1.127,1.007
-3.793,-2.094,-0.769
-4.770,-2.278,-2.346
-5.643,-1.800,-3.395
-6.062,-1.034,-3.939
-5.811,-0.339,-4.106
-5.003,0.121,-3.845
-3.984,0.382,-3.011
-3.033,0.560,-1.719
-2.189,0.701,-0.546
-1.344,0.707,-0.219
-0.407,0.429,-1.017
0.635,-0.120,-2.404
1.753,-0.675,-3.356
2.893,-0.914,-3.130
3.952,-0.744,-1.768
4.776,-0.361,0.125
5.201,-0.022,1.996
5.152,0.202,3.628
4.732,0.421,4.884
4.218,0.713,5.446
3.861,0.981,5.017
3.658,1.038,3.739
3.370,0.821,2.243
2.847,0.486,1.210
2.229,0.259,0.906
1.753,0.207,1.114
1.398,0.204,1.444
0.870,0.109,1.677
-0.035,-0.062,1.840
-1.166,-0.196,2.025
-2.178,-0.264,2.156
-2.865,-0.349,1.995
-3.214,-0.497,1.391
-3.238,-0.595,0.478
-2.899,-0.436,-0.406
-2.280,0.110,-0.987
-1.666,1.000,-1.222
-1.358,2.027,-1.249
-1.353,2.881,-1.196
-1.327,3.236,-1.054
-0.963,2.891,-0.736
-0.290,1.897,-0.274
0.314,0.576,0.121
0.411,-0.653,0.317
-0.210,-1.477,0.538
-1.419,-1.818,1.171
-2.757,-1.803,2.215
-3.593,-1.676,3.119
-3.455,-1.699,3.343
-2.361,-2.019,2.918
-0.798,-2.520,2.217
0.668,-2.833,1.319
1.738,-2.596,-0.033
2.347,-1.773,-1.764
2.446,-0.658,-3.139
2.037,0.460,-3.402
1.393,1.527,-2.671
1.007,2.531,-1.887
1.167,3.221,-1.794
1.626,3.253,-2.118
1.832,2.637,-1.885
1.490,1.825,-0.526
0.775,1.206,1.456
0.007,0.636,2.943
-0.739,-0.313,3.276
-1.559,-1.688,2.801
-2.305,-2.923,2.347
-2.464,-3.358,2.243
-1.615,-2.856,1.978
0.037,-1.864,0.883
1.766,-0.943,-0.968
3.013,-0.375,-2.688
3.889,-0.167,-3.462
4.858,-0.291,-3.365
5.989,-0.769,-3.164
6.696,-1.533,-3.397
6.293,-2.250,-3.873
4.731,-2.389,-4.121
2.651,-1.609,-4.134
0.746,-0.128,-4.400
-0.790,1.323,-5.274
-2.129,2.044,-6.523
-3.305,1.931,-7.568
-4.052,1.477,-8.027
-4.146,1.226,-7.891
-3.728,1.306,-7.254
-3.149,1.507,-6.046
-2.582,1.688,-4.108
-1.939,1.938,-1.557
-1.153,2.317,0.985
-0.419,2.612,2.676
-0.061,2.452,3.139
-0.217,1.632,2.905
-0.690,0.274,3.010
-1.123,-1.278,4.065
-1.320,-2.664,5.732
-1.420,-3.647,7.155
-1.747,-4.176,7.731
-2.422,-4.367,7.392
-3.126,-4.417,6.315
-3.330,-4.496,4.679
-2.800,-4.688,2.751
-1.829,-4.915,0.972
-0.904,-4.857,-0.265
-0.198,-4.066,-0.879
0.512,-2.318,-1.072
1.478,0.089,-1.066
2.643,2.511,-0.922
3.722,4.475,-0.576
4.457,5.934,-0.005
4.738,6.999,0.642
4.546,7.562,1.031
3.928,7.333,0.824
3.023,6.208,-0.039
2.012,4.455,-1.218
0.960,2.541,-2.191
-0.234,0.856,-2.619
-1.718,-0.420,-2.511
-3.473,-1.321,-2.074
-5.215,-2.046,-1.460
-6.480,-2.832,-0.652
-6.882,-3.788,0.465
-6.350,-4.795,1.903
-5.141,-5.558,3.370
-3.618,-5.735,4.277
-2.009,-5.094,4.083
-0.394,-3.675,2.789
1.168,-1.856,1.073
2.580,-0.174,-0.155
3.763,1.012,-0.427
4.643,1.676,0.057
5.048,2.007,0.793
4.741,2.200,1.436
3.655,2.375,1.838
2.083,2.588,1.774
0.509,2.815,0.914
-0.761,2.952,-0.818
-1.776,2.952,-2.940
-2.723,2.977,-4.604
-3.588,3.303,-5.124
-4.080,4.004,-4.303
-3.861,4.754,-2.382
-2.849,5.032,0.152
-1.291,4.531,2.654
0.418,3.344,4.395
1.948,1.767,4.803
3.101,0.008,3.805
3.738,-1.842,1.970
3.765,-3.627,0.243
3.227,-5.033,-0.605
2.371,-5.729,-0.422
1.533,-5.542,0.328
0.954,-4.506,0.975
0.716,-2.788,1.112
0.811,-0.675,0.766
1.126,1.415,0.223
1.362,3.028,-0.254
1.096,3.888,-0.544
0.121,4.052,-0.609
-1.237,3.839,-0.424
-2.260,3.599,-0.014
-2.365,3.481,0.466
-1.533,3.373,0.762
-0.255,3.026,0.647
0.864,2.245,0.006
1.423,1.026,-1.163
1.319,-0.459,-2.671
0.673,-1.984,-4.001
-0.231,-3.358,-4.428
-1.012,-4.412,-3.526
-1.326,-4.969,-1.639
-1.067,-4.932,0.282
-0.471,-4.400,1.402
0.039,-3.655,1.525
0.189,-2.953,0.938
0.056,-2.383,-0.059
-0.071,-1.950,-1.291
-0.037,-1.727,-2.444
0.041,-1.772,-2.960
-0.022,-1.913,-2.414
-0.157,-1.778,-1.010
-0.032,-1.186,0.416
0.610,-0.425,1.039
1.591,0.022,0.744
2.319,0.045,0.166
2.219,0.052,0.000
1.176,0.486,0.337
-0.424,1.290,0.774
-2.049,1.964,1.089
-3.337,2.113,1.576
-4.085,1.830,2.620
-4.128,1.517,4.094
-3.429,1.405,5.369
-2.290,1.326,5.874
-1.227,0.925,5.488
-0.505,0.019,4.420
0.120,-1.299,2.918
1.038,-2.807,1.238
2.194,-4.288,-0.263
3.043,-5.458,-1.198
3.127,-5.921,-1.403
2.524,-5.377,-1.052
1.635,-3.968,-0.513
0.669,-2.301,-0.157
-0.445,-1.016,-0.257
-1.665,-0.296,-0.917
-2.621,0.206,-1.983
-2.922,1.012,-3.065
-2.551,2.443,-3.753
-1.791,4.468,-3.827
-0.832,6.727,-3.283
0.401,8.638,-2.269
1.990,9.614,-1.106
3.768,9.365,-0.322
5.344,8.061,-0.409
6.347,6.178,-1.402
6.573,4.204,-2.705
6.019,2.453,-3.455
4.880,1.082,-3.173
3.510,0.112,-2.102
2.254,-0.584,-0.949
1.253,-1.242,-0.267
0.399,-2.058,-0.058
-0.502,-3.093,0.073
-1.526,-4.292,0.413
-2.597,-5.559,0.849
-3.598,-6.701,1.054
-4.469,-7.368,0.891
-5.135,-7.143,0.537
-5.384,-5.807,0.235
-4.934,-3.566,0.026
-3.711,-1.007,-0.184
-2.058,1.186,-0.317
-0.590,2.589,-0.033
0.227,3.217,0.944
0.370,3.391,2.396
0.170,3.401,3.610
-0.014,3.269,3.932
-0.040,2.859,3.311
0.020,2.175,2.244
-0.005,1.463,1.225
-0.301,0.968,0.362
-1.001,0.667,-0.431
-2.097,0.348,-1.019
-3.356,-0.047,-0.986
-4.391,-0.282,-0.015
-4.875,-0.085,1.710
-4.711,0.495,3.458
-3.984,1.055,4.341
-2.779,1.144,3.910
-1.158,0.542,2.555
0.673,-0.676,1.288
2.248,-2.217,0.930
3.063,-3.631,1.414
2.949,-4.442,1.940
2.237,-4.436,1.841
1.538,-3.816,1.192
1.370,-3.027,0.513
1.895,-2.387,0.068
2.846,-1.985,-0.337
3.627,-1.871,-0.879
3.634,-2.108,-1.313
2.707,-2.526,-1.219
1.328,-2.616,-0.580
0.264,-1.924,0.067
-0.106,-0.542,0.118
-0.104,0.951,-0.543
-0.340,2.079,-1.527
-1.024,2.813,-2.367
-1.748,3.295,-2.864
-1.937,3.415,-3.092
-1.405,2.897,-3.257
-0.428,1.750,-3.576
0.606,0.414,-4.139
1.438,-0.596,-4.750
1.889,-1.084,-4.976
1.778,-1.147,-4.530
1.094,-0.893,-3.632
0.173,-0.383,-2.865
-0.451,0.229,-2.615
-0.469,0.699,-2.684
-0.056,0.981,-2.496
0.311,1.373,-1.624
0.256,2.239,-0.105
-0.275,3.566,1.658
-1.043,4.903,3.192
-1.658,5.753,4.192
-1.725,5.952,4.616
-1.025,5.670,4.623
0.289,5.125,4.393
1.709,4.397,3.999
2.687,3.468,3.490
3.016,2.320,3.075
2.931,1.004,3.075
2.860,-0.335,3.587
3.063,-1.469,4.247
3.478,-2.188,4.473
3.808,-2.447,3.956
3.754,-2.412,2.831
3.221,-2.336,1.406
2.378,-2.398,-0.134
1.498,-2.655,-1.671
0.715,-3.055,-2.999
-0.054,-3.405,-3.877
-0.938,-3.373,-4.239
-1.899,-2.688,-4.234
-2.736,-1.431,-4.077
-3.285,-0.108,-3.926
-3.548,0.669,-3.857
-3.653,0.619,-3.838
-3.744,-0.053,-3.716
-3.887,-0.839,-3.359
-4.016,-1.245,-2.859
-3.904,-1.034,-2.496
-3.316,-0.347,-2.441
-2.248,0.351,-2.537
-1.015,0.555,-2.432
-0.041,0.053,-1.897
0.439,-0.980,-0.993
0.470,-2.183,0.043
0.223,-3.247,0.997
-0.161,-3.966,1.766
-0.573,-4.213,2.321
-0.895,-3.975,2.633
-1.046,-3.395,2.677
-1.048,-2.668,2.517
-0.996,-1.863,2.346
-0.948,-0.926,2.389
-0.875,0.147,2.707
-0.748,1.226,3.115
-0.614,2.166,3.282
-0.559,2.960,2.912
-0.566,3.714,1.892
-0.476,4.486,0.390
-0.129,5.204,-1.131
0.453,5.702,-2.082
1.079,5.832,-2.113
1.580,5.559,-1.413
1.947,4.994,-0.594
2.264,4.328,-0.199
2.549,3.698,-0.248
2.712,3.089,-0.285
2.666,2.343,0.115
2.436,1.256,0.807
2.137,-0.308,1.090
1.864,-2.304,0.350
1.626,-4.433,-1.233
1.373,-6.203,-2.720
1.089,-7.153,-3.262
0.828,-7.121,-2.900
0.645,-6.338,-2.401
0.502,-5.254,-2.303
0.320,-4.200,-2.293
0.137,-3.163,-1.620
0.156,-1.897,-0.016
0.524,-0.296,1.935
1.071,1.359,3.348
1.361,2.609,3.828
1.080,3.294,3.656
0.360,3.757,3.296
-0.331,4.460,2.873
-0.646,5.418,2.195
-0.698,6.134,1.206
-0.929,6.083,0.218
-1.658,5.211,-0.368
-2.813,3.866,-0.494
-4.071,2.379,-0.488
-5.213,0.820,-0.693
-6.198,-0.821,-1.142
-6.951,-2.391,-1.611
-7.203,-3.619,-1.907
-6.669,-4.377,-2.028
-5.329,-4.754,-2.082
-3.442,-4.862,-2.112
-1.316,-4.657,-2.048
0.847,-4.048,-1.813
2.878,-3.115,-1.441
4.536,-2.153,-1.008
5.590,-1.443,-0.495
5.978,-1.054,0.174
5.875,-0.843,0.874
5.556,-0.612,1.187
5.172,-0.232,0.792
4.638,0.334,-0.026
3.754,1.065,-0.442
2.476,1.894,0.195
1.030,2.679,1.738
-0.266,3.162,3.350
-1.272,3.046,4.188
-2.041,2.238,3.946
-2.604,1.048,2.916
-2.886,0.062,1.719
-2.880,-0.311,0.927
-2.768,-0.139,0.774
-2.753,0.188,1.056
-2.782,0.331,1.311
-2.544,0.161,1.147
-1.766,-0.354,0.446
-0.475,-1.190,-0.672
0.980,-2.146,-1.975
2.112,-2.803,-3.219
2.567,-2.791,-4.215
2.338,-2.100,-4.843
1.786,-1.104,-5.047
1.384,-0.309,-4.817
1.378,-0.045,-4.223
1.653,-0.315,-3.462
1.888,-0.801,-2.836
1.808,-1.047,-2.575
1.340,-0.770,-2.658
0.643,-0.059,-2.761
0.032,0.705,-2.453
-0.192,1.145,-1.505
0.063,1.136,-0.063
0.631,0.838,1.492
1.231,0.555,2.865
1.689,0.555,3.992
2.011,0.886,4.871
2.300,1.286,5.384
2.591,1.270,5.373
2.756,0.423,4.849
2.564,-1.285,4.029
1.869,-3.434,3.166
0.764,-5.401,2.452
-0.490,-6.750,2.052
-1.680,-7.401,2.070
-2.727,-7.460,2.385
-3.596,-6.962,2.645
-4.195,-5.847,2.542
-4.455,-4.153,2.095
-4.401,-2.139,1.585
-4.093,-0.139,1.261
-3.519,1.628,1.194
-2.647,3.100,1.359
-1.586,4.297,1.741
-0.601,5.329,2.293
0.071,6.389,2.846
0.401,7.567,3.128
0.555,8.630,2.926
0.714,9.108,2.283
0.912,8.690,1.556
1.015,7.524,1.215
0.871,6.074,1.498
0.458,4.742,2.251
-0.128,3.639,3.125
-0.804,2.659,3.876
-1.540,1.712,4.401
-2.236,0.858,4.567
-2.658,0.258,4.166
-2.619,0.018,3.129
-2.183,0.076,1.703
-1.580,0.263,0.328
-0.897,0.472,-0.678
-0.004,0.708,-1.271
1.170,1.003,-1.585
2.409,1.326,-1.715
3.354,1.629,-1.626
3.836,1.894,-1.278
3.964,2.054,-0.818
3.907,1.902,-0.602
3.695,1.185,-0.930
3.255,-0.144,-1.750
2.575,-1.805,-2.694
1.794,-3.339,-3.449
1.139,-4.383,-4.043
0.760,-4.833,-4.681
0.603,-4.813,-5.387
0.450,-4.532,-5.922
0.138,-4.137,-6.055
-0.291,-3.697,-5.782
-0.677,-3.291,-5.235
-0.947,-3.066,-4.498
-1.146,-3.119,-3.643
-1.280,-3.337,-2.880
-1.257,-3.431,-2.503
-1.064,-3.189,-2.580
-0.894,-2.636,-2.781
-0.953,-1.893,-2.674
-1.156,-0.964,-2.170
-1.140,0.210,-1.602
-0.649,1.526,-1.285
0.177,2.697,-1.092
0.962,3.517,-0.589
1.475,4.047,0.399
1.769,4.429,1.462
1.963,4.604,1.909
2.023,4.363,1.374
1.836,3.697,0.129
1.426,2.925,-1.181
0.971,2.364,-2.009
0.583,1.946,-2.164
0.135,1.269,-1.703
-0.610,0.059,-0.752
-1.695,-1.514,0.511
-2.834,-3.018,1.740
-3.591,-4.152,2.433
-3.689,-4.936,2.167
-3.158,-5.524,0.895
-2.208,-5.927,-0.979
-1.052,-5.934,-2.792
0.146,-5.285,-3.929
1.236,-3.916,-4.014
2.092,-2.080,-2.979
2.694,-0.232,-1.029
3.100,1.223,1.392
3.271,2.119,3.692
2.974,2.523,5.287
1.973,2.593,5.794
0.349,2.456,5.180
-1.431,2.184,3.766
-2.839,1.818,2.104
-3.688,1.390,0.776
-4.190,0.936,0.185
-4.656,0.499,0.392
-5.165,0.108,1.116
-5.516,-0.259,1.921
-5.419,-0.674,2.423
-4.691,-1.177,2.365
-3.328,-1.676,1.561
-1.517,-1.949,-0.030
0.374,-1.791,-2.072
1.907,-1.181,-3.784
2.814,-0.313,-4.339
3.187,0.533,-3.440
3.374,1.106,-1.517
3.635,1.198,0.649
3.898,0.688,2.421
3.899,-0.307,3.436
3.489,-1.344,3.453
2.745,-1.878,2.364
1.814,-1.661,0.432
0.752,-0.890,-1.544
-0.388,0.082,-2.517
-1.389,1.100,-1.825
-1.891,2.210,0.290
-1.608,3.366,2.747
-0.555,4.313,4.337
0.931,4.772,4.567
2.382,4.673,3.830
3.458,4.149,2.771
4.068,3.336,1.558
4.259,2.282,-0.073
4.037,1.037,-2.130
3.373,-0.209,-3.971
2.364,-1.157,-4.728
1.234,-1.607,-4.068
0.094,-1.681,-2.485
-1.222,-1.781,-0.951
-2.902,-2.243,-0.324
-4.772,-2.986,-0.934
-6.312,-3.549,-2.475
-7.107,-3.483,-4.226
-7.206,-2.663,-5.440
-6.989,-1.203,-5.653
-6.796,0.772,-4.750
-6.696,3.158,-2.918
-6.493,5.677,-0.605
-5.838,7.822,1.575
-4.433,9.037,3.098
-2.316,8.980,3.761
0.028,7.648,3.656
1.916,5.352,2.946
2.898,2.616,1.787
2.989,-0.011,0.449
2.553,-2.137,-0.624
2.047,-3.605,-0.994
1.818,-4.462,-0.503
1.986,-4.891,0.607
2.418,-5.153,1.789
2.879,-5.477,2.446
3.263,-5.917,2.257
3.691,-6.328,1.419
4.339,-6.498,0.578
5.197,-6.295,0.414
5.996,-5.676,1.136
6.364,-4.643,2.343
6.048,-3.253,3.358
5.048,-1.682,3.778
3.594,-0.196,3.729
2.007,0.971,3.617
0.544,1.754,3.603
-0.653,2.242,3.421
-1.518,2.573,2.713
-1.996,2.838,1.494
-2.054,3.106,0.189
-1.748,3.476,-0.774
-1.287,4.029,-1.291
-1.006,4.708,-1.474
-1.213,5.276,-1.354
-1.941,5.450,-0.862
-2.827,5.071,-0.082
-3.316,4.128,0.596
-3.103,2.664,0.716
-2.422,0.764,0.161
-1.877,-1.310,-0.709
-1.946,-3.081,-1.330
-2.616,-4.066,-1.357
-3.489,-4.099,-0.856
-4.174,-3.439,-0.160
-4.530,-2.536,0.423
-4.573,-1.706,0.768
-4.232,-1.007,0.877
-3.308,-0.350,0.733
-1.641,0.349,0.281
0.710,1.091,-0.380
3.446,1.785,-0.851
6.117,2.261,-0.618
8.245,2.335,0.447
9.483,1.901,1.787
9.740,0.976,2.492
9.167,-0.331,2.047
7.998,-1.842,0.745
6.395,-3.279,-0.651
4.457,-4.307,-1.643
2.295,-4.723,-2.314
0.080,-4.622,-2.986
-1.983,-4.257,-3.699
-3.683,-3.711,-4.178
-4.792,-2.780,-4.245
-5.130,-1.270,-4.131
-4.671,0.629,-4.250
-3.608,2.393,-4.719
-2.262,3.598,-5.165
-0.894,4.239,-5.026
0.397,4.563,-4.022
1.587,4.684,-2.370
2.566,4.466,-0.632
3.117,3.785,0.637
3.100,2.807,1.199
2.576,1.905,1.198
1.712,1.338,0.981
0.557,1.050,0.837
-0.978,0.764,0.864
-2.897,0.245,1.001
-4.910,-0.541,1.135
-6.517,-1.400,1.184
-7.296,-2.007,1.188
-7.124,-2.080,1.354
-6.174,-1.579,1.943
-4.781,-0.808,2.981
-3.285,-0.291,4.111
-1.906,-0.461,4.782
-0.677,-1.387,4.662
0.485,-2.726,3.869
1.576,-3.910,2.837
2.376,-4.475,1.983
2.566,-4.304,1.457
2.039,-3.659,1.100
1.097,-2.945,0.581
0.307,-2.417,-0.371
0.114,-2.048,-1.736
0.519,-1.619,-3.115
1.085,-0.919,-3.928
1.268,0.114,-3.777
0.819,1.366,-2.696
-0.036,2.590,-1.078
-0.771,3.519,0.606
-0.913,4.008,1.994
-0.291,4.116,2.873
0.904,4.021,3.162
2.207,3.815,2.944
3.049,3.403,2.434
3.038,2.581,1.878
2.214,1.255,1.462
1.044,-0.473,1.303
0.075,-2.356,1.428
-0.434,-4.088,1.673
-0.579,-5.345,1.664
-0.578,-5.842,1.029
-0.547,-5.474,-0.299
-0.453,-4.423,-1.984
-0.216,-3.091,-3.473
0.197,-1.880,-4.283
0.709,-1.022,-4.206
1.141,-0.524,-3.378
1.330,-0.208,-2.236
1.280,0.216,-1.335
1.162,0.976,-1.065
1.112,2.048,-1.458
1.047,3.126,-2.237
0.710,3.838,-3.038
-0.084,4.020,-3.574
-1.250,3.766,-3.635
-2.461,3.287,-3.052
-3.342,2.782,-1.806
-3.649,2.384,-0.194
-3.373,2.145,1.227
-2.727,1.985,2.001
-2.036,1.739,2.106
-1.538,1.313,1.873
-1.232,0.781,1.599
-0.903,0.289,1.295
-0.338,-0.139,0.870
0.451,-0.614,0.460
1.199,-1.193,0.437
1.605,-1.738,1.023
1.576,-2.033,1.952
1.276,-2.044,2.583
0.977,-1.984,2.406
0.864,-2.074,1.479
0.990,-2.280,0.354
1.335,-2.302,-0.403
1.846,-1.841,-0.696
2.407,-0.849,-0.871
2.817,0.456,-1.244
2.904,1.774,-1.726
2.667,2.899,-1.948
2.298,3.736,-1.719
1.990,4.218,-1.246
1.730,4.242,-0.877
1.322,3.735,-0.692
0.599,2.766,-0.442
-0.396,1.571,0.095
-1.459,0.401,0.767
-2.400,-0.637,1.134
-3.152,-1.555,0.927
-3.751,-2.285,0.363
-4.224,-2.581,-0.056
-4.505,-2.195,-0.060
-4.434,-1.182,0.158
-3.864,0.045,0.261
-2.820,0.994,0.231
-1.521,1.468,0.385
-0.236,1.648,0.949
0.873,1.836,1.732
1.751,2.132,2.283
2.367,2.379,2.365
2.692,2.401,2.193
2.760,2.235,2.190
2.666,2.069,2.511
2.479,1.989,2.834
2.181,1.849,2.688
1.725,1.423,1.969
1.156,0.672,1.052
0.650,-0.198,0.339
0.400,-0.946,-0.180
0.402,-1.510,-0.794
0.351,-2.002,-1.531
-0.144,-2.495,-1.948
-1.146,-2.873,-1.574
-2.230,-2.937,-0.464
-2.831,-2.675,0.778
-2.758,-2.345,1.487
-2.291,-2.224,1.391
-1.781,-2.300,0.655
-1.297,-2.291,-0.369
-0.722,-1.976,-1.385
-0.073,-1.408,-2.198
0.419,-0.759,-2.648
0.563,-0.061,-2.572
0.441,0.762,-1.931
0.390,1.643,-1.007
0.742,2.294,-0.373
1.569,2.438,-0.515
2.593,2.069,-1.391
3.343,1.453,-2.430
3.472,0.918,-3.001
2.994,0.660,-2.867
2.216,0.680,-2.201
1.490,0.829,-1.305
1.026,0.931,-0.421
0.906,0.889,0.213
1.125,0.689,0.349
1.531,0.326,-0.092
1.813,-0.214,-0.857
1.654,-0.859,-1.483
0.979,-1.421,-1.662
0.008,-1.728,-1.498
-0.941,-1.804,-1.386
-1.708,-1.815,-1.586
-2.351,-1.825,-1.914
-3.001,-1.665,-1.873
-3.696,-1.106,-1.136
-4.319,-0.164,0.092
-4.671,0.805,1.194
-4.566,1.347,1.586
-3.903,1.263,1.067
-2.721,0.779,-0.167
-1.262,0.363,-1.666
0.035,0.340,-2.875
0.704,0.644,-3.321
0.548,0.925,-2.885
-0.182,0.881,-1.939
-0.948,0.456,-1.125
-1.300,-0.210,-0.864
-1.166,-0.925,-1.065
-0.788,-1.476,-1.286
-0.474,-1.656,-1.154
-0.385,-1.379,-0.625
-0.509,-0.816,0.093
-0.694,-0.310,0.768
-0.696,-0.104,1.280
-0.277,-0.196,1.610
0.590,-0.457,1.771
1.599,-0.827,1.778
2.257,-1.324,1.674
2.235,-1.916,1.552
1.639,-2.489,1.490
0.909,-2.971,1.453
0.481,-3.386,1.292
0.501,-3.752,0.916
0.802,-3.954,0.418
1.093,-3.780,-0.010
1.161,-3.108,-0.291
0.979,-2.057,-0.516
0.693,-0.942,-0.771
0.519,-0.091,-0.992
0.607,0.354,-1.043
0.925,0.489,-0.928
1.229,0.524,-0.844
1.206,0.585,-0.987
0.689,0.634,-1.340
-0.174,0.567,-1.687
-0.981,0.369,-1.814
-1.346,0.125,-1.669
-1.172,-0.075,-1.346
-0.698,-0.178,-0.980
-0.252,-0.110,-0.732
0.061,0.229,-0.766
0.388,0.857,-1.119
0.854,1.608,-1.573
1.332,2.238,-1.767
1.553,2.641,-1.537
1.430,2.901,-1.104
1.169,3.105,-0.822
1.043,3.151,-0.766
1.122,2.831,-0.622
1.272,2.068,-0.025
1.335,0.998,1.030
1.220,-0.159,2.150
0.872,-1.246,2.880
0.260,-2.126,3.096
-0.524,-2.620,3.039
-1.230,-2.582,2.983
-1.572,-2.059,2.905
-1.445,-1.312,2.581
-0.992,-0.636,1.987
-0.430,-0.166,1.471
0.190,0.140,1.419
1.025,0.347,1.824
2.152,0.388,2.308
3.299,0.073,2.548
3.954,-0.730,2.523
3.826,-1.888,2.342
3.122,-3.027,2.007
2.283,-3.803,1.468
1.530,-4.135,0.785
0.770,-4.129,0.075
-0.067,-3.796,-0.719
-0.818,-2.992,-1.781
-1.295,-1.689,-3.080
-1.589,-0.185,-4.169
-1.978,1.094,-4.494
-2.555,1.965,-3.966
-3.073,2.541,-3.107
-3.217,2.952,-2.521
-2.957,3.163,-2.247
-2.575,3.121,-1.774
-2.364,2.949,-0.749
-2.382,2.789,0.474
-2.507,2.533,1.124
-2.629,1.849,0.833
-2.701,0.597,0.005
-2.601,-0.908,-0.627
-2.108,-2.145,-0.695
-1.142,-2.897,-0.412
0.039,-3.410,-0.217
0.991,-4.033,-0.305
1.492,-4.769,-0.495
1.727,-5.256,-0.485
2.019,-5.153,-0.196
2.440,-4.457,0.155
2.781,-3.438,0.310
2.870,-2.371,0.211
2.835,-1.382,-0.065
2.973,-0.512,-0.535
3.376,0.176,-1.319
3.750,0.614,-2.429
3.646,0.817,-3.667
2.879,0.929,-4.742
1.671,1.134,-5.415
0.399,1.521,-5.530
-0.705,2.021,-5.041
-1.584,2.472,-4.106
-2.191,2.714,-3.050
-2.447,2.631,-2.134
-2.349,2.155,-1.393
-2.001,1.340,-0.721
-1.485,0.451,-0.014
-0.807,-0.132,0.856
0.005,-0.188,2.054
0.830,0.162,3.566
1.575,0.573,5.026
2.271,0.744,5.944
2.955,0.544,6.191
3.483,-0.027,6.108
3.589,-0.827,6.064
3.143,-1.555,6.023
2.271,-1.893,5.665
1.207,-1.748,4.840
0.143,-1.262,3.735
-0.745,-0.564,2.593
-1.246,0.398,1.447
-1.246,1.682,0.264
-0.906,3.115,-0.758
-0.580,4.395,-1.213
-0.471,5.379,-0.899
-0.402,6.130,-0.114
-0.009,6.631,0.564
0.847,6.641,0.808
1.891,5.945,0.758
2.644,4.699,0.742
2.777,3.371,0.874
2.236,2.333,0.991
1.145,1.594,0.905
-0.236,0.955,0.574
-1.458,0.330,0.072
-1.976,-0.182,-0.474
-1.504,-0.527,-0.832
-0.311,-0.846,-0.666
0.925,-1.334,0.243
1.632,-1.985,1.692
1.700,-2.546,3.017
1.377,-2.747,3.483
0.906,-2.531,2.846
0.360,-2.076,1.566
-0.231,-1.663,0.404
-0.723,-1.573,-0.278
-0.896,-2.022,-0.822
-0.652,-3.084,-1.807
-0.128,-4.571,-3.314
0.380,-6.021,-4.742
0.565,-6.876,-5.378
0.171,-6.796,-5.087
-1.006,-5.890,-4.398
-3.007,-4.673,-4.036
-5.488,-3.717,-4.399
-7.667,-3.272,-5.376
-8.677,-3.187,-6.482
-8.132,-3.143,-7.240
-6.358,-2.929,-7.564
-4.102,-2.487,-7.799
-2.042,-1.844,-8.238
-0.591,-1.111,-8.590
0.074,-0.521,-8.139
0.021,-0.314,-6.561
-0.329,-0.530,-4.460
-0.311,-0.990,-2.861
0.590,-1.476,-2.145
2.411,-1.838,-1.649
4.793,-1.895,-0.421
7.307,-1.414,1.729
9.631,-0.356,4.075
11.475,0.928,5.858
12.553,1.990,7.153
12.760,2.788,8.697
12.337,3.767,10.926
11.708,5.280,13.318
11.095,7.008,14.724
10.354,8.100,14.268
9.242,7.891,11.942
7.774,6.438,8.532
6.209,4.357,5.099
4.692,2.283,2.430
3.055,0.509,0.749
1.030,-0.921,-0.201
-1.382,-1.973,-0.825
-3.800,-2.528,-1.456
-5.687,-2.488,-2.380
-6.682,-1.888,-3.813
-6.813,-0.895,-5.672
-6.493,0.274,-7.399
-6.282,1.444,-8.288
-6.479,2.561,-8.060
-6.888,3.687,-7.061
-7.033,4.902,-5.803
-6.679,6.160,-4.415
-6.138,7.287,-2.606
-6.048,8.101,-0.155
-6.849,8.473,2.648
-8.439,8.251,5.005
-10.233,7.240,6.030
-11.477,5.373,5.310
-11.630,2.897,3.311
-10.655,0.318,1.348
-9.104,-1.872,0.908
-7.817,-3.352,2.583
-7.353,-3.966,5.487
-7.589,-3.761,7.839
-7.887,-3.095,8.405
-7.631,-2.531,7.418
-6.617,-2.425,6.028
-5.009,-2.587,4.892
-3.098,-2.462,3.490
-1.184,-1.626,0.933
0.455,-0.024,-2.682
1.696,2.243,-5.904
2.690,5.156,-7.004
3.714,8.594,-5.395
4.775,12.004,-2.093
5.481,14.484,1.064
5.421,15.358,2.637
4.701,14.625,2.291
3.938,12.791,0.661
3.643,10.296,-1.296
3.677,7.249,-2.904
3.441,3.662,-3.885
2.572,-0.221,-4.012
1.346,-3.960,-2.800
0.378,-7.191,0.178
0.055,-9.775,4.413
0.326,-11.749,8.070
0.952,-13.262,8.986
1.766,-14.510,6.576
2.695,-15.509,2.695
3.708,-15.855,0.204
4.878,-14.930,0.404
6.383,-12.580,2.025
8.226,-9.529,2.840
9.942,-6.888,2.035
10.794,-5.100,0.705
10.391,-3.515,0.197
8.986,-1.173,0.492
7.004,2.034,0.400
4.444,5.100,-0.983
1.041,6.883,-3.372
-2.941,7.212,-5.705
-6.461,6.925,-7.114
-8.561,6.878,-7.424
-9.428,7.114,-6.956
-10.339,7.022,-6.088
-12.417,6.093,-5.071
-15.574,4.281,-4.198
-18.667,1.721,-3.975
-20.525,-1.565,-4.880
-20.693,-5.489,-6.751
-19.364,-9.570,-8.467
-16.928,-13.044,-8.550
-13.720,-15.381,-6.353
-9.974,-16.625,-2.720
-5.794,-17.250,0.654
-1.182,-17.725,2.681
3.746,-18.186,3.749
8.558,-18.356,5.121
12.663,-17.723,7.458
15.756,-15.880,9.992
18.046,-12.844,11.285
20.033,-9.030,10.795
22.091,-4.851,9.579
24.214,-0.364,9.258
25.985,4.608,10.278
26.668,10.010,11.321
25.487,15.306,10.521
22.130,19.776,7.230
17.150,23.044,2.523
11.813,25.188,-1.905
7.314,26.299,-5.141
3.942,25.992,-7.327
0.922,23.500,-8.868
-2.865,18.362,-9.715
-7.876,11.029,-9.543
-13.475,2.716,-8.439
-18.469,-5.354,-7.143
-22.094,-12.561,-6.541
-24.523,-18.751,-6.937
-26.465,-23.675,-7.842
-28.321,-26.763,-8.430
-29.718,-27.481,-8.162
-29.809,-25.788,-7.007
-27.975,-22.149,-5.156
-24.324,-17.196,-2.655
-19.653,-11.445,0.578
-14.992,-5.276,4.352
-11.122,0.952,7.919
-8.310,6.770,10.272
-6.319,11.489,10.899
-4.516,14.303,10.273
-2.016,14.712,9.459
2.072,12.898,9.052
8.235,9.557,8.475
16.101,5.307,6.550
24.259,0.464,2.856
30.686,-4.488,-1.578
33.688,-8.474,-5.115
32.749,-10.276,-6.968
28.584,-9.492,-7.643
22.405,-6.831,-8.003
15.221,-3.344,-8.227
7.832,0.424,-7.880
1.119,4.410,-6.739
-4.180,8.363,-5.194
-8.067,11.539,-3.800
-11.311,13.156,-2.750
-14.540,13.034,-1.975
-17.412,11.711,-1.507
-18.903,9.938,-1.376
-18.382,8.073,-1.147
-16.188,5.930,-0.001
-13.129,3.170,2.412
-9.694,-0.259,5.302
-5.899,-4.115,7.270
-1.747,-8.177,7.625
2.508,-12.312,6.982
6.682,-16.158,6.456
11.019,-19.047,6.450
15.865,-20.509,6.444
20.929,-20.739,5.864
25.167,-20.233,4.856
27.722,-18.944,4.080
28.907,-16.172,3.902
30.011,-11.458,3.943
32.035,-5.362,3.446
34.729,0.901,2.047
36.818,6.490,0.237
36.926,11.362,-0.982
34.280,15.737,-1.014
28.875,19.451,-0.276
21.313,21.983,0.279
12.565,22.971,0.275
3.700,22.477,0.267
-4.280,20.835,0.788
-10.547,18.386,1.344
-14.720,15.402,0.844
-17.218,12.104,-0.952
-19.184,8.658,-2.844
-21.677,5.268,-3.256
-24.801,2.285,-1.676
-27.734,0.136,1.115
-29.677,-1.001,3.906
-30.606,-1.293,5.749
-30.943,-0.900,5.912
-30.709,0.366,3.714
-29.416,2.751,-1.106
-26.916,5.958,-7.735
-23.983,9.128,-14.156
-21.634,11.594,-17.983
-19.922,13.413,-17.789
-17.818,14.948,-13.907
-14.369,15.993,-8.055
-9.654,15.621,-2.228
-4.371,12.984,2.034
1.213,8.114,3.633
7.451,1.887,1.877
14.436,-4.660,-2.940
21.240,-10.878,-9.035
26.280,-16.494,-13.815
28.438,-21.335,-15.471
27.852,-25.173,-13.854
25.679,-27.797,-9.868
23.266,-29.080,-4.532
21.593,-28.856,1.044
21.321,-26.789,5.306
22.807,-22.537,6.854
25.509,-16.177,5.764
27.543,-8.354,3.835
26.520,0.125,3.184
21.386,8.777,4.705
13.425,17.238,8.072
5.276,24.649,12.783
-0.958,29.679,18.618
-4.693,31.499,24.930
-6.501,30.526,29.952
-7.398,27.833,31.270
-8.527,23.846,27.240
-10.987,18.059,18.141
-15.405,10.209,6.079
-21.423,1.445,-6.147
-27.621,-6.096,-16.260
-32.145,-10.884,-22.968
-33.745,-12.957,-25.853
-32.484,-13.339,-25.274
-29.435,-12.903,-22.386
-25.590,-12.105,-18.827
-21.125,-11.585,-15.987
-15.822,-12.385,-14.464
-10.013,-15.153,-14.099
-4.708,-19.228,-14.253
-0.670,-22.805,-13.947
2.375,-24.079,-12.109
5.383,-22.283,-8.178
8.960,-17.862,-2.561
12.817,-12.002,3.670
16.038,-5.961,9.509
17.705,-0.476,14.316
17.375,4.452,17.574
15.418,9.132,18.839
13.050,13.428,18.173
11.759,16.581,16.417
12.271,17.907,14.759
13.928,17.569,13.882
15.152,16.407,13.534
14.628,15.018,12.863
12.066,13.271,11.176
7.960,10.789,8.498
2.923,7.662,5.479
-2.592,4.438,2.777
-8.132,1.526,0.538
-13.262,-1.114,-1.551
-17.829,-3.588,-3.888
-21.901,-5.538,-6.787
-25.262,-6.147,-10.434
-27.220,-4.660,-14.575
-27.261,-0.916,-18.117
-25.819,4.501,-19.485
-24.030,10.492,-17.857
-22.689,15.893,-14.054
-21.704,19.897,-9.950
-20.580,22.188,-6.878
-18.997,22.743,-4.713
-16.643,21.576,-2.510
-12.865,18.741,0.219
-7.117,14.525,3.000
0.150,9.440,4.969
7.420,3.940,5.764
13.145,-1.756,5.890
16.728,-7.485,6.387
18.489,-12.912,8.117
18.975,-17.626,11.121
18.554,-21.408,14.493
17.534,-24.223,16.888
16.344,-25.993,17.370
15.515,-26.598,15.973
15.517,-26.110,13.610
16.510,-24.835,11.455
18.053,-22.987,10.218
19.074,-20.489,9.781
18.401,-17.184,9.385
15.531,-13.099,8.270
10.920,-8.385,6.263
5.539,-3.163,3.821
0.258,2.356,1.550
-4.364,7.674,-0.289
-7.983,12.125,-1.841
-10.462,15.217,-3.413
-11.946,16.739,-5.196
-12.735,16.654,-7.103
-13.036,15.111,-8.742
-12.976,12.576,-9.729
-12.830,9.729,-10.217
-13.023,7.078,-10.987
-13.739,4.745,-12.657
-14.630,2.645,-14.722
-14.996,0.803,-15.751
-14.244,-0.598,-14.797
-12.172,-1.393,-12.448
-9.037,-1.574,-10.178
-5.458,-1.339,-8.731
-2.055,-1.039,-7.493
1.130,-1.031,-5.521
4.821,-1.556,-2.770
9.777,-2.760,-0.025
15.764,-4.734,2.104
21.440,-7.303,3.630
25.425,-9.754,4.723
27.356,-11.114,5.351
27.765,-10.986,5.628
27.233,-10.046,6.050
26.049,-9.433,6.923
24.660,-9.640,7.748
23.887,-10.203,7.651
24.309,-10.451,6.473
25.499,-10.203,5.063
26.145,-9.521,4.359
24.927,-8.080,4.377
21.190,-5.208,4.268
14.944,-0.543,3.270
6.626,5.638,1.506
-2.928,12.794,-0.089
-12.514,20.453,-0.613
-20.913,27.892,-0.100
-27.451,33.717,0.393
-32.197,36.242,-0.294
-35.579,34.586,-2.332
-37.835,29.375,-4.782
-38.828,22.324,-6.584
-38.458,15.143,-7.452
-37.251,8.734,-7.681
-36.416,3.105,-7.235
-36.975,-2.210,-5.445
-38.558,-7.626,-1.880
-39.125,-13.124,2.619
-36.266,-18.218,6.123
-29.076,-22.270,7.120
-18.851,-24.856,5.881
-7.994,-25.874,4.265
1.604,-25.423,4.087
9.253,-23.806,5.610
15.123,-21.604,7.496
19.797,-19.469,8.058
24.106,-17.581,6.612
28.857,-15.374,3.900
34.251,-12.001,1.489
39.501,-7.187,0.583
43.153,-1.528,1.001
43.964,4.019,1.182
41.676,8.819,-0.359
37.137,12.711,-3.204
31.663,15.756,-4.937
26.116,18.108,-3.496
20.421,20.093,0.226
13.851,22.098,2.649
5.724,24.183,0.815
-4.056,25.940,-4.668
-14.790,26.921,-10.139
-25.046,27.155,-12.151
-33.108,26.962,-10.061
-37.841,26.225,-5.801
-39.386,24.178,-1.821
-38.868,20.272,0.562
-37.238,15.118,1.368
-34.409,10.162,1.199
-29.681,6.250,0.523
-22.978,2.786,-0.446
-15.489,-1.434,-1.379
-8.927,-6.721,-1.602
-4.059,-12.145,-0.549
-0.005,-16.680,1.509
4.959,-20.341,3.378
11.804,-24.026,3.811
19.896,-28.414,2.415
27.596,-33.196,-0.311
33.462,-37.274,-3.638
36.722,-39.460,-7.034
36.920,-39.020,-10.001
33.722,-35.815,-11.820
27.458,-30.181,-11.669
19.610,-22.749,-9.049
12.299,-14.387,-4.239
7.036,-6.193,1.426
3.928,0.683,5.830
2.050,5.458,7.149
0.425,8.013,5.177
-1.355,8.720,1.731
-3.257,8.023,-0.489
-5.186,6.268,0.194
-7.030,3.835,3.319
-8.468,1.157,6.815
-9.033,-1.488,8.673
-8.589,-4.031,8.327
-7.580,-6.345,6.625
-6.634,-8.089,4.574
-5.989,-9.004,2.236
-5.501,-9.231,-1.086
-5.084,-9.059,-5.716
-4.761,-8.350,-10.829
-4.199,-6.483,-14.776
-2.552,-3.050,-16.089
0.900,1.461,-14.356
5.979,5.787,-10.448
11.619,8.690,-6.024
16.554,9.626,-2.547
19.856,8.770,-0.514
21.047,6.552,0.421
20.125,3.280,0.686
17.617,-0.815,0.316
14.360,-5.260,-0.721
10.926,-9.159,-2.017
7.291,-11.408,-2.772
3.148,-11.210,-2.382
-1.535,-8.604,-0.899
-6.393,-4.670,1.025
-10.982,-1.130,2.628
-15.036,0.658,3.592
-18.356,0.614,4.241
-20.647,-0.110,5.188
-21.554,-0.245,6.705
-20.899,0.507,8.452
-18.912,1.493,9.755
-16.270,2.063,10.085
-13.898,2.325,9.305
-12.565,2.996,7.696
-12.564,4.786,5.899
-13.682,8.040,4.653
-15.363,12.697,4.234
-16.867,18.271,4.047
-17.399,23.795,2.990
-16.368,28.003,0.427
-13.653,29.822,-3.193
-9.584,28.868,-6.775
-4.618,25.583,-9.524
0.897,20.895,-11.327
6.630,15.657,-12.246
12.064,10.317,-12.007
16.624,5.095,-10.292
20.008,0.413,-7.433
22.326,-3.065,-4.400
23.845,-4.945,-1.959
24.718,-5.524,-0.012
25.032,-5.497,2.063
25.000,-5.268,4.630
24.853,-4.710,7.565
24.419,-3.592,10.594
22.938,-1.974,13.427
19.577,-0.004,15.499
14.286,2.461,16.047
8.091,5.750,14.809
2.427,9.854,12.533
-1.897,14.229,10.389
-5.089,18.139,8.765
-7.865,20.983,6.808
-10.730,22.192,3.362
-13.786,21.047,-1.627
-16.988,16.973,-6.735
-20.312,10.118,-10.150
-23.642,1.436,-11.218
-26.736,-7.921,-10.955
-29.404,-17.227,-11.132
-31.538,-26.140,-12.873
-32.767,-34.237,-16.031
-32.218,-40.880,-19.623
-28.978,-45.640,-22.628
-22.987,-48.632,-24.351
-15.362,-50.186,-24.263
-7.684,-50.239,-21.856
-0.894,-48.255,-16.896
5.169,-43.862,-9.930
11.354,-37.436,-2.384
18.334,-29.882,4.159
25.863,-21.891,8.996
32.555,-13.503,12.527
36.469,-4.437,15.355
36.378,5.280,17.356
32.782,15.027,17.950
27.656,23.816,17.252
23.073,30.691,16.478
20.022,35.030,16.889
18.368,36.675,18.420
17.478,35.903,19.631
16.592,33.252,19.000
14.918,29.351,16.164
11.980,24.911,12.038
8.087,20.737,8.030
4.130,17.439,5.162
0.678,14.929,3.560
-2.591,12.351,2.463
-6.375,8.817,0.861
-10.835,4.291,-1.499
-15.449,-0.365,-3.613
-19.674,-4.178,-3.947
-23.430,-6.711,-1.876
-26.834,-7.948,1.586
-29.665,-7.936,4.552
-31.365,-6.796,5.691
-31.572,-4.883,5.000
-30.457,-2.539,3.477
-28.472,0.278,2.321
-25.835,3.841,2.274
-22.415,8.085,3.296
-18.066,12.492,4.632
-12.914,16.693,5.360
-7.314,20.936,5.070
-1.712,25.691,4.052
3.347,30.838,2.844
7.225,35.472,1.767
9.423,38.557,1.025
9.892,39.617,1.090
9.108,38.771,2.604
7.862,36.262,5.702
6.951,32.112,9.436
6.874,26.160,11.989
7.623,18.369,11.669
8.769,9.133,7.991
9.856,-0.655,2.048
10.724,-9.965,-4.104
11.424,-18.208,-8.639
11.878,-25.429,-10.890
11.732,-31.828,-11.371
10.620,-37.140,-11.011
8.603,-40.673,-10.329
6.366,-41.935,-9.283
4.894,-41.080,-7.838
4.778,-38.776,-6.530
5.731,-35.892,-6.218
6.768,-33.351,-7.122
6.925,-31.917,-8.302
5.889,-31.716,-8.442
4.132,-31.964,-7.214
2.580,-31.484,-5.510
1.989,-29.635,-4.188
2.313,-26.669,-2.935
2.612,-23.160,-0.924
1.829,-19.299,1.468
-0.179,-14.908,2.225
-2.547,-10.047,-0.482
-4.382,-5.273,-6.053
-5.556,-1.141,-11.349
-6.340,2.465,-13.069
-6.576,6.220,-10.366
-5.754,10.410,-5.261
-3.974,14.194,-0.748
-2.376,16.115,1.390
-2.258,15.554,1.117
-3.825,13.587,-0.874
-6.064,12.160,-4.056
-7.784,12.346,-7.823
-8.577,13.522,-10.916
-8.648,14.298,-11.739
-7.950,14.009,-9.439
-5.837,13.064,-4.473
-1.734,11.954,1.824
3.969,10.341,7.866
9.901,7.431,12.084
14.587,3.123,13.341
17.215,-1.506,11.785
17.618,-4.930,9.134
15.981,-6.219,7.416
12.946,-5.403,7.191
9.836,-3.114,7.339
8.128,-0.200,6.759
8.291,2.496,5.856
9.191,4.449,6.022
8.870,5.744,7.912
5.891,6.832,10.626
0.021,7.789,12.484
-7.989,7.968,12.283
-16.764,6.614,9.944
-24.505,3.819,6.362
-29.434,0.613,2.672
-30.647,-1.880,-0.735
-28.669,-3.206,-4.552
-25.068,-3.520,-9.462
-21.380,-3.095,-14.542
-18.214,-2.158,-17.267
-15.068,-1.073,-15.687
-10.826,-0.411,-10.513
-4.672,-0.790,-4.582
3.112,-2.634,-0.126
11.115,-5.899,3.088
17.724,-9.766,6.753
22.191,-12.752,11.474
24.753,-13.616,15.638
25.753,-12.385,16.942
24.952,-10.233,14.772
21.952,-8.132,10.810
17.177,-5.786,7.359
12.074,-2.218,5.455
8.056,2.717,4.730
5.301,7.827,4.678
2.794,11.723,5.446
-0.345,14.159,7.455
-3.802,15.927,10.762
-6.573,17.559,14.887
-8.397,18.557,18.772
-10.272,18.070,20.699
-13.325,16.066,18.901
-17.503,13.554,13.082
-21.668,11.723,5.367
-24.820,11.152,-0.795
-26.714,11.751,-3.068
-27.275,13.024,-1.789
-25.948,14.102,0.542
-22.086,13.850,1.068
-15.881,11.478,-1.665
-8.570,7.223,-6.911
-1.635,2.281,-12.514
4.102,-2.020,-16.977
8.630,-4.948,-20.934
12.123,-6.431,-26.063
14.317,-6.709,-32.272
14.611,-6.011,-36.688
12.871,-4.375,-36.205
10.024,-1.682,-30.882
7.530,1.968,-24.103
6.192,5.755,-19.237
5.754,8.236,-16.656
5.869,8.261,-14.224
7.091,5.851,-10.212
10.371,1.977,-5.305
15.550,-2.503,-1.904
20.876,-7.360,-1.725
24.379,-12.309,-3.901
25.607,-16.180,-5.148
25.788,-17.337,-2.043
26.365,-15.104,6.171
27.563,-10.554,16.505
28.281,-5.703,24.146
27.088,-1.867,26.048
23.265,1.243,23.187
17.189,4.953,19.432
10.052,10.149,18.112
3.196,16.100,19.347
-2.558,20.592,20.304
-7.203,21.443,17.669
-11.225,18.240,10.037
-14.955,12.742,-1.393
-18.263,7.509,-13.783
-20.828,4.022,-24.233
-22.570,1.995,-30.900
-23.659,0.206,-33.130
-24.155,-2.255,-30.942
-23.759,-5.439,-24.824
-21.907,-8.817,-16.227
-18.085,-11.792,-7.809
-12.246,-14.028,-2.323
-5.213,-15.507,-0.591
1.340,-16.338,-0.617
5.669,-16.521,0.922
7.107,-15.958,5.947
6.541,-14.867,13.488
5.698,-14.126,20.716
5.868,-14.839,25.368
7.168,-17.171,27.269
8.822,-19.631,27.745
9.950,-19.924,27.881
10.086,-16.907,27.543
9.142,-11.733,25.922
7.210,-6.895,22.628
4.597,-4.113,18.075
1.955,-3.228,13.096
-0.012,-2.963,8.449
-1.217,-2.294,4.546
-2.509,-0.807,1.246
-5.022,1.880,-2.149
-9.084,6.283,-6.409
-13.801,12.310,-11.741
-17.736,18.653,-17.726
-19.960,23.388,-23.770
-20.486,25.304,-29.338
-19.929,24.628,-33.734
-18.881,22.587,-36.137
-17.511,20.459,-36.134
-15.569,18.865,-33.888
-12.837,17.542,-29.533
-9.761,15.616,-22.833
-7.596,12.354,-14.107
-7.640,7.941,-5.178
-10.137,3.494,1.601
-14.003,0.195,5.625
-17.589,-1.523,8.612
-19.528,-1.857,12.345
-18.913,-1.006,16.363
-15.339,0.880,18.636
-9.360,3.180,18.241
-2.649,4.812,16.477
3.102,5.177,15.167
7.680,4.820,14.653
12.301,4.653,13.829
17.819,4.693,11.603
23.423,4.166,7.659
27.496,2.969,2.121
29.424,2.354,-4.630
29.987,3.614,-11.346
30.092,6.377,-15.658
29.740,8.725,-15.318
28.530,8.887,-10.261
26.678,6.331,-3.253
25.016,1.333,2.046
23.918,-5.647,4.026
22.621,-13.659,4.007
19.919,-20.861,4.075
15.539,-25.300,4.353
10.611,-26.316,2.949
6.664,-24.886,-1.322
4.274,-22.435,-6.770
2.916,-19.531,-9.919
2.067,-15.847,-8.712
1.944,-11.227,-4.250
2.794,-6.558,0.633
3.716,-3.491,4.117
2.900,-3.256,6.449
-0.654,-5.617,8.603
-5.994,-9.006,10.559
-11.278,-11.759,11.199
-15.848,-13.199,9.562
-20.741,-13.447,5.840
-26.964,-12.393,1.243
-33.711,-9.348,-2.725
-38.806,-3.959,-4.882
-40.763,2.810,-4.919
-39.911,9.057,-3.844
-37.404,13.318,-3.590
-33.727,15.348,-5.489
-28.667,15.622,-8.796
-22.442,14.546,-11.082
-16.160,12.408,-10.490
-10.940,9.739,-7.606
-7.058,7.102,-4.825
-4.254,4.470,-3.934
-2.498,1.316,-4.616
-1.889,-2.369,-5.387
-1.842,-5.465,-5.516
-0.983,-6.644,-5.553
1.718,-5.878,-6.153
5.900,-4.551,-7.026
10.232,-3.854,-7.281
13.848,-3.412,-6.408
17.031,-1.837,-4.556
20.418,1.608,-1.985
23.910,6.310,1.320
26.752,11.173,5.370
28.613,15.608,9.696
30.168,19.399,13.311
32.343,22.063,15.206
35.059,22.950,15.010
36.938,22.041,13.315
36.285,20.248,11.408
32.359,18.619,10.567
25.777,17.311,11.377
17.941,15.474,13.355
10.274,12.099,14.944
3.866,6.914,14.034
-0.640,0.563,9.157
-3.396,-5.903,0.683
-5.616,-11.647,-9.177
-8.998,-16.290,-17.814
-14.350,-19.685,-23.692
-20.753,-21.666,-26.395
-26.292,-22.150,-25.650
-29.600,-21.457,-20.965
-30.530,-20.324,-12.527
-29.477,-19.438,-2.285
-26.631,-19.012,6.206
-22.204,-18.843,9.554
-17.106,-18.600,6.842
-12.841,-17.807,0.704
-10.521,-15.689,-4.180
-10.067,-11.467,-4.441
-10.399,-5.154,-0.403
-10.345,2.030,4.799
-9.346,8.307,8.495
-7.461,12.583,10.796
-4.927,15.071,13.878
-1.928,16.636,19.435
1.162,17.533,26.983
3.512,16.886,34.241
4.089,13.546,38.757
2.441,7.589,39.323
-0.705,0.866,36.414
-3.699,-4.085,31.640
-4.987,-5.817,26.628
-4.107,-4.716,22.003
-1.828,-2.145,17.222
0.677,0.876,11.531
2.781,4.048,5.242
4.598,7.137,-0.067
6.434,9.465,-2.952
8.357,10.294,-3.777
10.324,9.509,-4.796
12.364,7.680,-8.239
14.311,5.565,-14.141
15.536,3.783,-19.994
15.371,2.850,-22.596
13.840,3.063,-20.543
11.635,4.127,-15.315
9.238,5.194,-10.119
6.404,5.656,-7.495
2.826,5.920,-7.723
-0.872,7.152,-9.314
-3.280,10.156,-10.897
-3.494,14.535,-12.399
-2.076,18.900,-14.241
-0.592,21.800,-15.576
-0.268,22.503,-14.015
-1.094,21.132,-7.798
-2.051,18.233,1.686
-2.147,14.214,10.233
-1.464,9.096,14.327
-1.339,2.895,14.283
-3.274,-3.684,13.441
-7.388,-9.057,14.257
-12.001,-11.662,15.760
-15.026,-11.294,15.129
-15.666,-9.393,11.269
-14.520,-7.667,6.211
-12.259,-6.471,3.073
-8.863,-4.849,3.085
-4.423,-2.212,4.688
-0.153,0.531,5.127
2.117,1.887,2.778
1.586,1.573,-1.744
-0.635,0.802,-6.338
-2.420,0.772,-9.234
-2.326,1.293,-10.294
-0.523,1.192,-10.655
1.688,-0.210,-11.169
3.147,-2.351,-11.268
3.750,-4.086,-9.468
4.266,-4.854,-5.057
5.370,-5.227,0.641
6.958,-6.505,4.708
8.446,-9.677,4.519
9.543,-14.492,-0.406
10.544,-19.369,-8.088
11.948,-22.380,-15.421
13.982,-22.600,-19.846
16.438,-20.691,-20.063
18.746,-18.287,-15.917
20.225,-16.800,-8.376
20.535,-16.673,0.379
19.975,-17.514,7.628
19.151,-18.770,11.581
18.257,-20.225,12.190
16.806,-21.888,10.412
14.118,-23.430,7.028
9.839,-23.939,2.615
3.945,-22.475,-1.736
-3.359,-18.916,-4.536
-11.402,-14.167,-4.995
-18.918,-9.496,-3.632
-24.676,-5.773,-1.721
-28.311,-3.267,-0.594
-30.274,-1.782,-1.458
-30.891,-0.767,-5.038
-29.838,0.419,-10.674
-26.739,1.871,-16.094
-22.016,2.742,-18.811
-16.855,1.802,-17.947
-12.432,-1.482,-14.583
-9.361,-6.485,-10.585
-7.705,-11.944,-7.417
-7.102,-16.640,-5.750
-6.854,-19.678,-5.437
-6.320,-20.630,-5.698
-5.490,-19.782,-5.906
-4.951,-18.031,-6.512
-5.008,-16.201,-8.688
-4.967,-14.471,-12.442
-3.577,-12.556,-15.343
-0.188,-10.238,-13.956
4.729,-7.449,-6.925
10.089,-4.062,3.675
14.879,-0.058,14.187
18.394,4.072,22.126
20.428,7.489,26.865
21.683,9.803,28.353
23.629,11.428,26.369
27.245,12.976,21.375
31.728,14.594,15.340
34.818,16.250,10.996
34.682,18.421,10.293
31.340,21.844,13.674
26.230,26.356,20.266
20.732,30.384,28.003
15.459,32.060,33.688
10.670,30.831,34.065
6.669,27.786,27.976
3.428,24.582,17.699
0.129,22.395,7.706
-4.406,21.772,1.531
-10.594,22.787,-0.396
-17.503,24.841,-0.063
-23.479,26.617,0.630
-27.312,26.923,1.316
-28.769,25.801,2.209
-28.188,24.479,2.459
-25.988,23.938,0.349
-22.815,23.678,-4.654
-19.946,22.161,-10.680
-18.884,18.449,-14.881
-20.131,13.223,-15.895
-22.559,8.171,-14.412
-24.396,4.601,-11.569
-24.876,2.827,-7.735
-24.557,2.690,-3.312
-24.008,4.209,0.062
-22.779,7.298,0.172
-20.070,10.953,-3.664
-16.075,13.223,-9.584
-11.977,12.467,-14.458
-8.583,8.651,-16.022
-5.555,3.180,-13.969
-2.277,-2.570,-9.598
0.962,-8.317,-4.751
3.188,-14.465,-0.787
4.052,-21.037,1.829
4.513,-27.387,2.970
6.010,-32.786,1.940
9.068,-36.884,-2.402
12.807,-39.466,-10.098
15.762,-40.029,-18.790
17.188,-37.847,-24.559
17.690,-32.446,-24.503
18.637,-24.103,-18.732
20.959,-14.110,-10.039
24.375,-4.555,-1.832
27.667,2.571,3.811
29.586,6.547,6.558
29.554,8.245,6.822
27.748,9.090,4.655
24.807,9.659,-0.163
21.500,9.513,-6.988
18.513,8.298,-13.718
16.306,6.572,-17.845
14.961,5.235,-18.275
14.081,4.364,-16.002
12.935,3.006,-12.948
10.934,0.225,-10.214
8.131,-3.863,-7.505
5.263,-8.173,-4.195
3.289,-11.638,-0.866
2.797,-14.099,0.475
3.656,-16.313,-1.938
5.017,-19.134,-7.583
5.680,-22.500,-13.433
4.816,-25.147,-16.051
2.502,-25.490,-14.044
-0.483,-23.050,-8.719
-3.392,-19.060,-2.780
-5.819,-15.496,1.317
-7.248,-13.427,2.151
-6.827,-12.328,-0.551
-4.208,-10.984,-5.898
-0.654,-8.834,-11.900
1.257,-6.310,-16.058
-0.494,-4.076,-16.489
-5.737,-2.360,-12.940
-12.455,-1.166,-6.981
-18.608,-0.778,-1.183
-23.462,-1.573,2.300
-27.335,-3.214,2.950
-30.559,-4.346,2.096
-32.933,-3.431,1.770
-33.893,-0.001,2.917
-32.809,4.912,4.682
-29.225,9.451,5.754
-23.302,12.018,6.439
-16.244,11.961,8.755
-9.937,9.696,13.932
-5.757,6.355,20.147
-3.748,3.090,23.591
-3.035,0.362,22.102
-2.819,-2.147,17.392
-2.670,-4.800,13.398
-2.163,-7.246,12.606
-0.897,-8.576,14.082
0.925,-8.219,14.803
2.411,-6.398,12.632
2.968,-3.519,8.104
3.255,0.571,3.593
4.739,6.244,0.875
8.151,12.942,-0.454
12.452,18.774,-2.088
15.438,21.681,-4.714
15.520,21.121,-6.965
13.104,18.503,-6.780
10.368,15.957,-3.521
9.517,14.634,1.470
11.038,14.097,6.151
13.544,13.178,9.285
15.244,11.354,10.786
15.408,9.292,11.007
14.459,8.069,9.969
13.020,7.932,7.412
11.272,8.005,3.696
9.137,7.332,0.493
6.671,6.117,-0.041
4.019,5.704,2.623
1.141,7.285,6.281
-2.213,10.704,7.643
-6.220,14.541,5.417
-10.672,17.262,1.464
-14.900,18.257,-1.196
-17.982,17.887,-1.122
-19.132,16.711,0.947
-18.040,14.797,3.559
-14.854,11.894,5.778
-9.891,8.191,7.000
-3.494,4.628,6.531
3.665,2.164,4.213
10.213,0.791,1.359
14.368,-0.432,0.305
15.048,-2.308,2.402
12.862,-4.749,6.496
9.871,-7.233,9.773
8.124,-9.709,10.196
8.391,-12.610,7.916
10.269,-15.994,4.355
13.187,-19.080,0.533
16.772,-20.920,-3.268
20.194,-21.455,-6.596
21.821,-21.647,-8.488
20.291,-22.570,-8.321
15.938,-24.441,-6.493
10.616,-26.572,-3.920
5.877,-27.990,-1.222
1.696,-27.931,1.071
-2.711,-25.904,1.850
-7.259,-21.795,-0.152
-10.896,-16.253,-4.768
-13.100,-10.745,-9.695
-14.685,-6.745,-12.062
-16.620,-4.612,-10.852
-18.495,-3.396,-7.393
-18.920,-1.810,-3.421
-17.410,0.784,0.705
-15.177,4.394,5.461
-13.805,8.917,10.353
-13.725,14.051,13.645
-14.463,18.693,14.079
-15.916,21.095,12.188
-18.473,20.235,9.532
-21.780,16.981,7.148
-24.190,13.457,5.272
-24.031,11.146,4.129
-21.172,9.885,4.108
-16.928,8.787,5.017
-12.613,7.689,5.749
-8.658,7.273,5.025
-5.058,7.987,2.350
-1.999,9.427,-1.706
0.372,10.928,-5.768
2.537,12.286,-8.220
5.491,13.548,-8.154
9.957,14.350,-6.162
15.770,13.915,-3.882
21.933,11.723,-2.344
27.087,7.916,-1.067
30.016,3.070,0.806
30.036,-2.094,2.716
27.099,-6.757,2.815
21.579,-10.121,0.126
14.112,-11.749,-3.895
5.791,-11.692,-6.412
-1.698,-10.223,-5.790
-6.703,-7.701,-3.002
-8.750,-4.822,-0.556
-8.952,-2.587,-0.162
-8.984,-1.492,-1.315
-9.561,-0.813,-1.952
-9.996,0.822,-0.506
-9.211,3.911,2.561
-6.952,7.375,5.236
-3.934,9.552,6.002
-0.999,9.781,5.295
1.603,8.891,4.883
4.033,8.270,5.981
6.145,8.590,8.246
7.236,9.316,10.410
6.712,9.276,11.347
4.981,7.729,10.335
3.435,5.066,6.991
3.301,2.528,1.778
4.463,1.205,-3.529
5.601,1.301,-6.785
5.624,2.285,-7.427
4.809,3.498,-7.067
4.342,4.362,-7.507
4.870,4.207,-8.382
5.917,2.452,-7.545
6.858,-0.802,-4.056
8.016,-4.677,-0.100
10.230,-8.392,0.791
13.405,-12.076,-2.563
16.066,-16.253,-7.563
16.751,-20.556,-10.262
15.561,-23.512,-8.981
13.899,-23.986,-5.428
12.759,-22.550,-2.560
11.774,-20.947,-1.727
10.137,-20.184,-1.844
8.019,-19.546,-0.881
6.499,-17.654,2.120
6.050,-14.263,6.425
5.514,-10.757,10.569
3.003,-8.893,13.684
-2.146,-9.173,15.826
-8.486,-10.439,17.209
-13.638,-10.906,17.337
-16.264,-9.508,15.121
-16.838,-6.372,10.099
-16.712,-2.255,3.655
-16.790,2.229,-1.252
-17.176,6.798,-2.151
-17.636,11.140,0.744
-17.944,14.649,4.512
-17.835,16.637,6.024
-17.046,16.830,4.513
-15.585,15.741,1.569
-13.775,14.524,-1.152
-11.998,14.325,-3.716
-10.563,15.493,-7.317
-9.827,17.340,-12.387
-10.042,18.751,-17.686
-10.860,19.098,-21.059
-11.216,18.516,-20.847
-10.116,17.323,-16.849
-7.592,15.422,-10.531
-4.697,12.468,-4.440
-2.561,8.538,-0.936
-1.542,4.349,-0.931
-1.189,0.702,-3.589
-0.720,-2.128,-7.093
0.503,-4.344,-9.636
2.655,-6.085,-9.901
5.294,-7.104,-7.265
7.626,-6.971,-2.194
9.193,-5.548,3.483
10.374,-3.323,7.193
12.041,-1.344,7.169
14.533,-0.638,3.771
16.994,-1.385,-0.818
17.857,-2.550,-4.523
16.115,-2.575,-7.070
12.167,-0.682,-9.637
7.444,2.494,-12.834
3.285,5.607,-15.514
0.262,7.869,-15.984
-1.657,9.498,-14.096
-2.753,10.992,-11.583
-3.568,12.273,-10.283
-4.858,12.833,-10.563
-6.896,12.674,-11.644
-8.785,12.719,-12.940
-8.951,13.983,-14.492
-6.634,16.365,-16.105
-2.697,18.557,-16.574
1.179,19.248,-14.185
3.966,18.193,-8.225
5.827,15.914,0.013
7.502,12.615,7.936
9.494,7.858,13.556
11.837,1.394,16.701
14.367,-6.046,18.316
17.024,-13.063,18.805
19.846,-18.635,17.466
22.735,-22.661,13.550
25.356,-25.632,7.587
27.436,-27.945,1.558
29.145,-29.567,-2.138
30.949,-30.082,-2.156
32.956,-28.940,0.761
34.576,-25.761,3.964
35.001,-20.617,4.597
33.966,-14.102,1.740
31.887,-7.084,-2.910
29.257,-0.354,-6.441
26.065,5.552,-6.857
21.905,10.273,-4.167
16.705,13.587,-0.012
11.276,15.498,3.558
6.992,16.305,5.487
4.681,16.426,6.530
3.747,16.119,8.622
2.432,15.323,12.996
-0.938,13.757,18.775
-6.814,11.111,23.627
-14.195,7.254,25.759
-21.167,2.451,25.066
-25.714,-2.516,22.479
-26.568,-6.570,18.787
-23.936,-8.912,14.431
-19.620,-9.488,10.007
-16.088,-8.868,6.315
-14.921,-7.694,3.781
-15.811,-6.370,2.241
-17.027,-5.251,1.456
-16.964,-4.787,1.350
-15.323,-5.104,1.301
-12.891,-5.410,-0.400
-10.497,-4.235,-5.398
-8.470,-0.606,-13.171
-6.973,5.008,-20.621
-6.247,11.044,-24.496
-6.141,16.041,-24.359
-5.774,19.309,-22.818
-4.227,20.625,-22.759
-1.564,19.918,-24.512
1.313,17.693,-25.698
3.917,15.392,-23.537
6.819,14.513,-17.302
10.745,15.025,-8.930
15.304,14.958,-1.653
19.028,12.062,2.150
20.644,5.958,2.299
20.068,-1.412,0.419
18.162,-7.384,-1.714
15.772,-10.501,-3.505
13.105,-11.033,-5.315
9.858,-10.032,-7.208
5.843,-8.124,-8.382
1.517,-5.175,-8.052
-2.076,-0.916,-6.627
-4.017,4.291,-5.522
-4.270,9.414,-5.735
-3.682,13.557,-6.862
-3.197,16.743,-7.666
-3.179,19.769,-7.406
-3.586,23.219,-6.395
-4.597,26.701,-5.406
-6.737,29.159,-4.821
-10.282,29.940,-4.319
-14.727,29.462,-3.143
-19.049,28.809,-0.613
-22.456,28.782,3.237
-24.782,29.384,7.296
-26.199,30.089,9.764
-26.761,30.360,9.273
-26.383,29.874,5.791
-25.215,28.521,0.503
-23.882,26.439,-5.045
-23.221,23.969,-9.548
-23.700,21.313,-11.889
-25.039,18.204,-11.052
-26.290,14.110,-6.709
-26.269,8.883,-0.119
-24.058,3.062,5.916
-19.469,-2.588,8.607
-13.342,-7.701,7.102
-7.289,-12.293,2.796
-2.652,-16.205,-2.310
0.608,-18.912,-7.354
3.898,-20.040,-12.486
8.594,-19.881,-17.314
14.653,-19.102,-20.138
20.690,-17.996,-19.089
25.260,-16.346,-13.868
27.780,-14.208,-6.183
28.311,-12.601,1.348
27.006,-13.013,6.552
24.192,-16.010,8.218
20.788,-20.423,5.973
18.089,-24.096,0.370
16.774,-25.565,-6.689
16.183,-25.007,-12.096
14.825,-23.609,-13.006
11.796,-22.186,-8.757
7.653,-20.594,-1.212
3.806,-18.436,7.032
1.057,-15.947,14.576
-1.050,-13.846,21.034
-3.378,-12.444,25.439
-6.063,-11.318,25.973
-8.621,-10.003,21.813
-10.992,-8.678,14.688
-13.790,-7.848,7.932
-17.167,-7.444,4.166
-19.996,-6.668,4.182
-20.869,-4.848,7.482
-19.854,-2.229,12.889
-18.642,0.259,18.622
-18.807,1.824,22.674
-20.325,2.133,23.681
-21.965,0.930,21.194
-22.663,-2.149,15.257
-22.178,-7.073,6.607
-20.761,-12.921,-2.267
-18.741,-18.222,-7.328
-16.354,-21.795,-5.718
-13.632,-23.152,1.324
-10.439,-22.275,8.982
-6.930,-19.438,12.811
-3.896,-15.230,12.055
-2.301,-10.270,9.051
-2.349,-4.621,5.924
-3.309,2.143,2.547
-4.441,9.924,-2.241
-5.859,17.458,-8.049
-8.174,23.285,-12.204
-11.307,27.331,-11.852
-13.952,30.923,-6.699
-14.425,34.943,0.424
-12.075,38.351,5.638
-7.803,38.969,6.633
-3.248,35.607,3.585
0.367,29.067,-1.813
2.547,21.183,-7.748
3.048,13.344,-12.924
1.718,6.151,-16.512
-0.835,0.124,-17.929
-2.777,-3.830,-16.643
-1.984,-4.907,-12.213
2.146,-3.353,-4.876
7.965,-0.806,3.563
12.792,0.401,9.782
14.767,-1.448,10.742
13.501,-6.401,6.067
9.518,-12.684,-1.350
3.703,-17.521,-7.368
-2.692,-18.564,-9.442
-8.225,-15.200,-7.876
-11.837,-8.939,-4.869
-13.169,-2.499,-2.650
-12.216,1.841,-2.117
-9.016,3.343,-2.662
-3.930,2.571,-3.125
2.027,0.301,-3.097
7.496,-3.201,-3.236
11.451,-7.930,-4.053
13.530,-13.506,-4.623
13.962,-18.986,-3.248
13.486,-23.326,0.300
13.155,-26.025,3.876
13.742,-27.442,5.044
15.095,-28.532,3.844
16.355,-30.065,2.750
17.074,-31.843,3.830
17.958,-32.782,6.696
20.124,-32.020,9.444
23.535,-29.903,10.742
26.530,-27.470,10.259
27.190,-24.822,7.766
25.004,-20.501,3.234
20.871,-13.014,-1.895
15.635,-2.837,-4.738
9.261,7.585,-3.378
1.678,15.814,1.031
-6.117,20.910,5.389
-12.479,22.964,7.843
-16.582,22.074,9.056
-18.970,18.608,10.149
-20.623,14.153,10.319
-22.072,11.102,7.371
-23.785,10.723,0.305
-26.803,11.983,-9.513
-31.989,12.751,-19.721
-38.416,11.940,-28.611
-43.305,10.072,-35.023
-44.255,8.016,-37.530
-41.423,5.948,-34.952
-37.008,3.777,-27.869
-32.778,1.887,-18.882
-28.754,0.675,-10.809
-24.370,-0.526,-4.754
-20.052,-3.296,-0.146
-16.882,-8.546,3.545
-14.982,-15.384,5.596
-12.977,-21.926,4.782
-9.283,-27.014,1.242
-3.521,-30.777,-2.670
3.523,-33.605,-3.803
11.006,-35.175,-0.859
18.691,-34.856,4.281
26.564,-32.827,8.121
34.151,-30.297,8.698
40.553,-28.448,7.260
45.258,-27.347,6.846
48.725,-26.053,9.373
51.861,-23.774,14.246
54.783,-20.767,19.531
56.288,-18.008,23.968
54.859,-15.985,27.592
50.308,-13.959,30.704
44.237,-10.655,32.788
38.738,-5.746,32.733
34.623,-0.469,30.084
30.999,3.439,25.871
26.444,5.320,21.916
20.415,5.897,19.076
13.500,6.039,16.244
6.473,5.490,11.509
-0.603,2.967,4.521
-8.227,-2.658,-2.672
-16.452,-11.408,-7.608
-24.229,-22.272,-10.013
-30.012,-33.923,-11.844
-33.143,-45.261,-14.882
-34.475,-55.385,-19.038
-35.411,-63.210,-23.237
-36.448,-67.303,-26.985
-36.981,-66.385,-30.291
-36.437,-60.188,-32.601
-34.959,-49.799,-32.949
-32.599,-37.003,-31.228
-28.376,-23.230,-28.421
-21.029,-9.221,-25.131
-10.882,4.352,-20.491
-0.380,16.210,-13.196
7.641,24.691,-3.548
12.098,28.648,6.052
14.006,28.083,12.848
15.127,24.033,15.816
16.699,18.115,16.049
19.250,12.246,15.401
22.905,8.376,15.135
27.386,7.824,15.837
31.853,10.496,18.058
35.261,14.972,22.255
37.156,19.715,27.877
38.073,24.235,32.901
38.995,28.967,34.832
40.410,34.206,32.416
41.961,39.624,26.556
42.988,44.822,19.844
43.210,49.722,15.367
42.751,53.943,15.386
41.645,56.086,20.253
39.514,54.378,28.121
35.729,48.314,35.948
29.717,39.487,41.214
21.168,30.626,42.834
10.292,23.896,40.659
-1.948,19.994,34.597
-14.040,18.396,24.682
-24.653,17.964,11.848
-33.234,17.335,-1.942
-39.887,15.185,-14.778
-44.818,10.562,-26.077
-48.100,3.153,-36.552
-49.831,-6.639,-46.704
-50.204,-17.633,-55.434
-49.270,-27.763,-60.550
-46.744,-34.432,-60.906
-42.248,-35.729,-57.713
-35.911,-31.809,-53.197
-28.786,-24.926,-47.982
-22.539,-17.618,-40.479
-18.332,-10.634,-29.236
-15.693,-2.785,-15.576
-12.580,7.141,-3.462
-6.945,18.578,3.249
1.472,29.467,3.528
10.877,38.127,-0.198
18.905,44.518,-3.522
24.407,49.634,-2.521
27.899,53.933,4.080
30.574,56.453,14.201
33.150,55.307,23.646
35.669,49.027,28.430
38.039,37.727,26.636
40.302,23.286,18.753
42.196,8.394,6.785
42.757,-4.811,-6.792
40.798,-15.378,-19.446
35.938,-23.058,-28.537
29.038,-27.520,-31.694
21.633,-28.321,-28.057
15.173,-25.607,-19.475
10.794,-20.724,-10.069
9.289,-16.057,-3.854
10.626,-14.089,-2.283
13.387,-16.075,-3.906
15.189,-21.120,-6.234
14.130,-26.591,-7.584
9.968,-29.908,-7.262
3.902,-30.251,-4.867
-2.474,-28.500,-0.433
-7.744,-25.731,4.844
-10.619,-22.313,9.059
-10.367,-18.650,11.370
-7.914,-16.065,12.823
-6.057,-15.998,14.826
-7.635,-18.250,17.332
-13.126,-20.694,19.369
-20.295,-21.057,21.092
-26.255,-18.628,24.034
-29.560,-13.970,28.726
-30.466,-7.514,32.781
-30.039,0.809,32.288
-29.569,10.594,25.226
-30.276,20.314,13.356
-32.600,28.051,1.034
-35.582,32.776,-7.550
-37.464,34.858,-10.501
-37.204,35.647,-8.721
-35.216,36.843,-4.963
-32.493,40.059,-2.055
-29.295,46.367,-1.235
-25.050,55.688,-1.586
-19.530,66.382,-1.069
-13.765,75.563,1.421
-9.414,80.084,4.594
-7.206,77.617,5.468
-6.314,67.313,1.954
-5.510,50.132,-5.147
-4.657,29.062,-12.889
-4.587,8.596,-18.743
-5.655,-7.303,-22.021
-7.112,-17.837,-23.037
-8.147,-26.003,-21.946
-8.834,-35.895,-19.111
-9.369,-48.915,-16.036
-8.781,-62.617,-14.895
-5.365,-72.982,-16.752
1.374,-77.305,-20.516
9.865,-75.026,-23.657
18.035,-66.838,-23.793
25.422,-53.987,-19.807
33.242,-38.408,-12.101
42.444,-22.782,-2.149
52.146,-9.962,8.267
60.221,-2.094,17.529
65.354,0.091,24.020
68.309,-2.391,26.055
71.031,-7.126,22.793
74.401,-11.390,15.558
76.847,-13.252,7.752
75.278,-11.785,2.760
67.312,-6.603,1.619
52.538,2.209,2.687
32.084,13.584,3.483
7.968,25.432,2.867
-16.582,35.729,1.685
-36.899,43.713,1.491
-48.414,49.765,2.708
-49.371,54.176,4.150
-42.239,56.467,4.583
-32.398,56.030,4.534
-25.196,53.057,5.938
-23.399,48.498,9.858
-26.315,43.222,15.202
-30.835,37.452,19.854
-33.764,30.866,22.077
-33.908,22.990,20.160
-32.354,13.619,12.034
-30.956,3.264,-2.505
-30.676,-6.694,-19.023
-31.290,-14.644,-29.982
-32.159,-19.852,-30.662
-32.753,-23.048,-23.162
-32.537,-25.873,-13.862
-31.059,-29.674,-7.758
-28.566,-34.593,-6.172
-26.162,-39.524,-8.592
-24.756,-42.928,-14.110
-24.009,-44.071,-20.462
-22.972,-43.860,-23.822
-21.659,-44.409,-21.646
-21.089,-47.395,-15.496
-21.360,-52.576,-9.749
-20.579,-58.005,-7.250
-16.549,-61.800,-6.874
-9.160,-63.526,-5.442
-0.376,-63.782,-1.398
7.803,-62.928,3.628
14.398,-60.862,6.447
18.564,-57.949,5.309
18.859,-55.211,1.833
14.271,-52.989,0.254
5.757,-49.818,4.068
-3.771,-43.443,12.506
-11.163,-33.188,20.330
-14.867,-20.903,21.930
-15.551,-9.333,16.107
-15.166,0.326,6.626
-15.151,9.137,-1.873
-15.197,18.895,-7.759
-13.913,30.087,-11.930
-10.851,41.305,-14.558
-7.436,50.549,-13.941
-5.331,57.001,-8.862
-4.103,61.397,-0.873
-1.430,64.561,6.803
4.037,65.767,12.339
10.737,63.053,16.363
15.824,55.501,19.875
18.413,44.971,21.911
20.432,35.119,20.126
24.205,28.530,13.796
29.917,25.059,5.774
35.891,23.026,0.831
40.894,21.549,1.673
45.466,21.178,6.487
50.833,22.400,10.493
56.967,24.322,10.082
62.233,25.421,5.671
65.021,25.391,0.694
65.440,25.589,-2.048
65.118,27.355,-2.978
65.258,30.167,-4.690
65.073,31.841,-8.473
62.340,30.602,-12.240
55.614,26.794,-12.175
45.884,22.520,-6.341
35.956,19.694,3.442
28.119,18.546,13.065
22.448,17.895,19.140
17.398,16.727,20.832
11.753,15.294,19.521
5.667,14.613,17.129
-0.115,14.993,14.667
-5.450,15.300,12.137
-10.871,13.771,9.529
-16.621,9.566,7.341
-21.946,3.538,5.582
-25.359,-2.413,2.659
-25.604,-6.739,-3.584
-22.664,-9.250,-13.144
-18.118,-10.990,-22.788
-14.383,-13.083,-28.542
-13.266,-15.530,-29.139
-15.125,-17.128,-26.526
-19.384,-16.634,-23.041
-25.531,-13.978,-18.792
-33.172,-10.185,-12.277
-41.192,-6.221,-3.337
-47.502,-2.266,5.094
-50.175,1.737,8.696
-48.852,5.122,5.492
-44.706,6.610,-2.075
-38.882,5.520,-8.869
-31.237,2.629,-10.919
-20.958,-0.421,-7.869
-8.498,-2.566,-2.280
3.477,-4.000,2.910
11.445,-5.406,6.403
13.537,-6.698,8.822
10.749,-6.770,11.510
5.933,-4.608,14.897
1.787,-0.574,17.802
-0.420,3.481,18.337
-0.853,5.483,15.510
-0.332,4.680,9.853
0.436,2.144,2.690
1.065,-0.146,-4.675
1.071,-0.765,-10.975
-0.496,0.434,-15.070
-4.583,2.859,-16.932
-11.132,6.240,-18.257
-18.837,10.958,-20.907
-26.257,17.372,-24.218
-33.064,25.051,-24.630
-39.957,32.839,-18.942
-47.453,39.498,-7.729
-55.120,44.041,5.059
-62.044,45.530,15.667
-67.667,43.032,22.721
-71.871,36.198,25.880
-74.370,25.798,23.710
-74.465,13.311,14.481
-71.698,-0.276,-0.753
-66.717,-15.194,-16.851
-61.127,-32.257,-27.315
-56.208,-51.498,-28.693
-51.877,-71.504,-22.485
-47.192,-90.029,-13.241
-41.741,-105.071,-5.388
-35.957,-115.333,-1.593
-29.882,-120.072,-2.760
-22.268,-119.127,-8.109
-11.717,-113.387,-15.125
1.329,-104.813,-20.496
14.356,-95.319,-22.003
24.697,-85.283,-19.458
31.278,-73.416,-13.604
34.408,-58.311,-4.506
34.605,-39.969,8.294
32.382,-19.631,24.052
29.079,1.423,39.860
27.101,22.146,52.051
28.748,40.875,58.803
34.729,55.134,61.312
43.844,62.963,62.280
53.968,64.143,63.262
63.186,59.688,63.610
70.087,50.538,62.044
73.471,37.464,58.867
72.407,22.124,56.000
66.856,7.251,54.628
58.033,-4.735,53.190
47.740,-12.994,48.233
37.249,-17.869,37.379
26.956,-19.613,21.345
17.169,-18.032,3.366
8.948,-13.229,-12.746
3.889,-6.149,-23.938
2.936,1.648,-28.444
5.438,8.416,-26.435
9.503,12.464,-20.510
13.398,12.710,-14.821
16.549,9.485,-12.807
19.146,4.563,-15.407
20.939,-0.058,-21.211
20.771,-3.421,-27.817
17.342,-5.576,-32.854
10.252,-6.705,-34.417
0.343,-6.723,-31.685
-10.591,-5.641,-25.651
-20.265,-3.731,-18.848
-26.492,-1.155,-13.771
-27.978,2.299,-11.446
-24.879,6.910,-11.587
-18.739,12.690,-13.827
-11.830,19.494,-18.069
-6.298,27.229,-23.322
-3.401,35.625,-26.774
-3.146,43.846,-24.994
-4.502,50.636,-16.650
-6.021,55.076,-3.942
-6.434,57.091,8.830
-5.032,57.163,18.041
-1.851,55.744,22.057
2.412,53.265,20.518
6.870,50.584,13.471
10.860,48.863,1.871
13.793,48.524,-11.584
14.697,48.479,-23.268
12.528,46.857,-30.978
7.401,42.712,-35.237
1.350,36.794,-37.821
-2.735,30.505,-39.221
-3.254,24.300,-38.315
-0.878,17.368,-34.743
2.467,8.745,-30.805
5.027,-1.711,-30.056
5.485,-13.508,-33.994
2.675,-26.098,-40.734
-3.716,-38.638,-47.075
-12.030,-49.207,-51.147
-19.131,-55.034,-52.592
-22.718,-54.143,-50.833
-22.921,-46.822,-44.394
-21.332,-35.310,-32.304
-18.925,-22.178,-15.640
-15.505,-9.194,2.730
-10.916,2.683,19.604
-5.995,13.060,32.405
-2.094,22.151,39.372
-0.047,30.516,40.006
0.037,38.185,35.893
-1.926,44.175,30.557
-6.574,47.297,27.473
-14.491,47.466,27.564
-24.737,45.879,28.748
-34.226,43.825,28.379
-39.425,41.489,26.250
-39.169,37.984,24.778
-35.480,32.357,25.905
-31.281,24.368,28.063
-27.761,14.283,26.765
-24.317,2.133,18.341
-20.329,-12.435,3.039
-15.790,-29.196,-15.227
-10.341,-46.326,-31.505
-3.007,-60.896,-42.351
6.477,-70.746,-46.948
16.751,-75.785,-46.869
25.946,-77.341,-44.665
33.377,-76.576,-41.850
39.647,-73.758,-37.817
45.407,-68.678,-30.854
50.580,-61.260,-20.315
54.641,-51.880,-7.643
57.044,-41.550,4.671
57.345,-31.694,14.714
55.503,-23.272,21.738
52.424,-16.021,25.910
49.893,-8.965,28.260
49.517,-1.849,30.614
51.583,4.136,34.548
54.911,7.126,39.800
57.740,5.927,44.028
58.760,0.781,44.677
57.533,-6.638,41.236
54.221,-13.703,35.604
49.006,-17.665,30.372
41.849,-16.689,26.843
32.794,-10.549,24.662
22.358,-0.606,23.156
11.417,10.805,22.810
0.665,21.290,24.933
-9.597,29.303,29.457
-19.082,34.502,33.363
-27.210,37.149,32.294
-33.514,37.141,24.401
-38.275,33.957,12.271
-42.401,27.729,0.520
-46.467,19.951,-8.391
-50.061,12.610,-15.525
-52.308,6.671,-22.985
-52.948,1.807,-30.863
-52.582,-2.402,-36.896
-51.803,-5.493,-38.584
-50.386,-6.615,-35.219
-47.643,-5.768,-28.210
-43.496,-4.287,-20.088
-38.811,-4.130,-13.251
-34.512,-6.641,-9.025
-30.490,-11.727,-7.240
-25.623,-17.936,-6.507
-18.914,-23.321,-5.283
-10.558,-26.417,-3.039
-1.823,-26.578,-0.444
6.137,-23.625,1.735
13.358,-17.561,3.818
20.928,-8.791,6.960
29.758,1.518,11.635
39.425,11.632,16.738
48.182,19.904,20.523
54.065,25.326,22.258
56.209,27.641,22.586
55.464,27.255,22.446
53.936,25.125,22.235
53.589,22.448,22.138
54.835,20.090,22.483
56.268,18.073,22.977
55.900,15.643,21.891
52.718,11.926,17.130
47.024,6.688,8.752
39.553,0.682,-0.062
30.751,-4.523,-5.340
21.049,-7.098,-5.731
11.369,-5.791,-3.234
2.841,-0.751,-0.614
-3.946,6.260,1.180
-9.042,12.753,2.767
-12.511,16.983,4.299
-14.152,18.687,4.681
-14.097,18.285,2.895
-13.387,15.508,-0.645
-13.521,9.204,-4.417
-15.391,-1.297,-7.051
-18.905,-14.856,-7.820
-23.685,-28.856,-6.255
-29.859,-40.802,-2.077
-37.923,-49.448,4.137
-47.826,-54.639,10.612
-58.425,-56.730,15.219
-67.970,-56.515,16.789
-75.166,-55.329,15.413
-79.692,-54.615,11.540
-81.768,-55.195,5.277
-81.435,-57.149,-3.048
-78.482,-60.396,-11.932
-72.984,-65.050,-19.028
-65.669,-70.951,-22.886
-57.698,-77.007,-24.238
-50.290,-81.367,-25.191
-44.561,-82.445,-27.053
-41.302,-79.748,-29.090
-40.423,-73.756,-29.533
-40.603,-65.235,-27.606
-39.941,-54.873,-24.172
-37.386,-43.401,-20.341
-33.691,-31.467,-16.093
-30.808,-19.030,-10.893
-30.149,-5.156,-5.392
-31.302,10.947,-1.542
-32.395,28.449,-0.710
-31.623,44.783,-2.364
-28.347,57.372,-5.115
-22.846,65.426,-8.426
-15.563,69.968,-12.430
-7.049,72.409,-16.272
1.523,73.500,-17.572
8.525,73.447,-14.042
13.103,72.255,-5.592
16.184,69.469,5.105
19.899,63.908,14.012
25.819,54.281,18.102
33.739,40.389,17.136
42.144,23.743,13.409
49.667,6.993,9.550
55.926,-7.337,6.516
61.085,-17.905,3.966
65.108,-24.750,2.182
67.954,-28.584,2.531
70.534,-29.792,5.344
74.832,-28.186,8.084
82.401,-23.783,6.955
92.682,-17.653,0.809
103.159,-11.673,-7.130
111.394,-7.303,-11.985
116.774,-4.687,-11.384
120.218,-2.957,-6.594
122.421,-1.207,-0.096
122.703,1.053,6.800
119.610,4.363,13.542
112.511,9.895,18.639
102.373,19.084,19.852
90.849,32.300,16.566
78.719,47.837,11.230
65.553,62.534,7.532
51.126,73.674,6.914
36.849,80.388,7.295
25.211,83.360,5.565
17.452,83.568,1.227
12.016,81.726,-2.813
5.723,78.762,-3.201
-3.417,76.186,0.393
-14.758,75.371,5.079
-26.344,76.358,7.899
-37.145,77.593,8.653
-47.475,77.072,9.337
-57.421,73.856,11.212
-65.692,68.462,13.037
-70.640,61.807,12.251
-72.153,53.935,7.440
-71.949,43.976,-0.598
-71.908,31.325,-9.804
-72.511,16.649,-18.322
-73.070,1.563,-24.984
-73.026,-12.523,-28.889
-72.539,-25.055,-29.169
-71.944,-35.921,-25.606
-71.218,-44.746,-19.459
-70.203,-50.813,-13.279
-68.981,-53.701,-9.376
-67.625,-53.932,-8.166
-65.671,-52.980,-8.089
-62.181,-52.543,-7.367
-56.379,-53.553,-5.912
-48.145,-55.658,-5.303
-38.092,-57.578,-6.711
-27.562,-58.032,-8.890
-18.412,-56.405,-8.587
-12.076,-52.750,-3.306
-8.335,-47.509,6.248
-5.254,-41.579,16.540
-0.797,-36.528,23.986
5.442,-34.117,27.253
12.110,-34.989,27.067
17.261,-37.713,24.461
19.249,-39.479,19.870
16.895,-38.097,13.815
9.811,-33.425,7.604
-0.714,-26.952,2.576
-11.371,-20.285,-1.281
-18.169,-14.317,-5.280
-18.924,-9.626,-10.277
-14.910,-7.010,-15.323
-9.975,-7.079,-18.458
-7.544,-9.290,-18.535
-8.027,-11.720,-15.692
-9.009,-12.130,-10.300
-7.856,-9.391,-2.520
-3.941,-3.980,6.657
1.510,2.748,14.770
6.913,9.628,19.338
11.038,16.178,19.996
12.703,22.423,18.618
10.894,28.492,17.329
5.777,34.368,16.943
-0.793,39.841,17.347
-6.348,44.620,18.574
-9.520,48.517,20.883
-10.699,51.553,24.049
-11.212,53.857,27.228
-12.110,55.377,29.648
-13.637,55.684,31.180
-15.556,54.082,32.074
-17.714,49.999,32.220
-20.262,43.345,30.643
-23.313,34.596,25.670
-26.430,24.635,15.898
-28.630,14.582,1.700
-29.123,5.693,-13.762
-28.062,-0.846,-25.417
-26.387,-4.271,-29.198
-24.761,-4.614,-25.002
-22.678,-2.920,-16.910
-18.762,-1.134,-10.108
-11.920,-1.356,-7.219
-2.230,-4.479,-7.362
9.103,-9.141,-8.219
20.226,-12.310,-8.249
29.033,-11.502,-6.807
33.742,-6.615,-3.177
34.052,0.467,3.284
32.103,7.916,11.917
31.705,15.206,20.425
35.729,22.492,26.275
43.805,29.550,28.301
52.637,35.973,27.005
58.600,42.107,23.821
60.016,48.977,20.335
57.307,56.891,17.796
51.806,64.320,16.712
44.955,68.452,16.759
38.142,66.898,17.071
32.322,59.033,16.567
27.348,46.235,14.115
22.029,31.303,8.955
15.217,17.447,1.450
6.875,7.001,-6.603
-1.887,0.300,-12.786
-9.522,-4.418,-15.427
-14.706,-9.742,-14.477
-16.762,-17.411,-11.594
-15.971,-27.582,-9.542
-13.479,-39.313,-10.840
-10.667,-51.350,-15.935
-8.580,-62.520,-22.432
-7.993,-71.960,-26.908
-9.734,-79.508,-28.265
-14.397,-85.841,-29.092
-21.643,-91.968,-33.036
-30.083,-98.456,-40.692
-38.083,-105.162,-48.673
-44.664,-111.430,-53.000
-49.678,-116.296,-52.896
-53.364,-118.643,-50.682
-55.852,-117.665,-48.404
-56.878,-113.321,-45.528
-55.768,-106.039,-40.177
-51.709,-95.833,-31.732
-44.320,-82.095,-21.409
-34.206,-64.528,-10.745
-23.119,-43.969,-0.728
-13.364,-21.899,7.154
-6.552,0.626,10.158
-2.501,22.962,6.199
0.503,43.857,-2.859
3.923,61.108,-10.573
7.345,72.648,-9.766
8.780,77.720,2.180
6.596,76.707,21.310
0.936,70.151,39.716
-6.631,58.492,50.047
-14.260,42.921,48.616
-20.458,26.119,36.209
-24.222,11.542,17.274
-25.321,1.513,-2.059
-24.430,-4.156,-16.722
-22.479,-7.498,-24.729
-19.680,-10.311,-26.866
-15.457,-12.965,-24.518
-9.364,-15.257,-18.147
-1.841,-17.671,-8.112
6.044,-21.045,3.446
13.306,-25.207,12.365
19.357,-28.838,14.809
23.802,-30.891,10.253
26.123,-31.457,2.276
25.603,-30.924,-3.719
21.678,-28.925,-3.994
14.620,-24.785,1.623
5.849,-18.710,10.505
-2.777,-11.849,19.299
-10.236,-5.002,25.411
-16.738,2.360,27.549
-22.769,11.384,26.073
-27.949,21.918,23.082
-31.048,31.308,21.268
-30.954,35.386,21.839
-27.471,31.150,23.541
-21.427,18.796,24.061
-14.425,1.317,22.262
-8.395,-17.594,18.741
-4.781,-35.146,14.491
-3.729,-49.550,9.676
-4.151,-59.520,3.961
-4.837,-64.037,-2.396
-5.395,-62.307,-8.093
-5.856,-53.775,-11.312
-5.546,-38.590,-10.664
-2.801,-18.278,-6.108
3.996,4.389,0.582
15.309,26.675,6.397
30.349,47.065,8.778
47.557,65.072,7.221
64.890,80.088,3.311
80.041,90.845,-0.755
91.104,96.085,-3.536
97.329,95.588,-4.481
99.225,90.441,-3.408
98.021,82.540,-0.466
95.121,74.004,3.602
91.752,66.791,7.801
88.516,62.173,11.666
84.978,60.078,15.259
79.900,59.058,18.203
72.270,57.350,19.271
62.258,54.100,17.487
51.089,49.405,13.346
39.937,43.385,8.341
28.985,35.737,3.351
17.618,26.405,-1.794
5.339,16.213,-6.971
-7.703,6.444,-10.671
-20.905,-2.085,-10.943
-33.456,-9.270,-7.370
-44.287,-15.266,-1.776
-52.218,-20.193,2.915
-56.583,-24.292,4.176
-57.660,-27.954,0.734
-56.262,-31.322,-6.809
-53.012,-33.972,-15.453
-48.206,-35.229,-20.698
-42.203,-34.900,-19.475
-35.661,-33.739,-12.760
-29.367,-33.194,-4.724
-24.063,-34.660,1.134
-20.367,-38.688,4.528
-18.424,-44.594,6.730
-17.350,-50.714,7.278
-15.298,-55.265,3.693
-10.660,-57.366,-5.232
-3.537,-57.423,-16.770
4.104,-56.451,-25.669
10.007,-54.936,-28.115
13.427,-52.424,-24.087
15.339,-48.381,-16.278
17.085,-43.384,-7.455
19.272,-39.231,1.062
22.085,-37.665,9.029
26.082,-38.942,16.052
31.947,-41.707,20.875
39.322,-44.247,21.875
46.360,-45.826,18.448
50.871,-46.845,12.053
51.970,-47.800,5.623
50.554,-48.237,1.567
48.176,-46.785,0.259
45.374,-42.207,0.464
40.929,-34.288,0.975
32.712,-23.673,1.466
19.516,-11.010,2.042
2.303,3.443,2.714
-16.273,19.266,3.696
-33.557,35.030,5.565
-48.046,48.170,8.375
-59.123,55.816,10.662
-66.294,56.015,10.116
-69.390,48.633,5.625
-69.500,35.480,-1.551
-69.120,19.604,-8.769
-70.770,4.122,-14.024
-75.285,-8.735,-17.114
-81.466,-17.854,-19.382
-87.237,-22.852,-22.630
-91.028,-23.609,-27.749
-92.249,-20.203,-33.735
-90.897,-13.112,-38.118
-87.075,-3.406,-38.906
-80.881,7.311,-36.387
-72.507,17.171,-32.819
-62.290,24.485,-30.203
-50.721,28.229,-28.415
-38.485,28.271,-25.470
-26.390,25.129,-19.470
-14.996,19.602,-10.321
-4.271,12.733,0.188
6.229,5.982,9.804
16.733,1.024,17.310
26.881,-0.835,22.729
36.035,1.001,26.332
43.743,6.500,27.997
49.783,14.973,27.876
53.968,24.832,27.312
56.281,33.952,28.297
57.260,40.917,31.600
58.023,45.901,35.694
59.684,49.916,37.944
62.655,53.207,37.017
66.364,54.744,34.072
69.508,53.360,31.479
70.768,49.052,30.192
69.653,43.015,28.314
66.887,36.674,22.616
63.836,30.934,12.071
61.342,26.262,0.167
59.133,23.164,-6.776
56.415,22.300,-4.397
52.855,23.917,6.071
48.695,27.119,18.716
44.067,29.928,27.410
38.776,30.616,29.490
33.115,29.344,25.946
28.410,28.317,19.306
25.843,29.856,11.927
24.419,34.041,5.349
20.791,38.369,-0.153
11.924,39.858,-5.647
-1.936,37.432,-12.171
-17.289,32.335,-18.765
-30.326,26.661,-22.615
-39.415,21.823,-22.002
-44.864,18.161,-18.687
-47.312,15.234,-16.425
-47.251,12.076,-17.071
-45.797,7.526,-18.872
-44.712,0.898,-18.787
-45.048,-7.524,-15.852
-46.111,-16.913,-11.961
-46.248,-26.884,-9.841
-44.569,-37.792,-10.691
-41.631,-49.785,-13.498
-38.567,-61.686,-16.212
-35.932,-71.183,-17.649
-33.542,-76.385,-18.548
-31.182,-77.268,-20.729
-29.122,-75.587,-25.050
-27.751,-73.359,-30.276
-26.664,-71.286,-34.152
-24.322,-68.422,-35.427
-19.014,-63.304,-34.644
-10.536,-55.561,-33.180
-0.943,-46.589,-32.014
6.625,-38.572,-31.509
10.226,-32.651,-31.780
10.449,-28.073,-32.618
9.537,-23.220,-32.995
9.178,-17.442,-31.251
9.190,-11.667,-26.363
8.289,-7.236,-19.112
5.901,-4.332,-11.672
2.892,-1.645,-5.854
0.569,2.614,-1.812
-0.647,9.533,1.686
-1.318,19.081,6.179
-2.071,30.326,12.785
-3.130,41.750,21.797
-4.699,51.473,32.048
-7.255,57.623,40.653
-11.051,58.992,44.277
-15.618,55.729,41.512
-20.143,49.552,34.227
-24.378,43.160,26.394
-28.927,38.987,21.336
-34.597,37.891,19.748
-41.575,38.601,19.889
-49.177,38.383,19.419
-56.112,34.694,17.170
-60.876,26.759,13.412
-62.159,15.925,8.626
-59.328,4.577,2.394
-52.899,-5.404,-6.035
-44.624,-13.469,-15.946
-36.871,-20.111,-24.467
-31.380,-26.043,-28.428
-28.193,-31.553,-27.186
-25.729,-36.343,-23.405
-22.127,-39.768,-20.779
-16.775,-41.117,-20.848
-10.625,-39.705,-21.896
-5.114,-34.870,-20.646
-0.814,-26.305,-14.975
2.984,-14.768,-5.349
7.552,-2.486,5.755
13.706,7.548,15.570
21.398,13.143,22.302
30.080,14.018,25.164
39.280,11.500,23.841
48.663,7.329,18.516
57.620,2.861,10.566
65.115,-0.851,2.671
70.271,-2.814,-2.500
73.089,-2.340,-3.976
74.342,0.501,-2.744
74.609,4.849,-0.387
73.560,9.529,2.174
70.380,13.657,4.497
64.866,17.061,5.700
58.015,20.354,4.508
51.503,24.449,0.528
46.562,29.623,-4.792
43.242,34.913,-8.968
40.625,38.565,-10.525
37.742,39.164,-10.213
34.334,36.378,-10.033
30.791,30.848,-11.041
27.479,23.813,-12.254
24.304,16.934,-11.797
20.880,11.973,-9.003
16.830,9.891,-5.227
11.772,10.056,-2.701
5.337,10.594,-2.804
-2.272,9.849,-5.263
-9.623,7.537,-8.532
-14.349,4.567,-10.739
-14.586,1.956,-10.753
-10.368,0.108,-8.971
-3.710,-1.068,-7.086
2.578,-1.727,-6.621
6.259,-1.866,-7.382
6.388,-1.282,-7.458
3.335,0.421,-4.862
-1.605,3.619,0.808
-6.805,8.225,8.087
-10.891,13.489,14.630
-13.092,18.490,18.477
-13.324,22.949,18.887
-12.151,27.457,16.481
-10.602,32.793,12.629
-9.744,39.033,8.537
-10.219,45.396,4.816
-12.111,50.889,1.855
-15.271,54.948,0.434
-19.690,57.427,1.733
-25.530,58.149,6.501
-32.727,56.707,13.859
-40.473,52.690,20.797
-47.035,45.969,23.353
-50.332,36.623,19.276
-49.187,24.797,10.102
-44.335,10.873,0.273
-38.222,-4.205,-6.455
-33.635,-19.052,-9.971
-32.296,-32.508,-13.021
-34.445,-44.117,-17.476
-39.381,-53.675,-21.786
-46.120,-60.262,-22.637
-53.487,-62.045,-19.136
-59.759,-57.445,-14.702
-62.697,-46.790,-14.065
-60.459,-32.804,-18.393
-52.752,-19.280,-24.071
-40.825,-8.944,-26.627
-26.128,-2.278,-25.192
-9.334,1.750,-22.366
8.836,3.807,-20.203
26.089,3.189,-17.653
38.966,-1.033,-12.447
45.487,-7.862,-4.612
47.012,-13.935,2.843
46.730,-15.917,6.629
46.308,-13.369,5.976
44.719,-8.852,2.721
40.553,-5.213,-0.856
34.766,-3.260,-3.963
30.327,-2.194,-7.216
29.192,-1.505,-10.991
30.262,-1.624,-14.186
30.652,-2.813,-14.812
28.666,-4.168,-11.811
25.051,-4.125,-6.060
21.513,-1.873,0.489
18.729,1.830,6.461
16.372,5.190,11.675
14.723,6.641,16.358
15.323,5.634,20.309
19.503,2.307,23.083
26.593,-3.324,24.727
34.089,-11.489,25.857
39.629,-21.910,26.991
42.526,-33.284,28.067
43.420,-43.781,28.698
42.861,-52.000,28.524
40.573,-57.252,27.022
36.017,-59.151,23.335
29.392,-57.365,16.957
21.884,-51.961,8.838
14.929,-43.860,1.544
9.299,-34.757,-2.100
4.925,-26.516,-0.860
1.442,-20.436,4.003
-1.331,-16.821,9.350
-3.522,-14.964,11.884
-5.563,-13.535,9.997
-8.102,-11.121,4.495
-11.458,-6.656,-2.305
-15.281,0.345,-8.139
-18.920,9.608,-11.588
-22.099,20.017,-11.915
-25.029,29.868,-9.063
-27.649,37.585,-4.063
-28.821,42.440,1.327
-26.615,44.637,6.156
-19.744,44.779,11.182
-8.804,43.363,17.462
3.861,40.803,24.026
15.407,37.718,27.744
23.553,34.899,26.080
26.854,32.961,19.837
24.747,32.132,12.856
17.915,32.443,8.946
8.468,33.879,9.024
-0.821,36.033,10.906
-7.856,37.584,11.622
-11.884,36.492,9.932
-12.900,31.231,6.666
-10.713,21.994,2.742
-4.919,10.503,-2.616
4.130,-1.560,-11.010
14.544,-13.756,-22.192
23.340,-26.340,-33.115
28.007,-38.646,-40.311
27.950,-48.435,-42.884
24.481,-53.045,-42.468
19.327,-51.152,-40.490
13.106,-43.430,-36.517
5.427,-31.774,-29.660
-3.519,-17.991,-20.772
-11.796,-2.992,-12.374
-16.571,13.031,-6.470
-16.122,29.670,-2.916
-10.835,45.469,0.133
-2.340,58.204,4.539
7.746,66.173,10.801
17.819,69.143,17.739
25.464,67.858,23.229
27.630,62.909,25.621
22.437,54.591,24.984
10.938,43.940,23.162
-3.250,33.212,22.381
-16.367,24.502,23.349
-26.707,17.779,24.393
-34.649,10.688,22.535
-40.994,0.682,15.820
-45.753,-12.689,4.856
-48.614,-27.659,-7.782
-50.166,-42.033,-19.458
-52.117,-54.578,-28.593
-56.155,-64.636,-34.395
-62.624,-71.057,-36.507
-70.172,-72.200,-35.420
-76.368,-67.091,-32.632
-78.787,-56.349,-29.639
-76.220,-42.166,-26.856
-69.585,-27.731,-24.003
-61.667,-16.228,-21.417
-55.432,-9.241,-20.197
-52.117,-5.493,-20.701
-50.802,-1.654,-21.196
-49.715,4.891,-18.585
-47.689,14.123,-10.920
-44.314,24.231,0.520
-39.111,33.507,11.719
-31.214,40.545,18.909
-20.151,43.156,21.378
-6.593,38.735,21.205
8.089,26.520,20.276
22.902,8.884,18.115
37.460,-10.328,13.127
51.186,-28.625,5.532
62.897,-45.756,-1.791
71.497,-62.196,-5.632
76.700,-77.395,-5.167
78.715,-89.634,-2.197
77.539,-97.297,0.836
73.106,-100.115,2.559
65.947,-99.192,2.539
57.213,-95.813,0.178
48.007,-90.290,-5.541
38.984,-82.126,-14.804
30.505,-71.208,-25.561
22.739,-58.466,-33.856
15.610,-45.152,-36.212
9.007,-31.796,-32.098
3.035,-18.178,-24.192
-2.405,-4.210,-16.173
-8.305,9.509,-10.214
-16.182,22.068,-6.378
-26.558,33.025,-3.833
-38.019,42.724,-2.014
-48.147,51.813,-0.482
-55.279,60.268,1.743
-59.113,66.793,5.869
-59.833,69.305,11.916
-57.269,66.261,17.746
-51.280,57.757,20.035
-42.886,45.595,16.936
-34.712,32.598,10.277
-29.961,21.796,4.926
-30.516,15.579,5.069
-35.611,14.780,10.381
-42.239,18.224,15.934
-47.021,23.389,16.522
-48.002,27.867,11.376
-44.972,30.468,4.556
-38.484,31.212,0.822
-28.887,30.579,1.523
-16.366,28.744,4.543
-1.578,25.242,7.470
14.098,19.285,10.014
29.073,10.705,13.438
42.285,0.798,18.443
53.351,-8.031,24.122
62.037,-13.782,28.656
67.814,-16.009,30.571
70.351,-15.415,29.430
70.639,-12.624,25.992
71.212,-7.912,22.130
74.548,-2.145,20.261
80.862,2.571,21.953
87.608,3.691,26.401
91.346,-0.199,30.345
90.109,-8.651,30.227
84.149,-19.902,25.116
75.022,-31.864,17.646
64.474,-42.675,11.642
53.979,-50.903,8.513
44.521,-55.856,6.091
36.119,-57.858,1.287
27.599,-57.878,-6.194
17.317,-56.525,-13.163
4.575,-53.326,-15.950
-9.546,-47.210,-13.776
-22.870,-37.932,-9.065
-33.858,-27.156,-5.031
-42.734,-17.962,-3.465
-50.803,-12.884,-4.583
-58.634,-12.050,-8.074
-65.147,-13.188,-13.696
-68.745,-13.612,-20.989
-69.315,-12.224,-28.766
-68.759,-9.465,-35.082
-69.326,-5.617,-37.972
-71.481,0.203,-36.672
-73.550,9.048,-32.368
-73.331,20.438,-27.383
-69.881,32.140,-23.153
-63.825,41.642,-19.095
-56.212,47.675,-13.979
-47.277,50.385,-8.475
-36.334,50.450,-5.620
-22.889,48.302,-8.019
-7.856,44.111,-14.578
6.578,38.300,-20.641
18.650,31.858,-21.713
28.648,25.948,-16.917
38.486,20.957,-8.719
49.371,16.012,0.162
60.051,9.711,8.834
67.690,1.655,17.372
70.421,-6.745,25.073
68.714,-13.132,30.580
64.260,-15.995,33.494
58.072,-15.646,34.854
50.145,-13.591,35.630
40.796,-11.125,35.376
31.680,-8.620,32.881
25.098,-5.897,27.733
22.442,-2.873,20.658
23.443,0.401,12.629
26.651,4.169,4.485
30.178,8.990,-2.395
31.941,15.106,-5.783
29.843,21.860,-3.768
22.600,28.033,3.466
10.890,32.880,12.975
-2.410,36.751,20.323
-13.537,40.677,22.021
-19.815,45.430,17.610
-20.819,51.027,9.958
-18.104,56.859,3.471
-14.205,61.917,1.371
-11.755,64.833,3.968
-12.764,64.204,8.903
-17.821,59.509,12.884
-25.460,52.028,13.606
-32.387,44.662,10.868
-34.778,40.397,6.420
-30.069,40.432,2.668
-18.313,43.383,0.999
-2.363,46.142,0.941
13.387,45.719,0.936
25.207,40.768,0.148
31.823,31.840,-0.396
34.596,20.466,1.393
36.094,8.062,6.561
38.288,-4.498,13.739
41.569,-16.716,19.865
44.879,-28.291,22.185
46.676,-39.062,19.627
46.205,-48.811,12.720
44.236,-56.993,2.813
42.503,-62.959,-8.358
42.105,-66.681,-18.739
42.329,-69.123,-26.244
41.118,-71.518,-29.437
36.729,-74.188,-28.240
29.030,-76.103,-24.111
19.396,-75.622,-19.365
9.494,-71.620,-15.891
0.041,-64.067,-14.145
-9.557,-53.858,-13.382
-20.500,-42.261,-13.013
-33.390,-30.447,-13.731
-47.424,-19.430,-17.045
-60.403,-10.308,-23.470
-69.386,-4.336,-31.208
-71.767,-2.418,-36.951
-66.711,-4.294,-38.467
-56.326,-8.226,-36.659
-45.449,-11.641,-34.947
-39.558,-12.272,-36.178
-41.963,-8.950,-39.775
-52.200,-1.663,-41.776
-66.510,8.750,-37.834
-79.768,20.830,-26.603
-87.585,32.617,-10.895
-87.610,41.976,3.852
-79.637,47.280,12.404
-64.842,48.128,12.319
-45.060,45.577,5.221
-22.709,41.642,-4.046
-0.929,38.274,-10.369
17.021,36.411,-11.550
29.114,35.647,-8.985
35.562,34.745,-5.242
38.545,32.657,-1.200
40.924,29.341,4.221
44.865,25.766,11.882
50.898,23.021,20.590
57.614,21.213,27.573
62.260,19.117,30.584
62.276,15.078,29.659
56.910,8.456,27.193
47.661,0.190,26.246
37.213,-8.184,28.167
27.802,-16.050,31.423
20.197,-24.090,32.870
13.703,-33.147,30.433
6.910,-42.887,24.643
-1.266,-51.701,17.678
-10.816,-57.783,11.198
-20.603,-60.257,5.296
-29.041,-59.584,-0.588
-34.846,-57.274,-6.119
-37.316,-55.189,-9.685
-36.354,-54.662,-9.612
-32.653,-55.877,-5.716
-27.936,-57.989,0.371
-24.552,-59.951,6.329
-24.333,-61.225,10.577
-27.562,-61.685,12.781
-32.980,-60.930,13.358
-38.808,-57.952,12.820
-43.855,-51.669,11.607
-47.926,-41.867,10.324
-51.428,-29.587,9.793
-54.625,-16.507,10.656
-56.975,-3.923,12.825
-57.079,7.736,15.332
-53.507,18.561,16.662
-46.104,28.539,15.242
-36.626,37.412,9.968
-27.948,44.986,0.987
-22.368,51.425,-9.570
-20.420,57.179,-18.089
-20.899,62.688,-21.596
-21.622,68.123,-19.961
-20.214,73.258,-16.022
-14.929,77.513,-13.448
-5.634,80.268,-14.388
5.681,81.358,-18.659
15.765,81.368,-24.337
22.113,81.344,-28.784
24.540,82.080,-29.774
24.953,83.578,-26.558
25.688,85.119,-20.147
28.046,85.740,-12.315
32.143,84.673,-4.302
37.651,81.621,3.308
44.298,76.988,9.552
51.570,71.962,12.580
58.233,68.045,10.848
62.478,66.098,4.990
62.846,65.705,-1.773
59.229,65.537,-5.530
53.171,64.326,-4.402
47.272,61.360,0.322
44.000,56.141,5.712
44.519,47.944,9.964
48.175,36.077,13.800
52.942,20.599,19.167
56.546,2.557,26.486
57.407,-16.634,33.124
54.768,-36.057,34.651
48.270,-55.452,28.033
37.791,-74.486,14.258
23.916,-91.903,-1.821
8.457,-105.534,-14.536
-5.958,-113.358,-21.073
-17.380,-114.785,-22.698
-26.026,-111.063,-22.520
-34.196,-104.503,-21.996
-44.198,-97.196,-19.674
-55.962,-90.156,-13.331
-66.669,-83.383,-3.208
-72.972,-76.683,7.006
-73.704,-70.629,12.397
-70.500,-66.808,10.242
-66.069,-66.821,1.794
-62.091,-70.609,-8.690
-58.501,-75.680,-16.627
-54.153,-78.351,-19.384
-47.866,-76.159,-16.688
-39.282,-69.318,-9.499
-29.204,-60.008,0.953
-18.998,-50.440,12.899
-9.333,-41.524,23.448
0.371,-32.973,29.412
10.902,-24.316,29.463
21.794,-15.719,25.330
31.510,-7.995,20.394
39.276,-1.886,17.039
46.186,2.634,15.544
54.016,6.292,15.183
63.092,9.787,15.523
71.643,13.292,16.222
77.095,16.743,16.190
77.661,20.298,14.018
72.845,24.162,9.479
63.108,27.996,4.044
49.571,30.865,-0.589
34.061,31.986,-4.144
19.182,31.445,-7.494
7.963,30.105,-10.859
2.898,28.981,-12.845
4.670,28.871,-11.521
11.404,30.391,-6.287
19.196,33.871,1.268
23.780,38.837,8.004
22.299,43.726,10.710
14.216,46.584,7.632
1.148,46.514,-0.646
-13.970,44.596,-11.580
-27.893,43.246,-22.072
-37.866,44.445,-29.730
-42.080,48.322,-33.102
-39.826,53.163,-31.419
-31.511,56.560,-24.827
-18.572,56.630,-14.985
-3.365,52.655,-4.973
11.017,45.212,1.975
21.148,36.071,4.095
24.150,27.822,1.922
18.947,23.115,-2.074
7.128,23.713,-4.727
-7.489,29.757,-3.776
-20.534,39.626,0.850
-28.923,50.511,6.986
-31.678,59.518,11.787
-29.461,64.798,13.853
-23.602,66.005,14.029
-15.573,63.811,14.137
-7.233,59.079,15.119
-1.100,52.564,16.622
0.337,45.276,18.109
-3.747,38.639,19.781
-11.424,33.897,22.209
-18.920,31.319,25.369
-22.990,30.082,28.259
-22.686,28.791,29.297
-19.177,25.956,27.091
-14.356,20.230,21.278
-9.674,10.851,13.031
-5.786,-1.844,4.576
-2.768,-16.468,-2.290
-0.678,-31.337,-7.363
-0.212,-45.163,-11.666
-2.809,-57.048,-15.948
-9.782,-66.099,-19.815
-21.017,-71.318,-22.436
-34.363,-71.993,-23.840
-46.283,-68.362,-25.127
-53.428,-62.134,-27.340
-54.278,-56.273,-30.475
-49.852,-53.716,-33.780
-42.873,-55.634,-36.594
-35.882,-60.692,-38.372
-29.715,-66.051,-38.157
-23.486,-69.236,-34.941
-15.752,-69.186,-28.910
-5.753,-65.881,-21.734
6.014,-59.518,-15.067
17.973,-50.380,-9.164
28.253,-39.242,-3.583
35.733,-27.367,1.037
40.543,-15.857,2.888
43.532,-5.201,1.156
45.324,4.434,-2.221
46.143,12.808,-3.746
46.521,19.813,-1.658
47.802,25.865,2.126
51.556,31.537,3.682
58.392,36.568,0.839
67.339,39.568,-4.798
76.354,39.037,-9.647
83.554,34.719,-11.821
88.194,27.830,-12.735
90.576,20.022,-14.969
90.970,12.367,-18.780
88.743,5.389,-21.151
82.774,-0.181,-18.496
72.790,-3.163,-10.268
60.001,-2.746,0.290
46.230,0.401,8.889
32.644,4.005,13.592
19.585,5.428,15.582
7.563,3.316,17.074
-2.109,-1.747,18.896
-8.082,-8.130,20.158
-10.522,-14.676,19.821
-11.729,-21.376,18.106
-14.896,-28.551,16.237
-21.917,-35.498,15.124
-32.217,-40.207,14.712
-43.613,-40.635,14.609
-54.124,-36.347,14.900
-62.793,-28.895,16.028
-68.995,-20.670,18.104
-71.648,-13.462,20.701
-69.768,-7.952,23.205
-63.873,-4.149,24.924
-56.516,-1.989,24.855
-51.131,-1.535,21.997
-50.228,-2.854,16.397
-54.356,-5.755,9.683
-62.185,-9.489,4.035
-71.141,-12.716,0.479
-78.231,-13.962,-1.693
-81.047,-12.350,-3.891
-78.645,-7.980,-6.859
-71.686,-1.651,-10.154
-61.669,5.620,-12.367
-49.989,12.810,-11.506
-37.612,18.874,-5.776
-25.352,22.886,4.934
-14.143,24.329,17.831
-4.973,23.196,28.038
1.340,19.801,31.593
4.427,14.616,28.121
4.781,8.363,20.556
4.074,2.057,12.319
4.703,-3.338,5.045
8.320,-7.486,-1.103
14.350,-10.856,-5.796
20.042,-14.115,-8.192
22.395,-17.228,-8.262
20.399,-19.190,-7.674
15.544,-18.761,-8.672
10.353,-15.449,-12.080
6.686,-9.707,-16.794
5.380,-2.262,-21.244
6.775,6.368,-25.037
10.692,15.446,-29.057
15.762,23.339,-34.272
19.554,27.889,-40.657
20.182,27.941,-46.930
17.977,24.579,-50.925
15.294,20.642,-50.360
14.505,18.800,-43.968
16.102,19.944,-32.448
18.541,23.236,-18.355
19.667,27.432,-4.901
18.326,31.955,5.373
14.921,36.787,11.237
10.664,41.755,12.934
6.317,46.318,12.143
1.594,49.944,11.371
-4.252,52.207,12.593
-11.396,52.230,16.050
-18.983,48.311,20.295
-25.515,38.615,23.269
-29.438,22.563,23.247
-29.558,1.540,19.277
-25.462,-21.775,11.604
-18.015,-44.762,2.026
-9.480,-65.675,-6.735
-2.894,-83.490,-12.616
-0.951,-97.380,-15.170
-4.966,-106.634,-14.893
-14.288,-111.040,-12.044
-26.332,-110.996,-6.770
-37.295,-106.968,-0.358
-43.351,-98.921,4.292
-41.856,-86.716,4.109
-32.363,-71.251,-1.855
-17.157,-54.881,-11.317
-0.691,-40.197,-19.916
12.565,-28.229,-23.955
20.731,-18.052,-22.617
25.255,-8.256,-17.714
28.884,1.422,-11.209
33.012,10.148,-3.217
37.226,17.446,7.221
40.970,24.135,19.613
44.746,31.580,31.055
49.319,40.173,38.235
54.352,48.772,40.202
58.394,55.578,38.950
60.081,59.455,37.481
59.061,60.501,37.426
55.939,59.546,38.067
51.700,57.098,37.148
47.005,52.674,32.792
41.718,45.319,25.248
35.203,35.166,16.964
27.453,24.504,10.641
19.836,16.826,7.074
14.201,14.401,5.117
11.085,16.729,3.678
9.118,21.351,3.126
6.365,25.808,4.341
2.018,28.555,6.846
-3.335,28.415,8.599
-8.690,24.147,7.629
-13.342,15.173,3.366
-16.662,2.661,-3.670
-17.716,-10.505,-12.774
-15.645,-20.997,-23.141
-10.592,-26.412,-33.436
-4.160,-25.755,-41.819
1.194,-19.186,-46.450
3.489,-7.719,-45.918
2.457,6.721,-39.832
-0.011,21.349,-29.863
-0.692,33.279,-19.935
2.942,40.809,-14.053
10.617,44.149,-13.044
18.886,44.803,-13.796
23.209,44.287,-12.338
20.843,43.509,-7.565
12.069,42.919,-1.711
-0.824,42.380,2.262
-15.077,40.550,3.026
-27.968,35.102,1.110
-36.825,24.464,-2.019
-39.743,9.500,-4.764
-36.809,-6.917,-6.009
-30.402,-22.008,-5.524
-23.952,-34.521,-3.556
-20.145,-44.331,0.078
-19.873,-51.399,5.943
-22.338,-55.575,13.660
-25.814,-57.134,21.011
-28.437,-57.001,24.895
-28.741,-56.299,23.204
-25.952,-55.667,15.858
-20.141,-54.847,4.725
-12.171,-52.727,-6.905
-3.275,-47.940,-15.307
5.537,-39.815,-18.087
13.792,-29.065,-15.593
21.316,-17.639,-10.316
27.853,-7.833,-4.695
32.902,-1.346,0.232
35.710,1.264,3.990
35.279,0.664,5.288
30.678,-1.508,2.442
21.796,-3.207,-4.591
9.996,-2.688,-13.091
-2.224,1.021,-19.002
-12.505,8.025,-19.731
-19.734,17.632,-15.727
-24.087,28.438,-9.628
-26.188,38.605,-4.091
-26.305,46.431,-0.175
-24.256,50.953,2.785
-19.953,52.147,6.205
-13.999,50.707,10.996
-7.719,47.647,16.673
-2.448,43.962,21.419
1.432,40.406,23.369
4.791,37.453,22.364
8.941,35.412,20.555
14.342,34.483,20.942
19.918,34.612,24.928
23.470,35.299,31.074
22.703,35.629,36.048
16.248,34.701,36.785
4.502,32.191,32.146
-9.882,28.614,23.148
-22.493,24.951,11.969
-29.037,21.792,0.580
-27.690,18.686,-9.950
-20.178,14.352,-19.022
-10.696,7.616,-25.606
-3.577,-1.728,-28.153
-1.216,-12.827,-25.768
-3.201,-24.304,-19.475
-6.843,-34.816,-11.983
-8.850,-43.241,-5.884
-7.394,-48.607,-2.053
-3.093,-50.033,0.134
1.851,-46.832,1.329
5.540,-38.791,1.571
7.521,-26.544,1.320
8.529,-11.712,2.521
9.700,3.553,7.638
12.131,17.446,17.139
16.591,29.091,28.182
22.913,38.303,36.210
29.448,44.948,38.114
33.517,48.775,34.260
32.979,49.925,28.062
27.913,49.245,23.816
21.059,47.694,24.176
16.479,45.309,28.459
17.158,40.967,32.776
23.123,33.451,32.357
31.488,22.896,24.792
38.372,11.137,11.755
41.039,0.493,-2.175
38.567,-7.894,-12.432
31.017,-14.593,-16.748
18.698,-20.878,-15.551
2.626,-27.317,-11.037
-14.550,-33.289,-5.885
-28.887,-37.587,-1.987
-37.134,-39.171,0.485
-38.772,-37.489,2.925
-36.233,-32.697,6.710
-33.155,-26.056,11.405
-32.192,-19.912,14.658
-33.802,-16.608,14.155
-36.444,-16.957,9.658
-37.763,-19.718,3.033
-36.091,-22.642,-3.496
-31.388,-24.042,-8.762
-25.057,-23.529,-12.491
-18.915,-21.714,-14.463
-14.285,-19.604,-14.376
-11.681,-18.226,-12.506
-10.843,-18.417,-10.072
-10.833,-20.589,-8.645
-10.415,-24.565,-9.143
-8.731,-29.669,-11.410
-5.693,-34.989,-14.765
-1.670,-39.677,-18.814
3.039,-43.112,-23.544
8.280,-44.892,-28.554
13.822,-44.674,-32.443
19.479,-42.008,-33.307
25.488,-36.415,-29.966
32.366,-27.713,-22.635
40.019,-16.309,-12.399
47.046,-3.146,-0.313
51.288,10.580,12.634
51.382,23.614,24.683
47.998,34.533,32.856
43.604,41.673,34.106
40.861,43.549,27.622
40.784,39.867,16.274
41.922,32.435,5.362
41.171,24.854,-0.842
35.688,20.662,-1.930
24.579,21.099,-0.928
9.192,24.503,-1.028
-7.839,28.069,-2.811
-23.686,30.382,-4.626
-35.784,32.247,-5.146
-42.184,35.158,-4.772
-42.442,39.211,-4.462
-38.368,42.612,-4.021
-33.251,42.952,-2.385
-29.629,38.780,0.607
-27.698,30.280,3.503
-26.118,19.042,4.514
-24.226,7.367,3.137
-22.970,-2.597,0.417
-23.425,-9.554,-1.871
-24.870,-13.185,-1.975
-24.971,-13.923,1.229
-21.925,-12.967,7.360
-15.952,-12.392,13.948
-8.497,-14.453,17.393
-0.525,-19.996,15.432
7.750,-27.463,9.116
15.708,-33.805,2.192
21.822,-36.497,-1.863
24.765,-34.732,-2.477
24.632,-29.163,-1.821
22.628,-21.187,-2.232
19.843,-12.545,-4.057
16.862,-4.805,-6.002
14.543,1.503,-6.933
14.461,7.099,-6.665
18.048,12.769,-5.203
25.257,17.921,-2.228
34.246,20.853,2.081
42.420,20.826,6.194
47.761,19.496,8.048
49.342,19.701,6.905
47.049,22.680,4.118
41.339,26.790,2.027
33.432,29.042,2.188
25.401,27.575,4.478
19.533,22.497,7.501
17.212,14.787,9.803
18.315,5.059,10.910
21.604,-6.514,11.218
25.609,-19.533,10.730
29.165,-33.017,8.153
31.345,-45.632,1.741
31.206,-56.052,-8.718
27.783,-63.087,-20.843
20.469,-65.671,-30.524
9.588,-63.018,-33.759
-3.180,-55.189,-28.254
-14.915,-43.899,-14.602
-22.288,-32.804,3.196
-22.896,-26.456,18.821
-16.406,-28.062,26.644
-4.910,-37.471,24.768
7.835,-51.089,15.604
18.052,-63.983,3.737
23.717,-72.641,-6.661
25.289,-76.312,-12.962
24.680,-76.279,-13.906
23.287,-74.113,-9.392
21.013,-70.521,-0.583
17.203,-65.452,10.200
12.044,-58.999,20.150
6.391,-51.988,26.911
0.281,-45.496,29.348
-7.531,-39.582,27.821
-18.083,-32.622,23.802
-30.699,-22.345,19.055
-43.509,-7.856,14.990
-55.072,9.330,12.536
-64.800,26.264,12.195
-71.933,40.363,13.814
-75.062,50.302,16.297
-73.101,55.603,17.843
-66.402,55.927,16.796
-56.694,50.987,12.444
-46.278,41.125,5.178
-37.347,27.938,-3.820
-31.315,14.220,-12.837
-28.001,2.815,-19.681
-25.678,-4.884,-22.055
-22.718,-9.386,-18.635
-19.452,-11.830,-10.323
-17.909,-12.369,-0.433
-19.511,-10.103,6.854
-23.379,-4.526,8.867
-27.170,3.509,5.869
-29.118,12.521,0.439
-28.837,21.573,-4.609
-26.574,30.090,-8.072
-22.587,36.679,-10.602
-17.398,38.871,-13.423
-11.880,34.434,-16.783
-6.508,22.906,-19.464
-0.705,5.904,-19.660
6.664,-13.788,-16.468
16.090,-33.546,-10.899
26.533,-51.933,-5.610
35.352,-68.690,-3.346
39.008,-83.454,-5.058
34.587,-94.390,-9.188
21.580,-98.505,-12.794
2.647,-93.685,-13.573
-17.371,-80.451,-11.195
-33.521,-61.819,-7.243
-42.664,-41.768,-4.135
-44.585,-23.539,-3.686
-41.821,-8.355,-5.960
-37.873,4.934,-9.234
-34.732,18.458,-11.389
-31.947,32.848,-11.611
-28.195,46.338,-10.704
-23.422,56.794,-9.801
-18.947,64.264,-9.037
-15.677,70.743,-7.415
-12.889,77.562,-3.525
-8.943,83.823,3.700
-2.794,87.399,14.225
5.285,86.593,26.224
13.953,80.587,36.257
21.362,69.298,40.783
25.826,53.756,38.029
26.559,36.362,28.797
24.049,19.968,15.971
19.612,6.392,3.382
14.518,-4.069,-5.543
9.614,-11.802,-9.031
5.701,-16.890,-7.406
3.844,-19.148,-2.349
4.847,-18.989,4.166
8.391,-17.959,10.196
13.111,-17.995,13.792
17.827,-19.891,13.705
22.501,-22.581,10.559
27.653,-24.176,6.814
33.071,-23.662,4.897
37.532,-21.513,5.186
39.762,-18.956,5.916
39.125,-17.133,5.074
35.334,-16.905,2.338
28.231,-18.650,-0.659
18.473,-21.619,-1.783
8.110,-23.742,-0.126
-0.387,-22.811,3.321
-6.031,-18.276,6.370
-10.005,-11.800,7.017
-14.225,-5.901,4.524
-19.292,-2.162,-0.455
-23.868,-0.773,-6.604
-25.832,-1.392,-12.659
-23.908,-3.740,-17.460
-18.521,-7.144,-19.785
-11.485,-9.980,-18.916
-4.957,-10.283,-15.653
-0.292,-7.199,-12.173
2.437,-1.843,-10.303
4.015,3.261,-10.067
5.334,5.627,-10.255
7.086,4.096,-10.062
9.820,-0.760,-9.637
13.750,-7.298,-9.339
18.294,-14.032,-9.178
22.177,-20.419,-9.027
24.324,-26.539,-8.662
24.603,-32.236,-7.500
23.466,-36.761,-5.085
21.028,-39.268,-2.304
16.844,-39.465,-1.562
10.699,-37.735,-4.942
3.503,-34.789,-12.067
-2.709,-31.262,-20.036
-5.641,-27.439,-25.560
-3.860,-23.169,-27.167
2.395,-17.998,-25.644
11.071,-11.500,-22.657
18.934,-3.507,-18.945
22.858,5.942,-13.759
21.152,16.706,-6.244
14.146,28.344,2.571
3.655,39.758,9.552
-8.287,49.243,11.742
-20.420,55.237,8.821
-32.210,57.381,3.062
-43.076,57.055,-2.869
-51.965,56.787,-7.518
-57.927,58.720,-10.367
-61.028,63.201,-11.186
-62.369,68.718,-10.365
-62.998,73.343,-9.225
-62.848,76.268,-8.989
-60.828,77.990,-9.428
-55.814,79.253,-9.237
-47.331,80.280,-7.938
-35.474,81.104,-6.705
-20.773,82.117,-6.743
-4.581,83.807,-7.116
10.734,86.057,-4.973
22.791,88.030,1.666
30.873,88.702,11.554
36.440,87.136,21.009
41.682,82.323,27.061
47.673,73.390,29.546
54.091,60.524,30.106
60.321,45.557,29.701
66.029,31.085,27.634
70.381,18.642,22.879
71.399,7.790,15.706
67.065,-2.851,7.800
57.448,-13.762,1.210
45.433,-23.887,-2.677
34.947,-31.807,-3.783
28.291,-37.327,-3.630
25.071,-41.723,-4.666
23.416,-46.585,-8.383
21.932,-52.629,-13.783
20.587,-59.541,-18.147
20.142,-66.578,-19.673
20.992,-73.041,-19.137
22.381,-78.319,-18.813
22.470,-81.838,-20.171
19.298,-83.024,-22.949
12.059,-81.146,-25.978
1.699,-75.220,-28.170
-9.747,-64.489,-28.704
-20.468,-49.475,-27.037
-29.606,-32.514,-23.339
-37.077,-16.863,-18.807
-43.082,-4.932,-15.165
-47.874,2.601,-13.655
-51.571,6.012,-14.514
-53.852,5.299,-17.259
-53.944,0.237,-21.283
-51.246,-8.326,-26.012
-46.084,-17.792,-30.502
-39.833,-24.964,-33.082
-34.321,-28.041,-31.768
-30.988,-27.444,-25.510
-30.179,-24.866,-15.396
-30.821,-21.856,-4.644
-30.807,-19.263,2.966
-28.178,-17.494,5.250
-22.276,-16.647,2.748
-13.857,-16.210,-1.991
-4.125,-15.023,-6.220
6.187,-12.025,-8.348
16.832,-7.317,-8.022
27.434,-2.474,-5.427
37.178,0.370,-0.884
45.146,-0.059,4.910
50.840,-3.444,10.599
54.221,-8.322,14.608
55.291,-13.101,16.251
53.826,-16.694,16.447
49.791,-18.528,17.107
44.076,-18.398,19.585
38.576,-16.510,23.610
35.149,-13.582,27.611
34.160,-10.646,29.898
33.968,-8.606,29.540
31.983,-7.865,26.544
26.519,-8.257,21.631
17.928,-9.203,15.953
8.093,-9.985,10.726
-1.137,-10.014,6.802
-9.063,-9.019,4.422
-15.941,-7.044,3.292
-22.073,-4.262,3.002
-27.416,-0.822,3.481
-32.039,3.092,5.044
-36.531,7.136,7.871
-41.611,10.903,11.412
-47.367,14.231,14.540
-53.045,17.362,16.416
-57.561,20.711,17.087
-60.045,24.446,17.030
-59.960,28.318,16.211
-57.163,31.817,13.847
-52.211,34.459,9.204
-46.550,35.968,2.510
-41.973,36.380,-4.967
-39.600,36.065,-11.636
-39.304,35.585,-16.293
-40.129,35.300,-18.373
-41.145,34.977,-17.953
-41.880,33.754,-15.751
-42.071,30.632,-13.007
-41.323,25.173,-11.002
-39.242,17.812,-10.495
-35.853,9.563,-11.582
-31.698,1.391,-14.054
-27.387,-6.168,-17.731
-23.135,-12.888,-22.323
-18.856,-18.462,-27.123
-14.648,-22.257,-31.019
-10.874,-23.449,-32.845
-7.631,-21.433,-31.613
-4.266,-16.238,-26.624
0.347,-8.670,-17.964
6.986,-0.057,-7.352
15.499,8.364,1.791
24.794,16.083,5.950
33.171,23.465,3.856
38.813,31.173,-2.602
40.559,39.327,-9.756
38.698,47.202,-14.401
35.063,53.691,-15.055
32.093,57.914,-11.928
31.591,59.360,-6.497
34.125,57.792,-1.102
39.178,53.481,1.861
45.506,47.563,1.108
51.480,41.710,-2.835
55.645,37.018,-8.057
57.343,33.199,-12.439
56.860,29.051,-14.693
54.893,23.710,-14.721
51.910,17.335,-13.243
48.046,10.654,-11.024
43.468,4.145,-8.376
38.815,-2.295,-5.395
35.296,-9.126,-2.477
34.284,-16.850,-0.176
36.461,-25.723,1.544
41.108,-35.379,3.465
46.285,-44.594,6.182
49.884,-51.661,9.314
50.571,-55.335,12.041
47.844,-55.559,14.196
41.625,-53.221,16.264
32.258,-49.191,18.313
20.759,-43.670,19.636
8.380,-36.480,19.716
-4.440,-27.840,19.059
-18.360,-18.653,18.448
-33.859,-10.053,17.593
-49.713,-2.853,15.119
-63.143,2.506,10.109
-71.743,5.661,3.339
-75.174,6.364,-3.216
-74.956,4.949,-7.906
-72.875,2.600,-10.282
-69.694,0.826,-10.738
-65.180,0.522,-9.742
-58.951,1.533,-7.479
-51.168,3.160,-4.062
-42.567,4.946,0.064
-34.067,6.910,3.865
-26.444,9.172,6.007
-20.242,11.625,5.813
-15.762,14.029,4.216
-12.897,16.214,3.606
-10.925,17.958,6.221
-8.598,18.663,12.316
-4.661,17.252,19.789
1.474,12.547,25.631
9.407,3.951,27.875
18.002,-7.968,26.434
26.039,-21.433,22.490
32.791,-34.130,17.420
38.137,-44.294,12.279
42.259,-51.509,7.917
45.386,-56.631,5.118
47.878,-61.000,4.341
50.341,-65.578,5.299
53.247,-70.583,6.871
56.167,-75.542,7.516
57.459,-79.451,5.977
55.033,-80.910,1.911
47.660,-78.422,-3.865
35.740,-70.921,-9.656
21.082,-58.288,-13.594
6.106,-41.543,-14.513
-6.975,-22.561,-12.628
-16.839,-3.333,-9.530
-23.468,14.854,-7.220
-27.920,31.659,-6.767
-31.414,46.982,-7.805
-34.394,60.116,-9.417
-36.347,69.973,-11.192
-36.434,76.358,-12.979
-34.216,80.628,-13.771
-29.997,84.642,-11.735
-24.801,89.219,-5.912
-20.187,93.906,2.410
-17.733,97.973,10.633
-18.139,100.882,17.099
-20.462,101.733,22.051
-22.338,99.043,26.365
-21.247,91.730,29.770
-15.894,80.186,30.659
-6.668,66.078,27.721
4.875,51.239,21.724
16.908,36.963,15.533
28.166,24.052,11.952
38.430,12.938,11.321
48.158,3.563,11.455
57.205,-4.656,10.119
63.846,-12.502,7.240
65.575,-20.420,4.337
61.250,-28.109,2.192
52.235,-34.586,-0.076
41.239,-38.909,-3.463
30.257,-41.071,-7.294
19.809,-42.070,-9.544
9.717,-42.875,-8.769
-0.130,-43.467,-5.429
-9.816,-43.253,-1.458
-19.647,-42.444,1.105
-29.891,-42.610,1.114
-40.322,-45.519,-1.558
-50.159,-51.438,-6.404
-58.432,-58.705,-12.669
-64.545,-64.937,-19.448
-68.760,-68.566,-25.614
-72.181,-69.376,-29.981
-75.805,-67.991,-31.791
-79.115,-65.165,-31.144
-79.674,-61.530,-28.786
-74.555,-57.697,-25.376
-62.570,-54.328,-21.006
-45.313,-52.005,-15.557
-26.274,-51.041,-9.450
-9.088,-51.331,-3.796
3.675,-52.345,0.359
10.813,-53.228,2.818
12.378,-52.949,4.184
9.511,-50.444,5.181
4.147,-44.876,6.301
-1.553,-36.072,7.976
-5.897,-24.805,10.451
-8.093,-12.477,13.001
-8.101,-0.298,13.600
-6.035,11.169,10.164
-1.721,21.590,2.550
5.014,30.212,-6.938
13.622,36.093,-15.300
22.583,39.161,-20.961
30.043,40.729,-24.016
34.641,42.600,-24.885
35.712,45.659,-23.411
33.053,49.516,-19.406
26.970,53.331,-13.558
18.467,56.547,-7.471
8.757,58.719,-3.067
-1.800,59.177,-2.088
-13.907,57.433,-5.662
-27.989,53.997,-13.564
-42.665,50.515,-23.714
-54.967,48.981,-32.917
-62.158,50.762,-38.609
-63.246,56.136,-40.067
-58.971,64.348,-38.058
-50.991,73.889,-33.632
-41.268,82.903,-27.513
-31.529,89.617,-20.392
-22.352,92.684,-13.224
-12.530,91.368,-6.868
0.117,85.600,-1.587
16.776,75.892,2.848
36.283,63.126,6.631
55.722,48.325,9.808
72.218,32.505,12.774
84.173,16.584,16.460
91.252,1.346,21.537
93.835,-12.463,27.391
92.761,-23.981,32.160
89.307,-32.408,33.971
84.931,-37.525,32.083
80.761,-39.973,26.987
77.210,-40.713,19.838
73.890,-40.088,12.033
69.769,-37.434,5.017
63.544,-31.564,0.059
54.223,-21.569,-1.952
41.670,-7.361,-0.601
26.721,10.089,3.722
10.843,28.803,9.292
-4.358,46.310,13.406
-17.574,60.451,14.262
-28.125,69.941,12.850
-35.978,74.410,12.477
-41.309,74.350,15.873
-44.039,71.143,22.828
-44.068,66.675,30.792
-42.104,62.248,37.389
-39.957,57.716,41.788
-39.578,51.925,43.813
-41.645,44.049,42.649
-45.232,34.257,37.162
-48.956,23.130,27.401
-52.273,11.104,15.292
-55.520,-1.046,3.648
-58.789,-11.561,-5.431
-61.134,-18.313,-11.247
-61.057,-20.283,-14.055
-57.655,-18.152,-14.318
-51.057,-13.449,-12.472
-41.776,-7.655,-9.207
-30.033,-2.277,-5.680
-15.970,0.864,-3.196
-0.380,0.234,-2.451
15.207,-4.448,-3.010
29.416,-12.163,-3.490
41.978,-21.563,-2.292
53.632,-31.827,1.665
65.100,-42.641,8.535
76.189,-53.736,17.418
85.770,-64.643,26.425
92.388,-74.750,33.048
94.865,-83.423,34.869
92.635,-90.053,30.474
85.850,-94.062,20.193
75.291,-94.871,6.302
62.111,-91.978,-7.594
47.663,-85.194,-17.809
33.535,-74.924,-21.829
21.546,-62.212,-18.983
13.383,-48.477,-10.504
10.002,-35.122,0.717
11.134,-23.226,10.739
15.136,-13.409,15.846
19.295,-5.859,14.178
20.736,-0.400,6.691
17.749,3.499,-3.341
10.675,6.704,-11.913
1.489,10.201,-15.924
-7.598,14.596,-14.101
-15.194,19.632,-7.124
-20.557,24.155,2.782
-22.903,26.634,12.517
-21.460,25.961,18.936
-16.408,22.074,19.884
-9.562,16.143,15.225
-3.822,10.269,7.079
-1.742,6.742,-1.279
-4.349,7.074,-7.226
-10.896,11.326,-9.744
-19.421,18.222,-8.998
-27.682,26.053,-5.656
-34.008,33.588,-1.048
-37.688,40.198,2.557
-38.827,45.311,2.879
-38.044,48.063,-0.667
-36.317,47.680,-6.492
-34.791,44.068,-12.390
-34.273,37.844,-17.391
-34.819,29.826,-21.799
-35.985,20.653,-25.717
-37.531,10.831,-28.211
-39.666,0.962,-28.184
-42.557,-8.133,-25.649
-45.968,-15.423,-21.670
-49.699,-19.837,-17.117
-54.135,-20.746,-11.942
-59.800,-18.510,-5.901
-66.175,-14.528,0.250
-71.255,-10.600,4.577
-72.660,-8.093,5.121
-69.292,-7.520,1.276
-62.003,-8.540,-5.770
-52.839,-10.139,-13.714
-43.825,-10.935,-20.256
-36.210,-9.689,-23.875
-30.335,-5.908,-24.112
-25.751,-0.137,-21.682
-21.436,6.238,-18.462
-16.229,11.557,-16.888
-9.515,14.501,-18.602
-1.755,14.546,-23.289
5.698,12.040,-28.920
11.562,7.938,-33.197
15.487,3.316,-34.646
17.914,-1.074,-32.581
19.133,-5.063,-26.848
18.771,-9.001,-18.264
16.387,-13.367,-9.068
12.310,-18.235,-2.123
7.580,-22.985,0.809
3.110,-26.487,0.099
-0.792,-27.532,-2.239
-3.998,-25.173,-3.907
-5.979,-18.984,-3.483
-5.891,-9.371,-0.961
-3.268,2.270,2.438
1.460,14.058,5.203
7.018,24.644,6.695
11.776,33.790,7.513
14.353,41.826,8.721
14.106,48.603,10.819
11.438,53.132,13.570
7.818,54.159,16.626
5.389,50.773,19.865
6.007,42.522,22.927
10.042,29.497,24.721
15.803,12.753,23.925
20.367,-5.654,20.174
21.518,-23.748,14.617
19.237,-40.968,9.158
15.406,-58.055,5.272
12.091,-75.410,3.553
10.205,-91.837,3.934
9.744,-105.220,5.703
10.694,-114.185,7.341
13.116,-118.750,7.164
16.504,-119.570,4.761
19.921,-117.082,1.616
23.172,-111.485,-0.164
27.233,-103.121,0.212
32.920,-92.715,1.816
39.475,-81.528,3.277
45.152,-71.380,3.993
49.082,-63.918,4.129
51.886,-59.291,4.093
54.387,-55.649,4.384
56.341,-50.420,5.575
56.652,-42.173,7.907
54.440,-31.059,10.837
49.727,-17.665,13.153
43.548,-2.073,13.612
37.675,15.630,11.690
33.878,34.317,8.103
32.945,51.770,4.783
34.405,65.733,3.958
37.274,74.874,6.696
40.807,78.821,12.106
44.243,77.677,17.894
46.051,71.919,21.640
44.063,62.889,21.778
36.820,53.207,17.994
24.781,46.130,11.259
10.087,43.824,3.438
-4.854,45.844,-3.537
-18.548,49.520,-8.344
-30.509,52.271,-10.204
-40.680,53.677,-8.460
-48.957,55.190,-2.732
-55.043,57.951,6.224
-58.500,61.251,15.986
-58.977,63.081,23.203
-56.629,61.685,25.235
-52.354,56.342,21.382
-47.510,47.180,12.815
-43.290,34.945,1.649
-40.272,20.924,-9.889
-38.368,6.397,-19.770
-36.985,-8.125,-26.330
-35.203,-22.762,-28.559
-32.050,-37.003,-26.331
-26.929,-48.794,-20.464
-20.014,-55.359,-12.783
-12.336,-55.061,-5.901
-5.511,-48.491,-2.204
-1.153,-38.037,-2.378
-0.012,-26.636,-4.980
-1.186,-16.618,-7.793
-2.195,-8.958,-9.617
-0.460,-3.211,-10.583
4.684,1.673,-11.003
11.248,6.255,-10.462
16.052,10.330,-8.170
17.054,13.602,-3.858
14.389,16.153,1.904
9.586,17.947,8.024
4.332,18.279,13.364
0.077,16.328,17.159
-1.831,12.355,19.392
-0.464,7.896,20.781
3.953,4.498,22.116
9.869,2.417,23.391
15.228,0.688,23.676
18.567,-1.768,21.942
19.451,-5.325,17.917
18.119,-9.683,12.112
14.897,-14.162,5.272
9.823,-17.762,-1.865
2.673,-19.203,-8.438
-6.592,-17.349,-13.610
-17.208,-11.816,-17.041
-27.416,-3.287,-18.917
-35.068,6.693,-19.321
-38.622,16.238,-17.861
-37.655,23.710,-14.309
-32.598,28.177,-9.389
-24.243,29.471,-4.483
-13.700,27.873,-0.473
-2.632,23.787,2.889
6.875,17.714,6.412
13.124,10.313,10.557
15.707,2.122,15.128
15.699,-6.842,19.507
14.962,-16.907,22.887
15.136,-27.927,24.483
16.997,-38.738,24.007
20.343,-47.633,22.129
24.193,-53.432,20.234
27.207,-56.025,19.468
28.251,-55.960,19.951
26.830,-53.726,20.924
23.021,-49.469,21.500
17.010,-43.157,21.186
8.893,-34.748,19.964
-0.897,-24.204,18.303
-10.970,-11.617,17.125
-18.933,2.369,17.325
-22.146,16.156,18.922
-18.880,27.279,20.655
-9.297,33.162,20.549
4.220,32.141,16.998
17.686,24.216,9.663
26.981,11.201,-0.053
29.539,-3.750,-9.208
25.375,-17.128,-14.671
16.968,-26.166,-15.272
7.991,-29.489,-12.901
1.453,-27.005,-11.039
-1.651,-19.505,-11.950
-2.274,-8.616,-15.424
-2.035,3.090,-20.082
-2.047,12.884,-25.106
-2.790,19.513,-30.185
-4.492,24.066,-34.380
-7.116,28.748,-36.093
-10.041,34.815,-34.370
-12.271,42.035,-29.768
-13.147,49.823,-23.752
-12.777,57.924,-17.677
-11.744,65.532,-12.460
-10.637,70.578,-8.630
-9.897,70.841,-6.113
-9.860,65.703,-4.248
-10.710,56.299,-2.593
-12.416,44.161,-1.696
-14.851,30.436,-2.564
-17.947,16.406,-5.276
-21.656,3.927,-8.567
-25.789,-5.255,-11.053
-30.032,-10.405,-12.521
-34.271,-11.794,-13.724
-38.881,-10.164,-15.199
-44.497,-6.513,-16.789
-51.207,-2.126,-18.283
-57.854,1.841,-19.956
-62.326,4.967,-22.102
-62.842,7.460,-24.295
-59.127,9.287,-25.596
-52.433,9.628,-25.587
-44.541,7.428,-24.957
-36.859,2.425,-24.850
-30.245,-4.466,-25.605
-25.121,-11.681,-26.146
-21.355,-17.735,-24.528
-18.096,-21.556,-19.190
-14.118,-22.508,-10.044
-8.622,-20.402,1.230
-1.769,-15.554,11.930
5.484,-8.803,19.745
12.039,-1.393,23.943
17.240,5.328,25.427
21.077,10.358,25.715
23.953,13.346,25.801
26.241,14.477,25.812
28.072,14.072,25.533
29.552,12.434,25.029
31.106,10.045,24.700
33.352,7.664,24.779
36.416,6.020,24.881
39.349,5.462,24.094
40.302,6.043,21.590
37.457,7.948,17.242
30.007,11.649,11.782
18.498,17.536,6.501
4.484,25.355,2.753
-10.035,33.915,1.555
-23.003,41.300,3.272
-32.583,45.492,7.364
-37.554,45.148,12.330
-37.730,40.158,16.086
-34.113,31.664,16.830
-28.689,21.543,13.993
-24.021,11.726,8.589
-22.585,3.726,2.634
-25.799,-1.531,-1.961
-33.223,-3.720,-4.113
-42.756,-3.050,-3.487
-51.846,-0.141,-0.104
-58.626,4.211,5.628
-62.114,9.286,12.526
-61.834,14.672,18.642
-57.758,20.298,22.042
-50.507,26.100,21.807
-41.123,31.451,18.422
-30.344,34.910,13.309
-18.279,34.716,7.917
-4.965,29.744,2.984
8.858,20.137,-1.540
21.761,7.269,-5.879
32.440,-6.680,-9.755
40.503,-19.259,-12.299
46.503,-28.410,-12.570
51.294,-33.085,-10.151
55.407,-33.405,-5.489
58.992,-30.285,0.031
62.244,-25.015,4.495
65.593,-19.093,6.550
69.286,-14.026,6.406
72.844,-10.819,5.509
75.208,-9.532,4.996
75.520,-9.420,4.682
73.574,-9.563,3.765
69.463,-9.382,2.170
63.126,-8.664,0.705
54.590,-7.319,0.010
44.506,-5.271,-0.198
34.051,-2.652,-0.834
24.256,-0.062,-2.788
15.631,1.575,-6.538
8.417,1.663,-11.841
2.788,0.572,-17.488
-1.473,-0.463,-21.700
-5.273,-0.173,-23.274
-9.819,1.932,-22.413
-15.810,5.352,-20.308
-23.007,8.887,-18.023
-30.445,11.041,-15.988
-36.816,10.421,-14.438
-40.706,6.182,-13.907
-40.862,-1.665,-14.971
-36.769,-12.275,-17.545
-29.180,-24.269,-20.624
-19.937,-36.153,-22.864
-10.951,-46.789,-23.469
-3.147,-55.803,-22.563
3.612,-63.573,-20.743
9.647,-70.659,-18.419
14.758,-77.115,-15.681
18.604,-82.364,-12.723
21.546,-85.677,-10.064
24.694,-86.653,-8.150
28.960,-85.268,-6.802
34.291,-81.735,-5.246
39.957,-76.562,-2.693
45.294,-70.712,1.164
49.903,-65.464,6.091
53.368,-61.884,11.539
55.283,-60.278,16.889
55.712,-60.078,21.656
55.249,-60.174,25.539
54.282,-59.371,28.313
52.300,-56.627,29.725
48.130,-51.094,29.646
40.894,-42.203,28.319
30.629,-29.876,26.302
18.027,-14.689,24.047
3.823,2.239,21.580
-11.455,19.540,18.623
-27.227,35.854,15.026
-42.481,50.007,11.101
-55.757,61.189,7.627
-65.669,69.134,5.531
-71.726,74.143,5.317
-74.658,76.905,6.623
-75.670,78.137,8.396
-75.132,78.203,9.709
-72.182,76.891,10.446
-65.978,73.526,11.037
-57.326,67.437,11.462
-48.675,58.457,10.669
-42.167,47.128,7.201
-37.813,34.567,0.512
-33.789,22.174,-8.329
-28.453,11.350,-17.093
-21.797,3.412,-23.502
-15.017,-0.315,-26.066
-9.200,1.449,-24.328
-4.696,9.314,-18.791
-1.298,22.321,-10.781
1.647,37.798,-2.218
5.214,52.522,4.835
10.240,64.328,8.832
16.272,72.735,9.396
21.574,78.199,7.586
24.641,81.023,5.384
25.650,80.987,4.465
26.213,77.737,5.060
27.873,71.157,5.873
31.028,61.360,5.277
34.892,48.618,2.813
37.930,33.605,-0.291
38.413,17.695,-2.088
35.268,2.724,-1.586
28.807,-9.722,0.291
20.470,-18.772,1.355
11.691,-24.130,-0.066
3.122,-25.785,-3.729
-5.033,-24.078,-7.646
-12.299,-19.862,-9.619
-17.826,-14.304,-8.798
-20.950,-8.537,-6.035
-21.703,-3.548,-2.949
-20.871,-0.153,-0.664
-19.580,1.273,0.695
-18.690,1.053,1.471
-18.408,-0.212,1.734
-18.505,-2.468,1.242
-18.802,-6.408,0.080
-19.178,-12.671,-0.928
-19.068,-20.920,-0.581
-17.301,-29.984,1.911
-12.869,-38.897,6.343
-5.926,-47.643,11.400
2.091,-56.800,15.117
9.279,-66.605,15.842
14.076,-76.453,13.212
15.447,-85.168,8.263
12.797,-91.491,2.597
6.106,-94.311,-2.492
-3.795,-92.828,-6.166
-15.242,-86.976,-7.848
-26.184,-77.826,-7.360
-34.819,-67.393,-5.210
-40.129,-57.721,-2.421
-42.160,-49.990,0.046
-41.878,-44.387,1.677
-40.625,-40.634,2.343
-39.487,-38.389,2.186
-38.964,-37.060,1.649
-38.983,-35.475,1.450
-39.072,-32.250,2.157
-38.680,-26.761,3.612
-37.612,-19.717,4.821
-36.271,-12.518,4.708
-35.358,-6.040,3.234
-35.235,-0.125,1.726
-35.627,5.835,1.834
-35.887,12.057,4.103
-35.434,18.153,7.621
-33.875,23.436,11.006
-30.841,27.215,13.449
-25.832,28.973,14.841
-18.379,28.583,15.331
-8.542,26.457,15.122
2.659,23.299,14.504
13.436,19.602,13.716
22.160,15.406,12.736
28.296,10.610,11.348
32.547,5.486,9.457
36.248,0.886,7.242
40.661,-2.037,5.144
46.490,-2.368,3.807
53.512,0.108,3.843
60.495,4.721,5.266
65.841,10.090,7.154
68.701,14.605,8.152
69.536,17.039,7.545
69.501,16.993,5.779
69.358,14.981,3.979
69.024,12.100,3.106
67.935,9.496,3.490
65.567,7.973,4.731
61.629,7.908,5.832
56.039,9.445,5.712
48.903,12.684,3.988
40.495,17.720,1.227
31.195,24.582,-1.846
21.443,33.165,-5.300
11.681,43.125,-9.785
2.229,53.744,-15.227
-6.773,63.998,-20.042
-15.194,72.970,-22.052
-22.662,80.291,-20.299
-28.651,86.046,-15.969
-32.926,90.172,-11.618
-35.824,92.083,-9.554
-38.050,91.100,-10.696
-40.253,87.262,-14.412
-42.884,81.545,-19.028
-46.233,75.151,-22.613
-50.257,68.522,-23.812
-54.109,61.045,-22.457
-55.976,51.687,-19.516
-53.721,39.954,-16.254
-46.178,26.419,-13.317
-34.180,12.533,-10.628
-20.489,0.049,-8.153
-8.552,-9.487,-6.525
-0.857,-15.030,-6.636
2.028,-16.213,-8.571
1.266,-13.477,-11.182
-1.159,-8.044,-12.849
-3.315,-1.670,-12.661
-3.892,3.808,-10.876
-2.636,6.989,-8.424
-0.527,7.339,-6.092
0.784,5.303,-4.070
0.194,1.926,-2.060
-2.016,-1.775,0.195
-4.627,-5.246,2.392
-6.682,-8.456,3.668
-8.024,-11.838,3.257
-8.746,-16.190,1.213
-8.514,-22.288,-1.507
-6.768,-30.176,-3.739
-3.412,-38.787,-4.922
0.882,-46.505,-5.330
4.958,-52.208,-5.575
7.460,-55.689,-5.889
6.982,-57.167,-5.864
2.503,-56.758,-4.895
-5.779,-54.657,-2.890
-15.996,-51.619,-0.488
-25.274,-48.889,1.393
-31.221,-47.501,2.110
-33.069,-47.580,1.374
-31.669,-48.180,-0.877
-28.607,-47.733,-4.235
-25.282,-44.925,-7.394
-22.464,-39.498,-8.375
-20.216,-32.296,-5.686
-17.968,-24.461,0.532
-14.736,-16.691,8.480
-9.668,-9.419,15.764
-2.658,-3.474,20.546
5.497,-0.058,22.108
13.626,0.192,20.931
20.843,-1.967,18.516
26.716,-4.559,16.843
30.980,-5.324,17.486
33.408,-2.677,20.924
34.024,3.681,26.518
33.203,12.649,32.965
31.389,22.242,38.721
28.782,30.572,42.320
25.393,36.577,42.765
21.341,39.949,39.965
17.065,40.578,34.805
13.419,38.323,28.717
11.656,33.286,23.055
13.048,26.070,18.701
18.071,17.636,15.951
25.805,8.979,14.469
34.248,0.978,13.276
41.398,-5.615,11.142
46.039,-10.290,7.530
47.588,-12.966,3.432
45.550,-13.997,0.936
39.630,-13.921,1.422
30.601,-13.217,3.966
20.755,-12.292,5.794
12.994,-11.566,4.592
9.221,-11.358,0.406
9.611,-11.568,-4.716
13.325,-11.562,-8.717
19.524,-10.621,-10.942
27.443,-8.707,-11.810
35.845,-6.729,-11.705
43.047,-5.897,-10.563
47.785,-6.602,-8.324
49.864,-7.952,-5.314
49.815,-8.472,-1.987
48.126,-7.274,1.479
45.104,-4.500,5.161
41.469,-0.761,9.093
38.636,3.504,13.162
38.005,7.880,17.190
39.833,11.346,20.870
42.812,12.259,23.529
44.772,9.249,24.173
43.794,2.205,22.017
38.875,-7.503,17.057
29.985,-17.573,10.145
17.870,-25.647,2.582
3.830,-30.140,-4.321
-10.562,-30.751,-9.516
-23.835,-28.309,-12.463
-34.885,-24.029,-13.334
-43.067,-18.848,-12.882
-48.250,-13.327,-11.927
-50.925,-7.919,-10.919
-52.161,-3.050,-9.948
-53.122,1.052,-9.011
-54.437,4.426,-8.162
-55.957,7.264,-7.547
-57.093,9.817,-7.432
-57.321,12.444,-8.106
-56.483,15.619,-9.555
-54.910,19.825,-11.262
-53.412,25.404,-12.451
-52.899,32.410,-12.495
-53.611,40.441,-10.949
-54.544,48.515,-7.342
-53.706,55.158,-1.453
-49.097,58.757,5.874
-39.709,58.038,12.412
-26.004,52.530,15.582
-9.805,42.898,14.208
6.355,30.968,9.374
20.260,19.143,3.521
30.892,9.291,-1.295
38.486,1.781,-4.444
43.662,-4.484,-6.362
46.522,-10.941,-7.540
46.689,-18.114,-8.067
44.192,-25.381,-8.108
40.071,-31.821,-8.465
35.860,-37.020,-10.221
32.448,-40.966,-13.664
29.524,-43.353,-17.741
26.123,-43.312,-20.807
21.573,-39.967,-21.872
15.913,-33.302,-21.063
9.617,-24.590,-19.112
3.235,-16.025,-16.723
-2.693,-9.591,-14.299
-7.553,-5.742,-11.853
-10.743,-3.010,-9.007
-11.974,0.839,-5.382
-11.516,6.923,-1.212
-10.098,14.404,2.618
-8.428,21.408,5.376
-6.763,26.515,7.226
-4.987,29.300,8.979
-3.200,29.871,11.146
-2.160,28.451,13.397
-2.976,25.520,14.968
-6.161,22.007,15.485
-10.822,19.026,15.361
-14.708,17.343,15.363
-15.255,17.020,15.796
-11.057,17.383,16.090
-2.794,17.262,15.322
7.141,15.469,13.267
16.199,11.329,10.880
23.223,4.917,9.616
28.794,-3.111,10.195
34.205,-11.889,12.036
40.101,-20.600,13.798
45.922,-28.623,14.369
50.349,-35.617,13.382
52.096,-41.518,11.046
50.438,-46.434,7.722
45.382,-50.498,3.753
37.579,-53.780,-0.386
28.085,-56.226,-4.007
18.030,-57.614,-6.492
8.426,-57.538,-7.754
0.148,-55.533,-8.287
-6.125,-51.317,-8.584
-10.177,-45.042,-8.522
-12.445,-37.392,-7.536
-13.757,-29.400,-5.521
-14.765,-22.096,-3.422
-15.667,-16.175,-2.678
-16.526,-11.887,-4.005
-17.686,-9.162,-6.754
-19.628,-7.732,-9.433
-22.371,-7.116,-10.764
-25.166,-6.598,-10.344
-27.007,-5.469,-8.598
-27.469,-3.500,-6.403
-26.999,-1.114,-4.703
-26.427,1.087,-4.208
-26.358,2.992,-5.175
-27.005,5.081,-7.329
-28.330,7.891,-9.991
-30.017,11.564,-12.277
-31.327,15.964,-13.314
-31.274,20.973,-12.486
-29.134,26.455,-9.687
-24.832,32.015,-5.405
-18.917,36.949,-0.526
-12.326,40.465,3.968
-6.209,41.848,7.214
-1.727,40.602,8.581
0.294,36.684,7.841
-0.290,30.740,5.373
-2.875,24.001,2.122
-6.321,17.821,-0.801
-9.337,13.170,-2.616
-10.931,10.386,-3.085
-10.781,9.218,-2.323
-9.322,9.000,-0.538
-7.456,8.830,1.985
-6.134,7.705,4.698
-6.059,4.732,6.753
-7.575,-0.505,7.333
-10.608,-7.623,6.092
-14.623,-15.531,3.281
-18.656,-22.990,-0.512
-21.484,-29.153,-4.637
-21.990,-33.674,-8.376
-19.707,-36.559,-10.860
-15.273,-38.018,-11.339
-10.333,-38.388,-9.703
-6.722,-37.896,-6.683
-5.447,-36.428,-3.328
-6.274,-33.577,-0.227
-8.114,-29.003,2.753
-9.707,-22.752,5.986
-10.104,-15.305,9.494
-8.882,-7.447,12.878
-6.253,-0.074,15.700
-2.923,6.047,17.813
0.459,10.523,19.366
3.940,13.426,20.581
8.274,15.137,21.492
14.133,16.064,21.737
21.234,16.473,20.621
28.287,16.537,17.608
33.772,16.525,12.937
36.798,16.912,7.760
37.402,18.217,3.576
36.348,20.644,1.424
34.768,23.858,1.456
33.782,27.139,3.049
34.116,29.808,5.192
35.865,31.498,6.870
38.547,32.065,7.388
41.266,31.355,6.614
42.821,29.145,5.030
41.886,25.276,3.447
37.517,19.813,2.433
29.843,13.100,1.876
20.333,5.780,1.145
11.229,-1.253,-0.193
4.470,-7.034,-1.788
0.885,-10.807,-2.770
0.113,-12.339,-2.696
1.030,-12.147,-2.214
2.191,-11.519,-2.621
2.169,-12.070,-4.622
0.021,-14.820,-7.568
-4.169,-19.315,-10.022
-9.209,-23.693,-11.063
-13.536,-25.898,-10.884
-16.232,-25.085,-10.111
-17.298,-21.992,-8.898
-16.958,-18.108,-7.044
-14.920,-14.602,-4.889
-10.658,-11.928,-3.521
-4.602,-10.005,-3.730
1.066,-8.408,-4.946
3.199,-6.416,-5.621
-0.255,-3.248,-4.767
-8.585,1.424,-2.948
-18.591,7.127,-1.766
-26.601,12.785,-2.584
-30.461,17.305,-5.800
-29.967,20.104,-10.891
-25.977,21.202,-16.671
-19.596,20.980,-21.469
-12.073,19.850,-23.673
-4.830,18.095,-22.585
1.033,15.882,-18.871
5.323,13.333,-14.023
8.589,10.554,-9.412
11.333,7.655,-5.914
13.537,4.827,-4.126
14.964,2.341,-4.394
15.647,0.373,-6.308
15.911,-1.177,-8.430
16.036,-2.604,-9.031
16.146,-4.136,-7.446
16.371,-5.793,-4.767
16.837,-7.523,-3.075
17.357,-9.252,-3.835
17.309,-10.653,-6.796
16.091,-10.967,-10.239
13.687,-9.334,-12.198
10.621,-5.531,-11.696
7.322,-0.392,-9.218
3.703,4.649,-6.272
-0.510,8.587,-4.359
-5.182,11.547,-3.987
-9.698,14.498,-4.451
-13.535,18.236,-4.559
-16.762,22.563,-3.602
-19.879,26.388,-1.712
-23.138,28.456,0.523
-26.028,27.904,2.519
-27.431,24.285,3.809
-26.303,17.483,4.030
-22.393,7.903,3.074
-16.486,-3.325,1.256
-10.023,-14.611,-0.822
-4.388,-24.510,-2.602
-0.337,-32.196,-3.761
2.086,-37.476,-4.196
3.253,-40.579,-4.017
3.680,-41.953,-3.658
3.981,-42.143,-3.927
4.783,-41.669,-5.692
6.364,-40.880,-9.219
8.289,-39.794,-13.616
9.626,-38.068,-17.051
9.788,-35.175,-17.813
9.225,-30.744,-15.484
9.186,-24.856,-11.235
10.674,-18.029,-7.054
13.547,-10.902,-4.659
16.523,-3.885,-4.815
17.986,2.946,-7.212
16.867,9.620,-10.661
13.010,15.969,-13.593
7.020,21.587,-14.800
-0.030,26.156,-14.005
-6.829,29.783,-11.729
-12.148,32.975,-8.614
-15.347,36.276,-4.962
-16.692,39.917,-0.967
-17.116,43.752,2.840
-17.605,47.393,5.712
-18.869,50.313,7.343
-21.384,51.858,8.182
-25.244,51.305,8.923
-29.609,48.051,9.678
-32.560,41.827,9.762
-32.078,32.830,8.275
-27.538,21.754,4.860
-20.205,9.727,-0.010
-12.149,-1.931,-5.329
-4.696,-12.110,-10.074
2.096,-20.246,-13.574
8.684,-26.323,-15.560
15.091,-30.580,-15.991
20.828,-33.167,-14.978
25.506,-33.961,-12.872
29.218,-32.535,-10.268
32.229,-28.333,-7.650
34.543,-21.068,-4.994
36.003,-11.174,-1.892
36.729,0.192,1.787
37.212,11.685,5.483
37.806,22.336,8.331
38.212,31.547,9.962
37.567,38.682,10.775
35.046,42.958,11.419
30.391,43.898,12.090
23.957,41.769,12.402
16.405,37.438,11.878
8.469,31.855,10.524
0.990,25.766,8.897
-5.083,19.787,7.608
-9.046,14.410,6.780
-10.952,9.759,6.037
-11.730,5.489,5.031
-12.632,1.096,3.833
-14.440,-3.638,2.701
-17.100,-8.559,1.557
-19.969,-13.421,-0.056
-22.320,-18.081,-2.419
-23.672,-22.430,-5.191
-23.761,-26.261,-7.651
-22.367,-29.326,-9.301
-19.310,-31.503,-10.146
-14.694,-32.902,-10.461
-9.131,-33.844,-10.477
-3.576,-34.740,-10.324
1.189,-35.911,-10.141
4.963,-37.465,-10.144
8.036,-39.376,-10.640
10.723,-41.681,-11.917
12.962,-44.482,-13.940
14.291,-47.635,-16.068
14.167,-50.446,-17.174
12.339,-51.783,-16.254
9.052,-50.570,-13.024
4.975,-46.294,-8.023
0.877,-39.233,-2.303
-2.737,-30.297,2.944
-5.802,-20.591,6.740
-8.600,-10.935,8.750
-11.532,-1.719,9.528
-14.781,6.755,10.187
-17.970,13.815,11.562
-20.083,18.452,13.580
-19.982,19.948,15.376
-17.326,18.513,15.932
-13.078,15.267,14.686
-9.068,11.615,11.744
-6.999,8.594,7.805
-7.759,6.645,3.882
-11.262,5.738,0.878
-16.521,5.654,-0.821
-21.868,6.272,-1.512
-25.621,7.733,-1.973
-26.980,10.286,-3.080
-26.332,13.946,-5.351
-24.631,18.354,-8.512
-22.544,22.996,-11.356
-20.201,27.443,-12.300
-17.470,31.254,-10.583
-14.114,33.758,-7.156
-9.733,34.210,-4.259
-3.896,32.271,-3.843
3.422,28.274,-6.218
11.589,22.995,-10.055
19.589,17.268,-13.535
26.490,11.825,-15.387
31.571,7.316,-15.049
34.147,4.256,-12.347
33.611,2.961,-7.425
29.937,3.606,-1.084
24.109,6.242,5.128
17.866,10.574,9.529
12.791,15.720,11.208
9.517,20.425,10.405
7.645,23.734,8.044
6.265,25.458,4.998
4.524,25.932,1.774
1.891,25.397,-1.340
-1.766,23.783,-4.107
-6.067,21.049,-6.401
-10.015,17.586,-8.283
-12.249,14.129,-9.842
-11.790,11.327,-10.945
-8.826,9.479,-11.280
-4.822,8.578,-10.682
-1.755,8.405,-9.434
-1.092,8.481,-8.204
-3.257,8.145,-7.719
-7.705,6.914,-8.423
-13.295,4.879,-10.249
-18.766,2.637,-12.616
-23.243,0.815,-14.721
-26.531,-0.304,-16.064
-28.937,-0.731,-16.757
-30.772,-0.503,-17.270
-32.074,0.413,-17.799
-32.739,2.041,-17.931
-32.777,4.382,-16.951
-32.318,7.434,-14.510
-31.431,11.018,-11.037
-29.984,14.450,-7.577
-27.676,16.514,-5.204
-24.188,15.966,-4.458
-19.393,12.317,-5.170
-13.512,6.261,-6.735
-7.058,-0.559,-8.483
-0.613,-6.324,-9.809
5.381,-9.853,-10.080
10.630,-10.979,-8.682
14.923,-10.263,-5.380
18.184,-8.352,-0.653
20.548,-5.613,4.459
22.264,-2.346,8.950
23.455,0.874,12.324
24.049,3.291,14.562
24.056,4.450,15.782
23.889,4.439,16.019
24.274,3.613,15.283
25.716,2.237,13.724
27.969,0.511,11.702
30.072,-1.248,9.781
30.989,-2.685,8.636
30.389,-3.707,8.853
28.891,-4.553,10.630
27.563,-5.543,13.580
27.063,-6.821,16.795
27.093,-8.289,19.222
26.488,-9.614,20.166
23.828,-10.239,19.660
18.148,-9.569,18.414
9.466,-7.352,17.319
-1.075,-3.934,16.832
-11.548,-0.085,16.735
-20.014,3.486,16.458
-25.328,6.527,15.600
-27.498,9.221,14.192
-27.438,11.827,12.533
-26.398,14.328,10.949
-25.441,16.435,9.792
-25.120,17.927,9.538
-25.270,18.954,10.676
-24.993,19.975,13.366
-23.016,21.425,17.212
-18.410,23.501,21.387
-11.249,26.198,24.920
-2.659,29.371,26.895
5.788,32.660,26.665
12.810,35.430,24.217
17.727,36.973,20.419
20.364,36.853,16.679
20.948,35.062,14.086
20.157,31.908,12.733
19.050,27.794,11.808
18.624,23.090,10.268
19.264,18.086,7.516
20.570,12.949,3.612
21.709,7.699,-0.922
21.978,2.265,-5.528
21.139,-3.408,-9.922
19.404,-9.259,-14.131
17.214,-15.094,-18.253
15.024,-20.653,-22.212
13.170,-25.705,-25.729
11.790,-30.060,-28.482
10.784,-33.482,-30.263
9.880,-35.609,-31.031
8.833,-36.018,-30.875
7.626,-34.479,-29.928
6.425,-31.218,-28.294
5.311,-26.990,-26.124
4.098,-22.883,-23.772
2.466,-19.927,-21.807
0.312,-18.765,-20.665
-2.033,-19.550,-20.234
-3.886,-21.993,-19.823
-4.486,-25.395,-18.587
-3.299,-28.675,-16.009
-0.272,-30.693,-12.113
4.046,-30.875,-7.426
8.644,-29.667,-2.790
12.463,-28.275,0.942
14.873,-27.862,3.269
15.908,-28.904,4.171
16.141,-31.180,3.983
16.239,-34.151,3.219
16.539,-37.225,2.520
16.901,-39.835,2.494
16.977,-41.528,3.379
16.585,-42.112,4.897
15.744,-41.686,6.573
14.338,-40.446,8.112
11.851,-38.487,9.341
7.643,-35.754,9.924
1.623,-32.164,9.532
-5.320,-27.733,8.410
-11.620,-22.612,7.499
-15.857,-17.033,7.750
-17.523,-11.215,9.316
-17.242,-5.308,11.510
-16.432,0.563,13.428
-16.661,6.219,14.497
-19.013,11.469,14.591
-23.679,16.264,13.940
-29.966,20.771,13.065
-36.661,25.167,12.556
-42.514,29.323,12.655
-46.515,32.700,13.037
-47.946,34.595,13.156
-46.449,34.516,12.810
-42.212,32.396,12.213
-36.110,28.586,11.462
-29.507,23.672,10.177
-23.756,18.194,7.878
-19.692,12.384,4.662
-17.379,6.156,1.236
-16.191,-0.560,-1.752
-15.186,-7.383,-4.218
-13.630,-13.425,-6.372
-11.403,-17.725,-8.197
-8.981,-19.774,-9.421
-6.994,-19.643,-9.925
-5.721,-17.699,-9.923
-4.907,-14.359,-9.711
-4.021,-10.108,-9.444
-2.696,-5.573,-9.216
-0.994,-1.350,-9.185
0.672,2.297,-9.468
1.859,5.505,-9.945
2.385,8.526,-10.311
2.414,11.396,-10.288
2.362,13.910,-9.748
2.711,15.857,-8.673
3.758,17.208,-7.117
5.350,18.090,-5.238
6.820,18.661,-3.245
7.334,19.040,-1.234
6.479,19.307,0.905
4.598,19.468,3.322
2.558,19.384,5.883
1.203,18.790,8.019
0.923,17.425,8.925
1.576,15.199,7.986
2.617,12.260,5.149
3.266,9.009,1.000
2.705,6.075,-3.492
0.332,4.168,-7.381
-3.954,3.748,-10.066
-9.572,4.705,-11.370
-15.269,6.341,-11.434
-19.427,7.729,-10.578
-20.627,8.139,-9.204
-18.302,7.276,-7.699
-13.117,5.266,-6.353
-6.828,2.537,-5.322
-1.598,-0.379,-4.649
0.970,-3.098,-4.260
0.552,-5.546,-3.951
-1.865,-7.895,-3.441
-4.688,-10.322,-2.530
-6.660,-12.833,-1.248
-7.382,-15.320,0.113
-7.190,-17.754,1.123
-6.714,-20.274,1.436
-6.468,-23.039,1.003
-6.593,-26.007,0.155
-6.745,-28.860,-0.557
-6.253,-31.181,-0.645
-4.548,-32.707,0.079
-1.546,-33.444,1.412
2.366,-33.637,2.810
6.674,-33.681,3.637
10.977,-33.997,3.568
14.987,-34.851,2.844
18.445,-36.141,2.048
21.106,-37.378,1.557
22.752,-37.882,1.277
23.124,-37.073,0.984
21.954,-34.630,0.829
19.192,-30.474,1.323
15.270,-24.696,2.803
11.091,-17.535,4.973
7.649,-9.370,7.027
5.539,-0.663,8.220
4.707,8.164,8.370
4.661,16.802,7.912
4.919,24.977,7.492
5.314,32.289,7.461
5.920,38.178,7.726
6.728,42.099,8.086
7.405,43.815,8.691
7.369,43.574,10.024
6.110,42.063,12.333
3.531,40.166,15.081
0.080,38.596,17.055
-3.439,37.554,17.191
-6.294,36.701,15.378
-8.162,35.573,12.500
-9.184,34.144,9.716
-9.773,32.939,7.666
-10.414,32.558,6.296
-11.503,33.101,5.283
-13.170,34.145,4.464
-15.141,35.252,3.873
-16.911,36.401,3.477
-18.185,37.866,2.994
-19.117,39.760,1.986
-20.026,41.767,0.149
-20.865,43.301,-2.408
-21.095,43.841,-5.160
-20.093,43.104,-7.476
-17.678,40.973,-9.031
-14.329,37.363,-9.924
-11.044,32.235,-10.451
-8.992,25.767,-10.891
-8.982,18.534,-11.523
-11.027,11.466,-12.714
-14.373,5.567,-14.737
-18.063,1.627,-17.411
-21.499,0.106,-20.031
-24.432,1.149,-21.754
-26.522,4.524,-22.063
-27.207,9.494,-20.888
-26.137,14.888,-18.439
-23.630,19.535,-15.110
-20.533,22.770,-11.515
-17.599,24.563,-8.368
-15.111,25.167,-6.098
-13.021,24.739,-4.581
-11.216,23.339,-3.324
-9.508,21.216,-1.891
-7.537,18.881,-0.117
-4.983,16.734,1.982
-1.928,14.675,4.316
1.110,12.198,6.755
3.593,8.951,9.225
5.363,5.118,11.821
6.653,1.238,14.619
7.807,-2.255,17.278
9.085,-5.241,18.974
10.639,-7.769,18.961
12.514,-9.887,17.227
14.635,-11.628,14.506
16.847,-13.033,11.677
18.964,-14.104,9.269
20.740,-14.799,7.530
21.811,-15.096,6.745
21.793,-15.024,7.192
20.608,-14.543,8.746
18.724,-13.468,10.659
16.974,-11.656,11.872
15.973,-9.325,11.632
15.642,-7.127,9.848
15.286,-5.791,6.992
14.197,-5.618,3.781
12.217,-6.345,0.966
9.776,-7.471,-0.767
7.504,-8.675,-0.941
5.860,-9.869,0.496
5.093,-10.980,3.069
5.316,-11.841,5.949
6.419,-12.389,8.327
7.873,-12.871,9.696
8.845,-13.714,9.927
8.699,-15.131,9.219
7.464,-16.896,8.065
5.759,-18.495,7.103
4.274,-19.486,6.771
3.374,-19.727,6.999
3.127,-19.367,7.294
3.497,-18.717,7.178
4.369,-18.063,6.522
5.441,-17.464,5.514
6.203,-16.637,4.461
6.070,-15.089,3.683
4.599,-12.492,3.419
1.745,-9.001,3.662
-1.919,-5.206,4.132
-5.278,-1.784,4.566
-7.169,0.824,5.022
-7.045,2.464,5.755
-5.251,3.141,6.725
-2.724,2.927,7.332
-0.407,1.912,6.765
1.168,0.202,4.647
1.930,-2.061,1.361
2.080,-4.582,-2.227
1.875,-6.815,-5.324
1.465,-8.087,-7.546
0.866,-7.932,-8.832
0.061,-6.376,-9.153
-0.830,-3.902,-8.418
-1.431,-1.145,-6.683
-1.210,1.344,-4.384
0.188,3.121,-2.244
2.593,3.775,-0.897
5.258,3.026,-0.587
7.257,0.962,-1.192
8.020,-1.844,-2.422
7.597,-4.546,-3.897
6.437,-6.422,-5.150
4.974,-7.107,-5.718
3.465,-6.551,-5.350
2.161,-4.869,-4.089
1.474,-2.331,-2.151
1.873,0.562,0.201
3.557,3.160,2.594
6.244,4.964,4.452
9.246,5.903,5.156
11.713,6.316,4.434
12.914,6.670,2.623
12.480,7.304,0.524
10.556,8.387,-1.039
7.737,9.979,-1.601
4.744,12.062,-1.176
2.064,14.532,-0.143
-0.157,17.232,0.971
-1.912,20.001,1.728
-3.097,22.658,1.968
-3.536,24.964,1.872
-3.216,26.677,1.819
-2.412,27.693,2.116
-1.512,28.139,2.839
-0.705,28.304,3.932
0.161,28.458,5.436
1.402,28.697,7.523
3.201,28.925,10.228
5.426,28.921,13.172
7.672,28.422,15.652
9.405,27.198,17.032
10.111,25.123,17.082
9.445,22.291,16.018
7.372,19.072,14.316
4.219,16.000,12.526
0.548,13.500,11.133
-3.037,11.663,10.444
-5.994,10.271,10.503
-7.806,9.032,11.014
-8.026,7.749,11.376
-6.509,6.309,10.881
-3.690,4.626,9.105
-0.589,2.685,6.268
1.625,0.601,3.221
2.272,-1.498,0.975
1.578,-3.689,0.042
0.539,-6.303,0.061
0.343,-9.704,0.065
1.681,-13.993,-0.774
4.367,-18.877,-2.500
7.408,-23.724,-4.368
9.470,-27.769,-5.441
9.466,-30.422,-5.164
6.971,-31.594,-3.510
2.371,-31.784,-0.856
-3.180,-31.808,2.077
-8.018,-32.341,4.306
-10.556,-33.621,4.944
-10.060,-35.501,3.712
-7.069,-37.679,1.089
-3.046,-39.847,-2.011
0.471,-41.689,-4.737
2.533,-42.823,-6.530
2.900,-42.852,-7.129
1.875,-41.527,-6.512
0.134,-38.884,-4.871
-1.537,-35.264,-2.573
-2.586,-31.184,-0.139
-2.849,-27.156,1.800
-2.386,-23.567,2.698
-1.265,-20.649,2.419
0.440,-18.496,1.365
2.533,-17.050,0.182
4.709,-16.016,-0.714
6.621,-14.896,-1.304
7.872,-13.193,-1.689
8.092,-10.669,-1.824
7.188,-7.398,-1.617
5.502,-3.610,-1.207
3.545,0.495,-1.022
1.524,4.766,-1.524
-0.759,8.994,-2.909
-3.489,12.864,-4.958
-6.387,16.025,-7.019
-8.689,18.210,-8.197
-9.532,19.269,-7.804
-8.376,19.101,-5.897
-5.257,17.592,-3.415
-0.822,14.694,-1.661
3.816,10.641,-1.487
7.412,6.106,-2.805
9.045,2.095,-4.766
8.474,-0.432,-6.356
6.176,-0.969,-6.966
3.030,0.349,-6.643
-0.091,2.828,-5.980
-2.514,5.491,-5.734
-3.793,7.427,-6.392
-3.721,8.114,-7.961
-2.373,7.557,-10.108
-0.041,6.089,-12.477
2.897,3.978,-14.846
6.000,1.235,-17.043
8.701,-2.131,-18.799
10.414,-5.766,-19.765
10.870,-9.000,-19.676
10.325,-11.286,-18.509
9.314,-12.533,-16.503
8.202,-12.957,-14.051
7.003,-12.690,-11.542
5.601,-11.578,-9.246
4.021,-9.328,-7.272
2.492,-5.794,-5.608
1.313,-1.139,-4.169
0.728,4.178,-2.796
0.848,9.542,-1.233
1.628,14.360,0.843
2.837,18.207,3.635
4.067,20.864,6.958
4.780,22.377,10.120
4.448,23.104,12.175
2.789,23.673,12.475
0.038,24.688,11.155
-3.031,26.351,9.130
-5.447,28.292,7.510
-6.579,29.800,6.797
-6.438,30.216,6.531
-5.544,29.203,5.776
-4.573,26.778,4.048
-4.102,23.246,1.743
-4.492,19.131,-0.382
-5.751,15.025,-2.024
-7.458,11.338,-3.476
-8.940,8.106,-5.035
-9.623,5.100,-6.563
-9.184,2.158,-7.735
-7.465,-0.629,-8.518
-4.546,-3.137,-9.181
-1.061,-5.550,-9.872
1.756,-8.348,-10.355
2.738,-11.831,-10.204
1.676,-15.646,-9.152
-0.493,-18.868,-7.252
-2.462,-20.592,-4.854
-3.512,-20.448,-2.533
-3.796,-18.620,-0.980
-3.889,-15.522,-0.715
-4.238,-11.598,-1.714
-5.012,-7.382,-3.257
-6.270,-3.545,-4.272
-8.065,-0.669,-4.017
-10.319,1.072,-2.539
-12.612,1.953,-0.522
-14.193,2.415,1.296
-14.270,2.804,2.586
-12.390,3.369,3.415
-8.696,4.382,3.946
-3.949,6.064,4.224
0.655,8.381,4.218
3.872,10.982,3.963
4.862,13.433,3.623
3.531,15.477,3.434
0.551,17.096,3.583
-2.914,18.358,4.056
-5.646,19.254,4.535
-6.796,19.625,4.481
-6.166,19.240,3.448
-4.244,17.987,1.399
-1.927,16.097,-1.211
-0.045,14.164,-3.670
1.005,12.854,-5.289
1.312,12.511,-5.563
1.184,12.998,-4.285
0.853,13.953,-1.661
0.400,15.131,1.695
-0.087,16.443,5.050
-0.372,17.689,7.916
-0.175,18.382,10.153
0.583,17.974,11.739
1.702,16.272,12.542
2.919,13.555,12.414
4.159,10.274,11.464
5.487,6.730,10.160
6.875,3.082,9.113
8.149,-0.470,8.692
9.235,-3.675,8.801
10.355,-6.419,8.970
11.863,-8.833,8.672
13.908,-11.130,7.659
16.299,-13.432,6.069
18.660,-15.765,4.270
20.661,-18.186,2.594
22.134,-20.822,1.152
23.092,-23.815,-0.158
23.701,-27.240,-1.551
24.143,-31.056,-3.224
24.404,-35.051,-5.244
24.109,-38.778,-7.420
22.598,-41.580,-9.318
19.294,-42.727,-10.434
14.182,-41.639,-10.435
8.043,-38.153,-9.279
2.189,-32.739,-7.218
-2.186,-26.476,-4.759
-4.588,-20.694,-2.598
-5.295,-16.378,-1.357
-4.940,-13.805,-1.197
-4.023,-12.656,-1.640
-2.777,-12.415,-1.852
-1.385,-12.577,-1.196
-0.184,-12.585,0.387
0.393,-11.816,2.432
0.025,-9.889,4.290
-1.378,-6.995,5.487
-3.714,-3.782,5.891
-6.660,-0.876,5.681
-9.567,1.420,5.218
-11.497,2.973,4.864
-11.566,3.537,4.807
-9.376,2.803,4.892
-5.203,0.709,4.612
0.112,-2.345,3.357
5.417,-5.598,0.858
9.561,-8.207,-2.508
11.802,-9.521,-5.844
12.129,-9.250,-8.205
11.198,-7.438,-9.061
9.840,-4.299,-8.421
8.601,-0.099,-6.686
7.703,4.778,-4.431
7.312,9.739,-2.248
7.661,14.122,-0.595
8.864,17.512,0.330
10.671,19.860,0.573
12.448,21.283,0.261
13.379,21.810,-0.512
12.738,21.364,-1.600
10.182,19.914,-2.713
5.983,17.573,-3.598
1.030,14.599,-4.321
-3.539,11.382,-5.199
-6.880,8.359,-6.325
-8.789,5.809,-7.290
-9.630,3.699,-7.543
-9.966,1.771,-7.010
-10.240,-0.219,-6.162
-10.709,-2.348,-5.476
-11.588,-4.528,-5.013
-13.104,-6.459,-4.603
-15.379,-7.552,-4.234
-18.312,-7.060,-4.049
-21.626,-4.523,-4.039
-24.995,-0.178,-3.964
-28.045,5.087,-3.632
-30.334,10.198,-3.083
-31.491,14.315,-2.433
-31.461,16.913,-1.678
-30.517,17.652,-0.787
-28.969,16.379,0.069
-26.913,13.327,0.553
-24.316,9.253,0.502
-21.285,5.246,0.155
-18.136,2.231,0.011
-15.207,0.521,0.464
-12.699,-0.224,1.545
-10.735,-0.659,2.927
-9.487,-1.319,4.140
-9.123,-2.387,4.884
-9.615,-3.699,5.240
-10.635,-4.872,5.609
-11.655,-5.458,6.320
-12.175,-5.132,7.274
-11.900,-3.853,7.982
-10.830,-1.915,7.997
-9.233,0.168,7.305
-7.439,1.862,6.271
-5.530,2.753,5.287
-3.200,2.598,4.573
0.016,1.335,4.295
4.310,-0.868,4.696
9.385,-3.617,5.935
14.664,-6.405,7.791
19.601,-8.854,9.613
23.756,-10.902,10.671
26.658,-12.737,10.585
27.802,-14.539,9.507
26.882,-16.246,7.979
24.011,-17.593,6.623
19.641,-18.370,5.864
14.301,-18.652,5.747
8.418,-18.789,5.923
2.387,-19.196,5.832
-3.282,-20.151,5.050
-7.965,-21.710,3.546
-11.115,-23.732,1.632
-12.532,-25.972,-0.370
-12.469,-28.181,-2.362
-11.493,-30.177,-4.339
-10.188,-31.819,-6.069
-8.879,-32.926,-7.033
-7.522,-33.232,-6.762
-5.808,-32.478,-5.228
-3.453,-30.578,-2.903
-0.518,-27.713,-0.502
2.440,-24.206,1.317
4.534,-20.254,2.160
4.953,-15.771,2.009
3.387,-10.538,1.237
0.234,-4.560,0.419
-3.479,1.744,-0.016
-6.498,7.710,-0.050
-7.866,12.811,-0.040
-7.281,16.864,-0.442
-5.069,19.958,-1.514
-1.842,22.239,-3.154
1.840,23.788,-4.919
5.625,24.602,-6.161
9.396,24.603,-6.295
13.221,23.648,-5.106
17.175,21.628,-2.944
21.098,18.616,-0.605
24.567,14.955,1.112
27.180,11.184,1.918
28.899,7.861,2.241
30.029,5.376,2.917
30.896,3.856,4.563
31.588,3.189,7.139
31.965,3.115,10.016
31.789,3.343,12.414
30.835,3.650,13.793
29.043,3.946,13.947
26.662,4.309,12.939
24.169,4.939,11.074
21.894,6.019,8.894
19.705,7.555,7.012
17.132,9.315,5.818
13.824,10.908,5.306
9.823,11.928,5.185
5.422,12.086,5.127
0.864,11.293,4.949
-3.704,9.724,4.650
-8.087,7.818,4.384
-12.016,6.158,4.382
-15.358,5.255,4.739
-18.321,5.344,5.209
-21.339,6.329,5.250
-24.729,7.866,4.424
-28.393,9.485,2.828
-31.805,10.664,1.108
-34.207,10.910,0.005
-34.880,9.882,-0.155
-33.406,7.508,0.417
-29.876,4.013,1.274
-24.921,-0.191,2.102
-19.514,-4.667,2.880
-14.569,-9.031,3.807
-10.599,-12.934,5.106
-7.635,-16.045,6.821
-5.391,-18.098,8.726
-3.471,-19.020,10.436
-1.481,-19.033,11.660
0.953,-18.686,12.315
4.156,-18.725,12.366
8.271,-19.830,11.651
13.130,-22.290,9.969
18.224,-25.856,7.352
22.824,-29.842,4.129
26.205,-33.416,0.725
27.856,-35.841,-2.509
27.570,-36.585,-5.235
25.448,-35.412,-7.057
21.880,-32.461,-7.684
17.547,-28.219,-7.156
13.328,-23.286,-5.834
10.010,-18.109,-4.193
7.926,-12.909,-2.683
6.809,-7.832,-1.714
6.029,-3.091,-1.565
4.977,1.069,-2.225
3.303,4.586,-3.377
0.914,7.721,-4.599
-2.118,10.991,-5.569
-5.617,14.880,-6.119
-9.354,19.545,-6.212
-13.118,24.753,-5.927
-16.723,30.079,-5.372
-19.920,35.117,-4.528
-22.356,39.517,-3.257
-23.689,42.883,-1.556
-23.792,44.768,0.248
-22.841,44.803,1.614
-21.129,42.847,2.102
-18.818,39.063,1.558
-15.865,33.934,0.125
-12.242,28.219,-1.794
-8.195,22.733,-3.598
-4.235,17.974,-4.683
-0.875,13.884,-4.730
1.637,10.006,-3.835
3.324,5.938,-2.401
4.326,1.666,-0.936
4.813,-2.521,0.102
5.003,-6.308,0.400
5.121,-9.479,-0.104
5.260,-11.845,-1.156
5.305,-13.230,-2.255
5.050,-13.639,-2.886
4.368,-13.399,-2.817
3.302,-13.066,-2.253
2.003,-13.184,-1.701
0.655,-14.120,-1.652
-0.602,-16.016,-2.307
-1.682,-18.752,-3.547
-2.506,-21.937,-5.058
-2.944,-25.009,-6.444
-2.841,-27.418,-7.302
-2.146,-28.749,-7.320
-1.003,-28.755,-6.444
0.347,-27.386,-4.945
1.731,-24.844,-3.259
3.088,-21.582,-1.706
4.362,-18.153,-0.341
5.399,-14.961,0.928
6.031,-12.114,2.129
6.222,-9.471,3.139
6.123,-6.892,3.777
6.008,-4.469,3.932
6.172,-2.530,3.602
6.854,-1.427,2.857
8.128,-1.331,1.839
9.794,-2.201,0.773
11.401,-3.865,-0.095
12.466,-6.018,-0.649
12.725,-8.161,-1.007
12.247,-9.647,-1.394
11.339,-9.894,-1.891
10.348,-8.602,-2.312
9.493,-5.823,-2.371
8.794,-1.892,-1.954
8.129,2.632,-1.229
7.380,7.076,-0.528
6.597,10.838,-0.159
6.018,13.575,-0.282
5.919,15.248,-0.868
6.404,16.021,-1.699
7.294,16.186,-2.433
8.221,16.173,-2.709
8.814,16.453,-2.251
8.832,17.299,-0.968
8.194,18.593,0.946
6.950,19.902,2.989
5.282,20.761,4.501
3.481,20.890,4.975
1.887,20.277,4.315
0.781,19.182,2.860
0.286,18.098,1.156
0.270,17.530,-0.306
0.347,17.659,-1.278
0.039,18.160,-1.778
-0.945,18.419,-1.982
-2.546,17.957,-2.074
-4.458,16.663,-2.172
-6.368,14.714,-2.378
-8.078,12.395,-2.806
-9.452,10.023,-3.496
-10.363,7.960,-4.294
-10.737,6.535,-4.927
-10.609,5.908,-5.294
-10.097,6.015,-5.649
-9.363,6.636,-6.391
-8.632,7.499,-7.613
-8.184,8.339,-8.873
-8.262,8.948,-9.473
-8.925,9.259,-8.985
-10.018,9.346,-7.514
-11.296,9.311,-5.523
-12.564,9.156,-3.481
-13.686,8.803,-1.652
-14.507,8.210,-0.125
-14.847,7.392,1.059
-14.635,6.256,1.807
-14.060,4.485,1.982
-13.504,1.688,1.492
-13.287,-2.240,0.420
-13.444,-6.909,-0.930
-13.724,-11.612,-2.137
-13.792,-15.726,-2.864
-13.449,-18.957,-3.041
-12.718,-21.279,-2.860
-11.807,-22.741,-2.623
-10.968,-23.419,-2.572
-10.311,-23.526,-2.817
-9.686,-23.494,-3.380
-8.758,-23.842,-4.212
-7.248,-24.931,-5.199
-5.154,-26.797,-6.209
-2.741,-29.141,-7.192
-0.327,-31.463,-8.198
1.894,-33.248,-9.192
3.803,-34.146,-9.869
5.214,-34.060,-9.715
5.871,-33.082,-8.358
5.624,-31.349,-5.895
4.567,-28.953,-2.893
2.997,-25.994,-0.087
1.240,-22.648,1.985
-0.461,-19.142,3.169
-1.953,-15.682,3.645
-3.125,-12.461,3.748
-3.887,-9.759,3.815
-4.214,-7.942,4.139
-4.209,-7.281,4.963
-4.112,-7.670,6.379
-4.182,-8.578,8.196
-4.536,-9.312,9.955
-5.091,-9.398,11.188
-5.664,-8.761,11.680
-6.083,-7.603,11.487
-6.211,-6.149,10.745
-5.934,-4.537,9.548
-5.199,-2.884,8.042
-4.090,-1.416,6.545
-2.807,-0.482,5.418
-1.533,-0.409,4.788
-0.321,-1.288,4.401
0.864,-2.858,3.785
1.992,-4.598,2.553
2.886,-5.940,0.610
3.303,-6.475,-1.817
3.119,-6.028,-4.256
2.404,-4.666,-6.149
1.364,-2.671,-7.110
0.263,-0.480,-7.144
-0.606,1.477,-6.637
-0.948,2.971,-6.048
-0.606,4.069,-5.587
0.344,5.029,-5.211
1.679,6.106,-4.891
3.271,7.389,-4.773
5.163,8.793,-4.979
7.363,10.166,-5.306
9.606,11.415,-5.259
11.431,12.575,-4.442
12.514,13.769,-2.900
12.894,15.075,-1.047
12.850,16.427,0.682
12.623,17.654,2.081
12.298,18.673,3.165
11.903,19.617,3.991
11.494,20.729,4.525
11.103,22.047,4.635
10.643,23.202,4.206
9.919,23.518,3.252
8.804,22.372,1.891
7.427,19.535,0.207
6.197,15.268,-1.798
5.586,10.158,-4.058
5.824,4.822,-6.316
6.768,-0.306,-8.229
8.033,-4.959,-9.599
9.222,-8.881,-10.424
10.017,-11.753,-10.756
10.158,-13.343,-10.583
9.499,-13.690,-9.891
8.166,-13.095,-8.739
6.598,-11.912,-7.238
5.337,-10.403,-5.524
4.712,-8.794,-3.832
4.675,-7.344,-2.521
4.887,-6.257,-1.924
4.948,-5.481,-2.100
4.640,-4.684,-2.769
4.070,-3.463,-3.452
3.567,-1.615,-3.718
3.406,0.750,-3.352
3.583,3.308,-2.426
3.880,5.732,-1.224
4.113,7.860,-0.064
4.311,9.740,0.896
4.660,11.498,1.709
5.330,13.119,2.484
6.304,14.333,3.186
7.331,14.726,3.572
7.982,13.979,3.352
7.850,12.056,2.439
6.803,9.238,1.087
5.128,6.007,-0.245
3.417,2.863,-1.178
2.272,0.132,-1.616
2.035,-2.112,-1.690
2.701,-3.975,-1.556
4.007,-5.555,-1.304
5.591,-6.843,-1.037
7.146,-7.731,-0.948
8.496,-8.077,-1.185
9.588,-7.733,-1.620
10.397,-6.572,-1.822
10.872,-4.560,-1.359
10.948,-1.836,-0.172
10.624,1.284,1.363
9.975,4.394,2.714
9.114,7.095,3.491
8.191,9.076,3.512
7.419,10.164,2.727
7.024,10.335,1.236
7.031,9.666,-0.634
7.126,8.284,-2.395
6.817,6.371,-3.650
5.848,4.167,-4.310
4.453,1.938,-4.539
3.169,-0.106,-4.541
2.377,-1.815,-4.424
2.035,-3.012,-4.256
1.800,-3.440,-4.151
1.331,-2.899,-4.214
0.433,-1.485,-4.390
-0.945,0.305,-4.442
-2.698,1.781,-4.135
-4.470,2.440,-3.470
-5.698,2.210,-2.733
-5.938,1.421,-2.255
-5.226,0.605,-2.136
-4.122,0.290,-2.177
-3.336,0.808,-2.054
-3.269,2.111,-1.551
-3.833,3.688,-0.679
-4.634,4.766,0.352
-5.257,4.757,1.246
-5.459,3.668,1.765
-5.191,2.108,1.882
-4.539,0.894,1.846
-3.660,0.533,2.038
-2.754,0.955,2.688
-2.042,1.617,3.684
-1.739,1.888,4.651
-2.055,1.407,5.221
-3.173,0.242,5.231
-5.148,-1.220,4.724
-7.757,-2.494,3.887
-10.437,-3.163,3.025
-12.489,-2.958,2.491
-13.436,-1.825,2.522
-13.248,0.021,3.057
-12.277,2.115,3.779
-11.025,3.907,4.368
-9.931,4.990,4.708
-9.255,5.250,4.856
-9.037,4.878,4.876
-9.182,4.281,4.722
-9.663,3.887,4.292
-10.655,3.951,3.543
-12.423,4.434,2.593
-14.987,5.055,1.721
-17.931,5.481,1.212
-20.581,5.477,1.123
-22.396,4.945,1.184
-23.220,3.909,0.991
-23.238,2.493,0.350
-22.760,0.874,-0.591
-22.051,-0.798,-1.544
-21.271,-2.471,-2.372
-20.438,-4.175,-3.141
-19.412,-5.957,-3.908
-17.923,-7.820,-4.558
-15.724,-9.669,-4.847
-12.771,-11.315,-4.594
-9.352,-12.535,-3.796
-6.033,-13.192,-2.608
-3.422,-13.310,-1.278
-1.858,-13.007,-0.057
-1.260,-12.354,0.885
-1.226,-11.305,1.536
-1.311,-9.775,2.008
-1.231,-7.762,2.433
-0.907,-5.402,2.903
-0.383,-2.917,3.514
0.229,-0.537,4.405
0.766,1.579,5.629
1.035,3.394,6.964
0.896,4.996,7.900
0.300,6.519,7.969
-0.716,8.002,7.117
-2.050,9.309,5.756
-3.485,10.212,4.427
-4.658,10.558,3.431
-5.161,10.378,2.765
-4.785,9.843,2.302
-3.677,9.183,1.953
-2.268,8.669,1.666
-1.087,8.619,1.360
-0.598,9.337,0.943
-1.150,10.973,0.380
-2.907,13.426,-0.271
-5.727,16.378,-0.911
-9.134,19.407,-1.493
-12.488,22.087,-2.092
-15.247,24.062,-2.836
-17.128,25.122,-3.748
-18.031,25.276,-4.641
-17.898,24.735,-5.200
-16.680,23.792,-5.187
-14.479,22.671,-4.570
-11.663,21.404,-3.535
-8.773,19.821,-2.459
-6.237,17.648,-1.863
-4.155,14.679,-2.224
-2.354,10.938,-3.660
-0.632,6.734,-5.742
1.048,2.562,-7.695
2.582,-1.042,-8.858
3.870,-3.626,-9.024
4.890,-4.902,-8.403
5.662,-4.840,-7.360
6.197,-3.694,-6.178
6.514,-1.938,-5.040
6.700,-0.104,-4.126
6.890,1.367,-3.657
7.167,2.215,-3.781
7.480,2.397,-4.401
7.700,2.082,-5.146
7.789,1.561,-5.514
7.889,1.102,-5.117
8.221,0.853,-3.868
8.879,0.848,-2.009
9.719,1.076,-0.006
10.448,1.507,1.640
10.815,2.100,2.578
10.723,2.815,2.723
10.218,3.625,2.257
9.406,4.459,1.510
8.412,5.154,0.783
7.383,5.500,0.229
6.477,5.410,-0.155
5.802,5.047,-0.431
5.343,4.755,-0.628
4.969,4.820,-0.708
4.535,5.251,-0.621
3.974,5.764,-0.428
3.315,5.946,-0.353
2.624,5.487,-0.637
1.979,4.339,-1.259
1.518,2.754,-1.805
1.478,1.198,-1.703
2.132,0.165,-0.646
3.613,-0.044,1.199
5.775,0.541,3.349
8.201,1.598,5.296
10.339,2.716,6.693
11.662,3.564,7.392
11.818,3.934,7.426
10.776,3.681,6.966
8.958,2.727,6.246
7.202,1.132,5.509
6.447,-0.857,4.970
7.257,-2.899,4.743
9.487,-4.677,4.731
12.331,-5.930,4.664
14.739,-6.438,4.329
15.906,-6.016,3.803
15.565,-4.576,3.416
13.962,-2.190,3.483
11.629,0.918,4.117
9.118,4.399,5.222
6.846,7.832,6.567
5.051,10.809,7.858
3.810,13.056,8.804
3.045,14.510,9.201
2.530,15.293,8.964
1.930,15.626,8.082
0.921,15.765,6.646
-0.651,15.949,4.924
-2.682,16.322,3.356
-4.865,16.832,2.352
-6.823,17.252,2.063
-8.263,17.305,2.346
-9.045,16.807,2.885
-9.179,15.708,3.336
-8.781,14.078,3.428
-8.004,12.074,3.048
-6.953,9.906,2.273
-5.661,7.737,1.308
-4.165,5.588,0.346
-2.671,3.342,-0.512
-1.608,0.881,-1.259
-1.428,-1.791,-1.938
-2.278,-4.535,-2.607
-3.828,-7.174,-3.272
-5.451,-9.587,-3.864
-6.567,-11.690,-4.295
-6.906,-13.421,-4.563
-6.537,-14.770,-4.786
-5.778,-15.853,-5.141
-5.078,-16.873,-5.772
-4.844,-17.923,-6.726
-5.253,-18.814,-7.919
-6.145,-19.088,-9.112
-7.094,-18.246,-9.957
-7.637,-16.007,-10.136
-7.484,-12.468,-9.522
-6.654,-8.099,-8.269
-5.468,-3.625,-6.747
-4.407,0.185,-5.374
-3.868,2.746,-4.424
-3.959,3.793,-3.946
-4.483,3.406,-3.813
-5.103,1.956,-3.826
-5.553,0.033,-3.794
-5.744,-1.718,-3.593
-5.779,-2.830,-3.221
-5.908,-3.203,-2.811
-6.391,-3.066,-2.534
-7.315,-2.771,-2.435
-8.470,-2.589,-2.385
-9.437,-2.643,-2.218
-9.850,-2.939,-1.905
-9.600,-3.389,-1.578
-8.835,-3.854,-1.383
-7.798,-4.242,-1.364
-6.681,-4.597,-1.470
-5.585,-5.092,-1.626
-4.559,-5.905,-1.730
-3.665,-7.066,-1.660
-3.020,-8.391,-1.356
-2.788,-9.541,-0.927
-3.093,-10.167,-0.606
-3.917,-10.065,-0.553
-5.062,-9.251,-0.721
-6.199,-7.903,-0.909
-6.993,-6.255,-0.925
-7.264,-4.497,-0.692
-7.124,-2.758,-0.281
-6.943,-1.105,0.114
-7.089,0.443,0.269
-7.617,1.890,0.103
-8.164,3.203,-0.225
-8.186,4.276,-0.426
-7.348,4.969,-0.298
-5.768,5.151,0.174
-3.944,4.704,0.892
-2.445,3.492,1.709
-1.558,1.399,2.429
-1.134,-1.563,2.813
-0.741,-5.168,2.701
-0.011,-9.021,2.095
1.088,-12.657,1.125
2.263,-15.610,-0.050
3.108,-17.432,-1.243
3.330,-17.766,-2.188
2.844,-16.484,-2.595
1.770,-13.758,-2.346
0.392,-9.984,-1.642
-0.910,-5.643,-0.906
-1.792,-1.210,-0.510
-2.056,2.878,-0.545
-1.650,6.291,-0.824
-0.595,8.901,-1.057
1.058,10.768,-1.035
3.165,11.994,-0.711
5.416,12.641,-0.131
7.385,12.789,0.656
8.715,12.640,1.639
9.272,12.469,2.778
9.144,12.480,3.918
8.472,12.725,4.798
7.311,13.143,5.175
5.621,13.604,4.949
3.426,13.897,4.179
0.942,13.745,3.023
-1.423,12.932,1.715
-3.256,11.439,0.555
-4.363,9.504,-0.180
-4.869,7.535,-0.428
-5.103,5.929,-0.434
-5.346,4.878,-0.578
-5.648,4.300,-1.078
-5.803,3.960,-1.852
-5.510,3.696,-2.622
-4.566,3.536,-3.110
-2.996,3.635,-3.155
-1.037,4.089,-2.758
0.973,4.806,-2.098
2.750,5.537,-1.448
4.140,6.016,-1.012
5.110,6.128,-0.852
5.670,5.997,-0.953
5.813,5.921,-1.303
5.529,6.194,-1.841
4.897,6.918,-2.360
4.162,7.962,-2.593
3.723,9.067,-2.417
3.954,9.994,-1.976
4.975,10.594,-1.544
6.521,10.787,-1.311
8.052,10.544,-1.276
9.020,9.916,-1.331
9.126,9.028,-1.405
8.408,7.997,-1.528
7.169,6.817,-1.780
5.833,5.386,-2.194
4.802,3.663,-2.710
4.317,1.800,-3.211
4.380,0.074,-3.567
4.775,-1.341,-3.651
5.238,-2.507,-3.385
5.625,-3.658,-2.825
5.985,-4.995,-2.196
6.455,-6.546,-1.768
7.114,-8.166,-1.667
7.914,-9.615,-1.816
8.733,-10.644,-2.030
9.466,-11.048,-2.139
10.036,-10.716,-2.003
10.360,-9.640,-1.517
10.299,-7.898,-0.675
9.690,-5.604,0.373
8.442,-2.901,1.391
6.609,0.022,2.192
4.420,2.918,2.680
2.219,5.487,2.793
0.368,7.406,2.472
-0.889,8.382,1.744
-1.541,8.251,0.799
-1.807,7.062,-0.054
-1.990,5.092,-0.524
-2.250,2.749,-0.462
-2.490,0.419,0.081
-2.457,-1.645,0.864
-1.955,-3.333,1.528
-1.002,-4.613,1.727
0.170,-5.470,1.259
1.242,-5.931,0.158
1.936,-6.111,-1.302
2.093,-6.195,-2.692
1.719,-6.303,-3.596
0.971,-6.382,-3.797
0.096,-6.251,-3.378
-0.699,-5.768,-2.661
-1.335,-4.944,-2.032
-1.866,-3.920,-1.754
-2.359,-2.880,-1.865
-2.780,-2.010,-2.212
-2.972,-1.481,-2.561
-2.755,-1.418,-2.704
-2.082,-1.828,-2.525
-1.104,-2.563,-2.017
-0.101,-3.357,-1.293
0.641,-3.901,-0.548
0.903,-3.955,0.053
0.543,-3.443,0.446
-0.482,-2.487,0.618
-2.030,-1.348,0.496
-3.756,-0.329,-0.046
-5.251,0.320,-1.044
-6.243,0.472,-2.344
-6.704,0.174,-3.660
-6.790,-0.370,-4.712
-6.734,-0.945,-5.316
-6.755,-1.490,-5.408
-6.969,-2.124,-5.099
-7.307,-2.987,-4.690
-7.536,-4.076,-4.560
-7.447,-5.233,-4.927
-7.027,-6.250,-5.684
-6.454,-6.946,-6.453
-5.915,-7.158,-6.803
-5.443,-6.754,-6.482
-4.931,-5.721,-5.535
-4.274,-4.267,-4.242
-3.482,-2.777,-2.940
-2.660,-1.643,-1.836
-1.896,-1.069,-0.950
-1.178,-1.012,-0.218
-0.423,-1.274,0.378
0.425,-1.651,0.764
1.319,-2.005,0.874
2.137,-2.214,0.760
2.770,-2.121,0.630
3.187,-1.569,0.760
3.410,-0.528,1.350
3.475,0.833,2.425
3.444,2.216,3.846
3.449,3.311,5.423
3.680,3.869,7.027
4.275,3.726,8.593
5.217,2.846,9.998
6.316,1.395,10.968
7.278,-0.281,11.181
7.794,-1.812,10.515
7.646,-2.966,9.217
6.815,-3.722,7.801
5.563,-4.198,6.760
4.354,-4.578,6.307
3.634,-5.055,6.324
3.612,-5.782,6.484
4.186,-6.813,6.455
5.043,-8.059,6.080
5.818,-9.326,5.440
6.222,-10.442,4.764
6.133,-11.383,4.266
5.614,-12.300,4.023
4.859,-13.419,3.975
4.064,-14.878,3.971
3.335,-16.629,3.840
2.666,-18.452,3.462
1.983,-20.028,2.837
1.193,-21.032,2.085
0.203,-21.221,1.365
-1.060,-20.509,0.783
-2.589,-19.012,0.362
-4.238,-17.017,0.088
-5.702,-14.887,-0.032
-6.608,-12.951,0.020
-6.688,-11.406,0.218
-5.917,-10.276,0.416
-4.550,-9.456,0.401
-3.010,-8.798,0.037
-1.732,-8.178,-0.574
-0.997,-7.525,-1.134
-0.837,-6.827,-1.353
-1.044,-6.126,-1.137
-1.329,-5.475,-0.595
-1.528,-4.867,0.084
-1.694,-4.192,0.730
-1.970,-3.266,1.195
-2.444,-1.916,1.376
-3.137,-0.038,1.307
-4.099,2.419,1.211
-5.423,5.445,1.375
-7.089,8.938,1.944
-8.837,12.656,2.826
-10.284,16.236,3.823
-11.184,19.269,4.816
-11.553,21.421,5.808
-11.551,22.512,6.808
-11.303,22.529,7.712
-10.887,21.587,8.324
-10.460,19.884,8.465
-10.292,17.697,8.086
-10.613,15.398,7.311
-11.438,13.384,6.396
-12.550,11.942,5.589
-13.678,11.149,4.992
-14.703,10.907,4.526
-15.696,11.064,4.076
-16.770,11.500,3.637
-17.863,12.098,3.308
-18.642,12.675,3.133
-18.625,12.988,2.999
-17.430,12.805,2.722
-14.978,12.002,2.248
-11.549,10.631,1.718
-7.677,8.957,1.351
-3.968,7.390,1.268
-0.908,6.309,1.455
1.252,5.875,1.878
2.489,6.030,2.583
2.923,6.669,3.646
2.755,7.771,5.008
2.248,9.301,6.397
1.696,11.011,7.435
1.342,12.408,7.853
1.323,12.983,7.614
1.684,12.475,6.855
2.432,10.943,5.738
3.530,8.644,4.384
4.852,5.882,2.909
6.214,2.948,1.507
7.503,0.115,0.457
8.757,-2.383,0.026
10.099,-4.417,0.281
11.576,-6.007,0.960
13.116,-7.291,1.545
14.625,-8.436,1.571
16.064,-9.535,0.953
17.393,-10.552,0.012
18.467,-11.327,-0.841
19.075,-11.659,-1.453
19.087,-11.429,-1.969
18.548,-10.693,-2.559
17.638,-9.658,-3.182
16.594,-8.545,-3.662
15.662,-7.474,-3.957
15.034,-6.503,-4.293
14.746,-5.757,-4.998
14.634,-5.445,-6.178
14.476,-5.699,-7.548
14.208,-6.367,-8.575
13.999,-7.044,-8.790
14.067,-7.353,-8.052
14.430,-7.207,-6.621
14.831,-6.809,-5.024
14.884,-6.401,-3.795
14.310,-6.039,-3.195
13.054,-5.614,-3.119
11.247,-5.021,-3.265
9.104,-4.255,-3.423
6.863,-3.362,-3.598
4.778,-2.362,-3.832
3.075,-1.262,-3.979
1.908,-0.125,-3.718
1.317,0.942,-2.855
1.255,1.853,-1.572
1.612,2.580,-0.331
2.195,3.144,0.469
2.698,3.610,0.748
2.798,4.147,0.687
2.339,4.994,0.524
1.442,6.307,0.438
0.387,7.998,0.572
-0.598,9.757,1.061
-1.423,11.271,1.930
-2.049,12.398,3.027
-2.421,13.132,4.068
-2.563,13.450,4.789
-2.653,13.266,5.016
-2.908,12.559,4.699
-3.351,11.519,3.946
-3.753,10.520,3.063
-3.848,9.929,2.419
-3.541,9.929,2.205
-2.888,10.442,2.303
-1.916,11.164,2.444
-0.539,11.652,2.485
1.304,11.470,2.471
3.503,10.348,2.483
5.763,8.283,2.479
7.737,5.510,2.323
9.137,2.354,1.936
9.780,-0.874,1.356
9.614,-3.899,0.703
8.772,-6.454,0.103
7.574,-8.273,-0.335
6.419,-9.146,-0.534
5.601,-8.968,-0.482
5.219,-7.772,-0.258
5.234,-5.758,0.031
5.611,-3.291,0.337
6.393,-0.852,0.681
7.628,1.107,1.061
9.233,2.315,1.379
10.935,2.732,1.524
12.339,2.486,1.497
13.117,1.754,1.387
13.171,0.703,1.199
12.655,-0.505,0.796
11.835,-1.725,0.082
10.904,-2.873,-0.803
9.905,-3.956,-1.565
8.808,-4.998,-2.053
7.599,-5.969,-2.377
6.311,-6.804,-2.714
4.992,-7.479,-3.061
3.729,-8.043,-3.256
2.685,-8.542,-3.203
2.073,-8.955,-3.017
2.025,-9.253,-2.930
2.469,-9.491,-3.115
3.139,-9.804,-3.576
3.737,-10.292,-4.152
4.073,-10.916,-4.583
4.095,-11.514,-4.615
3.798,-11.898,-4.128
3.141,-11.912,-3.193
2.085,-11.445,-2.010
0.697,-10.474,-0.764
-0.809,-9.122,0.446
-2.161,-7.683,1.534
-3.185,-6.507,2.305
-3.895,-5.832,2.485
-4.453,-5.660,1.932
-5.071,-5.777,0.841
-5.922,-5.855,-0.294
-7.088,-5.595,-0.979
-8.522,-4.857,-1.007
-10.040,-3.761,-0.526
-11.379,-2.650,0.137
-12.298,-1.885,0.690
-12.645,-1.607,0.996
-12.358,-1.666,1.085
-11.455,-1.775,1.083
-10.041,-1.713,1.096
-8.329,-1.390,1.141
-6.576,-0.747,1.183
-4.990,0.322,1.285
-3.694,1.947,1.675
-2.760,4.195,2.578
-2.236,7.017,3.943
-2.121,10.233,5.338
-2.323,13.552,6.211
-2.702,16.621,6.291
-3.128,19.135,5.760
-3.507,20.939,5.057
-3.730,22.047,4.529
-3.666,22.544,4.237
-3.225,22.490,4.013
-2.441,21.912,3.649
-1.470,20.876,3.064
-0.514,19.541,2.328
0.260,18.092,1.576
0.751,16.619,0.886
0.940,15.080,0.243
0.912,13.387,-0.367
0.826,11.560,-0.851
0.824,9.772,-1.001
0.930,8.264,-0.644
1.027,7.185,0.181
0.932,6.489,1.177
0.526,5.978,1.934
-0.156,5.438,2.172
-0.952,4.758,1.899
-1.660,3.958,1.341
-2.141,3.136,0.736
-2.333,2.392,0.187
-2.221,1.785,-0.301
-1.792,1.352,-0.680
-1.029,1.153,-0.817
0.071,1.286,-0.598
1.468,1.814,-0.082
3.050,2.673,0.469
4.610,3.640,0.736
5.886,4.459,0.552
6.664,5.009,0.009
6.896,5.385,-0.610
6.729,5.783,-1.015
6.430,6.302,-1.055
6.284,6.821,-0.761
6.534,7.066,-0.300
7.349,6.759,0.071
8.756,5.748,0.081
10.556,4.033,-0.444
12.324,1.745,-1.423
13.585,-0.902,-2.510
14.063,-3.648,-3.289
13.839,-6.225,-3.561
13.272,-8.390,-3.449
12.737,-9.938,-3.216
12.390,-10.727,-2.984
12.117,-10.698,-2.670
11.684,-9.905,-2.168
10.922,-8.520,-1.504
9.794,-6.795,-0.756
8.349,-5.016,0.101
6.685,-3.433,1.198
4.958,-2.192,2.561
3.394,-1.298,3.972
2.192,-0.666,5.067
1.421,-0.237,5.581
0.996,-0.026,5.520
0.753,-0.043,5.132
0.533,-0.189,4.747
0.180,-0.291,4.575
-0.486,-0.246,4.586
-1.628,-0.117,4.573
-3.300,-0.033,4.348
-5.382,-0.022,3.897
-7.626,0.037,3.370
-9.755,0.291,2.922
-11.569,0.755,2.597
-12.978,1.292,2.341
-13.985,1.708,2.086
-14.616,1.856,1.811
-14.871,1.687,1.565
-14.719,1.234,1.446
-14.147,0.583,1.537
-13.198,-0.158,1.824
-11.940,-0.877,2.162
-10.446,-1.466,2.372
-8.817,-1.845,2.396
-7.221,-1.981,2.340
-5.895,-1.905,2.362
-5.048,-1.695,2.528
-4.771,-1.448,2.788
-5.004,-1.233,3.076
-5.583,-1.074,3.376
-6.274,-0.963,3.659
-6.819,-0.908,3.818
-7.025,-0.980,3.700
-6.864,-1.314,3.234
-6.490,-2.028,2.494
-6.131,-3.104,1.612
-5.924,-4.354,0.663
-5.857,-5.536,-0.345
-5.842,-6.515,-1.374
-5.802,-7.303,-2.289
-5.667,-7.946,-2.930
-5.330,-8.380,-3.230
-4.678,-8.453,-3.252
-3.716,-8.066,-3.103
-2.653,-7.297,-2.862
-1.823,-6.372,-2.589
-1.477,-5.524,-2.373
-1.634,-4.897,-2.345
-2.080,-4.533,-2.616
-2.498,-4.427,-3.208
-2.598,-4.542,-4.015
-2.229,-4.812,-4.849
-1.419,-5.133,-5.539
-0.356,-5.406,-6.026
0.686,-5.574,-6.362
1.463,-5.636,-6.612
1.839,-5.624,-6.784
1.819,-5.556,-6.854
1.535,-5.428,-6.852
1.176,-5.227,-6.865
0.892,-4.947,-6.957
0.712,-4.580,-7.093
0.530,-4.091,-7.160
0.186,-3.418,-7.046
-0.449,-2.523,-6.735
-1.421,-1.444,-6.313
-2.691,-0.296,-5.903
-4.115,0.791,-5.574
-5.453,1.738,-5.288
-6.406,2.531,-4.947
-6.731,3.176,-4.489
-6.324,3.646,-3.928
-5.232,3.869,-3.341
-3.594,3.760,-2.816
-1.598,3.261,-2.421
0.489,2.379,-2.189
2.317,1.196,-2.126
3.540,-0.159,-2.203
4.001,-1.559,-2.348
3.848,-2.925,-2.447
3.461,-4.223,-2.385
3.239,-5.409,-2.141
3.412,-6.388,-1.843
4.007,-7.048,-1.698
4.913,-7.348,-1.827
5.977,-7.358,-2.175
7.082,-7.227,-2.578
8.173,-7.098,-2.895
9.211,-7.071,-3.080
10.099,-7.197,-3.172
10.651,-7.488,-3.260
10.686,-7.888,-3.453
10.151,-8.241,-3.815
9.170,-8.312,-4.283
7.963,-7.852,-4.679
6.707,-6.694,-4.818
5.466,-4.826,-4.627
4.193,-2.438,-4.147
2.799,0.117,-3.455
1.233,2.463,-2.625
-0.448,4.369,-1.772
-2.106,5.849,-1.054
-3.625,7.081,-0.596
-5.005,8.268,-0.401
-6.337,9.522,-0.371
-7.690,10.859,-0.408
-9.014,12.215,-0.477
-10.148,13.440,-0.585
-10.886,14.303,-0.737
-11.065,14.571,-0.936
-10.635,14.135,-1.207
-9.715,13.076,-1.602
-8.578,11.608,-2.146
-7.558,9.968,-2.777
-6.863,8.356,-3.333
-6.471,6.906,-3.604
-6.173,5.647,-3.453
-5.742,4.472,-2.924
-5.076,3.190,-2.255
-4.216,1.652,-1.750
-3.253,-0.141,-1.579
-2.231,-2.034,-1.675
-1.149,-3.803,-1.802
-0.028,-5.244,-1.738
1.014,-6.233,-1.426
1.777,-6.735,-0.976
2.063,-6.804,-0.542
1.780,-6.530,-0.200
1.015,-5.994,0.102
-0.003,-5.244,0.493
-1.024,-4.313,1.096
-1.921,-3.247,1.940
-2.738,-2.095,2.921
-3.615,-0.897,3.843
-4.652,0.335,4.525
-5.839,1.635,4.905
-7.072,3.069,5.019
-8.218,4.677,4.943
-9.174,6.403,4.775
-9.905,8.062,4.655
-10.435,9.380,4.699
-10.758,10.110,4.869
-10.766,10.135,4.926
-10.274,9.509,4.604
-9.179,8.405,3.852
-7.607,7.038,2.870
-5.896,5.621,1.911
-4.413,4.341,1.076
-3.387,3.336,0.305
-2.877,2.654,-0.453
-2.830,2.272,-1.110
-3.108,2.167,-1.494
-3.460,2.366,-1.530
-3.533,2.919,-1.345
-3.014,3.812,-1.154
-1.805,4.962,-1.052
-0.058,6.266,-0.911
1.968,7.658,-0.525
4.080,9.070,0.151
6.170,10.371,0.915
8.104,11.367,1.484
9.656,11.909,1.779
10.604,11.998,2.034
10.907,11.796,2.624
10.759,11.495,3.731
10.458,11.151,5.130
10.224,10.626,6.278
10.124,9.711,6.660
10.130,8.322,6.112
10.190,6.605,4.888
10.235,4.863,3.468
10.141,3.354,2.291
9.758,2.153,1.609
9.017,1.169,1.471
8.018,0.244,1.793
7.029,-0.744,2.413
6.368,-1.856,3.126
6.235,-3.069,3.716
6.625,-4.284,3.997
7.336,-5.346,3.881
8.063,-6.134,3.424
8.525,-6.617,2.807
8.593,-6.856,2.244
8.324,-6.951,1.897
7.893,-6.985,1.802
7.434,-6.985,1.861
6.930,-6.894,1.887
6.244,-6.596,1.724
5.249,-6.000,1.402
3.948,-5.150,1.140
2.496,-4.238,1.144
1.128,-3.492,1.374
0.018,-3.061,1.550
-0.835,-2.960,1.412
-1.630,-3.120,0.966
-2.625,-3.414,0.471
-3.935,-3.687,0.213
-5.434,-3.803,0.323
-6.848,-3.722,0.744
-7.955,-3.533,1.314
-8.693,-3.389,1.823
-9.141,-3.403,2.072
-9.435,-3.600,1.943
-9.729,-3.981,1.438
-10.166,-4.580,0.673
-10.831,-5.433,-0.187
-11.694,-6.510,-0.994
-12.606,-7.700,-1.689
-13.397,-8.863,-2.350
-13.998,-9.891,-3.153
-14.489,-10.703,-4.230
-15.028,-11.236,-5.485
-15.674,-11.453,-6.568
-16.267,-11.382,-7.080
-16.463,-11.123,-6.867
-15.942,-10.821,-6.157
-14.625,-10.637,-5.438
-12.750,-10.695,-5.158
-10.746,-11.004,-5.459
-9.009,-11.391,-6.085
-7.737,-11.541,-6.565
-6.895,-11.152,-6.518
-6.280,-10.080,-5.892
-5.667,-8.359,-4.929
-4.910,-6.112,-3.943
-3.999,-3.475,-3.114
-3.002,-0.622,-2.471
-1.995,2.203,-1.996
-1.018,4.725,-1.699
-0.070,6.739,-1.590
0.854,8.202,-1.622
1.755,9.227,-1.687
2.613,9.987,-1.673
3.384,10.602,-1.547
4.008,11.047,-1.379
4.457,11.172,-1.310
4.774,10.811,-1.468
5.081,9.901,-1.899
5.509,8.517,-2.554
6.113,6.800,-3.324
6.839,4.889,-4.119
7.591,2.914,-4.889
8.306,1.034,-5.594
8.959,-0.567,-6.135
9.480,-1.734,-6.372
9.704,-2.418,-6.236
9.434,-2.710,-5.836
8.564,-2.822,-5.434
7.140,-2.990,-5.281
5.335,-3.362,-5.484
3.380,-3.906,-5.982
1.512,-4.441,-6.641
-0.050,-4.786,-7.336
-1.160,-4.919,-7.988
-1.775,-4.994,-8.565
-1.948,-5.213,-9.080
-1.791,-5.648,-9.573
-1.452,-6.198,-10.070
-1.094,-6.671,-10.523
-0.866,-6.897,-10.781
-0.841,-6.769,-10.643
-0.983,-6.228,-9.983
-1.161,-5.274,-8.862
-1.236,-4.013,-7.517
-1.134,-2.656,-6.243
-0.868,-1.437,-5.237
-0.495,-0.471,-4.512
-0.065,0.303,-3.928
0.405,1.061,-3.278
0.928,1.960,-2.403
1.539,3.044,-1.300
2.301,4.225,-0.126
3.268,5.332,0.893
4.425,6.192,1.618
5.641,6.700,2.050
6.732,6.828,2.276
7.572,6.596,2.394
8.154,6.038,2.469
8.569,5.204,2.524
8.907,4.183,2.535
9.193,3.099,2.457
9.360,2.048,2.297
9.300,1.051,2.132
8.950,0.065,2.026
8.365,-0.948,1.942
7.703,-1.966,1.768
7.107,-2.898,1.447
6.608,-3.605,1.046
6.117,-3.934,0.701
5.537,-3.778,0.535
4.837,-3.154,0.632
4.023,-2.227,1.026
3.062,-1.230,1.656
1.878,-0.319,2.371
0.438,0.490,3.013
-1.161,1.241,3.526
-2.692,1.898,3.956
-3.896,2.313,4.328
-4.582,2.333,4.585
-4.728,1.916,4.649
-4.489,1.137,4.533
-4.147,0.103,4.361
-3.973,-1.098,4.275
-4.090,-2.371,4.349
-4.434,-3.587,4.565
-4.833,-4.610,4.852
-5.122,-5.331,5.116
-5.201,-5.670,5.273
-5.013,-5.573,5.272
-4.525,-5.055,5.123
-3.751,-4.262,4.882
-2.781,-3.448,4.615
-1.765,-2.852,4.359
-0.835,-2.594,4.102
-0.046,-2.671,3.817
0.610,-3.010,3.504
1.130,-3.512,3.218
1.447,-4.035,3.063
1.462,-4.390,3.146
1.116,-4.401,3.507
0.449,-3.984,4.084
-0.422,-3.185,4.746
-1.382,-2.170,5.364
-2.382,-1.156,5.843
-3.465,-0.349,6.126
-4.716,0.114,6.182
-6.201,0.162,6.030
-7.903,-0.233,5.742
-9.713,-1.078,5.397
-11.449,-2.328,4.993
-12.917,-3.850,4.419
-13.960,-5.442,3.543
-14.498,-6.894,2.365
-14.524,-8.041,1.102
-14.096,-8.746,0.111
-13.309,-8.886,-0.298
-12.273,-8.392,-0.042
-11.095,-7.329,0.707
-9.885,-5.910,1.641
-8.762,-4.391,2.497
-7.835,-2.950,3.153
-7.173,-1.651,3.611
-6.771,-0.532,3.914
-6.538,0.308,4.074
-6.303,0.721,4.052
-5.874,0.634,3.780
-5.130,0.145,3.220
-4.117,-0.487,2.416
-3.057,-0.942,1.520
-2.238,-0.954,0.765
-1.861,-0.366,0.384
-1.921,0.819,0.507
-2.219,2.432,1.112
-2.472,4.176,2.046
-2.448,5.749,3.093
-2.055,6.944,4.035
-1.340,7.679,4.692
-0.416,7.945,4.954
0.585,7.757,4.817
1.531,7.162,4.381
2.305,6.264,3.795
2.854,5.197,3.194
3.207,4.078,2.666
3.440,2.965,2.248
3.604,1.904,1.926
3.714,0.993,1.638
3.805,0.399,1.299
3.979,0.278,0.867
4.355,0.664,0.382
4.986,1.423,-0.067
5.817,2.315,-0.417
6.716,3.102,-0.673
7.535,3.633,-0.901
8.151,3.877,-1.194
8.503,3.918,-1.624
8.621,3.905,-2.199
8.613,3.973,-2.844
8.602,4.174,-3.448
8.661,4.463,-3.934
8.816,4.740,-4.290
9.051,4.896,-4.498
9.313,4.838,-4.485
9.509,4.504,-4.187
9.535,3.895,-3.666
9.309,3.096,-3.110
8.743,2.260,-2.701
7.729,1.544,-2.500
6.191,1.086,-2.473
4.227,0.981,-2.598
2.139,1.253,-2.889
0.321,1.781,-3.323
-0.947,2.296,-3.788
-1.591,2.480,-4.144
-1.718,2.132,-4.314
-1.531,1.239,-4.313
-1.274,-0.076,-4.197
-1.146,-1.645,-4.022
-1.197,-3.277,-3.855
-1.273,-4.773,-3.773
-1.128,-5.976,-3.809
-0.628,-6.838,-3.901
0.131,-7.403,-3.944
0.911,-7.708,-3.897
1.520,-7.723,-3.826
1.898,-7.395,-3.795
2.082,-6.712,-3.738
2.127,-5.715,-3.492
2.109,-4.449,-2.972
2.150,-2.984,-2.274
2.365,-1.482,-1.619
2.776,-0.216,-1.188
3.277,0.557,-1.063
3.723,0.735,-1.250
4.032,0.397,-1.682
4.216,-0.302,-2.190
4.301,-1.244,-2.534
4.266,-2.322,-2.533
4.044,-3.360,-2.177
3.581,-4.091,-1.585
2.870,-4.251,-0.901
1.958,-3.710,-0.233
0.953,-2.525,0.315
0.009,-0.908,0.666
-0.715,0.878,0.836
-1.131,2.600,0.977
-1.268,4.125,1.271
-1.257,5.413,1.807
-1.251,6.460,2.542
-1.330,7.237,3.367
-1.464,7.688,4.171
-1.541,7.807,4.844
-1.488,7.685,5.289
-1.376,7.448,5.462
-1.429,7.167,5.369
-1.884,6.822,5.012
-2.813,6.373,4.352
-4.052,5.829,3.372
-5.291,5.255,2.188
-6.259,4.729,1.061
-6.835,4.316,0.259
-7.062,4.026,-0.121
-7.075,3.771,-0.198
-7.024,3.346,-0.212
-6.975,2.512,-0.377
-6.858,1.166,-0.764
-6.516,-0.537,-1.285
-5.841,-2.248,-1.757
-4.883,-3.605,-2.019
-3.822,-4.394,-1.987
-2.842,-4.577,-1.603
-2.025,-4.247,-0.792
-1.319,-3.583,0.464
-0.586,-2.801,1.985
0.313,-2.078,3.381
1.386,-1.472,4.272
2.434,-0.892,4.541
3.146,-0.172,4.384
3.333,0.835,4.115
3.100,2.166,3.959
2.763,3.696,3.990
2.623,5.153,4.185
2.795,6.229,4.479
3.224,6.732,4.783
3.777,6.647,4.998
4.294,6.058,5.025
4.599,5.048,4.792
4.555,3.693,4.288
4.136,2.135,3.612
3.433,0.580,2.955
2.585,-0.776,2.483
1.706,-1.836,2.212
0.860,-2.603,2.010
0.091,-3.115,1.735
-0.548,-3.397,1.352
-0.981,-3.457,0.924
-1.146,-3.306,0.548
-1.053,-3.014,0.339
-0.811,-2.734,0.398
-0.555,-2.653,0.710
-0.315,-2.867,1.042
0.029,-3.275,1.049
0.631,-3.615,0.573
1.512,-3.608,-0.150
2.511,-3.104,-0.635
3.412,-2.120,-0.548
4.077,-0.809,0.024
4.481,0.569,0.680
4.648,1.716,1.058
4.625,2.424,1.103
4.512,2.698,1.001
4.458,2.724,0.933
4.552,2.679,0.910
4.703,2.582,0.834
4.653,2.341,0.658
4.159,1.932,0.453
3.167,1.481,0.339
1.838,1.164,0.383
0.386,1.047,0.555
-1.070,1.062,0.739
-2.523,1.115,0.812
-3.973,1.196,0.739
-5.351,1.369,0.630
-6.576,1.666,0.667
-7.650,2.028,0.942
-8.658,2.328,1.368
-9.683,2.467,1.757
-10.724,2.444,1.951
-11.705,2.377,1.883
-12.550,2.463,1.576
-13.247,2.893,1.146
-13.841,3.753,0.793
-14.373,4.968,0.694
-14.817,6.326,0.862
-15.090,7.569,1.135
-15.125,8.475,1.331
-14.927,8.901,1.377
-14.539,8.801,1.271
-13.966,8.235,0.973
-13.145,7.356,0.413
-12.019,6.345,-0.376
-10.621,5.343,-1.198
-9.073,4.429,-1.805
-7.504,3.647,-2.086
-6.007,3.007,-2.100
-4.645,2.463,-1.957
-3.467,1.925,-1.701
-2.481,1.318,-1.293
-1.616,0.654,-0.688
-0.768,-0.002,0.096
0.138,-0.630,0.933
1.104,-1.319,1.594
2.105,-2.220,1.823
3.124,-3.423,1.473
4.145,-4.864,0.615
5.122,-6.318,-0.466
5.961,-7.463,-1.416
6.550,-7.987,-1.958
6.785,-7.704,-1.960
6.616,-6.636,-1.438
6.094,-5.016,-0.554
5.407,-3.179,0.370
4.819,-1.426,0.952
4.526,0.077,0.938
4.545,1.313,0.372
4.723,2.365,-0.432
4.859,3.339,-1.121
4.805,4.267,-1.522
4.489,5.066,-1.698
3.892,5.589,-1.806
3.042,5.743,-1.969
2.054,5.597,-2.209
1.112,5.357,-2.481
0.406,5.257,-2.710
0.040,5.410,-2.859
0.030,5.758,-2.960
0.363,6.109,-3.095
1.058,6.251,-3.319
2.146,6.036,-3.604
3.596,5.425,-3.856
5.264,4.487,-3.963
6.915,3.386,-3.807
8.315,2.339,-3.300
9.338,1.548,-2.451
10.015,1.133,-1.431
10.494,1.101,-0.516
10.912,1.374,0.064
11.299,1.833,0.242
11.575,2.366,0.090
11.632,2.897,-0.257
11.416,3.399,-0.643
10.945,3.871,-0.898
10.277,4.308,-0.892
9.460,4.673,-0.617
8.494,4.921,-0.230
7.329,5.024,0.007
5.901,4.973,-0.128
4.193,4.750,-0.689
2.294,4.314,-1.524
0.386,3.633,-2.373
-1.341,2.731,-3.017
-2.793,1.714,-3.382
-4.027,0.715,-3.512
-5.188,-0.171,-3.473
-6.390,-0.919,-3.299
-7.634,-1.548,-3.023
-8.823,-2.064,-2.713
-9.860,-2.449,-2.425
-10.728,-2.680,-2.143
-11.473,-2.753,-1.771
-12.121,-2.661,-1.214
-12.635,-2.375,-0.466
-12.961,-1.858,0.386
-13.094,-1.110,1.226
-13.098,-0.199,1.983
-13.044,0.769,2.669
-12.944,1.681,3.349
-12.718,2.421,4.069
-12.233,2.846,4.781
-11.373,2.800,5.359
-10.113,2.180,5.696
-8.575,1.003,5.803
-7.011,-0.582,5.787
-5.706,-2.334,5.733
-4.861,-4.024,5.618
-4.536,-5.496,5.365
-4.669,-6.685,4.966
-5.128,-7.559,4.533
-5.733,-8.067,4.207
-6.281,-8.155,4.046
-6.624,-7.842,4.016
-6.733,-7.261,4.091
-6.708,-6.596,4.298
-6.672,-5.957,4.661
-6.661,-5.339,5.098
-6.614,-4.710,5.413
-6.461,-4.125,5.433
-6.198,-3.701,5.149
-5.867,-3.492,4.742
-5.483,-3.395,4.457
-5.022,-3.205,4.439
-4.483,-2.795,4.670
-3.941,-2.196,5.011
-3.492,-1.531,5.294
-3.152,-0.895,5.389
-2.828,-0.301,5.256
-2.393,0.261,4.964
-1.828,0.776,4.643
-1.248,1.222,4.377
-0.816,1.596,4.124
-0.600,1.915,3.749
-0.513,2.180,3.148
-0.385,2.366,2.354
-0.076,2.463,1.519
0.444,2.513,0.819
1.106,2.596,0.330
1.796,2.770,0.003
2.409,3.042,-0.245
2.865,3.396,-0.430
3.122,3.852,-0.489
3.179,4.472,-0.382
3.070,5.310,-0.182
2.825,6.326,-0.033
2.429,7.373,-0.037
1.848,8.258,-0.196
1.098,8.856,-0.460
0.294,9.164,-0.785
-0.422,9.271,-1.147
-0.981,9.281,-1.509
-1.419,9.268,-1.820
-1.781,9.267,-2.046
-2.044,9.281,-2.188
-2.141,9.265,-2.257
-2.045,9.097,-2.238
-1.809,8.608,-2.114
-1.505,7.647,-1.916
-1.158,6.142,-1.747
-0.761,4.111,-1.718
-0.335,1.644,-1.857
0.048,-1.100,-2.114
0.328,-3.889,-2.442
0.503,-6.441,-2.855
0.610,-8.502,-3.351
0.643,-9.934,-3.839
0.551,-10.733,-4.180
0.335,-10.982,-4.339
0.137,-10.796,-4.432
0.193,-10.288,-4.604
0.675,-9.556,-4.856
1.579,-8.659,-5.043
2.773,-7.600,-5.031
4.097,-6.341,-4.814
5.414,-4.889,-4.476
6.577,-3.350,-4.078
7.423,-1.892,-3.627
7.850,-0.618,-3.137
7.891,0.506,-2.702
7.684,1.609,-2.455
7.363,2.787,-2.463
6.998,4.031,-2.637
6.639,5.271,-2.768
6.376,6.444,-2.663
6.317,7.493,-2.269
6.490,8.315,-1.681
6.789,8.741,-1.050
7.028,8.629,-0.493
7.055,7.974,-0.067
6.826,6.939,0.200
6.405,5.779,0.296
5.895,4.710,0.240
5.392,3.835,0.108
4.976,3.155,0.017
4.714,2.621,0.076
4.656,2.177,0.325
4.806,1.755,0.707
5.100,1.288,1.126
5.439,0.742,1.523
5.745,0.175,1.913
5.995,-0.266,2.337
6.182,-0.412,2.808
6.249,-0.146,3.312
6.067,0.566,3.839
5.521,1.691,4.374
4.626,3.146,4.865
3.565,4.798,5.243
2.591,6.459,5.495
1.887,7.944,5.687
1.499,9.120,5.880
1.392,9.924,6.029
1.509,10.337,5.999
1.781,10.353,5.707
2.083,9.996,5.218
2.253,9.365,4.703
2.192,8.618,4.326
1.930,7.914,4.170
1.598,7.337,4.256
1.319,6.896,4.576
1.141,6.566,5.110
1.046,6.329,5.820
1.009,6.147,6.610
0.999,5.932,7.305
0.966,5.552,7.672
0.821,4.920,7.544
0.481,4.052,6.968
-0.058,3.060,6.223
-0.680,2.076,5.663
-1.189,1.176,5.480
-1.409,0.336,5.604
-1.279,-0.544,5.798
-0.864,-1.580,5.834
-0.310,-2.817,5.608
0.215,-4.165,5.136
0.551,-5.416,4.479
0.577,-6.337,3.701
0.260,-6.774,2.867
-0.317,-6.687,2.068
-0.984,-6.123,1.430
-1.555,-5.201,1.089
-1.914,-4.114,1.105
-2.056,-3.119,1.367
-2.091,-2.456,1.571
-2.161,-2.247,1.385
-2.365,-2.457,0.693
-2.707,-2.940,-0.268
-3.120,-3.516,-1.055
-3.534,-4.009,-1.333
-3.916,-4.283,-1.087
-4.288,-4.272,-0.555
-4.692,-4.007,0.006
-5.143,-3.576,0.480
-5.583,-3.068,0.866
-5.905,-2.525,1.158
-6.026,-1.994,1.287
-5.962,-1.574,1.164
-5.812,-1.393,0.773
-5.670,-1.515,0.223
-5.549,-1.881,-0.302
-5.403,-2.345,-0.653
-5.224,-2.761,-0.802
-5.097,-3.035,-0.821
-5.184,-3.113,-0.811
-5.613,-2.941,-0.847
-6.378,-2.464,-0.981
-7.317,-1.666,-1.232
-8.182,-0.632,-1.552
-8.753,0.457,-1.821
-8.915,1.392,-1.918
-8.660,2.044,-1.824
-8.053,2.400,-1.640
-7.212,2.522,-1.511
-6.272,2.473,-1.522
-5.355,2.286,-1.650
-4.531,1.981,-1.793
-3.820,1.589,-1.859
-3.222,1.133,-1.824
-2.734,0.606,-1.719
-2.317,-0.021,-1.581
-1.862,-0.770,-1.438
-1.205,-1.618,-1.350
-0.225,-2.525,-1.425
1.047,-3.468,-1.761
2.405,-4.447,-2.339
3.559,-5.448,-3.003
4.273,-6.386,-3.546
4.465,-7.130,-3.827
4.214,-7.564,-3.830
3.710,-7.647,-3.653
3.189,-7.410,-3.477
2.860,-6.913,-3.490
2.823,-6.226,-3.786
3.028,-5.442,-4.278
3.305,-4.687,-4.719
3.476,-4.085,-4.856
3.473,-3.713,-4.592
3.363,-3.592,-4.033
3.257,-3.702,-3.397
3.208,-3.993,-2.909
3.175,-4.344,-2.722
3.067,-4.550,-2.898
2.791,-4.388,-3.375
2.277,-3.732,-3.979
1.501,-2.634,-4.486
0.519,-1.295,-4.721
-0.520,0.024,-4.628
-1.421,1.092,-4.285
-2.022,1.740,-3.855
-2.229,1.888,-3.490
-2.018,1.564,-3.232
-1.428,0.903,-3.004
-0.551,0.107,-2.726
0.487,-0.623,-2.412
1.540,-1.167,-2.146
2.460,-1.522,-1.930
3.141,-1.782,-1.629
3.583,-2.057,-1.081
3.923,-2.387,-0.266
4.350,-2.739,0.665
4.952,-3.063,1.510
5.634,-3.350,2.159
6.200,-3.616,2.623
6.524,-3.855,2.949
6.620,-4.055,3.141
6.588,-4.248,3.163
6.506,-4.526,3.006
6.396,-4.953,2.755
6.244,-5.465,2.564
6.041,-5.886,2.561
5.807,-6.047,2.766
5.593,-5.913,3.101
5.468,-5.591,3.456
5.489,-5.214,3.752
5.659,-4.832,3.934
5.915,-4.371,3.955
6.130,-3.710,3.778
6.156,-2.781,3.409
5.873,-1.602,2.936
5.243,-0.232,2.523
4.339,1.275,2.339
3.320,2.877,2.441
2.376,4.472,2.710
1.663,5.872,2.905
1.266,6.847,2.803
1.198,7.216,2.309
1.431,6.918,1.473
1.918,6.013,0.444
2.597,4.639,-0.588
3.385,2.965,-1.447
4.198,1.153,-2.020
4.982,-0.659,-2.307
5.713,-2.375,-2.421
6.372,-3.953,-2.524
6.912,-5.404,-2.735
7.255,-6.757,-3.076
7.317,-8.001,-3.501
7.028,-9.051,-3.952
6.357,-9.774,-4.373
5.337,-10.074,-4.691
4.108,-9.990,-4.829
2.919,-9.709,-4.780
2.041,-9.479,-4.674
1.633,-9.468,-4.728
1.635,-9.683,-5.068
1.813,-10.001,-5.632
1.929,-10.272,-6.231
1.899,-10.396,-6.699
1.806,-10.352,-6.964
1.778,-10.170,-7.022
1.874,-9.899,-6.898
2.067,-9.582,-6.662
2.291,-9.256,-6.408
2.471,-8.957,-6.200
2.523,-8.715,-6.028
2.358,-8.512,-5.861
1.926,-8.265,-5.707
1.261,-7.840,-5.606
0.474,-7.143,-5.542
-0.281,-6.188,-5.395
-0.859,-5.083,-5.011
-1.148,-3.939,-4.324
-1.081,-2.802,-3.416
-0.636,-1.675,-2.470
0.172,-0.600,-1.653
1.291,0.324,-1.016
2.624,1.002,-0.501
4.024,1.417,-0.054
5.321,1.624,0.289
6.364,1.692,0.432
7.053,1.678,0.349
7.346,1.640,0.160
7.273,1.659,0.044
6.938,1.804,0.084
6.484,2.086,0.196
6.012,2.443,0.212
5.513,2.788,-0.007
4.884,3.071,-0.506
4.050,3.292,-1.242
3.057,3.468,-2.084
2.056,3.571,-2.860
1.194,3.526,-3.445
0.545,3.256,-3.841
0.126,2.763,-4.150
-0.049,2.148,-4.470
0.045,1.571,-4.805
0.404,1.169,-5.070
0.975,1.021,-5.129
1.673,1.139,-4.864
2.413,1.489,-4.243
3.114,1.994,-3.383
3.689,2.569,-2.503
4.051,3.156,-1.789
4.156,3.749,-1.294
4.051,4.393,-0.981
3.862,5.132,-0.817
3.733,5.971,-0.798
3.738,6.843,-0.882
3.873,7.615,-0.952
4.126,8.132,-0.879
4.535,8.279,-0.608
5.149,8.033,-0.164
5.937,7.463,0.397
6.763,6.706,1.034
7.486,5.923,1.733
8.055,5.257,2.489
8.503,4.783,3.280
8.846,4.483,4.024
9.029,4.271,4.596
8.942,4.046,4.906
8.491,3.749,4.960
7.639,3.374,4.843
6.430,2.949,4.630
4.979,2.519,4.343
3.425,2.122,3.969
1.871,1.787,3.493
0.383,1.532,2.883
-0.971,1.380,2.104
-2.087,1.360,1.160
-2.875,1.498,0.151
-3.323,1.802,-0.747
-3.528,2.258,-1.366
-3.649,2.825,-1.619
-3.836,3.411,-1.539
-4.170,3.856,-1.269
-4.650,3.986,-1.004
-5.213,3.692,-0.938
-5.795,3.005,-1.211
-6.371,2.089,-1.892
-6.957,1.158,-2.922
-7.562,0.403,-4.074
-8.148,-0.080,-5.002
-8.602,-0.298,-5.415
-8.768,-0.346,-5.266
-8.530,-0.352,-4.757
-7.910,-0.417,-4.178
-7.092,-0.585,-3.712
-6.326,-0.849,-3.391
-5.776,-1.159,-3.172
-5.443,-1.456,-3.038
-5.208,-1.710,-3.016
-4.928,-1.963,-3.129
-4.493,-2.307,-3.316
-3.839,-2.810,-3.433
-2.976,-3.449,-3.346
-2.039,-4.127,-3.049
-1.285,-4.729,-2.661
-0.987,-5.167,-2.300
-1.281,-5.379,-1.975
-2.074,-5.297,-1.628
-3.097,-4.867,-1.239
-4.041,-4.102,-0.851
-4.701,-3.106,-0.509
-5.024,-2.044,-0.218
-5.066,-1.045,0.014
-4.917,-0.153,0.132
-4.665,0.634,0.087
-4.398,1.267,-0.089
-4.228,1.607,-0.307
-4.245,1.513,-0.517
-4.458,0.956,-0.763
-4.763,0.052,-1.117
-5.001,-1.000,-1.569
-5.057,-1.999,-1.998
-4.884,-2.783,-2.254
-4.493,-3.271,-2.272
-3.945,-3.505,-2.123
-3.377,-3.656,-1.966
-2.983,-3.942,-1.934
-2.905,-4.496,-2.052
-3.098,-5.306,-2.242
-3.302,-6.251,-2.420
-3.188,-7.192,-2.562
-2.556,-8.039,-2.702
-1.438,-8.759,-2.897
-0.042,-9.348,-3.175
1.399,-9.803,-3.510
2.717,-10.106,-3.802
3.835,-10.250,-3.927
4.751,-10.245,-3.814
5.512,-10.106,-3.510
6.200,-9.816,-3.116
6.861,-9.310,-2.684
7.446,-8.493,-2.178
7.824,-7.298,-1.571
7.880,-5.744,-0.944
7.598,-3.971,-0.471
7.061,-2.208,-0.291
6.380,-0.670,-0.416
5.640,0.539,-0.733
4.923,1.466,-1.090
4.343,2.233,-1.352
4.022,2.945,-1.419
4.010,3.636,-1.237
4.235,4.276,-0.844
4.550,4.796,-0.389
4.808,5.132,-0.086
4.902,5.257,-0.110
4.753,5.236,-0.490
4.317,5.233,-1.071
3.625,5.443,-1.593
2.821,5.974,-1.830
2.114,6.772,-1.709
1.658,7.624,-1.313
1.470,8.246,-0.797
1.452,8.410,-0.317
1.480,8.022,0.001
1.477,7.149,0.066
1.413,5.982,-0.147
1.274,4.763,-0.570
1.044,3.699,-1.072
0.725,2.914,-1.551
0.346,2.448,-1.976
-0.059,2.256,-2.341
-0.480,2.225,-2.597
-0.924,2.200,-2.646
-1.367,2.059,-2.443
-1.747,1.782,-2.088
-2.002,1.453,-1.797
-2.120,1.195,-1.756
-2.141,1.085,-1.977
-2.106,1.146,-2.282
-2.031,1.377,-2.443
-1.916,1.779,-2.357
-1.785,2.333,-2.098
-1.686,2.972,-1.815
-1.647,3.594,-1.596
-1.653,4.139,-1.415
-1.666,4.621,-1.204
-1.662,5.094,-0.962
-1.659,5.574,-0.782
-1.719,6.010,-0.773
-1.917,6.323,-0.965
-2.295,6.476,-1.271
-2.816,6.495,-1.542
-3.360,6.439,-1.671
-3.766,6.359,-1.654
-3.904,6.288,-1.569
-3.739,6.251,-1.480
-3.348,6.264,-1.380
-2.880,6.305,-1.216
-2.467,6.303,-0.965
-2.166,6.148,-0.702
-1.965,5.746,-0.557
-1.828,5.072,-0.617
-1.755,4.207,-0.850
-1.793,3.324,-1.125
-2.009,2.624,-1.312
-2.442,2.235,-1.384
-3.072,2.175,-1.434
-3.804,2.374,-1.564
-4.523,2.766,-1.769
-5.155,3.340,-1.905
-5.684,4.114,-1.812
-6.111,5.075,-1.451
-6.412,6.124,-0.939
-6.537,7.099,-0.446
-6.448,7.850,-0.085
-6.141,8.309,0.104
-5.643,8.510,0.115
-5.015,8.512,-0.037
-4.340,8.329,-0.302
-3.699,7.903,-0.558
-3.126,7.167,-0.656
-2.600,6.115,-0.504
-2.076,4.815,-0.152
-1.550,3.365,0.215
-1.085,1.856,0.393
-0.783,0.396,0.301
-0.745,-0.868,0.039
-1.006,-1.763,-0.210
-1.492,-2.169,-0.342
-2.033,-2.110,-0.380
-2.436,-1.772,-0.396
-2.576,-1.429,-0.395
-2.432,-1.289,-0.313
-2.044,-1.387,-0.081
-1.488,-1.617,0.315
-0.879,-1.876,0.856
-0.361,-2.190,1.518
-0.057,-2.688,2.254
-0.014,-3.463,2.948
-0.199,-4.470,3.427
-0.571,-5.539,3.536
-1.109,-6.485,3.257
-1.787,-7.162,2.740
-2.512,-7.469,2.235
-3.132,-7.369,1.938
-3.523,-6.927,1.870
-3.669,-6.326,1.899
-3.658,-5.791,1.857
-3.593,-5.454,1.664
-3.496,-5.302,1.351
-3.312,-5.217,0.998
-2.994,-5.082,0.665
-2.576,-4.864,0.369
-2.176,-4.612,0.097
-1.904,-4.418,-0.180
-1.813,-4.364,-0.479
-1.908,-4.491,-0.778
-2.187,-4.780,-1.016
-2.637,-5.150,-1.148
-3.179,-5.475,-1.214
-3.644,-5.625,-1.324
-3.856,-5.512,-1.558
-3.748,-5.106,-1.852
-3.410,-4.447,-2.012
-2.994,-3.629,-1.849
-2.608,-2.787,-1.322
-2.269,-2.062,-0.573
-1.946,-1.542,0.169
-1.612,-1.216,0.739
-1.246,-0.951,1.115
-0.847,-0.548,1.384
-0.458,0.158,1.628
-0.178,1.203,1.843
-0.108,2.484,1.960
-0.280,3.828,1.936
-0.602,5.080,1.788
-0.891,6.150,1.550
-0.944,6.998,1.199
-0.629,7.590,0.678
0.053,7.879,-0.012
0.956,7.834,-0.778
1.877,7.498,-1.491
2.662,7.001,-2.076
3.260,6.502,-2.507
3.694,6.103,-2.727
3.992,5.804,-2.605
4.168,5.564,-2.039
4.235,5.378,-1.086
4.213,5.276,0.011
4.107,5.277,0.956
3.909,5.354,1.567
3.650,5.489,1.837
3.443,5.735,1.865
3.440,6.174,1.744
3.715,6.813,1.517
4.179,7.534,1.214
4.628,8.173,0.890
4.875,8.661,0.638
4.839,9.077,0.553
4.535,9.585,0.679
4.014,10.317,0.981
3.336,11.313,1.378
2.579,12.516,1.814
1.846,13.794,2.291
1.230,14.962,2.823
0.785,15.809,3.354
0.521,16.141,3.766
0.415,15.839,3.965
0.397,14.919,3.969
0.348,13.562,3.856
0.124,12.057,3.663
-0.353,10.679,3.350
-1.034,9.545,2.892
-1.755,8.584,2.353
-2.313,7.641,1.847
-2.558,6.632,1.437
-2.461,5.604,1.103
-2.135,4.659,0.804
-1.783,3.854,0.548
-1.584,3.180,0.396
-1.595,2.633,0.419
-1.727,2.250,0.647
-1.809,2.070,1.053
-1.678,2.077,1.557
-1.262,2.208,2.072
-0.593,2.402,2.524
0.188,2.620,2.864
0.885,2.847,3.059
1.322,3.077,3.132
1.416,3.324,3.180
1.230,3.607,3.341
0.967,3.917,3.673
0.877,4.197,4.072
1.125,4.340,4.300
1.695,4.225,4.149
2.434,3.755,3.609
3.177,2.933,2.918
3.836,1.908,2.425
4.391,0.935,2.356
4.811,0.235,2.691
5.051,-0.130,3.236
5.084,-0.256,3.800
4.953,-0.288,4.300
4.753,-0.326,4.709
4.564,-0.438,4.978
4.390,-0.700,5.030
4.146,-1.175,4.837
3.718,-1.841,4.465
3.065,-2.563,4.042
2.273,-3.173,3.709
1.504,-3.567,3.585
0.884,-3.743,3.741
0.431,-3.761,4.155
0.088,-3.677,4.695
-0.184,-3.519,5.181
-0.367,-3.283,5.487
-0.435,-2.939,5.604
-0.402,-2.433,5.602
-0.313,-1.733,5.553
-0.190,-0.870,5.466
-0.025,0.053,5.289
0.188,0.912,4.962
0.423,1.627,4.494
0.626,2.196,3.985
0.737,2.673,3.551
0.698,3.127,3.203
0.446,3.613,2.835
-0.069,4.177,2.345
-0.856,4.852,1.774
-1.827,5.651,1.287
-2.796,6.555,1.008
-3.536,7.497,0.924
-3.888,8.354,0.934
-3.848,8.970,0.957
-3.553,9.221,0.984
-3.174,9.078,1.027
-2.829,8.604,1.074
-2.562,7.872,1.087
-2.384,6.899,1.031
-2.291,5.679,0.896
-2.267,4.262,0.702
-2.274,2.785,0.492
-2.276,1.414,0.308
-2.257,0.240,0.170
-2.218,-0.770,0.085
-2.167,-1.735,0.054
-2.108,-2.773,0.055
-2.058,-3.926,0.025
-2.061,-5.123,-0.114
-2.170,-6.196,-0.388
-2.411,-6.937,-0.713
-2.747,-7.192,-0.925
-3.089,-6.928,-0.905
-3.367,-6.239,-0.677
-3.599,-5.317,-0.398
-3.879,-4.379,-0.222
-4.303,-3.604,-0.186
-4.867,-3.079,-0.210
-5.455,-2.784,-0.203
-5.928,-2.651,-0.131
-6.229,-2.637,0.009
-6.416,-2.750,0.226
-6.598,-2.998,0.516
-6.846,-3.328,0.809
-7.165,-3.639,0.991
-7.528,-3.852,0.994
-7.915,-3.949,0.867
-8.291,-3.946,0.723
-8.567,-3.847,0.649
-8.625,-3.649,0.651
-8.392,-3.399,0.704
-7.894,-3.221,0.799
-7.239,-3.253,0.940
-6.559,-3.561,1.090
-5.957,-4.089,1.151
-5.501,-4.689,1.037
-5.222,-5.188,0.769
-5.103,-5.441,0.492
-5.068,-5.376,0.339
-5.005,-5.009,0.291
-4.822,-4.448,0.200
-4.512,-3.864,-0.026
-4.153,-3.422,-0.276
-3.832,-3.210,-0.289
-3.552,-3.212,0.102
-3.222,-3.353,0.794
-2.748,-3.577,1.484
-2.114,-3.873,1.912
-1.378,-4.217,2.043
-0.594,-4.504,2.032
0.239,-4.579,2.062
1.128,-4.360,2.211
2.018,-3.933,2.458
2.803,-3.511,2.757
3.434,-3.280,3.088
3.994,-3.288,3.470
4.646,-3.445,3.906
5.485,-3.622,4.353
6.457,-3.725,4.729
7.434,-3.707,4.982
8.320,-3.540,5.137
9.089,-3.215,5.245
9.727,-2.758,5.288
10.179,-2.261,5.179
10.380,-1.847,4.866
10.316,-1.608,4.423
10.046,-1.533,4.021
9.675,-1.507,3.805
9.297,-1.384,3.807
8.945,-1.082,3.939
8.603,-0.627,4.042
8.242,-0.122,3.958
7.856,0.330,3.629
7.453,0.682,3.141
6.992,0.940,2.682
6.394,1.150,2.419
5.612,1.357,2.401
4.723,1.588,2.580
3.914,1.839,2.870
3.382,2.071,3.188
3.212,2.241,3.471
3.355,2.321,3.665
3.675,2.297,3.737
4.022,2.150,3.665
4.274,1.852,3.438
4.355,1.376,3.088
4.248,0.726,2.709
4.013,-0.064,2.437
3.759,-0.936,2.382
3.604,-1.800,2.551
3.613,-2.552,2.830
3.792,-3.106,3.041
4.096,-3.454,3.060
4.453,-3.669,2.875
4.794,-3.862,2.561
5.077,-4.125,2.197
5.305,-4.500,1.840
5.509,-4.996,1.538
5.695,-5.585,1.326
5.810,-6.185,1.186
5.752,-6.663,1.050
5.423,-6.893,0.876
4.793,-6.814,0.727
3.925,-6.424,0.726
2.953,-5.725,0.953
2.033,-4.683,1.372
1.262,-3.277,1.865
0.641,-1.556,2.305
0.088,0.356,2.601
-0.487,2.317,2.696
-1.121,4.216,2.583
-1.787,5.969,2.304
-2.441,7.481,1.945
-3.043,8.655,1.593
-3.535,9.424,1.316
-3.818,9.772,1.163
-3.789,9.725,1.160
-3.407,9.334,1.281
-2.735,8.685,1.438
-1.916,7.911,1.520
-1.121,7.171,1.469
-0.501,6.596,1.333
-0.147,6.253,1.221
-0.056,6.133,1.216
-0.116,6.171,1.323
-0.162,6.248,1.481
-0.065,6.202,1.611
0.215,5.862,1.641
0.640,5.118,1.493
1.156,3.982,1.094
1.722,2.580,0.432
2.282,1.087,-0.378
2.740,-0.329,-1.110
2.969,-1.531,-1.557
2.883,-2.418,-1.651
2.498,-2.970,-1.480
1.915,-3.287,-1.184
1.265,-3.552,-0.863
0.647,-3.908,-0.568
0.108,-4.358,-0.350
-0.380,-4.778,-0.280
-0.919,-5.031,-0.407
-1.643,-5.063,-0.723
-2.621,-4.893,-1.163
-3.763,-4.546,-1.628
-4.845,-4.026,-1.983
-5.640,-3.351,-2.087
-6.056,-2.591,-1.850
-6.139,-1.831,-1.325
-5.974,-1.103,-0.685
-5.589,-0.369,-0.110
-4.959,0.408,0.328
-4.085,1.202,0.670
-3.031,1.920,0.957
-1.919,2.442,1.159
-0.890,2.656,1.205
-0.086,2.469,1.064
0.401,1.846,0.778
0.587,0.864,0.428
0.602,-0.303,0.071
0.616,-1.474,-0.275
0.721,-2.563,-0.621
0.889,-3.594,-0.976
1.038,-4.610,-1.338
1.138,-5.598,-1.709
1.239,-6.479,-2.089
1.421,-7.178,-2.425
1.721,-7.654,-2.587
2.116,-7.901,-2.425
2.541,-7.914,-1.892
2.913,-7.692,-1.126
3.153,-7.248,-0.379
3.198,-6.605,0.146
3.043,-5.787,0.410
2.784,-4.819,0.512
2.599,-3.754,0.573
2.659,-2.683,0.660
3.010,-1.714,0.788
3.540,-0.915,0.970
4.041,-0.271,1.244
4.326,0.316,1.646
4.302,0.979,2.158
3.955,1.798,2.700
3.330,2.748,3.145
2.528,3.727,3.390
1.719,4.616,3.408
1.114,5.326,3.266
0.882,5.789,3.065
1.071,5.929,2.861
1.601,5.669,2.615
2.312,4.976,2.244
3.017,3.906,1.707
3.543,2.623,1.049
3.759,1.340,0.358
3.611,0.257,-0.301
3.127,-0.500,-0.914
2.390,-0.893,-1.483
1.507,-0.940,-1.987
0.609,-0.694,-2.380
-0.152,-0.227,-2.625
-0.632,0.360,-2.719
-0.755,0.947,-2.676
-0.545,1.419,-2.500
-0.100,1.691,-2.195
0.476,1.723,-1.783
1.099,1.521,-1.309
1.699,1.125,-0.827
2.212,0.587,-0.378
2.580,-0.043,0.001
2.785,-0.705,0.283
2.842,-1.307,0.474
2.790,-1.752,0.638
2.678,-1.999,0.857
2.570,-2.102,1.147
2.551,-2.196,1.413
2.692,-2.422,1.507
3.009,-2.861,1.348
3.419,-3.505,0.980
3.778,-4.250,0.527
3.936,-4.943,0.084
3.793,-5.448,-0.323
3.307,-5.721,-0.713
2.472,-5.830,-1.099
1.324,-5.904,-1.498
-0.029,-6.054,-1.958
-1.407,-6.324,-2.552
-2.606,-6.678,-3.304
-3.487,-7.019,-4.134
-4.019,-7.212,-4.873
-4.260,-7.139,-5.370
-4.314,-6.742,-5.582
-4.296,-6.068,-5.575
-4.319,-5.227,-5.455
-4.471,-4.321,-5.290
-4.761,-3.367,-5.103
-5.095,-2.311,-4.895
-5.317,-1.108,-4.658
-5.303,0.188,-4.362
-5.015,1.416,-3.968
-4.483,2.373,-3.479
-3.741,2.897,-2.987
-2.824,2.920,-2.640
-1.814,2.466,-2.554
-0.865,1.658,-2.753
-0.165,0.703,-3.158
0.162,-0.164,-3.643
0.116,-0.778,-4.066
-0.193,-1.143,-4.299
-0.607,-1.423,-4.253
-0.961,-1.830,-3.939
-1.108,-2.492,-3.486
-0.941,-3.411,-3.098
-0.436,-4.501,-2.950
0.313,-5.640,-3.092
1.109,-6.675,-3.448
1.725,-7.416,-3.885
1.999,-7.674,-4.294
1.889,-7.339,-4.605
1.466,-6.417,-4.772
0.870,-4.987,-4.753
0.244,-3.145,-4.560
-0.326,-0.988,-4.285
-0.833,1.362,-4.063
-1.324,3.752,-3.965
-1.836,6.022,-3.940
-2.332,8.036,-3.873
-2.693,9.686,-3.680
-2.786,10.907,-3.361
-2.561,11.685,-2.964
-2.094,12.054,-2.536
-1.541,12.079,-2.112
-1.037,11.837,-1.712
-0.621,11.416,-1.332
-0.241,10.898,-0.930
0.177,10.324,-0.452
0.667,9.654,0.123
1.211,8.787,0.748
1.762,7.619,1.303
2.287,6.103,1.665
2.780,4.262,1.773
3.223,2.192,1.676
3.580,0.048,1.486
3.792,-1.972,1.300
3.803,-3.691,1.145
3.562,-5.016,0.985
3.034,-5.960,0.778
2.245,-6.602,0.520
1.321,-7.028,0.264
0.477,-7.296,0.088
-0.069,-7.440,0.027
-0.185,-7.481,0.052
0.126,-7.437,0.096
0.741,-7.312,0.121
1.472,-7.095,0.121
2.135,-6.779,0.078
2.599,-6.391,-0.047
2.790,-6.000,-0.262
2.670,-5.694,-0.507
2.233,-5.526,-0.698
1.539,-5.471,-0.814
0.729,-5.444,-0.902
-0.013,-5.362,-1.000
-0.538,-5.216,-1.091
-0.768,-5.071,-1.144
-0.688,-5.005,-1.175
-0.332,-5.049,-1.238
0.192,-5.166,-1.352
0.710,-5.278,-1.471
1.050,-5.274,-1.532
1.149,-5.021,-1.498
1.100,-4.414,-1.354
1.062,-3.440,-1.097
1.160,-2.208,-0.744
1.428,-0.886,-0.367
1.820,0.378,-0.065
2.225,1.484,0.095
2.479,2.356,0.112
2.420,2.919,0.015
1.983,3.137,-0.182
1.251,3.056,-0.462
0.388,2.789,-0.774
-0.477,2.477,-1.046
-1.312,2.224,-1.239
-2.130,2.067,-1.382
-2.917,1.951,-1.537
-3.606,1.747,-1.736
-4.117,1.346,-1.958
-4.399,0.746,-2.172
-4.465,0.074,-2.364
-4.391,-0.500,-2.525
-4.302,-0.856,-2.623
-4.315,-0.962,-2.603
-4.487,-0.833,-2.419
-4.779,-0.501,-2.094
-5.084,-0.005,-1.736
-5.294,0.593,-1.492
-5.364,1.229,-1.460
-5.329,1.861,-1.602
-5.241,2.460,-1.774
-5.096,2.987,-1.838
-4.821,3.396,-1.787
-4.350,3.641,-1.742
-3.709,3.710,-1.835
-3.017,3.623,-2.076
-2.408,3.434,-2.341
-1.973,3.219,-2.490
-1.754,3.056,-2.494
-1.773,2.989,-2.445
-2.022,3.005,-2.436
-2.440,3.056,-2.467
-2.919,3.108,-2.478
-3.322,3.165,-2.459
-3.539,3.233,-2.505
-3.512,3.287,-2.707
-3.264,3.260,-3.017
-2.893,3.106,-3.250
-2.515,2.843,-3.248
-2.201,2.542,-3.013
-1.971,2.253,-2.673
-1.834,1.956,-2.333
-1.811,1.581,-1.983
-1.897,1.110,-1.548
-2.015,0.621,-0.999
-2.049,0.234,-0.412
-1.930,-0.005,0.091
-1.700,-0.163,0.427
-1.460,-0.341,0.607
-1.287,-0.574,0.708
-1.196,-0.816,0.781
-1.183,-1.009,0.794
-1.272,-1.146,0.687
-1.496,-1.243,0.473
-1.825,-1.280,0.268
-2.150,-1.184,0.183
-2.339,-0.908,0.210
-2.339,-0.491,0.236
-2.216,-0.064,0.186
-2.108,0.231,0.092
-2.119,0.325,0.039
-2.245,0.251,0.042
-2.403,0.095,0.033
-2.507,-0.069,-0.068
-2.528,-0.206,-0.295
-2.473,-0.274,-0.630
-2.352,-0.200,-1.033
-2.182,0.103,-1.449
-2.009,0.653,-1.815
-1.895,1.370,-2.082
-1.842,2.119,-2.246
-1.766,2.795,-2.349
-1.567,3.369,-2.440
-1.246,3.882,-2.537
-0.928,4.412,-2.594
-0.792,5.047,-2.534
-0.946,5.844,-2.317
-1.358,6.790,-1.985
-1.889,7.800,-1.628
-2.389,8.752,-1.304
-2.766,9.549,-1.011
-3.013,10.143,-0.727
-3.166,10.534,-0.451
-3.253,10.739,-0.203
-3.276,10.768,0.005
-3.210,10.618,0.167
-3.019,10.284,0.270
-2.699,9.773,0.287
-2.335,9.119,0.182
-2.111,8.374,-0.071
-2.243,7.594,-0.478
-2.858,6.839,-0.993
-3.890,6.167,-1.517
-5.090,5.609,-1.943
-6.131,5.141,-2.237
-6.754,4.691,-2.460
-6.864,4.172,-2.710
-6.536,3.535,-3.030
-5.955,2.797,-3.382
-5.323,2.045,-3.692
-4.810,1.423,-3.897
-4.524,1.085,-3.941
-4.516,1.135,-3.768
-4.763,1.584,-3.350
-5.180,2.361,-2.724
-5.649,3.339,-1.991
-6.077,4.367,-1.256
-6.412,5.298,-0.588
-6.622,6.013,-0.014
-6.667,6.458,0.466
-6.521,6.645,0.871
-6.220,6.619,1.237
-5.884,6.436,1.580
-5.649,6.146,1.889
-5.588,5.792,2.126
-5.681,5.400,2.266
-5.850,4.970,2.315
-6.007,4.499,2.300
-6.089,4.007,2.249
-6.064,3.522,2.182
-5.959,3.035,2.122
-5.840,2.486,2.098
-5.765,1.793,2.126
-5.709,0.923,2.189
-5.571,-0.099,2.235
-5.244,-1.193,2.186
-4.698,-2.256,1.989
-4.013,-3.172,1.666
-3.333,-3.841,1.324
-2.802,-4.233,1.109
-2.500,-4.399,1.108
-2.415,-4.460,1.291
-2.458,-4.541,1.530
-2.512,-4.732,1.699
-2.473,-5.065,1.748
-2.275,-5.508,1.715
-1.896,-5.978,1.646
-1.368,-6.396,1.536
-0.791,-6.728,1.328
-0.317,-6.989,0.985
-0.087,-7.211,0.536
-0.155,-7.397,0.062
-0.463,-7.524,-0.368
-0.881,-7.576,-0.741
-1.286,-7.567,-1.089
-1.602,-7.528,-1.433
-1.801,-7.468,-1.751
-1.863,-7.349,-1.998
-1.768,-7.112,-2.163
-1.514,-6.734,-2.310
-1.155,-6.248,-2.534
-0.796,-5.731,-2.887
-0.557,-5.248,-3.341
-0.511,-4.834,-3.820
-0.649,-4.503,-4.262
-0.909,-4.280,-4.630
-1.211,-4.192,-4.906
-1.487,-4.222,-5.061
-1.685,-4.278,-5.056
-1.783,-4.210,-4.859
-1.829,-3.879,-4.488
-1.927,-3.225,-4.023
-2.175,-2.280,-3.569
-2.594,-1.143,-3.186
-3.108,0.080,-2.860
-3.586,1.302,-2.545
-3.910,2.486,-2.212
-3.998,3.630,-1.844
-3.815,4.726,-1.408
-3.353,5.718,-0.848
-2.629,6.503,-0.149
-1.695,6.981,0.614
-0.653,7.105,1.303
0.351,6.890,1.793
1.154,6.396,2.063
1.651,5.718,2.171
1.845,4.987,2.182
1.836,4.330,2.104
1.756,3.805,1.893
1.687,3.364,1.529
1.658,2.889,1.047
1.688,2.285,0.501
1.808,1.537,-0.069
2.023,0.677,-0.643
2.265,-0.258,-1.187
2.408,-1.233,-1.661
2.352,-2.164,-2.035
2.092,-2.895,-2.287
1.691,-3.247,-2.375
1.213,-3.116,-2.251
0.691,-2.505,-1.919
0.151,-1.495,-1.480
-0.362,-0.180,-1.067
-0.798,1.358,-0.724
-1.128,3.044,-0.376
-1.345,4.806,0.080
-1.443,6.573,0.654
-1.416,8.257,1.244
-1.289,9.721,1.744
-1.110,10.791,2.132
-0.919,11.323,2.452
-0.706,11.274,2.718
-0.439,10.704,2.867
-0.126,9.724,2.817
0.160,8.456,2.578
0.339,7.037,2.276
0.391,5.623,2.067
0.387,4.343,2.021
0.431,3.225,2.077
0.598,2.189,2.119
0.910,1.117,2.066
1.383,-0.038,1.898
2.065,-1.225,1.628
2.998,-2.343,1.299
4.125,-3.326,0.979
5.276,-4.183,0.732
6.246,-4.972,0.559
6.910,-5.759,0.397
7.255,-6.582,0.190
7.315,-7.430,-0.047
7.122,-8.233,-0.252
6.712,-8.872,-0.376
6.164,-9.220,-0.402
5.578,-9.215,-0.323
5.020,-8.908,-0.124
4.476,-8.446,0.168
3.881,-8.002,0.460
3.149,-7.702,0.633
2.229,-7.605,0.625
1.132,-7.723,0.452
-0.047,-8.031,0.180
-1.172,-8.446,-0.139
-2.155,-8.823,-0.462
-3.016,-9.008,-0.742
-3.831,-8.906,-0.923
-4.636,-8.526,-0.967
-5.360,-7.955,-0.879
-5.866,-7.311,-0.711
-6.036,-6.686,-0.530
-5.832,-6.107,-0.386
-5.294,-5.534,-0.283
-4.513,-4.893,-0.188
-3.621,-4.142,-0.063
-2.752,-3.316,0.098
-1.993,-2.506,0.256
-1.330,-1.804,0.349
-0.674,-1.269,0.332
0.055,-0.921,0.212
0.851,-0.745,0.031
1.619,-0.700,-0.174
2.247,-0.725,-0.381
2.671,-0.763,-0.539
2.905,-0.782,-0.539
3.001,-0.778,-0.260
3.027,-0.761,0.324
3.040,-0.761,1.096
3.072,-0.832,1.845
3.119,-1.038,2.385
3.154,-1.402,2.616
3.146,-1.855,2.537
3.062,-2.242,2.229
2.846,-2.389,1.824
2.421,-2.191,1.462
1.736,-1.653,1.224
0.823,-0.859,1.125
-0.209,0.072,1.135
-1.248,1.022,1.190
-2.221,1.898,1.198
-3.096,2.647,1.063
-3.841,3.261,0.741
-4.424,3.754,0.289
-4.841,4.129,-0.159
-5.131,4.379,-0.455
-5.367,4.492,-0.505
-5.618,4.459,-0.317
-5.908,4.267,-0.013
-6.195,3.901,0.246
-6.391,3.383,0.359
-6.404,2.782,0.354
-6.182,2.212,0.333
-5.719,1.765,0.372
-5.051,1.459,0.476
-4.229,1.225,0.625
-3.311,0.948,0.819
-2.335,0.550,1.081
-1.310,0.060,1.406
-0.243,-0.382,1.753
0.819,-0.600,2.067
1.794,-0.469,2.300
2.625,0.048,2.434
3.335,0.905,2.479
4.005,1.992,2.464
4.713,3.149,2.410
5.476,4.208,2.339
6.257,5.039,2.293
7.008,5.599,2.339
7.696,5.926,2.520
8.308,6.089,2.795
8.825,6.134,3.036
9.207,6.061,3.114
9.395,5.834,2.972
9.364,5.436,2.627
9.162,4.910,2.120
8.908,4.363,1.507
8.713,3.911,0.894
8.606,3.618,0.421
8.543,3.471,0.182
8.477,3.412,0.134
8.390,3.371,0.121
8.263,3.282,-0.005
8.039,3.091,-0.279
7.637,2.784,-0.617
7.020,2.408,-0.918
6.215,2.037,-1.186
5.280,1.716,-1.530
4.263,1.430,-2.039
3.194,1.137,-2.643
2.116,0.833,-3.113
1.096,0.571,-3.247
0.207,0.420,-3.026
-0.502,0.393,-2.609
-1.017,0.418,-2.194
-1.339,0.383,-1.906
-1.455,0.225,-1.797
-1.356,-0.018,-1.876
-1.073,-0.252,-2.123
-0.688,-0.425,-2.477
-0.276,-0.562,-2.835
0.173,-0.723,-3.070
0.735,-0.932,-3.075
1.470,-1.163,-2.818
2.346,-1.389,-2.374
3.251,-1.604,-1.878
4.059,-1.808,-1.418
4.689,-1.975,-0.984
5.111,-2.057,-0.518
5.323,-2.018,-0.024
5.324,-1.885,0.385
5.112,-1.740,0.562
4.693,-1.689,0.430
4.105,-1.780,0.059
3.411,-1.966,-0.347
2.672,-2.117,-0.561
1.928,-2.114,-0.460
1.208,-1.927,-0.090
0.556,-1.628,0.379
0.035,-1.330,0.790
-0.302,-1.128,1.093
-0.440,-1.065,1.332
-0.402,-1.123,1.558
-0.229,-1.233,1.774
0.012,-1.296,1.966
0.237,-1.210,2.137
0.366,-0.907,2.305
0.375,-0.367,2.480
0.312,0.360,2.663
0.260,1.161,2.856
0.280,1.906,3.042
0.387,2.529,3.164
0.580,3.076,3.158
0.860,3.655,3.039
1.227,4.335,2.926
1.675,5.075,2.970
2.206,5.771,3.225
2.814,6.333,3.602
3.455,6.728,3.942
4.030,6.956,4.139
4.437,7.035,4.192
4.640,7.005,4.171
4.708,6.932,4.144
4.764,6.880,4.125
4.885,6.869,4.087
5.041,6.875,3.988
5.125,6.855,3.793
5.052,6.764,3.509
4.809,6.541,3.175
4.456,6.110,2.828
4.076,5.405,2.453
3.747,4.434,2.000
3.524,3.298,1.459
3.416,2.159,0.917
3.361,1.174,0.506
3.264,0.432,0.303
3.051,-0.055,0.274
2.712,-0.352,0.316
2.272,-0.563,0.321
1.754,-0.795,0.219
1.175,-1.113,-0.018
0.578,-1.536,-0.376
0.058,-2.060,-0.794
-0.266,-2.690,-1.178
-0.305,-3.435,-1.457
-0.047,-4.260,-1.616
0.418,-5.067,-1.693
0.914,-5.722,-1.724
1.231,-6.126,-1.705
1.205,-6.254,-1.607
0.792,-6.146,-1.439
0.093,-5.878,-1.260
-0.701,-5.531,-1.134
-1.401,-5.186,-1.061
-1.896,-4.887,-0.981
-2.155,-4.626,-0.844
-2.207,-4.366,-0.661
-2.115,-4.097,-0.478
-1.987,-3.863,-0.313
-1.952,-3.733,-0.154
-2.094,-3.730,0.001
-2.395,-3.806,0.117
-2.748,-3.880,0.158
-3.043,-3.901,0.157
-3.225,-3.867,0.202
-3.263,-3.794,0.384
-3.111,-3.693,0.735
-2.705,-3.587,1.214
-2.033,-3.542,1.725
-1.173,-3.652,2.153
-0.252,-3.979,2.412
0.617,-4.496,2.476
1.380,-5.091,2.388
2.021,-5.625,2.229
2.526,-5.991,2.080
2.883,-6.149,1.998
3.117,-6.112,1.998
3.296,-5.933,2.051
3.507,-5.675,2.101
3.792,-5.387,2.094
4.134,-5.104,2.009
4.480,-4.843,1.852
4.809,-4.613,1.632
5.127,-4.401,1.361
5.428,-4.177,1.065
5.646,-3.887,0.803
5.683,-3.475,0.640
5.485,-2.891,0.620
5.098,-2.126,0.730
4.635,-1.226,0.913
4.201,-0.289,1.109
3.833,0.560,1.287
3.493,1.209,1.440
3.127,1.591,1.553
2.712,1.697,1.583
2.261,1.563,1.498
1.798,1.280,1.317
1.349,0.989,1.112
0.938,0.861,0.969
0.594,1.031,0.932
0.320,1.494,0.989
0.106,2.086,1.099
-0.046,2.562,1.228
-0.092,2.729,1.368
0.039,2.524,1.533
0.387,1.987,1.733
0.908,1.210,1.951
1.487,0.318,2.135
1.984,-0.537,2.217
2.289,-1.210,2.166
2.344,-1.635,2.020
2.153,-1.843,1.880
1.757,-1.922,1.839
1.228,-1.949,1.894
0.662,-1.959,1.952
0.162,-1.969,1.920
-0.192,-1.983,1.800
-0.369,-1.989,1.671
-0.379,-1.947,1.582
-0.243,-1.830,1.495
0.004,-1.673,1.352
0.302,-1.557,1.171
0.567,-1.553,1.035
0.738,-1.663,1.001
0.803,-1.833,1.037
0.779,-2.014,1.059
0.660,-2.199,0.998
0.416,-2.382,0.835
0.046,-2.516,0.587
-0.384,-2.518,0.281
-0.787,-2.344,-0.048
-1.112,-2.037,-0.369
-1.373,-1.684,-0.662
-1.599,-1.357,-0.906
-1.790,-1.073,-1.075
-1.915,-0.824,-1.138
-1.960,-0.603,-1.068
-1.959,-0.397,-0.869
-1.971,-0.184,-0.583
-2.035,0.059,-0.283
-2.146,0.316,-0.033
-2.282,0.532,0.126
-2.412,0.648,0.188
-2.499,0.639,0.161
-2.516,0.518,0.082
-2.465,0.319,0.003
-2.413,0.084,-0.021
-2.462,-0.146,0.041
-2.691,-0.325,0.199
-3.106,-0.423,0.447
-3.619,-0.438,0.768
-4.089,-0.403,1.112
-4.379,-0.371,1.386
-4.414,-0.408,1.479
-4.199,-0.564,1.324
-3.796,-0.851,0.963
-3.287,-1.212,0.539
-2.732,-1.540,0.218
-2.155,-1.719,0.089
-1.567,-1.685,0.114
-0.983,-1.460,0.190
-0.451,-1.137,0.245
-0.035,-0.831,0.278
0.216,-0.623,0.313
0.306,-0.520,0.341
0.275,-0.464,0.324
0.167,-0.367,0.247
0.005,-0.145,0.150
-0.202,0.270,0.106
-0.422,0.897,0.155
-0.588,1.681,0.276
-0.636,2.498,0.413
-0.542,3.221,0.514
-0.332,3.792,0.565
-0.053,4.237,0.580
0.258,4.616,0.576
0.578,4.945,0.555
0.890,5.181,0.515
1.184,5.252,0.467
1.461,5.128,0.418
1.729,4.839,0.350
1.974,4.458,0.222
2.143,4.048,0.020
2.170,3.629,-0.220
2.051,3.182,-0.442
1.891,2.681,-0.630
1.873,2.126,-0.814
2.128,1.553,-1.018
2.638,1.022,-1.207
3.240,0.613,-1.321
3.740,0.382,-1.328
4.017,0.328,-1.235
4.035,0.377,-1.057
3.806,0.416,-0.809
3.380,0.371,-0.541
2.864,0.243,-0.358
2.398,0.092,-0.345
2.064,-0.033,-0.488
1.833,-0.122,-0.668
1.607,-0.177,-0.761
1.334,-0.193,-0.734
1.050,-0.172,-0.646
0.813,-0.154,-0.572
0.620,-0.204,-0.533
0.408,-0.364,-0.510
0.116,-0.614,-0.481
-0.279,-0.900,-0.459
-0.791,-1.166,-0.475
-1.443,-1.364,-0.546
-2.249,-1.425,-0.653
-3.162,-1.258,-0.745
-4.089,-0.809,-0.777
-4.928,-0.104,-0.746
-5.608,0.753,-0.699
-6.091,1.641,-0.701
-6.357,2.473,-0.782
-6.417,3.217,-0.914
-6.319,3.896,-1.026
-6.135,4.555,-1.054
-5.930,5.235,-0.976
-5.723,5.934,-0.809
-5.496,6.616,-0.581
-5.209,7.248,-0.325
-4.841,7.822,-0.073
-4.401,8.328,0.142
-3.920,8.718,0.295
-3.425,8.899,0.384
-2.917,8.792,0.433
-2.374,8.391,0.475
-1.780,7.758,0.540
-1.135,6.983,0.630
-0.453,6.138,0.711
0.259,5.271,0.732
0.997,4.419,0.673
1.757,3.616,0.572
2.518,2.904,0.499
3.244,2.329,0.481
3.897,1.929,0.482
4.439,1.703,0.447
4.844,1.611,0.369
5.100,1.609,0.285
5.211,1.691,0.235
5.187,1.884,0.229
5.020,2.203,0.275
4.698,2.621,0.375
4.242,3.090,0.504
3.736,3.598,0.601
3.306,4.165,0.614
3.047,4.799,0.563
2.966,5.456,0.528
3.001,6.069,0.582
3.093,6.608,0.734
3.223,7.083,0.950
3.395,7.512,1.200
3.590,7.869,1.473
3.755,8.108,1.746
3.830,8.184,1.968
3.787,8.065,2.069
3.634,7.704,2.001
3.399,7.045,1.783
3.110,6.082,1.488
2.775,4.900,1.206
2.382,3.637,0.985
1.909,2.419,0.807
1.346,1.310,0.625
0.702,0.340,0.427
0.013,-0.449,0.257
-0.666,-1.012,0.162
-1.274,-1.347,0.124
-1.758,-1.527,0.044
-2.099,-1.686,-0.187
-2.304,-1.951,-0.585
-2.399,-2.382,-1.049
-2.420,-2.937,-1.443
-2.407,-3.491,-1.714
-2.415,-3.895,-1.917
-2.494,-4.036,-2.135
-2.664,-3.883,-2.361
-2.886,-3.462,-2.496
-3.072,-2.813,-2.434
-3.135,-1.982,-2.163
-3.039,-1.034,-1.774
-2.819,-0.076,-1.378
-2.539,0.764,-1.042
-2.232,1.394,-0.780
-1.863,1.774,-0.608
-1.373,1.894,-0.567
-0.749,1.735,-0.694
-0.059,1.283,-0.959
0.588,0.576,-1.255
1.111,-0.251,-1.444
1.503,-1.012,-1.438
1.795,-1.558,-1.257
1.998,-1.858,-1.015
2.072,-1.980,-0.851
1.957,-1.996,-0.832
1.625,-1.911,-0.919
1.106,-1.687,-1.013
0.484,-1.302,-1.038
-0.143,-0.799,-0.987
-0.686,-0.261,-0.887
-1.083,0.245,-0.775
-1.305,0.699,-0.688
-1.371,1.128,-0.667
-1.367,1.581,-0.724
-1.419,2.091,-0.795
-1.637,2.653,-0.786
-2.029,3.217,-0.650
-2.484,3.714,-0.427
-2.833,4.076,-0.187
-2.949,4.241,0.038
-2.801,4.159,0.242
-2.442,3.832,0.388
-1.975,3.324,0.411
-1.512,2.727,0.284
-1.145,2.097,0.056
-0.890,1.444,-0.202
-0.664,0.765,-0.465
-0.326,0.079,-0.759
0.205,-0.585,-1.089
0.880,-1.224,-1.398
1.560,-1.846,-1.595
2.123,-2.429,-1.632
2.557,-2.910,-1.543
2.931,-3.241,-1.404
3.322,-3.433,-1.263
3.746,-3.552,-1.103
4.163,-3.649,-0.872
4.497,-3.733,-0.563
4.666,-3.783,-0.250
4.603,-3.776,-0.037
4.287,-3.694,0.035
3.770,-3.507,0.035
3.182,-3.180,0.094
2.684,-2.712,0.294
2.385,-2.172,0.589
2.292,-1.697,0.836
2.308,-1.430,0.899
2.313,-1.446,0.740
2.228,-1.721,0.436
2.031,-2.153,0.111
1.723,-2.627,-0.154
1.297,-3.050,-0.358
0.756,-3.368,-0.558
0.157,-3.544,-0.805
-0.394,-3.555,-1.092
-0.792,-3.414,-1.364
-0.985,-3.197,-1.574
-0.991,-3.024,-1.732
-0.862,-3.013,-1.899
-0.658,-3.220,-2.125
-0.428,-3.610,-2.402
-0.211,-4.087,-2.680
-0.013,-4.543,-2.917
0.184,-4.920,-3.112
0.397,-5.218,-3.291
0.610,-5.475,-3.471
0.792,-5.712,-3.645
0.930,-5.912,-3.780
1.043,-6.019,-3.823
1.138,-5.977,-3.717
1.189,-5.750,-3.449
1.166,-5.333,-3.092
1.074,-4.758,-2.778
0.972,-4.091,-2.591
0.917,-3.411,-2.504
0.944,-2.777,-2.424
1.070,-2.203,-2.313
1.302,-1.688,-2.236
1.602,-1.262,-2.279
1.860,-0.979,-2.451
1.944,-0.870,-2.663
1.787,-0.889,-2.819
1.452,-0.925,-2.905
1.064,-0.900,-2.979
0.720,-0.826,-3.104
0.439,-0.778,-3.288
0.199,-0.817,-3.506
-0.004,-0.938,-3.748
-0.155,-1.110,-4.031
-0.260,-1.330,-4.366
-0.367,-1.622,-4.729
-0.531,-1.992,-5.090
-0.762,-2.391,-5.428
-1.022,-2.741,-5.719
-1.292,-2.977,-5.904
-1.585,-3.064,-5.896
-1.916,-2.977,-5.647
-2.236,-2.693,-5.182
-2.443,-2.218,-4.556
-2.466,-1.611,-3.819
-2.329,-0.978,-3.025
-2.113,-0.415,-2.269
-1.874,0.035,-1.658
-1.610,0.381,-1.236
-1.311,0.663,-0.956
-0.996,0.933,-0.752
-0.695,1.244,-0.610
-0.401,1.630,-0.549
-0.083,2.065,-0.567
0.259,2.471,-0.628
0.587,2.764,-0.705
0.853,2.925,-0.791
1.033,2.993,-0.867
1.116,3.015,-0.890
1.089,3.017,-0.825
0.945,3.020,-0.692
0.695,3.070,-0.550
0.354,3.212,-0.460
-0.065,3.458,-0.455
-0.547,3.784,-0.522
-1.052,4.161,-0.606
-1.503,4.576,-0.640
-1.809,5.016,-0.597
-1.883,5.448,-0.509
-1.696,5.834,-0.418
-1.315,6.156,-0.320
-0.890,6.423,-0.177
-0.578,6.648,0.023
-0.446,6.834,0.250
-0.452,6.949,0.467
-0.498,6.938,0.672
-0.503,6.763,0.878
-0.434,6.448,1.073
-0.312,6.079,1.216
-0.212,5.749,1.270
-0.233,5.496,1.226
-0.436,5.299,1.106
-0.780,5.115,0.948
-1.139,4.921,0.769
-1.369,4.705,0.564
-1.406,4.453,0.319
-1.283,4.153,0.052
-1.088,3.812,-0.175
-0.903,3.453,-0.297
-0.757,3.095,-0.299
-0.635,2.737,-0.229
-0.527,2.360,-0.151
-0.454,1.953,-0.103
-0.459,1.526,-0.071
-0.560,1.108,-0.025
-0.723,0.722,0.053
-0.884,0.375,0.146
-1.000,0.057,0.208
-1.086,-0.231,0.197
-1.190,-0.471,0.109
-1.358,-0.647,-0.015
-1.600,-0.768,-0.120
-1.892,-0.880,-0.164
-2.180,-1.045,-0.131
-2.393,-1.301,-0.030
-2.455,-1.642,0.101
-2.316,-2.015,0.204
-1.989,-2.358,0.234
-1.551,-2.632,0.210
-1.105,-2.835,0.216
-0.725,-2.980,0.345
-0.430,-3.079,0.630
-0.200,-3.146,1.025
-0.009,-3.225,1.448
0.161,-3.385,1.812
0.323,-3.672,2.045
0.490,-4.066,2.091
0.658,-4.479,1.938
0.800,-4.793,1.643
0.882,-4.925,1.307
0.897,-4.843,1.020
0.883,-4.577,0.818
0.884,-4.186,0.692
0.903,-3.731,0.617
0.887,-3.237,0.563
0.768,-2.675,0.504
0.520,-1.985,0.426
0.178,-1.126,0.337
-0.175,-0.109,0.260
-0.446,0.989,0.206
-0.567,2.058,0.163
-0.524,2.993,0.114
-0.357,3.721,0.056
-0.142,4.207,0.000
0.046,4.455,-0.033
0.154,4.502,-0.021
0.142,4.419,0.054
-0.007,4.294,0.178
-0.271,4.210,0.294
-0.587,4.205,0.332
-0.860,4.259,0.261
-1.009,4.300,0.126
-0.984,4.260,0.006
-0.768,4.119,-0.052
-0.364,3.911,-0.063
0.188,3.691,-0.046
0.810,3.497,0.022
1.405,3.350,0.196
1.903,3.271,0.481
2.277,3.284,0.803
2.514,3.376,1.065
2.582,3.491,1.233
2.438,3.563,1.346
2.093,3.573,1.461
1.634,3.559,1.616
1.172,3.563,1.823
0.766,3.580,2.085
0.403,3.581,2.384
0.036,3.558,2.666
-0.378,3.541,2.847
-0.863,3.564,2.865
-1.431,3.615,2.738
-2.079,3.653,2.555
-2.778,3.651,2.414
-3.475,3.624,2.352
-4.106,3.604,2.329
-4.606,3.610,2.273
-4.930,3.634,2.140
-5.061,3.666,1.938
-5.027,3.707,1.725
-4.908,3.764,1.576
-4.800,3.839,1.535
-4.766,3.923,1.573
-4.780,3.998,1.615
-4.733,4.045,1.631
-4.496,4.049,1.688
-4.011,4.009,1.887
-3.326,3.949,2.241
-2.569,3.914,2.631
-1.892,3.938,2.889
-1.406,4.018,2.926
-1.128,4.118,2.787
-0.954,4.194,2.589
-0.742,4.219,2.436
-0.422,4.175,2.369
-0.067,4.041,2.373
0.169,3.792,2.416
0.180,3.425,2.460
-0.006,2.955,2.485
-0.262,2.396,2.476
-0.462,1.748,2.409
-0.561,1.033,2.252
-0.601,0.327,1.959
-0.662,-0.257,1.521
-0.798,-0.629,1.012
-1.003,-0.775,0.603
-1.218,-0.755,0.485
-1.364,-0.658,0.723
-1.397,-0.557,1.188
-1.341,-0.487,1.630
-1.285,-0.434,1.854
-1.335,-0.348,1.819
-1.542,-0.179,1.609
-1.867,0.078,1.324
-2.226,0.365,1.024
-2.574,0.592,0.746
-2.943,0.696,0.522
-3.387,0.697,0.361
-3.891,0.679,0.227
-4.355,0.729,0.080
-4.651,0.864,-0.080
-4.708,1.017,-0.215
-4.530,1.080,-0.308
-4.158,0.962,-0.410
-3.639,0.614,-0.602
-3.034,0.035,-0.909
-2.420,-0.726,-1.250
-1.867,-1.557,-1.476
-1.398,-2.314,-1.475
-0.986,-2.886,-1.247
-0.580,-3.266,-0.898
-0.143,-3.535,-0.565
0.338,-3.789,-0.343
0.864,-4.065,-0.255
1.430,-4.332,-0.263
2.001,-4.540,-0.301
2.517,-4.659,-0.317
2.911,-4.683,-0.300
3.162,-4.600,-0.270
3.289,-4.397,-0.246
3.319,-4.079,-0.229
3.247,-3.680,-0.212
3.042,-3.258,-0.188
2.691,-2.867,-0.160
2.225,-2.544,-0.124
1.699,-2.298,-0.072
1.158,-2.106,-0.007
0.613,-1.924,0.037
0.059,-1.701,0.015
-0.498,-1.407,-0.096
-1.030,-1.027,-0.265
-1.503,-0.550,-0.413
-1.888,0.041,-0.477
-2.164,0.743,-0.447
-2.331,1.517,-0.354
-2.414,2.281,-0.213
-2.465,2.955,-0.009
-2.540,3.492,0.270
-2.656,3.887,0.589
-2.778,4.153,0.862
-2.845,4.294,0.995
-2.803,4.304,0.948
-2.623,4.174,0.773
-2.290,3.897,0.602
-1.796,3.478,0.563
-1.150,2.934,0.697
-0.385,2.303,0.928
0.443,1.638,1.128
1.274,0.997,1.209
2.039,0.439,1.177
2.669,0.010,1.091
3.105,-0.263,1.002
3.322,-0.391,0.916
3.348,-0.411,0.824
3.262,-0.373,0.741
3.178,-0.315,0.712
3.201,-0.255,0.776
3.380,-0.207,0.930
3.673,-0.199,1.112
3.967,-0.268,1.235
4.125,-0.427,1.245
4.051,-0.641,1.152
3.720,-0.824,1.015
3.170,-0.897,0.892
2.475,-0.830,0.799
1.703,-0.656,0.725
0.900,-0.441,0.664
0.079,-0.225,0.643
-0.744,-0.014,0.692
-1.513,0.193,0.800
-2.134,0.365,0.891
-2.521,0.428,0.858
-2.661,0.310,0.639
-2.635,-0.003,0.249
-2.569,-0.438,-0.215
-2.555,-0.875,-0.628
-2.602,-1.226,-0.896
-2.650,-1.467,-0.988
-2.620,-1.618,-0.944
-2.465,-1.694,-0.850
-2.188,-1.699,-0.790
-1.852,-1.648,-0.803
-1.538,-1.594,-0.875
-1.310,-1.613,-0.949
-1.171,-1.758,-0.973
-1.074,-2.037,-0.936
-0.953,-2.414,-0.866
-0.771,-2.829,-0.812
-0.538,-3.212,-0.791
-0.303,-3.496,-0.781
-0.130,-3.643,-0.748
-0.064,-3.657,-0.680
-0.118,-3.575,-0.576
-0.264,-3.460,-0.417
-0.438,-3.368,-0.176
-0.546,-3.342,0.127
-0.495,-3.389,0.402
-0.248,-3.485,0.538
0.134,-3.595,0.495
0.516,-3.698,0.324
0.783,-3.800,0.112
0.904,-3.910,-0.090
0.918,-4.040,-0.275
0.856,-4.196,-0.436
0.713,-4.373,-0.544
0.488,-4.529,-0.560
0.221,-4.592,-0.481
-0.021,-4.494,-0.353
-0.199,-4.228,-0.238
-0.306,-3.853,-0.179
-0.340,-3.448,-0.177
-0.280,-3.061,-0.207
-0.105,-2.711,-0.234
0.162,-2.406,-0.240
0.469,-2.152,-0.237
0.788,-1.934,-0.252
1.138,-1.708,-0.290
1.556,-1.427,-0.301
2.032,-1.063,-0.205
2.510,-0.626,0.045
2.920,-0.155,0.406
3.250,0.277,0.772
3.541,0.579,1.027
3.847,0.680,1.105
4.186,0.569,1.007
4.514,0.301,0.781
4.754,-0.045,0.487
4.834,-0.406,0.165
4.726,-0.760,-0.149
4.460,-1.117,-0.419
4.115,-1.498,-0.611
3.783,-1.921,-0.744
3.533,-2.397,-0.880
3.372,-2.932,-1.083
3.245,-3.512,-1.366
3.079,-4.098,-1.684
2.834,-4.623,-1.971
2.522,-5.032,-2.172
2.188,-5.315,-2.256
1.871,-5.512,-2.218
1.598,-5.675,-2.093
1.372,-5.813,-1.944
1.189,-5.884,-1.837
1.030,-5.819,-1.803
0.867,-5.564,-1.810
0.669,-5.100,-1.786
0.427,-4.439,-1.674
0.161,-3.624,-1.472
-0.076,-2.719,-1.217
-0.231,-1.805,-0.923
-0.270,-0.953,-0.569
-0.188,-0.209,-0.134
0.008,0.407,0.346
0.292,0.892,0.783
0.621,1.239,1.091
0.942,1.434,1.243
1.227,1.475,1.275
1.496,1.392,1.252
1.784,1.240,1.228
2.086,1.068,1.223
2.343,0.878,1.223
2.481,0.637,1.204
2.480,0.327,1.145
2.385,-0.021,1.041
2.268,-0.330,0.919
2.166,-0.506,0.818
2.071,-0.479,0.761
1.958,-0.216,0.746
1.824,0.274,0.752
1.684,0.940,0.780
1.546,1.694,0.850
1.404,2.432,0.985
1.257,3.063,1.169
1.108,3.522,1.350
0.947,3.782,1.458
0.729,3.836,1.447
0.413,3.708,1.330
-0.005,3.457,1.166
-0.488,3.172,1.029
-1.002,2.934,0.952
-1.542,2.787,0.906
-2.108,2.713,0.835
-2.672,2.658,0.713
-3.159,2.555,0.574
-3.490,2.347,0.471
-3.617,1.995,0.408
-3.535,1.483,0.321
-3.276,0.819,0.136
-2.899,0.039,-0.138
-2.469,-0.796,-0.411
-2.048,-1.605,-0.597
-1.675,-2.308,-0.701
-1.378,-2.846,-0.813
-1.186,-3.201,-1.009
-1.127,-3.380,-1.276
-1.197,-3.370,-1.531
-1.342,-3.135,-1.688
-1.475,-2.652,-1.716
-1.518,-1.969,-1.637
-1.421,-1.212,-1.506
-1.148,-0.522,-1.383
-0.679,0.020,-1.310
-0.041,0.409,-1.282
0.669,0.672,-1.263
1.307,0.802,-1.222
1.766,0.755,-1.175
2.031,0.483,-1.159
2.165,-0.022,-1.174
2.239,-0.718,-1.167
2.280,-1.505,-1.090
2.283,-2.262,-0.957
2.242,-2.880,-0.841
2.158,-3.305,-0.800
2.033,-3.555,-0.844
1.873,-3.688,-0.962
1.698,-3.759,-1.156
1.542,-3.803,-1.437
1.413,-3.848,-1.784
1.272,-3.910,-2.139
1.067,-3.981,-2.419
0.781,-4.018,-2.549
0.460,-3.982,-2.500
0.164,-3.864,-2.324
-0.083,-3.677,-2.139
-0.310,-3.426,-2.066
-0.561,-3.094,-2.150
-0.846,-2.670,-2.328
-1.134,-2.172,-2.498
-1.376,-1.629,-2.589
-1.549,-1.070,-2.588
-1.676,-0.521,-2.510
-1.799,-0.021,-2.369
-1.943,0.388,-2.185
-2.098,0.670,-2.002
-2.229,0.802,-1.879
-2.307,0.762,-1.857
-2.317,0.541,-1.938
-2.265,0.166,-2.096
-2.164,-0.280,-2.282
-2.044,-0.698,-2.430
-1.956,-1.030,-2.462
-1.932,-1.268,-2.338
-1.954,-1.421,-2.097
-1.954,-1.475,-1.834
-1.867,-1.417,-1.621
-1.685,-1.261,-1.459
-1.458,-1.044,-1.309
-1.230,-0.796,-1.158
-0.990,-0.525,-1.018
-0.687,-0.238,-0.878
-0.285,0.050,-0.698
0.203,0.326,-0.451
0.730,0.610,-0.166
1.240,0.949,0.095
1.672,1.373,0.292
1.969,1.871,0.421
2.100,2.407,0.500
2.080,2.957,0.562
1.960,3.525,0.643
1.780,4.119,0.755
1.555,4.724,0.864
1.279,5.298,0.905
0.954,5.798,0.849
0.600,6.192,0.737
0.260,6.462,0.628
-0.014,6.591,0.541
-0.176,6.556,0.440
-0.216,6.337,0.297
-0.165,5.942,0.128
-0.070,5.426,-0.014
0.042,4.871,-0.089
0.187,4.344,-0.094
0.391,3.851,-0.058
0.653,3.353,-0.006
0.932,2.820,0.060
1.178,2.266,0.153
1.359,1.735,0.274
1.466,1.265,0.386
1.498,0.875,0.438
1.453,0.585,0.417
1.346,0.426,0.368
1.216,0.403,0.353
1.112,0.465,0.387
1.061,0.496,0.413
1.053,0.366,0.357
1.053,-0.009,0.203
1.021,-0.621,0.000
0.932,-1.373,-0.177
0.765,-2.124,-0.290
0.489,-2.748,-0.335
0.052,-3.180,-0.326
-0.584,-3.409,-0.277
-1.408,-3.461,-0.216
-2.341,-3.364,-0.173
-3.267,-3.152,-0.161
-4.081,-2.879,-0.165
-4.721,-2.610,-0.160
-5.161,-2.399,-0.146
-5.387,-2.270,-0.147
-5.414,-2.209,-0.192
-5.295,-2.182,-0.283
-5.116,-2.141,-0.400
-4.952,-2.035,-0.511
-4.833,-1.827,-0.581
-4.752,-1.506,-0.574
-4.697,-1.091,-0.468
-4.674,-0.610,-0.278
-4.689,-0.086,-0.059
-4.720,0.464,0.128
-4.731,1.013,0.247
-4.698,1.525,0.296
-4.625,1.968,0.294
-4.529,2.337,0.270
-4.419,2.644,0.243
-4.284,2.903,0.204
-4.099,3.121,0.123
-3.835,3.325,-0.011
-3.473,3.557,-0.146
-3.008,3.848,-0.188
-2.458,4.182,-0.067
-1.859,4.481,0.205
-1.269,4.648,0.541
-0.757,4.624,0.824
-0.395,4.419,0.978
-0.230,4.111,1.004
-0.263,3.808,0.968
-0.451,3.603,0.938
-0.733,3.544,0.929
-1.035,3.623,0.907
-1.288,3.803,0.849
-1.430,4.057,0.785
-1.432,4.387,0.789
-1.309,4.796,0.919
-1.111,5.261,1.180
-0.891,5.716,1.524
-0.684,6.093,1.885
-0.514,6.359,2.203
-0.408,6.521,2.440
-0.390,6.596,2.571
-0.469,6.585,2.591
-0.639,6.483,2.512
-0.891,6.297,2.364
-1.200,6.044,2.180
-1.509,5.748,1.999
-1.734,5.424,1.857
-1.809,5.087,1.774
-1.729,4.740,1.736
-1.545,4.374,1.693
-1.323,3.959,1.604
-1.110,3.471,1.465
-0.931,2.909,1.317
-0.796,2.311,1.203
-0.704,1.735,1.130
-0.649,1.233,1.075
-0.634,0.818,1.009
-0.682,0.462,0.940
-0.813,0.135,0.899
-1.007,-0.161,0.889
-1.207,-0.382,0.872
-1.362,-0.471,0.806
-1.479,-0.392,0.695
-1.613,-0.123,0.594
-1.793,0.343,0.559
-1.983,0.977,0.599
-2.097,1.688,0.684
-2.081,2.344,0.776
-1.963,2.837,0.850
-1.826,3.150,0.901
-1.748,3.336,0.924
-1.757,3.450,0.903
-1.832,3.508,0.821
-1.949,3.517,0.687
-2.096,3.524,0.539
-2.260,3.615,0.428
-2.417,3.839,0.378
-2.539,4.167,0.386
-2.617,4.505,0.424
-2.662,4.745,0.456
-2.666,4.818,0.445
-2.590,4.698,0.387
-2.392,4.394,0.312
-2.081,3.951,0.250
-1.712,3.445,0.201
-1.341,2.969,0.150
-0.979,2.600,0.130
-0.623,2.372,0.224
-0.275,2.280,0.491
0.057,2.303,0.889
0.379,2.418,1.309
0.699,2.591,1.655
1.001,2.771,1.899
1.235,2.914,2.038
1.363,3.004,2.054
1.390,3.038,1.935
1.343,2.996,1.709
1.225,2.842,1.438
1.014,2.563,1.177
0.699,2.201,0.952
0.309,1.822,0.780
-0.087,1.450,0.676
-0.423,1.055,0.639
-0.655,0.600,0.639
-0.780,0.088,0.634
-0.829,-0.446,0.597
-0.846,-0.969,0.535
-0.870,-1.462,0.466
-0.902,-1.905,0.402
-0.915,-2.264,0.353
-0.886,-2.518,0.333
-0.826,-2.667,0.354
-0.787,-2.729,0.405
-0.825,-2.707,0.448
-0.967,-2.591,0.447
-1.192,-2.383,0.401
-1.451,-2.107,0.346
-1.684,-1.805,0.324
-1.834,-1.501,0.354
-1.875,-1.198,0.423
-1.806,-0.872,0.505
-1.649,-0.504,0.586
-1.425,-0.082,0.669
-1.145,0.385,0.776
-0.826,0.867,0.930
-0.514,1.319,1.139
-0.270,1.685,1.366
-0.138,1.919,1.540
-0.130,2.005,1.593
-0.231,1.958,1.512
-0.424,1.832,1.345
-0.688,1.705,1.168
-0.992,1.651,1.037
-1.287,1.708,0.966
-1.514,1.848,0.933
-1.633,1.992,0.915
-1.630,2.058,0.901
-1.515,2.001,0.886
-1.311,1.819,0.858
-1.050,1.531,0.790
-0.770,1.180,0.669
-0.522,0.815,0.506
-0.344,0.492,0.336
-0.243,0.254,0.192
-0.191,0.113,0.075
-0.155,0.053,-0.033
-0.127,0.051,-0.137
-0.109,0.091,-0.201
-0.089,0.182,-0.173
-0.017,0.356,-0.036
0.158,0.641,0.170
0.452,1.028,0.367
0.835,1.455,0.494
1.260,1.831,0.540
1.689,2.077,0.546
2.093,2.152,0.563
2.441,2.059,0.611
2.693,1.841,0.669
2.823,1.571,0.710
2.826,1.331,0.731
2.721,1.178,0.749
2.542,1.128,0.764
2.319,1.161,0.745
2.081,1.242,0.658
1.839,1.335,0.505
1.599,1.409,0.331
1.370,1.443,0.182
1.171,1.427,0.071
1.005,1.346,-0.018
0.849,1.175,-0.112
0.667,0.892,-0.218
0.448,0.501,-0.343
0.225,0.050,-0.495
0.059,-0.404,-0.693
-0.010,-0.826,-0.933
0.018,-1.225,-1.170
0.109,-1.634,-1.337
0.227,-2.071,-1.385
0.335,-2.532,-1.313
0.414,-3.003,-1.151
0.464,-3.477,-0.931
0.512,-3.952,-0.677
0.592,-4.419,-0.427
0.718,-4.848,-0.242
0.867,-5.209,-0.171
0.987,-5.485,-0.204
1.041,-5.678,-0.268
1.033,-5.796,-0.274
1.014,-5.835,-0.182
1.038,-5.788,-0.016
1.117,-5.646,0.143
1.225,-5.417,0.230
1.331,-5.121,0.255
1.434,-4.772,0.296
1.552,-4.369,0.426
1.680,-3.903,0.629
1.774,-3.370,0.818
1.763,-2.785,0.925
1.591,-2.164,0.972
1.251,-1.512,1.030
0.791,-0.810,1.136
0.292,-0.045,1.258
-0.175,0.761,1.330
-0.558,1.539,1.313
-0.824,2.203,1.218
-0.951,2.696,1.094
-0.949,3.003,0.997
-0.883,3.135,0.960
-0.841,3.110,0.983
-0.881,2.944,1.043
-0.987,2.670,1.132
-1.088,2.319,1.259
-1.117,1.908,1.425
-1.045,1.419,1.597
-0.871,0.818,1.711
-0.606,0.089,1.714
-0.261,-0.753,1.613
0.132,-1.646,1.494
0.520,-2.505,1.464
0.841,-3.238,1.561
1.063,-3.783,1.706
1.188,-4.121,1.762
1.248,-4.276,1.654
1.291,-4.296,1.432
1.372,-4.218,1.212
1.540,-4.063,1.074
1.824,-3.853,1.010
2.221,-3.619,0.973
2.699,-3.405,0.953
3.215,-3.231,0.998
3.711,-3.068,1.174
4.106,-2.856,1.478
4.313,-2.560,1.799
4.264,-2.202,1.985
3.955,-1.838,1.962
3.446,-1.495,1.794
2.838,-1.153,1.617
2.251,-0.781,1.515
1.779,-0.393,1.477
1.456,-0.059,1.456
1.235,0.146,1.440
1.041,0.210,1.449
0.825,0.202,1.476
0.599,0.207,1.466
0.383,0.259,1.350
0.181,0.320,1.106
-0.010,0.329,0.782
-0.156,0.253,0.458
-0.203,0.102,0.214
-0.127,-0.106,0.090
0.030,-0.377,0.088
0.210,-0.727,0.186
0.399,-1.156,0.336
0.633,-1.633,0.465
0.950,-2.110,0.479
1.341,-2.546,0.325
1.748,-2.912,0.054
2.093,-3.189,-0.186
2.313,-3.371,-0.262
2.397,-3.464,-0.163
2.395,-3.498,-0.015
2.397,-3.522,0.043
2.476,-3.583,-0.024
2.646,-3.692,-0.158
2.872,-3.806,-0.294
3.091,-3.864,-0.443
3.227,-3.851,-0.655
3.204,-3.821,-0.943
2.989,-3.842,-1.248
2.619,-3.910,-1.476
2.184,-3.943,-1.565
1.764,-3.861,-1.511
1.384,-3.666,-1.361
1.024,-3.433,-1.170
0.680,-3.233,-0.964
0.389,-3.085,-0.732
0.186,-2.960,-0.467
0.047,-2.844,-0.218
-0.114,-2.750,-0.107
-0.388,-2.715,-0.256
-0.804,-2.766,-0.677
-1.318,-2.908,-1.224
-1.839,-3.125,-1.680
-2.268,-3.393,-1.902
-2.522,-3.715,-1.904
-2.564,-4.117,-1.811
-2.435,-4.614,-1.758
-2.242,-5.157,-1.817
-2.103,-5.613,-1.990
-2.082,-5.831,-2.227
-2.170,-5.729,-2.448
-2.311,-5.334,-2.571
-2.436,-4.744,-2.542
-2.475,-4.065,-2.368
-2.361,-3.386,-2.103
-2.058,-2.782,-1.809
-1.581,-2.318,-1.520
-1.008,-2.021,-1.231
-0.459,-1.860,-0.938
-0.058,-1.748,-0.656
0.103,-1.589,-0.433
-0.007,-1.308,-0.312
-0.339,-0.881,-0.303
-0.775,-0.325,-0.352
-1.166,0.302,-0.354
-1.399,0.922,-0.222
-1.435,1.464,0.031
-1.312,1.882,0.283
-1.106,2.156,0.391
-0.896,2.283,0.323
-0.723,2.266,0.173
-0.589,2.122,0.038
-0.468,1.873,-0.104
-0.350,1.530,-0.371
-0.255,1.087,-0.834
-0.208,0.550,-1.411
-0.194,-0.021,-1.932
-0.164,-0.512,-2.271
-0.087,-0.812,-2.411
-0.012,-0.878,-2.395
-0.039,-0.733,-2.287
-0.211,-0.417,-2.144
-0.444,0.048,-2.014
-0.583,0.623,-1.910
-0.513,1.213,-1.814
-0.241,1.689,-1.711
0.141,1.964,-1.626
0.529,2.037,-1.590
0.841,1.958,-1.580
1.014,1.772,-1.528
1.013,1.501,-1.383
0.852,1.171,-1.177
0.608,0.811,-0.992
0.376,0.440,-0.882
0.208,0.065,-0.826
0.091,-0.278,-0.764
-0.031,-0.520,-0.667
-0.201,-0.600,-0.580
-0.423,-0.522,-0.579
-0.658,-0.358,-0.698
-0.854,-0.176,-0.880
-0.941,-0.002,-1.009
-0.856,0.159,-0.996
-0.561,0.281,-0.848
-0.083,0.302,-0.654
0.494,0.156,-0.522
1.067,-0.177,-0.503
1.577,-0.658,-0.570
2.008,-1.198,-0.656
2.362,-1.705,-0.723
2.632,-2.128,-0.797
2.805,-2.475,-0.935
2.887,-2.783,-1.152
2.902,-3.078,-1.389
2.863,-3.345,-1.572
2.752,-3.537,-1.687
2.530,-3.604,-1.792
2.153,-3.525,-1.940
1.603,-3.320,-2.102
0.916,-3.041,-2.185
0.191,-2.745,-2.113
-0.428,-2.478,-1.896
-0.817,-2.268,-1.618
-0.921,-2.121,-1.364
-0.766,-2.010,-1.155
-0.428,-1.871,-0.944
0.000,-1.634,-0.682
0.432,-1.272,-0.370
0.788,-0.829,-0.059
1.012,-0.398,0.205
1.094,-0.060,0.401
1.084,0.158,0.517
1.071,0.276,0.527
1.129,0.326,0.401
1.259,0.316,0.134
1.400,0.227,-0.234
1.488,0.037,-0.639
1.509,-0.251,-1.019
1.507,-0.613,-1.332
1.549,-1.016,-1.564
1.672,-1.418,-1.722
1.871,-1.765,-1.822
2.111,-1.987,-1.880
2.333,-2.020,-1.912
2.478,-1.841,-1.922
2.495,-1.481,-1.908
2.365,-1.011,-1.874
2.116,-0.504,-1.833
1.812,0.003,-1.813
1.509,0.515,-1.822
1.225,1.057,-1.822
0.953,1.645,-1.748
0.692,2.273,-1.575
0.479,2.915,-1.356
0.357,3.540,-1.169
0.332,4.123,-1.028
0.358,4.643,-0.865
0.387,5.086,-0.604
0.406,5.442,-0.258
0.430,5.686,0.083
0.465,5.760,0.326
0.489,5.585,0.434
0.499,5.117,0.402
0.538,4.377,0.224
0.665,3.444,-0.104
0.880,2.404,-0.536
1.110,1.338,-0.972
1.272,0.339,-1.309
1.345,-0.481,-1.484
1.361,-1.037,-1.498
1.352,-1.322,-1.393
1.315,-1.394,-1.242
1.237,-1.305,-1.130
1.128,-1.066,-1.115
1.023,-0.672,-1.205
0.948,-0.164,-1.354
0.897,0.362,-1.487
0.852,0.823,-1.544
0.813,1.193,-1.498
0.817,1.497,-1.353
0.902,1.748,-1.130
1.059,1.926,-0.876
1.211,1.996,-0.671
1.264,1.953,-0.611
1.154,1.832,-0.735
0.860,1.688,-0.977
0.389,1.576,-1.201
-0.215,1.541,-1.311
-0.862,1.606,-1.295
-1.441,1.757,-1.194
-1.880,1.929,-1.052
-2.171,2.054,-0.908
-2.335,2.112,-0.811
-2.384,2.142,-0.799
-2.314,2.194,-0.867
-2.139,2.287,-0.967
-1.888,2.404,-1.040
-1.589,2.530,-1.052
-1.254,2.667,-0.996
-0.906,2.821,-0.895
-0.591,2.983,-0.800
-0.357,3.134,-0.760
-0.244,3.260,-0.783
-0.270,3.352,-0.840
-0.438,3.410,-0.898
-0.726,3.430,-0.962
-1.088,3.412,-1.048
-1.464,3.346,-1.140
-1.805,3.221,-1.181
-2.083,3.030,-1.112
-2.292,2.794,-0.932
-2.443,2.539,-0.701
-2.559,2.274,-0.500
-2.651,1.984,-0.376
-2.715,1.659,-0.319
-2.742,1.338,-0.287
-2.754,1.106,-0.245
-2.793,1.047,-0.179
-2.889,1.195,-0.091
-3.016,1.539,0.015
-3.088,2.048,0.121
-3.020,2.676,0.193
-2.785,3.352,0.205
-2.430,3.967,0.162
-2.031,4.406,0.096
-1.634,4.593,0.032
-1.238,4.516,-0.038
-0.824,4.210,-0.134
-0.393,3.734,-0.246
0.044,3.164,-0.327
0.484,2.590,-0.337
0.952,2.100,-0.280
1.480,1.732,-0.197
2.067,1.459,-0.108
2.652,1.216,0.014
3.142,0.960,0.209
3.462,0.704,0.469
3.594,0.502,0.733
3.559,0.411,0.939
3.391,0.477,1.076
3.130,0.737,1.194
2.831,1.206,1.353
2.557,1.850,1.557
2.352,2.563,1.737
2.214,3.203,1.801
2.125,3.660,1.705
2.096,3.917,1.488
2.175,4.029,1.239
2.395,4.058,1.028
2.699,4.031,0.870
2.940,3.942,0.741
2.957,3.782,0.612
2.685,3.563,0.469
2.195,3.315,0.315
1.629,3.067,0.167
1.105,2.851,0.047
0.669,2.696,-0.031
0.317,2.625,-0.079
0.042,2.630,-0.133
-0.147,2.671,-0.229
-0.237,2.688,-0.369
-0.229,2.634,-0.505
-0.144,2.507,-0.570
-0.003,2.352,-0.521
0.184,2.224,-0.370
0.421,2.146,-0.183
0.716,2.093,-0.030
1.067,2.010,0.052
1.467,1.856,0.073
1.900,1.631,0.059
2.319,1.364,0.031
2.637,1.091,0.003
2.767,0.842,0.009
2.676,0.649,0.104
2.415,0.544,0.328
2.080,0.535,0.646
1.751,0.583,0.938
1.446,0.615,1.071
1.135,0.580,0.997
0.781,0.484,0.782
0.393,0.366,0.559
0.030,0.242,0.425
-0.228,0.067,0.390
-0.328,-0.229,0.396
-0.272,-0.670,0.377
-0.102,-1.188,0.318
0.125,-1.643,0.265
0.349,-1.896,0.277
0.520,-1.880,0.376
0.604,-1.632,0.535
0.596,-1.264,0.707
0.517,-0.907,0.861
0.399,-0.640,0.981
0.274,-0.464,1.065
0.178,-0.323,1.122
0.153,-0.150,1.168
0.231,0.090,1.217
0.420,0.394,1.260
0.687,0.739,1.281
0.974,1.091,1.267
1.223,1.416,1.228
1.407,1.678,1.177
1.537,1.856,1.121
1.646,1.949,1.069
1.763,1.979,1.031
1.889,1.984,1.015
1.994,1.992,1.010
2.039,2.015,1.001
2.000,2.046,0.977
1.889,2.078,0.940
1.743,2.112,0.897
1.604,2.172,0.849
1.499,2.276,0.798
1.432,2.428,0.746
1.390,2.606,0.698
1.350,2.768,0.666
1.296,2.869,0.668
1.233,2.865,0.710
1.194,2.731,0.774
1.216,2.469,0.826
1.316,2.112,0.836
1.486,1.703,0.777
1.701,1.279,0.643
1.925,0.862,0.471
2.096,0.467,0.345
2.156,0.104,0.341
2.096,-0.215,0.457
1.989,-0.473,0.611
1.936,-0.658,0.718
1.995,-0.765,0.764
2.149,-0.791,0.795
2.362,-0.738,0.854
2.626,-0.622,0.948
2.937,-0.489,1.052
3.253,-0.407,1.142
3.494,-0.415,1.207
3.593,-0.484,1.251
3.540,-0.536,1.295
3.366,-0.505,1.367
3.108,-0.387,1.475
2.793,-0.227,1.593
2.453,-0.069,1.650
2.112,0.068,1.574
1.770,0.182,1.343
1.402,0.275,1.037
0.994,0.350,0.807
0.580,0.419,0.772
0.229,0.499,0.919
-0.001,0.595,1.114
-0.118,0.682,1.216
-0.201,0.705,1.175
-0.344,0.604,1.029
-0.588,0.355,0.821
-0.909,-0.026,0.557
-1.245,-0.496,0.234
-1.541,-1.013,-0.125
-1.749,-1.532,-0.483
-1.817,-1.993,-0.813
-1.709,-2.335,-1.101
-1.446,-2.540,-1.329
-1.121,-2.641,-1.475
-0.840,-2.683,-1.528
-0.654,-2.659,-1.497
-0.540,-2.516,-1.396
-0.439,-2.220,-1.262
-0.297,-1.806,-1.155
-0.066,-1.364,-1.137
0.283,-0.982,-1.208
0.743,-0.697,-1.300
1.251,-0.500,-1.310
1.712,-0.352,-1.178
2.056,-0.226,-0.910
2.274,-0.126,-0.555
2.412,-0.088,-0.182
2.511,-0.140,0.138
2.570,-0.255,0.356
2.544,-0.352,0.466
2.399,-0.360,0.501
2.154,-0.258,0.504
1.886,-0.087,0.497
1.682,0.092,0.482
1.589,0.229,0.458
1.603,0.297,0.434
1.666,0.292,0.420
1.684,0.240,0.417
1.557,0.182,0.395
1.243,0.160,0.298
0.793,0.178,0.092
0.329,0.211,-0.181
-0.041,0.220,-0.419
-0.282,0.180,-0.542
-0.416,0.076,-0.570
-0.467,-0.101,-0.591
-0.451,-0.354,-0.672
-0.390,-0.661,-0.784
-0.300,-0.960,-0.833
-0.174,-1.171,-0.736
0.016,-1.237,-0.475
0.269,-1.164,-0.108
0.537,-1.005,0.245
0.768,-0.813,0.461
0.969,-0.609,0.487
1.206,-0.384,0.373
1.525,-0.129,0.225
1.908,0.132,0.115
2.298,0.358,0.049
2.648,0.507,0.016
2.952,0.542,0.041
3.221,0.453,0.167
3.460,0.258,0.386
3.653,0.014,0.614
3.753,-0.214,0.740
3.681,-0.385,0.697
3.369,-0.479,0.503
2.813,-0.481,0.246
2.104,-0.384,0.030
1.395,-0.228,-0.090
0.831,-0.125,-0.139
0.479,-0.194,-0.180
0.323,-0.488,-0.259
0.289,-0.942,-0.353
0.295,-1.429,-0.388
0.268,-1.826,-0.285
0.141,-2.076,-0.028
-0.125,-2.189,0.286
-0.520,-2.229,0.473
-0.975,-2.271,0.375
-1.405,-2.363,0.009
-1.776,-2.496,-0.421
-2.112,-2.613,-0.664
-2.426,-2.661,-0.616
-2.688,-2.636,-0.392
-2.848,-2.597,-0.192
-2.896,-2.623,-0.122
-2.870,-2.744,-0.115
-2.799,-2.900,-0.045
-2.674,-2.980,0.126
-2.481,-2.910,0.305
-2.256,-2.702,0.396
-2.062,-2.426,0.425
-1.908,-2.123,0.527
-1.699,-1.774,0.795
-1.300,-1.361,1.181
-0.668,-0.939,1.545
0.072,-0.621,1.778
0.710,-0.483,1.865
1.095,-0.480,1.856
1.209,-0.492,1.805
1.122,-0.417,1.730
0.903,-0.237,1.626
0.602,0.007,1.478
0.287,0.289,1.309
0.063,0.603,1.188
0.020,0.932,1.180
0.177,1.207,1.257
0.481,1.330,1.299
0.851,1.216,1.196
1.204,0.844,0.963
1.481,0.272,0.719
1.650,-0.373,0.582
1.715,-0.944,0.576
1.703,-1.347,0.655
1.643,-1.576,0.758
1.553,-1.703,0.840
1.448,-1.815,0.858
1.337,-1.966,0.768
1.216,-2.180,0.545
1.060,-2.458,0.218
0.841,-2.765,-0.118
0.553,-3.021,-0.341
0.231,-3.128,-0.372
-0.048,-3.021,-0.227
-0.203,-2.710,0.016
-0.188,-2.262,0.287
-0.026,-1.762,0.546
0.201,-1.259,0.769
0.396,-0.766,0.922
0.479,-0.280,0.992
0.418,0.183,1.014
0.247,0.586,1.047
0.061,0.900,1.110
-0.038,1.132,1.172
-0.034,1.313,1.194
-0.026,1.457,1.175
-0.163,1.552,1.139
-0.518,1.585,1.089
-1.041,1.565,0.988
-1.614,1.524,0.783
-2.139,1.479,0.451
-2.574,1.428,0.016
-2.907,1.364,-0.460
-3.144,1.286,-0.896
-3.321,1.197,-1.212
-3.511,1.094,-1.355
-3.786,0.975,-1.332
-4.149,0.850,-1.202
-4.511,0.734,-1.044
-4.742,0.635,-0.907
-4.750,0.550,-0.820
-4.514,0.486,-0.809
-4.077,0.463,-0.874
-3.511,0.494,-0.958
-2.898,0.557,-0.961
-2.301,0.606,-0.819
-1.735,0.611,-0.542
-1.187,0.589,-0.190
-0.651,0.583,0.181
-0.171,0.618,0.524
0.198,0.692,0.783
0.440,0.789,0.909
0.598,0.882,0.877
0.743,0.930,0.696
0.934,0.892,0.396
1.198,0.757,0.046
1.508,0.571,-0.251
1.782,0.399,-0.405
1.934,0.291,-0.422
1.928,0.267,-0.399
1.795,0.325,-0.433
1.593,0.454,-0.524
1.370,0.646,-0.604
1.174,0.898,-0.619
1.065,1.212,-0.563
1.090,1.579,-0.449
1.236,1.969,-0.278
1.436,2.360,-0.049
1.628,2.771,0.200
1.781,3.240,0.412
1.878,3.766,0.546
1.872,4.273,0.602
1.696,4.667,0.596
1.337,4.898,0.541
0.856,4.971,0.452
0.365,4.896,0.361
-0.045,4.662,0.297
-0.341,4.264,0.247
-0.530,3.746,0.150
-0.644,3.175,-0.068
-0.725,2.592,-0.438
-0.816,2.005,-0.905
-0.923,1.430,-1.347
-1.000,0.917,-1.621
-0.968,0.518,-1.649
-0.782,0.242,-1.461
-0.471,0.068,-1.167
-0.125,-0.016,-0.882
0.167,0.003,-0.660
0.378,0.129,-0.505
0.545,0.315,-0.412
0.732,0.470,-0.403
0.971,0.516,-0.492
1.245,0.434,-0.644
1.508,0.276,-0.779
1.715,0.142,-0.814
1.826,0.116,-0.710
1.796,0.225,-0.478
1.580,0.426,-0.162
1.172,0.650,0.165
0.633,0.841,0.405
0.067,0.965,0.469
-0.442,1.001,0.339
-0.873,0.945,0.072
-1.240,0.832,-0.246
-1.561,0.737,-0.544
-1.844,0.730,-0.759
-2.114,0.825,-0.823
-2.397,0.974,-0.702
-2.692,1.108,-0.451
-2.942,1.162,-0.198
-3.066,1.085,-0.054
-3.034,0.842,-0.050
-2.876,0.447,-0.144
-2.655,-0.009,-0.280
-2.420,-0.397,-0.406
-2.205,-0.629,-0.473
-2.038,-0.710,-0.453
-1.933,-0.703,-0.382
-1.877,-0.666,-0.343
-1.837,-0.621,-0.402
-1.780,-0.572,-0.557
-1.697,-0.519,-0.759
-1.596,-0.449,-0.969
-1.471,-0.341,-1.175
-1.307,-0.181,-1.354
-1.090,0.018,-1.466
-0.831,0.235,-1.485
-0.541,0.459,-1.425
-0.235,0.688,-1.321
0.061,0.903,-1.195
0.292,1.089,-1.057
0.405,1.250,-0.917
0.391,1.423,-0.798
0.305,1.641,-0.704
0.210,1.891,-0.621
0.124,2.125,-0.539
0.005,2.307,-0.466
-0.197,2.447,-0.406
-0.508,2.577,-0.354
-0.922,2.717,-0.302
-1.417,2.866,-0.262
-1.969,3.011,-0.262
-2.540,3.142,-0.315
-3.095,3.248,-0.420
-3.603,3.323,-0.577
-4.043,3.369,-0.778
-4.416,3.408,-0.981
-4.739,3.452,-1.118
-5.030,3.501,-1.148
-5.286,3.536,-1.092
-5.492,3.535,-0.998
-5.652,3.475,-0.889
-5.789,3.327,-0.761
-5.915,3.077,-0.622
-6.004,2.729,-0.514
-6.018,2.299,-0.481
-5.958,1.791,-0.523
-5.864,1.208,-0.611
-5.771,0.572,-0.718
-5.674,-0.066,-0.828
-5.557,-0.660,-0.903
-5.425,-1.195,-0.889
-5.308,-1.685,-0.753
-5.209,-2.130,-0.542
-5.088,-2.506,-0.354
-4.895,-2.784,-0.245
-4.635,-2.950,-0.186
-4.368,-2.989,-0.092
-4.154,-2.871,0.094
-4.008,-2.583,0.368
-3.903,-2.180,0.694
-3.811,-1.779,1.037
-3.717,-1.489,1.352
-3.601,-1.337,1.569
-3.452,-1.273,1.634
-3.294,-1.238,1.560
-3.188,-1.204,1.423
-3.186,-1.164,1.289
-3.250,-1.095,1.161
-3.270,-0.974,1.007
-3.145,-0.814,0.827
-2.865,-0.675,0.667
-2.497,-0.606,0.572
-2.123,-0.612,0.530
-1.804,-0.661,0.500
-1.595,-0.732,0.474
-1.559,-0.821,0.487
-1.710,-0.912,0.554
-1.969,-0.976,0.617
-2.182,-1.001,0.580
-2.229,-1.020,0.402
-2.108,-1.073,0.140
-1.911,-1.153,-0.106
-1.730,-1.206,-0.266
-1.597,-1.202,-0.321
-1.507,-1.181,-0.273
-1.466,-1.212,-0.135
-1.481,-1.296,0.049
-1.527,-1.343,0.208
-1.542,-1.247,0.291
-1.478,-0.983,0.307
-1.345,-0.618,0.297
-1.185,-0.236,0.291
-1.027,0.127,0.278
-0.869,0.466,0.249
-0.715,0.762,0.231
-0.603,0.979,0.286
-0.576,1.111,0.439
-0.639,1.203,0.625
-0.749,1.322,0.716
-0.870,1.497,0.611
-1.015,1.720,0.315
-1.220,1.982,-0.061
-1.481,2.298,-0.371
-1.743,2.677,-0.509
-1.949,3.080,-0.449
-2.105,3.427,-0.232
-2.270,3.657,0.073
-2.478,3.764,0.396
-2.688,3.783,0.678
-2.819,3.731,0.876
-2.825,3.583,0.973
-2.732,3.304,0.979
-2.604,2.883,0.921
-2.486,2.345,0.842
-2.390,1.720,0.785
-2.311,1.029,0.791
-2.255,0.301,0.888
-2.225,-0.404,1.078
-2.210,-1.007,1.325
-2.177,-1.443,1.562
-2.089,-1.694,1.719
-1.930,-1.796,1.760
-1.703,-1.804,1.691
-1.427,-1.772,1.545
-1.126,-1.733,1.350
-0.824,-1.701,1.136
-0.544,-1.677,0.973
-0.303,-1.653,0.970
-0.111,-1.623,1.214
0.032,-1.581,1.670
0.127,-1.534,2.165
0.154,-1.494,2.491
0.063,-1.467,2.555
-0.180,-1.423,2.432
-0.548,-1.299,2.287
-0.932,-1.038,2.219
-1.208,-0.641,2.197
-1.313,-0.170,2.096
-1.259,0.292,1.839
-1.104,0.709,1.488
-0.906,1.101,1.218
-0.719,1.505,1.181
-0.603,1.919,1.385
-0.610,2.291,1.683
-0.764,2.551,1.891
-1.041,2.653,1.920
-1.392,2.600,1.801
-1.773,2.440,1.604
-2.170,2.225,1.348
-2.594,1.977,0.994
-3.050,1.685,0.514
-3.499,1.332,-0.019
-3.861,0.934,-0.426
-4.052,0.526,-0.524
-4.034,0.125,-0.259
-3.835,-0.302,0.225
-3.521,-0.796,0.659
-3.147,-1.354,0.818
-2.736,-1.896,0.674
-2.302,-2.313,0.413
-1.891,-2.533,0.294
-1.597,-2.563,0.444
-1.510,-2.474,0.777
-1.660,-2.347,1.094
-1.982,-2.229,1.251
-2.350,-2.099,1.234
-2.632,-1.895,1.103
-2.752,-1.554,0.908
-2.742,-1.070,0.659
-2.725,-0.509,0.365
-2.830,0.046,0.064
-3.089,0.552,-0.175
-3.406,1.025,-0.270
-3.626,1.473,-0.175
-3.640,1.854,0.065
-3.438,2.091,0.299
-3.090,2.144,0.352
-2.705,2.052,0.153
-2.408,1.907,-0.193
-2.292,1.794,-0.483
-2.365,1.746,-0.560
-2.540,1.729,-0.401
-2.694,1.665,-0.085
-2.758,1.491,0.296
-2.729,1.215,0.658
-2.619,0.919,0.900
-2.406,0.675,0.910
-2.061,0.461,0.647
-1.606,0.155,0.211
-1.125,-0.346,-0.203
-0.703,-1.021,-0.439
-0.366,-1.724,-0.467
-0.077,-2.288,-0.353
0.203,-2.606,-0.160
0.483,-2.634,0.100
0.760,-2.364,0.443
1.038,-1.830,0.842
1.326,-1.152,1.211
1.612,-0.521,1.429
1.866,-0.102,1.395
2.065,0.070,1.100
2.218,0.089,0.673
2.338,0.098,0.331
2.419,0.190,0.248
2.434,0.383,0.427
2.365,0.646,0.711
2.228,0.923,0.911
2.056,1.146,0.952
1.868,1.263,0.884
1.658,1.267,0.780
1.407,1.198,0.641
1.111,1.110,0.399
0.797,1.040,0.039
0.525,1.013,-0.335
0.361,1.061,-0.539
0.352,1.203,-0.462
0.496,1.401,-0.201
0.730,1.561,-0.014
0.940,1.589,-0.108
1.005,1.475,-0.445
0.875,1.324,-0.748
0.617,1.302,-0.750
0.391,1.512,-0.438
0.338,1.914,-0.060
0.474,2.343,0.127
0.669,2.635,0.092
0.759,2.768,0.012
0.673,2.852,0.063
0.471,2.989,0.251
0.255,3.147,0.438
0.055,3.169,0.499
-0.166,2.938,0.399
-0.434,2.490,0.175
-0.697,1.979,-0.129
-0.889,1.514,-0.455
-1.013,1.079,-0.714
-1.133,0.594,-0.805
-1.277,0.027,-0.693
-1.391,-0.559,-0.442
-1.405,-1.081,-0.175
-1.337,-1.509,-0.000
-1.280,-1.855,0.016
-1.300,-2.108,-0.161
-1.365,-2.214,-0.520
-1.403,-2.136,-0.952
-1.400,-1.917,-1.252
-1.390,-1.658,-1.236
-1.377,-1.456,-0.886
-1.288,-1.353,-0.375
-1.061,-1.349,0.065
-0.735,-1.431,0.285
-0.435,-1.568,0.257
-0.258,-1.692,0.016
-0.207,-1.723,-0.380
-0.242,-1.629,-0.859
-0.360,-1.437,-1.325
-0.589,-1.196,-1.669
-0.910,-0.922,-1.787
-1.235,-0.603,-1.603
-1.455,-0.244,-1.134
-1.522,0.117,-0.539
-1.458,0.429,-0.067
-1.316,0.656,0.104
-1.130,0.781,-0.010
-0.916,0.800,-0.223
-0.672,0.722,-0.329
-0.397,0.569,-0.234
-0.096,0.350,0.018
0.229,0.058,0.330
0.572,-0.304,0.632
0.928,-0.683,0.905
1.279,-0.991,1.124
1.587,-1.172,1.210
1.804,-1.252,1.073
1.887,-1.321,0.693
1.816,-1.445,0.176
1.619,-1.610,-0.309
1.369,-1.738,-0.636
1.146,-1.740,-0.786
0.997,-1.572,-0.813
0.907,-1.241,-0.766
0.830,-0.788,-0.657
0.723,-0.275,-0.509
0.575,0.233,-0.391
0.393,0.671,-0.383
0.190,0.990,-0.484
-0.016,1.168,-0.594
-0.180,1.234,-0.606
-0.235,1.255,-0.509
-0.146,1.287,-0.370
0.037,1.329,-0.257
0.203,1.331,-0.190
0.260,1.259,-0.174
0.218,1.127,-0.242
0.158,0.972,-0.427
0.144,0.790,-0.697
0.168,0.537,-0.958
0.193,0.188,-1.109
0.218,-0.226,-1.137
0.292,-0.635,-1.123
0.466,-0.989,-1.173
0.726,-1.281,-1.307
1.015,-1.521,-1.444
1.284,-1.714,-1.493
1.536,-1.857,-1.462
1.785,-1.972,-1.459
2.013,-2.106,-1.583
2.187,-2.291,-1.812
2.317,-2.485,-2.008
2.468,-2.578,-2.027
2.673,-2.453,-1.834
2.855,-2.082,-1.516
2.892,-1.540,-1.212
2.737,-0.950,-1.001
2.483,-0.410,-0.868
2.287,0.028,-0.729
2.248,0.337,-0.516
2.339,0.496,-0.215
2.459,0.509,0.120
2.507,0.423,0.411
2.436,0.309,0.595
2.255,0.231,0.675
1.987,0.214,0.705
1.630,0.251,0.719
1.179,0.312,0.669
0.667,0.356,0.462
0.170,0.349,0.085
-0.225,0.281,-0.346
-0.448,0.186,-0.671
-0.438,0.131,-0.807
-0.164,0.156,-0.782
0.317,0.229,-0.685
0.839,0.255,-0.609
1.225,0.154,-0.626
1.420,-0.089,-0.769
1.511,-0.431,-1.009
1.619,-0.832,-1.285
1.780,-1.273,-1.550
1.926,-1.721,-1.778
1.963,-2.114,-1.930
1.851,-2.401,-1.941
1.625,-2.582,-1.792
1.370,-2.701,-1.563
1.177,-2.787,-1.379
1.081,-2.834,-1.312
1.057,-2.813,-1.314
1.050,-2.687,-1.280
1.028,-2.427,-1.145
0.998,-2.032,-0.923
0.993,-1.568,-0.677
1.057,-1.160,-0.451
1.218,-0.912,-0.245
1.468,-0.835,-0.044
1.754,-0.849,0.132
1.999,-0.861,0.239
2.134,-0.820,0.248
2.117,-0.716,0.194
1.952,-0.541,0.152
1.698,-0.291,0.180
1.450,0.011,0.272
1.301,0.317,0.358
1.285,0.578,0.362
1.375,0.780,0.263
1.515,0.941,0.130
1.647,1.073,0.075
1.739,1.154,0.155
1.789,1.130,0.320
1.835,0.961,0.457
1.929,0.652,0.496
2.115,0.261,0.462
2.404,-0.133,0.404
2.787,-0.460,0.317
3.242,-0.692,0.152
3.720,-0.856,-0.099
4.148,-0.999,-0.364
4.468,-1.129,-0.541
4.678,-1.193,-0.574
4.818,-1.124,-0.476
4.914,-0.910,-0.290
4.949,-0.609,-0.069
4.906,-0.291,0.121
4.806,0.016,0.219
4.689,0.310,0.210
4.562,0.580,0.145
4.382,0.804,0.106
4.114,0.977,0.141
3.790,1.120,0.223
3.493,1.237,0.277
3.290,1.300,0.239
3.172,1.271,0.080
3.083,1.148,-0.196
2.980,0.970,-0.577
2.862,0.768,-1.035
2.735,0.546,-1.498
2.579,0.309,-1.866
2.366,0.088,-2.072
2.110,-0.074,-2.123
1.872,-0.165,-2.075
1.712,-0.218,-1.984
1.648,-0.278,-1.882
1.668,-0.359,-1.798
1.755,-0.431,-1.760
1.896,-0.461,-1.773
2.059,-0.443,-1.812
2.188,-0.392,-1.845
2.249,-0.315,-1.857
2.249,-0.199,-1.839
2.212,-0.018,-1.775
2.157,0.246,-1.656
2.095,0.592,-1.497
2.054,0.984,-1.336
2.079,1.352,-1.213
2.213,1.608,-1.152
2.477,1.690,-1.162
2.857,1.599,-1.241
3.309,1.389,-1.370
3.758,1.124,-1.508
4.136,0.840,-1.598
4.405,0.546,-1.584
4.565,0.239,-1.436
4.636,-0.089,-1.173
4.637,-0.460,-0.875
4.594,-0.881,-0.671
4.544,-1.322,-0.672
4.509,-1.716,-0.893
4.476,-1.995,-1.220
4.404,-2.114,-1.487
4.270,-2.065,-1.585
4.091,-1.862,-1.521
3.898,-1.554,-1.365
3.709,-1.216,-1.172
3.528,-0.902,-0.955
3.372,-0.605,-0.736
3.270,-0.273,-0.568
3.213,0.115,-0.510
3.145,0.512,-0.556
3.001,0.829,-0.626
2.782,1.020,-0.621
2.554,1.096,-0.507
2.390,1.085,-0.333
2.309,0.987,-0.185
2.267,0.793,-0.116
2.206,0.527,-0.126
2.110,0.248,-0.186
2.016,0.006,-0.262
1.979,-0.202,-0.323
2.020,-0.412,-0.349
2.117,-0.647,-0.352
2.234,-0.891,-0.384
2.354,-1.104,-0.494
2.467,-1.245,-0.680
2.550,-1.295,-0.871
2.576,-1.244,-0.984
2.541,-1.095,-0.990
2.485,-0.875,-0.936
2.451,-0.644,-0.903
2.435,-0.476,-0.942
2.396,-0.429,-1.044
2.313,-0.504,-1.169
2.221,-0.652,-1.297
2.169,-0.809,-1.431
2.153,-0.928,-1.555
2.107,-0.995,-1.613
1.968,-1.009,-1.549
1.743,-0.977,-1.369
1.508,-0.920,-1.155
1.332,-0.868,-0.998
1.221,-0.834,-0.917
1.137,-0.787,-0.856
1.041,-0.655,-0.754
0.910,-0.376,-0.600
0.716,0.042,-0.429
0.419,0.513,-0.277
0.014,0.935,-0.152
-0.427,1.251,-0.034
-0.770,1.476,0.088
-0.916,1.655,0.199
-0.855,1.809,0.254
-0.663,1.915,0.216
-0.423,1.946,0.092
-0.178,1.905,-0.059
0.068,1.826,-0.160
0.330,1.737,-0.167
0.617,1.632,-0.080
0.929,1.485,0.052
1.266,1.275,0.151
1.632,0.995,0.173
2.025,0.653,0.149
2.416,0.264,0.156
2.764,-0.147,0.219
3.053,-0.551,0.271
3.301,-0.934,0.225
3.523,-1.300,0.093
3.699,-1.660,-0.030
3.802,-1.994,-0.059
3.844,-2.260,0.014
3.881,-2.428,0.139
3.943,-2.512,0.265
3.996,-2.548,0.368
3.979,-2.527,0.447
3.863,-2.401,0.522
3.679,-2.138,0.613
3.481,-1.783,0.705
3.309,-1.432,0.757
3.166,-1.154,0.749
3.035,-0.953,0.707
2.895,-0.803,0.675
2.754,-0.699,0.667
2.636,-0.668,0.672
2.563,-0.730,0.673
2.534,-0.875,0.656
2.535,-1.058,0.591
2.553,-1.226,0.449
2.570,-1.336,0.240
2.554,-1.371,0.019
2.490,-1.328,-0.156
2.399,-1.200,-0.240
2.324,-0.971,-0.200
2.275,-0.650,-0.016
2.228,-0.294,0.277
2.158,0.007,0.585
2.081,0.176,0.812
2.024,0.181,0.916
1.999,0.041,0.906
2.003,-0.186,0.792
2.033,-0.420,0.587
2.078,-0.593,0.347
2.104,-0.687,0.153
2.076,-0.730,0.059
2.002,-0.753,0.044
1.937,-0.759,0.057
1.943,-0.735,0.080
2.037,-0.684,0.145
2.191,-0.628,0.284
2.352,-0.580,0.472
2.461,-0.535,0.623
2.464,-0.490,0.651
2.337,-0.445,0.559
2.104,-0.392,0.438
1.843,-0.297,0.397
1.644,-0.127,0.464
1.550,0.114,0.563
1.531,0.386,0.600
1.513,0.647,0.537
1.435,0.898,0.418
1.300,1.179,0.323
1.165,1.510,0.311
1.085,1.856,0.378
1.076,2.135,0.449
1.125,2.279,0.448
1.210,2.286,0.380
1.311,2.223,0.345
1.392,2.173,0.432
1.414,2.182,0.622
1.350,2.231,0.806
1.207,2.269,0.901
1.020,2.241,0.923
0.841,2.128,0.934
0.716,1.948,0.959
0.656,1.733,0.956
0.621,1.488,0.869
0.531,1.202,0.685
0.328,0.884,0.462
0.010,0.593,0.308
-0.375,0.411,0.297
-0.769,0.379,0.396
-1.135,0.460,0.476
-1.457,0.587,0.438
-1.733,0.733,0.320
-1.975,0.936,0.260
-2.178,1.250,0.332
-2.314,1.683,0.469
-2.359,2.160,0.553
-2.337,2.562,0.553
-2.319,2.796,0.546
-2.356,2.845,0.604
-2.416,2.739,0.709
-2.424,2.487,0.778
-2.356,2.053,0.758
-2.263,1.418,0.669
-2.220,0.657,0.567
-2.260,-0.073,0.477
-2.386,-0.640,0.364
-2.605,-1.036,0.176
-2.915,-1.339,-0.093
-3.259,-1.609,-0.372
-3.526,-1.824,-0.563
-3.612,-1.931,-0.626
-3.489,-1.910,-0.605
-3.220,-1.792,-0.571
-2.903,-1.598,-0.558
-2.615,-1.301,-0.553
-2.373,-0.843,-0.544
-2.160,-0.192,-0.540
-1.957,0.626,-0.544
-1.757,1.531,-0.526
-1.555,2.438,-0.437
-1.321,3.305,-0.247
-1.022,4.132,0.035
-0.663,4.902,0.376
-0.292,5.552,0.726
0.039,5.989,1.018
0.311,6.156,1.180
0.532,6.057,1.164
0.691,5.740,0.976
0.745,5.263,0.686
0.644,4.682,0.419
0.391,4.059,0.301
0.063,3.444,0.382
-0.225,2.858,0.593
-0.389,2.294,0.783
-0.419,1.752,0.835
-0.366,1.241,0.744
-0.293,0.781,0.592
-0.224,0.391,0.460
-0.151,0.091,0.371
-0.063,-0.105,0.309
0.052,-0.193,0.280
0.197,-0.161,0.323
0.378,0.020,0.466
0.574,0.385,0.687
0.738,0.923,0.917
0.803,1.562,1.101
0.730,2.199,1.229
0.527,2.762,1.336
0.258,3.207,1.460
0.007,3.493,1.606
-0.162,3.570,1.735
-0.238,3.414,1.768
-0.238,3.067,1.620
-0.188,2.631,1.282
-0.119,2.214,0.866
-0.079,1.875,0.562
-0.124,1.608,0.500
-0.271,1.373,0.649
-0.469,1.120,0.857
-0.630,0.824,0.986
-0.690,0.497,1.010
-0.638,0.186,0.994
-0.494,-0.057,1.007
-0.289,-0.212,1.067
-0.073,-0.313,1.151
0.067,-0.418,1.224
0.046,-0.551,1.275
-0.171,-0.683,1.326
-0.537,-0.772,1.414
-0.949,-0.813,1.548
-1.310,-0.830,1.683
-1.565,-0.835,1.753
-1.716,-0.796,1.730
-1.793,-0.675,1.642
-1.824,-0.468,1.527
-1.819,-0.240,1.390
-1.785,-0.096,1.210
-1.754,-0.124,0.998
-1.773,-0.348,0.794
-1.857,-0.702,0.644
-1.968,-1.075,0.556
-2.055,-1.380,0.523
-2.099,-1.606,0.536
-2.119,-1.794,0.571
-2.139,-1.971,0.578
-2.160,-2.106,0.517
-2.190,-2.142,0.400
-2.267,-2.034,0.299
-2.414,-1.767,0.281
-2.593,-1.350,0.367
-2.714,-0.828,0.537
-2.712,-0.279,0.750
-2.587,0.218,0.956
-2.373,0.631,1.117
-2.103,0.983,1.229
-1.809,1.310,1.332
-1.544,1.605,1.461
-1.360,1.822,1.594
-1.248,1.916,1.664
-1.139,1.871,1.634
-0.978,1.701,1.542
-0.789,1.452,1.465
-0.654,1.205,1.435
-0.652,1.044,1.431
-0.813,1.010,1.432
-1.125,1.066,1.460
-1.542,1.147,1.551
-1.981,1.225,1.687
-2.338,1.317,1.781
-2.547,1.437,1.747
-2.622,1.553,1.566
-2.631,1.629,1.291
-2.624,1.683,0.991
-2.605,1.778,0.712
-2.572,1.949,0.480
-2.553,2.153,0.319
-2.593,2.309,0.255
-2.705,2.367,0.305
-2.857,2.340,0.467
-3.007,2.265,0.701
-3.132,2.172,0.930
-3.235,2.088,1.067
-3.313,2.042,1.069
-3.339,2.046,0.963
-3.272,2.069,0.822
-3.090,2.043,0.712
-2.802,1.911,0.656
-2.451,1.655,0.647
-2.085,1.288,0.666
-1.742,0.846,0.691
-1.436,0.377,0.694
-1.172,-0.043,0.645
-0.963,-0.338,0.538
-0.830,-0.449,0.409
-0.789,-0.359,0.318
-0.834,-0.091,0.313
-0.935,0.287,0.391
-1.053,0.678,0.507
-1.164,0.979,0.614
-1.278,1.124,0.704
-1.419,1.121,0.788
-1.606,1.027,0.847
-1.832,0.911,0.811
-2.070,0.805,0.617
-2.299,0.707,0.293
-2.512,0.610,-0.032
-2.716,0.523,-0.203
-2.907,0.467,-0.141
-3.067,0.442,0.102
-3.174,0.422,0.385
-3.224,0.389,0.561
-3.257,0.359,0.563
-3.348,0.380,0.423
-3.561,0.490,0.210
-3.896,0.670,-0.033
-4.265,0.843,-0.309
-4.550,0.918,-0.595
-4.669,0.843,-0.823
-4.625,0.640,-0.923
-4.483,0.384,-0.901
-4.333,0.152,-0.853
-4.249,-0.017,-0.878
-4.274,-0.126,-1.005
-4.401,-0.188,-1.189
-4.572,-0.212,-1.361
-4.711,-0.205,-1.479
-4.782,-0.205,-1.540
-4.805,-0.265,-1.555
-4.819,-0.410,-1.534
-4.826,-0.600,-1.477
-4.783,-0.760,-1.384
-4.659,-0.842,-1.260
-4.474,-0.864,-1.126
-4.281,-0.895,-1.001
-4.121,-0.993,-0.895
-3.989,-1.155,-0.799
-3.869,-1.318,-0.707
-3.766,-1.393,-0.614
-3.706,-1.305,-0.516
-3.700,-1.024,-0.396
-3.739,-0.575,-0.247
-3.803,-0.017,-0.100
-3.885,0.574,-0.026
-3.977,1.125,-0.075
-4.058,1.570,-0.207
-4.108,1.859,-0.309
-4.102,1.968,-0.301
-3.999,1.904,-0.204
-3.761,1.695,-0.101
-3.394,1.373,-0.035
-2.971,0.970,0.014
-2.594,0.529,0.080
-2.319,0.093,0.143
-2.140,-0.327,0.141
-2.044,-0.761,0.026
-2.026,-1.239,-0.194
-2.077,-1.715,-0.457
-2.153,-2.066,-0.676
-2.213,-2.161,-0.778
-2.257,-1.963,-0.729
-2.308,-1.542,-0.533
-2.361,-1.022,-0.239
-2.354,-0.509,0.065
-2.212,-0.063,0.280
-1.912,0.306,0.348
-1.514,0.615,0.287
-1.121,0.890,0.170
-0.819,1.136,0.054
-0.644,1.344,-0.052
-0.597,1.505,-0.171
-0.673,1.633,-0.328
-0.858,1.753,-0.525
-1.112,1.881,-0.742
-1.362,2.008,-0.934
-1.546,2.110,-1.039
-1.660,2.165,-1.026
-1.759,2.162,-0.920
-1.889,2.106,-0.779
-2.046,2.001,-0.645
-2.188,1.847,-0.536
-2.278,1.639,-0.481
-2.313,1.401,-0.522
-2.310,1.186,-0.669
-2.282,1.042,-0.857
-2.236,0.981,-0.986
-2.179,0.976,-0.991
-2.130,0.988,-0.877
-2.119,0.977,-0.693
-2.170,0.901,-0.494
-2.277,0.735,-0.330
-2.410,0.523,-0.252
-2.539,0.367,-0.293
-2.660,0.360,-0.443
-2.784,0.503,-0.647
-2.900,0.705,-0.848
-2.979,0.861,-1.018
-2.979,0.932,-1.151
-2.887,0.942,-1.227
-2.714,0.951,-1.187
-2.501,1.011,-0.996
-2.311,1.155,-0.694
-2.200,1.374,-0.384
-2.192,1.606,-0.154
-2.260,1.766,-0.009
-2.332,1.808,0.106
-2.326,1.752,0.229
-2.190,1.646,0.347
-1.934,1.505,0.411
-1.626,1.291,0.393
-1.346,0.974,0.310
-1.130,0.586,0.211
-0.957,0.216,0.141
-0.774,-0.064,0.108
-0.547,-0.247,0.091
-0.278,-0.382,0.070
0.024,-0.516,0.055
0.373,-0.668,0.065
0.805,-0.844,0.087
1.329,-1.054,0.074
1.875,-1.308,0.004
2.309,-1.596,-0.083
2.516,-1.885,-0.119
2.482,-2.121,-0.087
2.296,-2.248,-0.063
2.065,-2.223,-0.151
1.838,-2.032,-0.376
1.612,-1.696,-0.624
1.363,-1.267,-0.727
1.091,-0.807,-0.621
0.818,-0.382,-0.417
0.580,-0.053,-0.286
0.408,0.133,-0.289
0.315,0.158,-0.326
0.281,0.059,-0.263
0.253,-0.101,-0.073
0.162,-0.282,0.141
-0.059,-0.493,0.262
-0.420,-0.759,0.264
-0.846,-1.046,0.220
-1.205,-1.260,0.240
-1.397,-1.319,0.372
-1.414,-1.242,0.556
-1.324,-1.151,0.671
-1.200,-1.167,0.647
-1.075,-1.316,0.537
-0.956,-1.526,0.461
-0.834,-1.699,0.460
-0.696,-1.785,0.444
-0.541,-1.789,0.295
-0.401,-1.736,0.012
-0.333,-1.632,-0.272
-0.357,-1.448,-0.422
-0.435,-1.164,-0.417
-0.501,-0.813,-0.346
-0.530,-0.493,-0.301
-0.544,-0.303,-0.318
-0.564,-0.257,-0.384
-0.570,-0.266,-0.468
-0.522,-0.222,-0.537
-0.401,-0.093,-0.557
-0.212,0.074,-0.514
0.029,0.217,-0.420
0.309,0.295,-0.301
0.590,0.283,-0.158
0.812,0.150,0.020
0.931,-0.115,0.222
0.970,-0.471,0.395
1.005,-0.832,0.475
1.105,-1.130,0.440
1.283,-1.349,0.323
1.518,-1.523,0.182
1.805,-1.704,0.074
2.160,-1.938,0.035
2.568,-2.244,0.049
2.945,-2.599,0.053
3.170,-2.939,-0.027
3.150,-3.182,-0.221
2.873,-3.280,-0.473
2.400,-3.228,-0.679
1.834,-3.057,-0.767
1.294,-2.806,-0.743
0.895,-2.532,-0.680
0.724,-2.303,-0.664
0.793,-2.172,-0.750
1.029,-2.141,-0.952
1.299,-2.157,-1.248
1.469,-2.159,-1.576
1.456,-2.127,-1.841
1.254,-2.084,-1.956
0.912,-2.061,-1.882
0.519,-2.077,-1.664
0.170,-2.151,-1.403
-0.059,-2.303,-1.203
-0.144,-2.528,-1.116
-0.115,-2.761,-1.135
-0.042,-2.901,-1.208
-0.005,-2.869,-1.258
-0.064,-2.669,-1.217
-0.235,-2.370,-1.070
-0.471,-2.070,-0.889
-0.661,-1.841,-0.783
-0.682,-1.705,-0.797
-0.487,-1.635,-0.849
-0.141,-1.573,-0.810
0.228,-1.451,-0.653
0.524,-1.235,-0.507
0.737,-0.957,-0.530
0.895,-0.686,-0.738
1.010,-0.466,-0.985
1.072,-0.266,-1.110
1.081,-0.010,-1.072
1.057,0.351,-0.956
0.999,0.774,-0.860
0.882,1.164,-0.813
0.704,1.453,-0.767
0.509,1.645,-0.670
0.354,1.772,-0.532
0.251,1.833,-0.432
0.148,1.794,-0.453
-0.003,1.650,-0.598
-0.197,1.463,-0.767
-0.399,1.340,-0.829
-0.604,1.360,-0.731
-0.851,1.518,-0.537
-1.178,1.746,-0.352
-1.562,1.966,-0.210
-1.928,2.145,-0.051
-2.199,2.295,0.181
-2.332,2.440,0.414
-2.311,2.562,0.461
-2.147,2.599,0.182
-1.884,2.497,-0.350
-1.592,2.280,-0.875
-1.326,2.046,-1.139
-1.093,1.887,-1.077
-0.855,1.805,-0.832
-0.584,1.716,-0.596
-0.279,1.541,-0.465
0.039,1.287,-0.424
0.356,1.026,-0.434
0.669,0.814,-0.516
0.944,0.636,-0.728
1.126,0.447,-1.074
1.169,0.239,-1.459
1.093,0.059,-1.726
0.989,-0.050,-1.773
0.956,-0.094,-1.627
1.033,-0.130,-1.431
1.182,-0.222,-1.341
1.336,-0.389,-1.423
1.448,-0.592,-1.628
1.503,-0.767,-1.841
1.485,-0.867,-1.968
1.381,-0.890,-1.976
1.201,-0.854,-1.871
1.008,-0.754,-1.656
0.885,-0.553,-1.326
0.889,-0.229,-0.905
1.016,0.184,-0.461
1.204,0.582,-0.084
1.360,0.865,0.169
1.386,0.989,0.302
1.223,0.992,0.349
0.889,0.953,0.346
0.490,0.942,0.312
0.180,0.973,0.259
0.067,1.023,0.203
0.164,1.059,0.157
0.383,1.060,0.117
0.598,1.010,0.050
0.722,0.884,-0.087
0.734,0.652,-0.317
0.665,0.315,-0.602
0.548,-0.073,-0.858
0.391,-0.413,-1.012
0.197,-0.614,-1.061
-0.021,-0.651,-1.062
-0.227,-0.574,-1.061
-0.383,-0.461,-1.050
-0.459,-0.355,-1.007
-0.447,-0.250,-0.946
-0.365,-0.128,-0.906
-0.270,-0.004,-0.894
-0.241,0.100,-0.868
-0.323,0.199,-0.803
-0.468,0.356,-0.741
-0.570,0.621,-0.735
-0.552,0.981,-0.757
-0.443,1.369,-0.697
-0.337,1.730,-0.469
-0.306,2.056,-0.123
-0.348,2.352,0.186
-0.430,2.583,0.327
-0.542,2.686,0.320
-0.698,2.635,0.323
-0.903,2.478,0.500
-1.137,2.285,0.864
-1.380,2.081,1.254
-1.618,1.830,1.458
-1.825,1.501,1.387
-1.947,1.117,1.121
-1.914,0.740,0.813
-1.697,0.406,0.550
-1.363,0.097,0.333
-1.067,-0.227,0.149
-0.956,-0.574,0.027
-1.053,-0.882,0.007
-1.229,-1.051,0.077
-1.309,-1.019,0.157
-1.203,-0.817,0.165
-0.962,-0.551,0.082
-0.710,-0.306,-0.039
-0.552,-0.073,-0.137
-0.522,0.221,-0.207
-0.583,0.610,-0.281
-0.641,1.028,-0.362
-0.571,1.355,-0.377
-0.273,1.512,-0.231
0.273,1.513,0.077
0.973,1.422,0.397
1.655,1.281,0.524
2.146,1.082,0.387
2.362,0.810,0.126
2.333,0.497,-0.008
2.173,0.227,0.142
1.991,0.081,0.541
1.839,0.076,1.027
1.727,0.160,1.462
1.685,0.252,1.803
1.772,0.289,2.077
2.020,0.244,2.287
2.380,0.104,2.362
2.746,-0.129,2.221
3.026,-0.417,1.883
3.199,-0.672,1.503
3.312,-0.776,1.264
3.431,-0.663,1.222
3.599,-0.374,1.301
3.805,-0.036,1.425
3.998,0.229,1.612
4.138,0.402,1.902
4.242,0.553,2.238
4.357,0.744,2.459
4.492,0.936,2.410
4.591,1.009,2.046
4.592,0.887,1.450
4.489,0.626,0.789
4.308,0.364,0.258
4.037,0.203,0.016
3.623,0.138,0.100
3.051,0.091,0.401
2.409,-0.004,0.718
1.853,-0.173,0.897
1.485,-0.411,0.927
1.292,-0.695,0.928
1.173,-0.979,1.040
1.027,-1.205,1.288
0.815,-1.356,1.570
0.555,-1.477,1.758
0.295,-1.628,1.837
0.082,-1.819,1.918
-0.041,-1.976,2.097
-0.049,-1.981,2.333
0.036,-1.760,2.474
0.133,-1.322,2.413
0.148,-0.756,2.192
0.067,-0.186,1.951
-0.016,0.281,1.792
0.018,0.579,1.710
0.186,0.699,1.618
0.370,0.692,1.430
0.419,0.650,1.123
0.278,0.668,0.748
0.001,0.785,0.390
-0.332,0.957,0.107
-0.689,1.092,-0.086
-1.063,1.115,-0.192
-1.408,1.023,-0.214
-1.626,0.887,-0.188
-1.622,0.799,-0.186
-1.390,0.811,-0.256
-1.033,0.896,-0.359
-0.703,0.987,-0.401
-0.494,1.023,-0.350
-0.410,1.005,-0.280
-0.410,0.971,-0.273
-0.477,0.954,-0.313
-0.595,0.962,-0.307
-0.705,0.999,-0.226
-0.718,1.086,-0.152
-0.607,1.233,-0.188
-0.469,1.409,-0.323
-0.436,1.559,-0.442
-0.548,1.671,-0.446
-0.733,1.787,-0.344
-0.904,1.931,-0.217
-1.061,2.060,-0.116
-1.248,2.105,-0.011
-1.457,2.058,0.151
-1.602,1.970,0.373
-1.606,1.875,0.584
-1.496,1.730,0.690
-1.384,1.470,0.620
-1.367,1.103,0.366
-1.455,0.725,-0.003
-1.582,0.440,-0.346
-1.677,0.289,-0.515
-1.704,0.261,-0.445
-1.650,0.327,-0.212
-1.501,0.464,0.029
-1.247,0.642,0.170
-0.927,0.826,0.226
-0.642,1.001,0.289
-0.480,1.188,0.408
-0.434,1.409,0.533
-0.400,1.651,0.578
-0.284,1.859,0.551
-0.085,1.985,0.557
0.138,2.053,0.691
0.370,2.135,0.930
0.670,2.274,1.165
1.069,2.421,1.322
1.489,2.470,1.419
1.791,2.370,1.510
1.898,2.165,1.601
1.854,1.925,1.635
1.751,1.658,1.552
1.659,1.309,1.330
1.623,0.859,1.014
1.687,0.377,0.694
1.852,-0.029,0.475
2.018,-0.310,0.407
2.012,-0.498,0.438
1.710,-0.652,0.453
1.148,-0.809,0.387
0.484,-0.978,0.278
-0.115,-1.160,0.203
-0.544,-1.338,0.154
-0.755,-1.463,0.032
-0.759,-1.475,-0.234
-0.643,-1.332,-0.598
-0.550,-1.012,-0.928
-0.591,-0.495,-1.128
-0.779,0.228,-1.183
-1.030,1.107,-1.117
-1.242,2.024,-0.932
-1.332,2.860,-0.630
-1.235,3.562,-0.256
-0.910,4.128,0.091
-0.373,4.528,0.311
0.289,4.669,0.359
0.964,4.476,0.255
1.581,3.968,0.059
2.120,3.264,-0.154
2.575,2.498,-0.310
2.905,1.748,-0.365
3.055,1.051,-0.336
3.018,0.433,-0.286
2.839,-0.069,-0.269
2.599,-0.427,-0.287
2.364,-0.628,-0.305
2.194,-0.682,-0.292
2.148,-0.620,-0.229
2.259,-0.500,-0.105
2.487,-0.393,0.066
2.714,-0.344,0.231
2.801,-0.329,0.324
2.664,-0.260,0.348
2.307,-0.028,0.382
1.826,0.429,0.516
1.387,1.095,0.765
1.146,1.869,1.037
1.179,2.588,1.195
1.438,3.061,1.133
1.805,3.138,0.862
2.175,2.770,0.528
2.495,2.043,0.340
2.735,1.135,0.423
2.862,0.255,0.717
2.834,-0.428,1.044
2.605,-0.831,1.251
2.157,-0.969,1.300
1.530,-0.936,1.220
0.840,-0.852,1.022
0.231,-0.826,0.698
-0.198,-0.934,0.279
-0.430,-1.206,-0.113
-0.475,-1.598,-0.344
-0.329,-2.008,-0.353
0.035,-2.344,-0.191
0.609,-2.592,0.041
1.313,-2.800,0.263
2.019,-2.985,0.432
2.595,-3.078,0.520
2.947,-2.969,0.516
3.022,-2.607,0.451
2.813,-2.034,0.416
2.394,-1.340,0.508
1.921,-0.596,0.744
1.589,0.153,1.028
1.521,0.876,1.218
1.690,1.537,1.231
1.951,2.100,1.083
2.169,2.539,0.836
2.307,2.833,0.550
2.399,2.951,0.295
2.465,2.875,0.173
2.470,2.631,0.265
2.376,2.317,0.563
2.198,2.069,0.951
1.974,1.972,1.299
1.701,1.996,1.534
1.340,2.019,1.656
0.887,1.918,1.686
0.423,1.639,1.637
0.063,1.177,1.523
-0.122,0.546,1.377
-0.135,-0.216,1.247
-0.020,-1.016,1.178
0.171,-1.720,1.174
0.383,-2.233,1.178
0.565,-2.551,1.107
0.682,-2.740,0.932
0.744,-2.864,0.716
0.803,-2.938,0.553
0.929,-2.936,0.463
1.156,-2.823,0.384
1.441,-2.587,0.260
1.682,-2.250,0.116
1.804,-1.845,0.023
1.839,-1.392,0.010
1.890,-0.895,0.031
2.012,-0.391,0.023
2.134,0.041,-0.038
2.132,0.341,-0.130
1.981,0.524,-0.222
1.802,0.661,-0.293
1.759,0.782,-0.329
1.907,0.858,-0.309
2.150,0.871,-0.217
2.337,0.873,-0.053
2.381,0.942,0.160
2.305,1.074,0.383
2.213,1.156,0.580
2.234,1.061,0.730
2.457,0.744,0.837
2.878,0.268,0.897
3.362,-0.261,0.889
3.680,-0.740,0.807
3.634,-1.072,0.707
3.199,-1.170,0.704
2.571,-0.973,0.867
2.043,-0.469,1.139
1.813,0.272,1.371
1.865,1.117,1.454
2.028,1.887,1.402
2.151,2.419,1.293
2.198,2.610,1.168
2.221,2.431,1.005
2.248,1.914,0.772
2.227,1.155,0.486
2.098,0.321,0.199
1.885,-0.397,-0.021
1.691,-0.865,-0.118
1.600,-1.089,-0.074
1.591,-1.183,0.057
1.559,-1.261,0.163
1.415,-1.362,0.155
1.145,-1.463,0.053
0.799,-1.538,-0.041
0.452,-1.556,-0.044
0.205,-1.455,0.037
0.175,-1.161,0.162
0.438,-0.664,0.339
0.964,-0.055,0.610
1.609,0.525,0.968
2.196,0.977,1.316
2.594,1.268,1.543
2.737,1.417,1.624
2.626,1.473,1.626
2.340,1.533,1.626
2.022,1.707,1.644
1.839,2.024,1.626
1.893,2.362,1.508
2.187,2.506,1.265
2.637,2.293,0.929
3.127,1.718,0.567
3.554,0.914,0.232
3.849,0.049,-0.060
3.968,-0.764,-0.324
3.898,-1.480,-0.574
3.685,-2.075,-0.795
3.432,-2.516,-0.952
3.256,-2.749,-1.028
3.220,-2.734,-1.048
3.309,-2.480,-1.045
3.462,-2.069,-1.004
3.620,-1.631,-0.845
3.752,-1.281,-0.501
3.845,-1.077,-0.005
3.894,-1.006,0.500
3.878,-1.007,0.865
3.763,-0.996,1.018
3.524,-0.886,0.977
3.198,-0.610,0.817
2.886,-0.164,0.644
2.696,0.385,0.577
2.666,0.928,0.705
2.758,1.376,1.010
2.916,1.675,1.371
3.114,1.792,1.641
3.352,1.702,1.734
3.626,1.415,1.647
3.899,1.027,1.410
4.107,0.717,1.044
4.160,0.653,0.566
3.965,0.891,0.044
3.466,1.356,-0.395
2.698,1.913,-0.629
1.810,2.428,-0.626
1.021,2.780,-0.469
0.510,2.862,-0.281
0.326,2.622,-0.143
0.389,2.106,-0.065
0.584,1.455,-0.050
0.828,0.828,-0.120
1.071,0.323,-0.289
1.239,-0.029,-0.502
1.233,-0.223,-0.644
1.006,-0.252,-0.628
0.622,-0.120,-0.485
0.227,0.125,-0.339
-0.065,0.380,-0.296
-0.230,0.541,-0.371
-0.296,0.555,-0.510
-0.274,0.443,-0.685
-0.163,0.245,-0.916
-0.010,-0.028,-1.249
0.089,-0.382,-1.686
0.070,-0.770,-2.160
-0.019,-1.083,-2.550
-0.059,-1.220,-2.731
0.030,-1.170,-2.645
0.225,-1.015,-2.341
0.436,-0.854,-1.939
0.592,-0.740,-1.553
0.669,-0.689,-1.243
0.678,-0.725,-1.049
0.647,-0.887,-1.029
0.613,-1.201,-1.235
0.618,-1.649,-1.641
0.688,-2.146,-2.111
0.811,-2.556,-2.460
0.936,-2.731,-2.566
0.984,-2.575,-2.428
0.899,-2.110,-2.135
0.686,-1.468,-1.805
0.434,-0.815,-1.530
0.259,-0.263,-1.371
0.237,0.171,-1.361
0.359,0.519,-1.470
0.549,0.799,-1.605
0.719,0.998,-1.658
0.806,1.095,-1.578
0.779,1.093,-1.409
0.626,1.023,-1.240
0.349,0.914,-1.137
-0.037,0.772,-1.114
-0.485,0.596,-1.151
-0.918,0.384,-1.233
-1.259,0.118,-1.362
-1.457,-0.250,-1.539
-1.488,-0.771,-1.742
-1.351,-1.440,-1.919
-1.067,-2.164,-2.020
-0.704,-2.798,-2.035
-0.371,-3.225,-1.990
-0.169,-3.396,-1.915
-0.128,-3.327,-1.821
-0.188,-3.073,-1.718
-0.220,-2.710,-1.626
-0.102,-2.333,-1.569
0.211,-2.017,-1.579
0.639,-1.775,-1.685
1.014,-1.539,-1.876
1.172,-1.198,-2.067
1.041,-0.658,-2.123
0.678,0.096,-1.955
0.229,1.005,-1.598
-0.147,1.965,-1.187
-0.354,2.867,-0.861
-0.376,3.621,-0.690
-0.272,4.173,-0.663
-0.143,4.517,-0.717
-0.100,4.678,-0.771
-0.221,4.685,-0.768
-0.500,4.544,-0.701
-0.843,4.233,-0.612
-1.124,3.721,-0.554
-1.269,2.998,-0.576
-1.290,2.089,-0.714
-1.267,1.067,-0.975
-1.289,0.038,-1.317
-1.403,-0.891,-1.665
-1.590,-1.630,-1.939
-1.771,-2.109,-2.086
-1.854,-2.277,-2.069
-1.808,-2.119,-1.882
-1.669,-1.689,-1.587
-1.499,-1.117,-1.321
-1.321,-0.569,-1.220
-1.114,-0.197,-1.301
-0.850,-0.065,-1.443
-0.528,-0.121,-1.490
-0.166,-0.224,-1.382
0.202,-0.239,-1.180
0.509,-0.136,-0.983
0.672,0.001,-0.832
0.643,0.059,-0.709
0.469,-0.007,-0.587
0.272,-0.171,-0.473
0.151,-0.396,-0.413
0.104,-0.677,-0.462
0.055,-1.022,-0.655
-0.058,-1.398,-0.967
-0.210,-1.725,-1.307
-0.316,-1.922,-1.540
-0.303,-1.953,-1.563
-0.166,-1.834,-1.365
0.042,-1.604,-1.026
0.260,-1.303,-0.651
0.451,-0.980,-0.302
0.629,-0.691,0.011
0.831,-0.491,0.282
1.087,-0.410,0.476
1.389,-0.420,0.539
1.682,-0.441,0.442
1.887,-0.371,0.218
1.940,-0.138,-0.041
1.815,0.262,-0.219
1.533,0.772,-0.239
1.149,1.303,-0.096
0.751,1.763,0.138
0.430,2.081,0.354
0.255,2.216,0.448
0.240,2.166,0.350
0.350,1.969,0.044
0.526,1.691,-0.423
0.713,1.396,-0.929
0.859,1.130,-1.305
0.908,0.914,-1.406
0.808,0.758,-1.198
0.533,0.653,-0.776
0.098,0.565,-0.308
-0.441,0.449,0.052
-0.999,0.283,0.212
-1.477,0.102,0.133
-1.799,-0.040,-0.164
-1.948,-0.116,-0.591
-1.966,-0.164,-1.018
-1.911,-0.255,-1.330
-1.822,-0.438,-1.468
-1.720,-0.713,-1.423
-1.640,-1.052,-1.205
-1.632,-1.417,-0.847
-1.715,-1.769,-0.426
-1.845,-2.066,-0.067
-1.938,-2.281,0.109
-1.928,-2.413,0.044
-1.805,-2.470,-0.228
-1.599,-2.441,-0.595
-1.349,-2.289,-0.916
-1.082,-1.990,-1.067
-0.836,-1.563,-0.985
-0.659,-1.068,-0.701
-0.593,-0.571,-0.321
-0.638,-0.129,0.018
-0.760,0.194,0.196
-0.924,0.330,0.148
-1.110,0.257,-0.114
-1.311,0.033,-0.498
-1.505,-0.201,-0.854
-1.650,-0.300,-1.055
-1.711,-0.186,-1.056
-1.694,0.130,-0.889
-1.656,0.557,-0.615
-1.673,0.964,-0.292
-1.781,1.226,0.020
-1.959,1.259,0.243
-2.149,1.052,0.316
-2.303,0.666,0.231
-2.396,0.219,0.035
-2.418,-0.140,-0.199
-2.387,-0.276,-0.383
-2.367,-0.129,-0.418
-2.446,0.248,-0.243
-2.660,0.699,0.099
-2.944,1.046,0.463
-3.188,1.166,0.693
-3.337,1.023,0.731
-3.427,0.669,0.617
-3.524,0.215,0.415
-3.656,-0.218,0.170
-3.835,-0.548,-0.083
-4.091,-0.766,-0.303
-4.459,-0.910,-0.482
-4.908,-1.028,-0.664
-5.337,-1.170,-0.892
-5.656,-1.407,-1.135
-5.861,-1.810,-1.309
-5.998,-2.382,-1.378
-6.094,-3.021,-1.401
-6.131,-3.579,-1.463
-6.101,-3.964,-1.574
-6.031,-4.176,-1.654
-5.951,-4.247,-1.622
-5.861,-4.177,-1.471
-5.758,-3.952,-1.265
-5.670,-3.615,-1.064
-5.639,-3.264,-0.860
-5.653,-2.991,-0.594
-5.625,-2.817,-0.248
-5.455,-2.703,0.086
-5.121,-2.591,0.256
-4.711,-2.432,0.179
-4.367,-2.185,-0.086
-4.182,-1.826,-0.389
-4.126,-1.382,-0.599
-4.076,-0.945,-0.645
-3.915,-0.653,-0.510
-3.598,-0.615,-0.224
-3.145,-0.843,0.128
-2.604,-1.259,0.428
-2.037,-1.753,0.582
-1.536,-2.236,0.563
-1.211,-2.665,0.382
-1.121,-3.018,0.074
-1.244,-3.270,-0.301
-1.520,-3.392,-0.639
-1.917,-3.365,-0.839
-2.421,-3.186,-0.882
-2.977,-2.869,-0.855
-3.453,-2.459,-0.864
-3.706,-2.017,-0.939
-3.684,-1.591,-1.013
-3.463,-1.175,-1.013
-3.194,-0.729,-0.952
-3.009,-0.233,-0.912
-2.992,0.278,-0.951
-3.176,0.746,-1.027
-3.538,1.165,-1.035
-4.001,1.591,-0.901
-4.459,2.080,-0.642
-4.848,2.609,-0.365
-5.179,3.081,-0.189
-5.503,3.390,-0.181
-5.845,3.490,-0.319
-6.180,3.392,-0.528
-6.485,3.130,-0.750
-6.764,2.733,-0.979
-7.039,2.237,-1.219
-7.289,1.689,-1.416
-7.438,1.151,-1.483
-7.396,0.678,-1.399
-7.117,0.298,-1.262
-6.643,-0.010,-1.201
-6.098,-0.300,-1.245
-5.633,-0.622,-1.302
-5.346,-0.964,-1.275
-5.235,-1.245,-1.160
-5.226,-1.371,-1.019
-5.237,-1.302,-0.889
-5.210,-1.066,-0.754
-5.098,-0.727,-0.587
-4.858,-0.355,-0.385
-4.489,-0.042,-0.163
-4.074,0.105,0.064
-3.740,0.011,0.279
-3.571,-0.293,0.464
-3.552,-0.675,0.619
-3.620,-0.983,0.761
-3.734,-1.149,0.886
-3.884,-1.199,0.942
-4.039,-1.202,0.864
-4.125,-1.223,0.639
-4.073,-1.309,0.332
-3.870,-1.475,0.041
-3.573,-1.699,-0.175
-3.264,-1.916,-0.315
-3.017,-2.057,-0.414
-2.889,-2.082,-0.507
-2.923,-1.979,-0.602
-3.130,-1.748,-0.688
-3.487,-1.411,-0.751
-3.930,-1.012,-0.792
-4.374,-0.607,-0.822
-4.716,-0.234,-0.825
-4.876,0.104,-0.747
-4.836,0.424,-0.537
-4.647,0.735,-0.225
-4.396,1.031,0.063
-4.150,1.292,0.177
-3.938,1.505,0.075
-3.773,1.680,-0.137
-3.668,1.856,-0.300
-3.631,2.076,-0.322
-3.644,2.327,-0.229
-3.682,2.531,-0.096
-3.734,2.589,0.036
-3.797,2.470,0.169
-3.852,2.251,0.306
-3.863,2.041,0.423
-3.825,1.898,0.486
-3.778,1.789,0.467
-3.770,1.651,0.361
-3.786,1.464,0.195
-3.752,1.260,0.042
-3.616,1.078,0.000
-3.415,0.936,0.125
-3.248,0.839,0.367
-3.198,0.787,0.596
-3.280,0.763,0.702
-3.445,0.703,0.686
-3.611,0.529,0.632
-3.678,0.214,0.604
-3.559,-0.185,0.570
-3.239,-0.561,0.442
-2.810,-0.820,0.184
-2.428,-0.918,-0.132
-2.222,-0.843,-0.369
-2.227,-0.604,-0.428
-2.395,-0.258,-0.314
-2.647,0.083,-0.125
-2.909,0.292,0.013
-3.107,0.304,0.031
-3.171,0.165,-0.047
-3.061,-0.015,-0.136
-2.791,-0.145,-0.168
-2.423,-0.209,-0.137
-2.044,-0.249,-0.073
-1.740,-0.311,0.009
-1.563,-0.405,0.125
-1.509,-0.505,0.279
-1.510,-0.580,0.437
-1.481,-0.615,0.558
-1.384,-0.615,0.641
-1.246,-0.580,0.718
-1.110,-0.490,0.813
-0.982,-0.326,0.922
-0.832,-0.105,1.036
-0.635,0.105,1.158
-0.391,0.242,1.285
-0.115,0.288,1.396
0.155,0.274,1.478
0.349,0.233,1.524
0.379,0.172,1.517
0.210,0.096,1.436
-0.100,0.025,1.314
-0.432,-0.010,1.266
-0.686,0.006,1.393
-0.808,0.077,1.659
-0.783,0.206,1.897
-0.643,0.380,1.963
-0.481,0.554,1.846
-0.403,0.687,1.628
-0.449,0.788,1.372
-0.561,0.911,1.092
-0.656,1.074,0.818
-0.698,1.219,0.610
-0.683,1.278,0.489
-0.586,1.267,0.407
-0.370,1.278,0.320
-0.063,1.366,0.255
0.214,1.490,0.272
0.332,1.571,0.357
0.249,1.584,0.410
0.022,1.553,0.346
-0.281,1.492,0.184
-0.625,1.391,0.013
-0.987,1.267,-0.095
-1.323,1.183,-0.129
-1.583,1.184,-0.112
-1.757,1.253,-0.071
-1.860,1.335,-0.040
-1.892,1.417,-0.058
-1.829,1.534,-0.127
-1.671,1.714,-0.191
-1.467,1.949,-0.174
-1.292,2.207,-0.042
-1.182,2.463,0.175
-1.119,2.699,0.414
-1.067,2.887,0.630
-1.010,3.004,0.799
-0.959,3.054,0.908
-0.919,3.057,0.948
-0.881,3.008,0.918
-0.821,2.878,0.844
-0.719,2.664,0.759
-0.567,2.428,0.695
-0.370,2.278,0.680
-0.154,2.289,0.733
0.032,2.460,0.862
0.148,2.709,1.051
0.198,2.927,1.251
0.266,3.017,1.387
0.476,2.924,1.392
0.908,2.658,1.251
1.525,2.288,1.035
2.196,1.922,0.865
2.768,1.653,0.829
3.146,1.533,0.925
3.305,1.561,1.077
3.254,1.698,1.221
3.033,1.878,1.349
2.717,2.035,1.480
2.423,2.129,1.600
2.257,2.156,1.656
2.265,2.140,1.619
2.399,2.112,1.528
2.558,2.093,1.470
2.653,2.084,1.517
2.646,2.059,1.682
2.559,1.958,1.918
2.447,1.718,2.144
2.376,1.330,2.273
2.394,0.864,2.264
2.503,0.444,2.144
2.655,0.184,1.987
2.786,0.126,1.868
2.863,0.240,1.832
2.911,0.454,1.888
2.973,0.692,2.025
3.066,0.896,2.216
3.164,1.036,2.412
3.221,1.094,2.548
3.207,1.065,2.563
3.138,0.960,2.424
3.061,0.822,2.166
3.028,0.714,1.892
3.063,0.682,1.719
3.161,0.719,1.693
3.293,0.756,1.753
3.431,0.717,1.785
3.544,0.561,1.719
3.619,0.294,1.584
3.670,-0.033,1.472
3.733,-0.349,1.449
3.837,-0.571,1.493
3.962,-0.653,1.514
4.047,-0.598,1.437
4.038,-0.442,1.284
3.923,-0.218,1.169
3.750,0.057,1.196
3.583,0.351,1.362
3.473,0.602,1.550
3.434,0.744,1.636
3.446,0.755,1.592
3.481,0.686,1.481
3.519,0.631,1.368
3.559,0.674,1.248
3.603,0.839,1.080
3.631,1.088,0.875
3.596,1.358,0.719
3.453,1.614,0.695
3.199,1.858,0.782
2.880,2.100,0.881
2.562,2.317,0.913
2.300,2.458,0.897
2.144,2.490,0.900
2.133,2.427,0.944
2.281,2.295,0.977
2.535,2.099,0.930
2.774,1.820,0.790
2.878,1.471,0.615
2.803,1.133,0.508
2.602,0.906,0.549
2.367,0.828,0.744
2.171,0.848,0.997
2.046,0.879,1.164
1.990,0.876,1.160
1.978,0.853,1.024
1.962,0.838,0.867
1.885,0.832,0.768
1.714,0.803,0.703
1.459,0.716,0.593
1.161,0.550,0.389
0.873,0.318,0.116
0.638,0.067,-0.154
0.481,-0.136,-0.369
0.418,-0.243,-0.510
0.461,-0.254,-0.568
0.616,-0.208,-0.521
0.871,-0.144,-0.366
1.185,-0.070,-0.159
1.507,0.009,0.010
1.788,0.065,0.089
1.994,0.063,0.100
2.108,0.000,0.092
2.140,-0.077,0.075
2.129,-0.098,0.012
2.128,-0.029,-0.111
2.167,0.104,-0.229
2.251,0.242,-0.248
2.376,0.348,-0.143
2.541,0.416,0.006
2.720,0.454,0.088
2.846,0.462,0.066
2.837,0.440,-0.016
2.679,0.401,-0.110
2.456,0.370,-0.221
2.285,0.345,-0.373
2.215,0.306,-0.555
2.213,0.250,-0.707
2.239,0.217,-0.762
2.296,0.254,-0.697
2.400,0.357,-0.549
2.516,0.458,-0.406
2.559,0.486,-0.349
2.469,0.444,-0.392
2.255,0.408,-0.463
1.988,0.458,-0.472
1.748,0.615,-0.393
1.599,0.832,-0.278
1.583,1.037,-0.208
1.712,1.184,-0.220
1.941,1.277,-0.307
2.169,1.365,-0.443
2.274,1.494,-0.598
2.189,1.658,-0.723
1.942,1.797,-0.758
1.652,1.850,-0.669
1.463,1.797,-0.479
1.477,1.659,-0.268
1.716,1.453,-0.110
2.135,1.179,-0.049
2.646,0.839,-0.073
3.138,0.462,-0.143
3.495,0.098,-0.206
3.618,-0.215,-0.221
3.462,-0.464,-0.150
3.064,-0.636,0.017
2.536,-0.699,0.251
2.033,-0.602,0.464
1.700,-0.306,0.560
1.618,0.176,0.515
1.762,0.774,0.410
2.021,1.390,0.360
2.259,1.931,0.417
2.380,2.335,0.534
2.354,2.579,0.631
2.205,2.678,0.663
2.001,2.694,0.640
1.844,2.713,0.591
1.815,2.800,0.524
1.921,2.948,0.416
2.090,3.078,0.225
2.237,3.099,-0.048
2.333,2.969,-0.317
2.412,2.700,-0.456
2.519,2.332,-0.412
2.665,1.895,-0.266
2.827,1.414,-0.175
2.970,0.922,-0.244
3.077,0.462,-0.445
3.146,0.086,-0.658
3.184,-0.167,-0.784
3.194,-0.298,-0.814
3.178,-0.362,-0.801
3.137,-0.434,-0.774
3.073,-0.559,-0.694
2.980,-0.711,-0.505
2.845,-0.832,-0.224
2.646,-0.891,0.044
2.368,-0.918,0.181
2.009,-0.969,0.133
1.610,-1.066,-0.073
1.259,-1.165,-0.373
1.040,-1.184,-0.690
0.967,-1.069,-0.940
0.969,-0.841,-1.039
0.970,-0.573,-0.946
0.959,-0.343,-0.701
0.984,-0.195,-0.406
1.079,-0.149,-0.177
1.224,-0.206,-0.077
1.374,-0.337,-0.105
1.496,-0.480,-0.223
1.570,-0.561,-0.385
1.567,-0.543,-0.541
1.463,-0.452,-0.628
1.283,-0.346,-0.594
1.114,-0.268,-0.430
1.055,-0.222,-0.189
1.151,-0.184,0.042
1.368,-0.125,0.206
1.633,-0.026,0.298
1.891,0.115,0.353
2.130,0.276,0.401
2.366,0.422,0.438
2.623,0.518,0.438
2.903,0.538,0.381
3.198,0.477,0.292
3.498,0.344,0.231
3.790,0.167,0.250
4.046,-0.028,0.332
4.216,-0.229,0.405
4.250,-0.439,0.394
4.133,-0.662,0.281
3.899,-0.877,0.121
3.603,-1.033,-0.015
3.294,-1.071,-0.097
2.999,-0.953,-0.165
2.744,-0.687,-0.289
2.560,-0.322,-0.485
2.463,0.071,-0.682
2.425,0.438,-0.758
2.376,0.751,-0.651
2.243,1.003,-0.423
1.998,1.179,-0.207
1.671,1.274,-0.080
1.316,1.305,-0.003
0.985,1.319,0.111
0.724,1.360,0.268
0.571,1.423,0.372
0.531,1.455,0.346
0.547,1.406,0.252
0.543,1.289,0.248
0.502,1.186,0.428
0.485,1.173,0.716
0.550,1.244,0.956
0.660,1.307,1.061
0.695,1.285,1.072
0.576,1.204,1.082
0.339,1.164,1.128
0.093,1.223,1.175
-0.072,1.328,1.180
-0.124,1.368,1.143
-0.046,1.296,1.089
0.193,1.162,1.039
0.598,1.042,0.994
1.091,0.957,0.966
1.535,0.862,0.986
1.825,0.705,1.070
1.963,0.475,1.174
2.036,0.188,1.206
2.115,-0.140,1.107
2.201,-0.500,0.923
2.259,-0.863,0.780
2.292,-1.182,0.768
2.357,-1.423,0.850
2.510,-1.601,0.899
2.742,-1.773,0.825
2.986,-1.983,0.658
3.160,-2.203,0.510
3.208,-2.340,0.464
3.101,-2.302,0.493
2.826,-2.083,0.510
2.395,-1.765,0.461
1.885,-1.434,0.359
1.441,-1.112,0.247
1.214,-0.769,0.138
1.253,-0.397,0.024
1.449,-0.064,-0.074
1.595,0.148,-0.115
1.533,0.229,-0.092
1.259,0.249,-0.053
0.869,0.284,-0.046
0.452,0.349,-0.071
0.038,0.425,-0.101
-0.341,0.527,-0.141
-0.613,0.711,-0.214
-0.729,0.999,-0.300
-0.726,1.337,-0.345
-0.699,1.633,-0.339
-0.693,1.838,-0.343
-0.685,1.965,-0.408
-0.654,2.043,-0.498
-0.643,2.090,-0.530
-0.705,2.126,-0.480
-0.827,2.178,-0.411
-0.930,2.242,-0.395
-0.946,2.257,-0.454
-0.863,2.149,-0.555
-0.701,1.908,-0.646
-0.481,1.598,-0.682
-0.221,1.276,-0.629
0.045,0.949,-0.498
0.290,0.599,-0.345
0.513,0.239,-0.233
0.744,-0.083,-0.186
1.000,-0.341,-0.166
1.250,-0.546,-0.120
1.409,-0.725,-0.014
1.399,-0.879,0.143
1.207,-1.005,0.317
0.913,-1.112,0.473
0.646,-1.227,0.581
0.503,-1.369,0.616
0.492,-1.541,0.561
0.539,-1.724,0.416
0.527,-1.880,0.219
0.363,-1.955,0.042
0.013,-1.892,-0.043
-0.491,-1.661,-0.013
-1.073,-1.277,0.085
-1.643,-0.788,0.156
-2.137,-0.244,0.121
-2.504,0.329,-0.032
-2.707,0.940,-0.237
-2.720,1.601,-0.392
-2.536,2.291,-0.431
-2.183,2.939,-0.380
-1.727,3.443,-0.323
-1.255,3.729,-0.332
-0.850,3.798,-0.401
-0.553,3.729,-0.455
-0.340,3.631,-0.407
-0.146,3.553,-0.227
0.080,3.460,0.017
0.340,3.249,0.174
0.596,2.836,0.098
0.799,2.212,-0.243
0.926,1.448,-0.712
0.987,0.651,-1.102
1.011,-0.083,-1.294
1.022,-0.692,-1.324
1.014,-1.148,-1.312
0.955,-1.462,-1.336
0.839,-1.662,-1.389
0.706,-1.764,-1.425
0.610,-1.759,-1.416
0.539,-1.638,-1.357
0.411,-1.429,-1.250
0.141,-1.186,-1.105
-0.264,-0.949,-0.949
-0.700,-0.724,-0.815
-1.047,-0.497,-0.722
-1.251,-0.266,-0.671
-1.323,-0.026,-0.664
-1.291,0.249,-0.694
-1.171,0.588,-0.725
-0.988,0.969,-0.713
-0.776,1.302,-0.655
-0.559,1.479,-0.609
-0.334,1.437,-0.627
-0.088,1.200,-0.680
0.165,0.871,-0.670
0.376,0.592,-0.541
0.480,0.481,-0.340
0.420,0.547,-0.180
0.168,0.670,-0.138
-0.242,0.678,-0.206
-0.681,0.474,-0.330
-0.971,0.094,-0.451
-0.986,-0.333,-0.531
-0.748,-0.680,-0.559
-0.404,-0.874,-0.542
-0.106,-0.914,-0.494
0.104,-0.862,-0.407
0.288,-0.839,-0.260
0.526,-0.963,-0.060
0.836,-1.272,0.132
1.173,-1.684,0.242
1.471,-2.040,0.256
1.688,-2.213,0.245
1.802,-2.170,0.306
1.790,-1.965,0.475
1.618,-1.673,0.694
1.233,-1.354,0.848
0.591,-1.048,0.848
-0.298,-0.776,0.682
-1.328,-0.539,0.418
-2.312,-0.319,0.140
-3.061,-0.098,-0.116
-3.473,0.125,-0.365
-3.570,0.317,-0.628
-3.462,0.437,-0.893
-3.266,0.445,-1.123
-3.063,0.319,-1.294
-2.884,0.053,-1.409
-2.717,-0.333,-1.479
-2.524,-0.787,-1.497
-2.251,-1.230,-1.427
-1.866,-1.580,-1.218
-1.376,-1.788,-0.852
-0.815,-1.863,-0.391
-0.230,-1.874,0.033
0.315,-1.905,0.287
0.730,-1.998,0.333
0.914,-2.109,0.232
0.847,-2.132,0.094
0.651,-1.965,0.004
0.535,-1.585,0.007
0.667,-1.060,0.115
1.066,-0.498,0.299
1.601,0.020,0.475
2.069,0.466,0.543
2.301,0.833,0.457
2.225,1.093,0.277
1.902,1.174,0.132
1.507,1.008,0.113
1.239,0.559,0.198
1.217,-0.152,0.282
1.407,-1.061,0.271
1.659,-2.075,0.147
1.805,-3.080,-0.038
1.753,-3.958,-0.220
1.497,-4.623,-0.371
1.084,-5.030,-0.512
0.588,-5.180,-0.673
0.103,-5.092,-0.854
-0.271,-4.785,-1.011
-0.461,-4.298,-1.097
-0.465,-3.693,-1.108
-0.354,-3.052,-1.088
-0.220,-2.444,-1.072
-0.135,-1.901,-1.044
-0.127,-1.421,-0.956
-0.203,-0.998,-0.783
-0.359,-0.646,-0.552
-0.577,-0.410,-0.320
-0.800,-0.343,-0.129
-0.930,-0.485,0.014
-0.866,-0.844,0.121
-0.560,-1.402,0.184
-0.061,-2.119,0.163
0.492,-2.940,0.001
0.928,-3.782,-0.312
1.112,-4.526,-0.703
0.996,-5.030,-1.032
0.637,-5.175,-1.169
0.164,-4.909,-1.074
-0.272,-4.285,-0.808
-0.572,-3.438,-0.484
-0.721,-2.532,-0.188
-0.771,-1.693,0.044
-0.791,-0.983,0.215
-0.815,-0.422,0.343
-0.832,-0.041,0.455
-0.810,0.104,0.590
-0.735,-0.020,0.756
-0.631,-0.365,0.901
-0.559,-0.807,0.939
-0.610,-1.212,0.822
-0.869,-1.497,0.590
-1.371,-1.626,0.346
-2.052,-1.571,0.183
-2.765,-1.326,0.134
-3.339,-0.949,0.164
-3.662,-0.576,0.206
-3.706,-0.357,0.205
-3.514,-0.367,0.156
-3.149,-0.590,0.090
-2.663,-0.958,0.038
-2.094,-1.411,0.000
-1.485,-1.908,-0.054
-0.894,-2.402,-0.163
-0.378,-2.817,-0.358
0.012,-3.082,-0.637
0.237,-3.162,-0.929
0.257,-3.083,-1.126
0.052,-2.887,-1.146
-0.339,-2.593,-1.009
-0.803,-2.192,-0.814
-1.210,-1.703,-0.658
-1.480,-1.189,-0.574
-1.599,-0.731,-0.537
-1.595,-0.366,-0.516
-1.512,-0.085,-0.498
-1.410,0.135,-0.474
-1.352,0.301,-0.413
-1.362,0.414,-0.255
-1.390,0.493,0.043
-1.333,0.555,0.466
-1.112,0.576,0.909
-0.746,0.497,1.228
-0.354,0.274,1.316
-0.080,-0.073,1.182
-0.004,-0.471,0.938
-0.116,-0.851,0.742
-0.361,-1.171,0.715
-0.696,-1.408,0.884
-1.106,-1.526,1.174
-1.564,-1.485,1.436
-1.988,-1.283,1.524
-2.262,-0.989,1.369
-2.295,-0.735,0.984
-2.081,-0.658,0.428
-1.696,-0.822,-0.246
-1.266,-1.189,-0.971
-0.923,-1.652,-1.630
-0.764,-2.087,-2.046
-0.807,-2.405,-2.065
-0.975,-2.552,-1.676
-1.143,-2.503,-1.046
-1.217,-2.263,-0.435
-1.181,-1.861,-0.047
-1.074,-1.333,0.082
-0.938,-0.709,0.071
-0.798,-0.016,0.079
-0.681,0.702,0.180
-0.632,1.375,0.335
-0.692,1.928,0.468
-0.857,2.308,0.567
-1.070,2.503,0.709
-1.255,2.524,0.949
-1.362,2.386,1.231
-1.395,2.084,1.394
-1.412,1.604,1.315
-1.485,0.960,1.014
-1.648,0.235,0.639
-1.867,-0.442,0.332
-2.067,-0.968,0.136
-2.182,-1.329,0.006
-2.197,-1.592,-0.114
-2.132,-1.809,-0.255
-2.012,-1.958,-0.427
-1.856,-1.988,-0.644
-1.684,-1.904,-0.913
-1.528,-1.798,-1.227
-1.413,-1.774,-1.571
-1.332,-1.850,-1.935
-1.248,-1.938,-2.307
-1.119,-1.921,-2.643
-0.936,-1.731,-2.856
-0.721,-1.371,-2.843
-0.526,-0.884,-2.521
-0.407,-0.316,-1.895
-0.405,0.288,-1.093
-0.533,0.866,-0.329
-0.766,1.347,0.201
-1.049,1.673,0.429
-1.305,1.843,0.410
-1.453,1.916,0.231
-1.444,1.976,-0.042
-1.295,2.076,-0.315
-1.098,2.201,-0.442
-0.955,2.298,-0.313
-0.908,2.320,0.022
-0.916,2.248,0.378
-0.935,2.063,0.585
-0.977,1.739,0.623
-1.082,1.283,0.575
-1.239,0.780,0.494
-1.376,0.356,0.328
-1.432,0.069,0.001
-1.434,-0.134,-0.471
-1.473,-0.348,-0.940
-1.607,-0.600,-1.228
-1.805,-0.840,-1.264
-1.982,-1.030,-1.150
-2.075,-1.211,-1.087
-2.085,-1.449,-1.218
-2.042,-1.733,-1.535
-1.961,-1.946,-1.902
-1.830,-1.942,-2.160
-1.637,-1.655,-2.217
-1.400,-1.123,-2.057
-1.140,-0.457,-1.698
-0.835,0.234,-1.163
-0.423,0.858,-0.505
0.129,1.344,0.151
0.754,1.623,0.628
1.301,1.653,0.784
1.632,1.458,0.621
1.701,1.153,0.290
1.559,0.901,0.001
1.298,0.821,-0.119
1.005,0.923,-0.083
0.748,1.119,-0.006
0.578,1.305,-0.001
0.530,1.437,-0.092
0.625,1.534,-0.201
0.856,1.633,-0.228
1.169,1.728,-0.129
1.475,1.767,0.039
1.681,1.682,0.169
1.744,1.438,0.178
1.686,1.047,0.053
1.574,0.577,-0.169
1.469,0.130,-0.438
1.391,-0.188,-0.716
1.304,-0.314,-0.951
1.135,-0.253,-1.088
0.820,-0.063,-1.107
0.372,0.171,-1.051
-0.110,0.380,-0.992
-0.503,0.516,-0.952
-0.747,0.566,-0.885
-0.875,0.579,-0.743
-0.947,0.639,-0.561
-0.997,0.803,-0.434
-1.033,1.038,-0.412
-1.065,1.239,-0.444
-1.113,1.314,-0.438
-1.163,1.272,-0.362
-1.171,1.194,-0.269
-1.105,1.154,-0.234
-0.998,1.177,-0.286
-0.916,1.260,-0.389
-0.904,1.410,-0.476
-0.952,1.620,-0.495
-1.029,1.833,-0.442
-1.119,1.969,-0.367
-1.219,2.018,-0.329
-1.313,2.065,-0.323
-1.367,2.237,-0.275
-1.350,2.601,-0.105
-1.260,3.117,0.192
-1.125,3.684,0.548
-0.999,4.191,0.878
-0.932,4.559,1.136
-0.951,4.761,1.309
-1.039,4.813,1.387
-1.139,4.746,1.365
-1.183,4.557,1.252
-1.112,4.224,1.063
-0.910,3.751,0.806
-0.623,3.205,0.482
-0.354,2.685,0.116
-0.215,2.258,-0.239
-0.264,1.932,-0.523
-0.474,1.694,-0.701
-0.771,1.537,-0.763
-1.085,1.480,-0.716
-1.364,1.535,-0.581
-1.562,1.691,-0.389
-1.645,1.910,-0.174
-1.614,2.129,0.040
-1.530,2.279,0.234
-1.472,2.320,0.376
-1.479,2.268,0.431
-1.523,2.179,0.411
-1.535,2.107,0.384
-1.450,2.071,0.409
-1.235,2.057,0.479
-0.905,2.031,0.537
-0.540,1.957,0.555
-0.255,1.805,0.571
-0.137,1.576,0.628
-0.198,1.317,0.714
-0.365,1.093,0.775
-0.536,0.931,0.791
-0.623,0.807,0.791
-0.565,0.686,0.821
-0.332,0.563,0.896
0.067,0.460,1.002
0.566,0.385,1.108
1.054,0.316,1.180
1.432,0.223,1.184
1.658,0.105,1.099
1.753,-0.010,0.935
1.763,-0.079,0.740
1.730,-0.054,0.585
1.679,0.108,0.515
1.631,0.419,0.527
1.600,0.836,0.577
1.582,1.283,0.608
1.543,1.701,0.581
1.453,2.082,0.486
1.315,2.452,0.358
1.172,2.821,0.262
1.069,3.155,0.244
1.029,3.391,0.275
1.050,3.454,0.278
1.113,3.280,0.199
1.196,2.842,0.064
1.274,2.184,-0.066
1.331,1.427,-0.158
1.362,0.721,-0.224
1.356,0.175,-0.283
1.292,-0.175,-0.344
1.160,-0.337,-0.416
0.983,-0.333,-0.504
0.809,-0.195,-0.578
0.668,0.028,-0.569
0.542,0.287,-0.428
0.391,0.573,-0.193
0.192,0.908,0.009
-0.022,1.300,0.065
-0.199,1.696,-0.018
-0.303,2.014,-0.108
-0.352,2.201,-0.067
-0.401,2.259,0.111
-0.517,2.210,0.293
-0.741,2.061,0.332
-1.067,1.813,0.209
-1.427,1.501,0.045
-1.709,1.187,-0.026
-1.839,0.923,0.007
-1.838,0.712,0.031
-1.822,0.516,-0.088
-1.905,0.318,-0.385
-2.095,0.165,-0.766
-2.278,0.146,-1.080
-2.313,0.323,-1.225
-2.140,0.677,-1.201
-1.831,1.121,-1.083
-1.505,1.558,-0.962
-1.224,1.936,-0.889
-0.939,2.232,-0.850
-0.561,2.417,-0.794
-0.051,2.430,-0.701
0.543,2.210,-0.619
1.126,1.757,-0.634
1.604,1.158,-0.757
1.900,0.553,-0.884
1.966,0.065,-0.883
1.800,-0.227,-0.737
1.459,-0.299,-0.566
1.008,-0.187,-0.472
0.465,0.024,-0.395
-0.180,0.248,-0.172
-0.886,0.466,0.244
-1.515,0.727,0.666
-1.902,1.074,0.802
-1.979,1.468,0.516
-1.824,1.811,-0.043
-1.596,2.049,-0.575
-1.417,2.222,-0.874
-1.323,2.391,-0.955
-1.291,2.541,-0.970
-1.280,2.585,-1.027
-1.231,2.471,-1.095
-1.079,2.264,-1.081
-0.804,2.087,-0.952
-0.514,2.002,-0.783
-0.422,1.965,-0.663
-0.700,1.906,-0.593
-1.314,1.828,-0.488
-2.004,1.802,-0.281
-2.444,1.862,-0.004
-2.449,1.944,0.223
-2.049,1.927,0.268
-1.416,1.763,0.058
-0.724,1.538,-0.356
-0.089,1.403,-0.768
0.417,1.438,-0.865
0.743,1.579,-0.417
0.894,1.681,0.522
0.940,1.623,1.600
0.965,1.369,2.389
0.976,0.983,2.658
0.903,0.599,2.449
0.687,0.389,1.933
0.348,0.481,1.245
-0.056,0.846,0.469
-0.523,1.288,-0.266
-1.095,1.574,-0.751
-1.744,1.604,-0.790
-2.307,1.460,-0.397
-2.565,1.286,0.143
-2.425,1.136,0.413
-2.011,0.979,0.155
-1.591,0.797,-0.538
-1.393,0.643,-1.293
-1.479,0.562,-1.726
-1.760,0.509,-1.688
-2.102,0.368,-1.298
-2.407,0.073,-0.781
-2.620,-0.310,-0.278
-2.686,-0.613,0.209
-2.555,-0.673,0.689
-2.227,-0.427,1.055
-1.781,0.047,1.135
-1.339,0.583,0.893
-0.990,1.026,0.529
-0.750,1.320,0.340
-0.566,1.510,0.443
-0.368,1.662,0.716
-0.131,1.780,1.000
0.093,1.838,1.312
0.215,1.860,1.752
0.188,1.957,2.253
0.054,2.213,2.513
-0.117,2.557,2.263
-0.303,2.770,1.570
-0.535,2.677,0.815
-0.815,2.305,0.370
-1.093,1.859,0.303
-1.332,1.520,0.382
-1.579,1.325,0.328
-1.914,1.229,0.041
-2.326,1.242,-0.365
-2.693,1.413,-0.686
-2.904,1.698,-0.782
-3.000,1.896,-0.678
-3.135,1.787,-0.550
-3.405,1.347,-0.607
-3.737,0.790,-0.914
-3.972,0.396,-1.300
-4.033,0.305,-1.454
-3.994,0.460,-1.172
-3.966,0.682,-0.532
-3.972,0.774,0.161
-3.946,0.594,0.606
-3.830,0.109,0.697
-3.636,-0.555,0.536
-3.402,-1.146,0.294
-3.128,-1.424,0.077
-2.793,-1.306,-0.094
-2.427,-0.885,-0.214
-2.128,-0.323,-0.233
-1.958,0.260,-0.106
-1.841,0.793,0.125
-1.596,1.187,0.339
-1.113,1.323,0.458
-0.501,1.129,0.526
-0.019,0.689,0.623
0.144,0.235,0.731
0.020,-0.002,0.743
-0.228,0.038,0.608
-0.481,0.212,0.402
-0.720,0.320,0.233
-0.937,0.277,0.107
-1.074,0.149,-0.050
-1.091,0.027,-0.275
-1.037,-0.074,-0.522
-0.988,-0.198,-0.723
-0.947,-0.343,-0.839
-0.854,-0.461,-0.854
-0.705,-0.527,-0.757
-0.607,-0.575,-0.567
-0.686,-0.620,-0.346
-0.951,-0.585,-0.149
-1.286,-0.369,0.033
-1.537,0.007,0.251
-1.622,0.370,0.523
-1.561,0.536,0.781
-1.448,0.463,0.896
-1.392,0.263,0.780
-1.454,0.071,0.478
-1.593,-0.052,0.172
-1.683,-0.122,0.063
-1.593,-0.182,0.228
-1.303,-0.262,0.579
-0.942,-0.366,0.936
-0.714,-0.459,1.122
-0.727,-0.486,1.023
-0.897,-0.418,0.628
-1.017,-0.303,0.063
-0.927,-0.254,-0.439
-0.651,-0.371,-0.678
-0.364,-0.668,-0.641
-0.250,-1.059,-0.495
-0.394,-1.424,-0.432
-0.740,-1.682,-0.481
-1.149,-1.822,-0.508
-1.464,-1.866,-0.387
-1.578,-1.830,-0.155
-1.484,-1.716,0.012
-1.273,-1.534,-0.014
-1.073,-1.312,-0.158
-0.949,-1.072,-0.189
-0.849,-0.824,0.056
-0.641,-0.580,0.524
-0.258,-0.367,0.997
0.195,-0.210,1.286
0.508,-0.074,1.348
0.547,0.146,1.252
0.375,0.537,1.074
0.170,1.063,0.867
0.060,1.548,0.672
0.047,1.788,0.521
0.082,1.719,0.408
0.144,1.455,0.296
0.214,1.181,0.181
0.222,1.001,0.112
0.091,0.879,0.134
-0.149,0.705,0.225
-0.345,0.402,0.307
-0.364,-0.033,0.336
-0.221,-0.535,0.332
-0.057,-0.991,0.324
0.026,-1.275,0.298
0.053,-1.313,0.244
0.094,-1.141,0.219
0.163,-0.875,0.319
0.212,-0.614,0.564
0.231,-0.373,0.840
0.275,-0.123,0.980
0.388,0.113,0.900
0.530,0.243,0.652
0.609,0.195,0.373
0.566,0.003,0.203
0.410,-0.215,0.224
0.175,-0.345,0.414
-0.094,-0.350,0.651
-0.319,-0.262,0.796
-0.396,-0.155,0.815
-0.270,-0.112,0.817
0.003,-0.196,0.935
0.268,-0.407,1.183
0.375,-0.658,1.444
0.258,-0.838,1.609
-0.052,-0.886,1.694
-0.451,-0.813,1.795
-0.799,-0.657,1.948
-0.979,-0.452,2.050
-0.951,-0.248,1.952
-0.770,-0.121,1.610
-0.544,-0.127,1.137
-0.343,-0.244,0.728
-0.163,-0.400,0.521
0.046,-0.549,0.531
0.309,-0.710,0.660
0.590,-0.910,0.789
0.821,-1.110,0.835
0.964,-1.223,0.778
1.037,-1.199,0.639
1.099,-1.086,0.454
1.199,-0.992,0.256
1.359,-0.999,0.080
1.563,-1.095,-0.026
1.768,-1.193,-0.022
1.923,-1.199,0.077
1.991,-1.084,0.187
1.980,-0.909,0.223
1.930,-0.803,0.196
1.879,-0.884,0.201
1.830,-1.187,0.302
1.761,-1.631,0.438
1.649,-2.067,0.477
1.500,-2.360,0.373
1.344,-2.447,0.247
1.218,-2.325,0.302
1.127,-2.029,0.638
1.030,-1.632,1.134
0.878,-1.261,1.499
0.666,-1.060,1.490
0.457,-1.092,1.113
0.335,-1.276,0.626
0.337,-1.433,0.322
0.434,-1.429,0.271
0.563,-1.281,0.305
0.678,-1.133,0.239
0.772,-1.124,0.082
0.896,-1.276,0.023
1.118,-1.484,0.235
1.461,-1.612,0.710
1.844,-1.602,1.267
2.113,-1.486,1.681
2.155,-1.309,1.812
1.996,-1.063,1.661
1.780,-0.721,1.341
1.641,-0.329,0.992
1.618,-0.020,0.686
1.662,0.067,0.407
1.714,-0.104,0.126
1.765,-0.457,-0.115
1.858,-0.866,-0.208
2.048,-1.237,-0.091
2.354,-1.525,0.149
2.740,-1.721,0.309
3.111,-1.834,0.223
3.349,-1.863,-0.084
3.370,-1.781,-0.416
3.169,-1.553,-0.542
2.820,-1.205,-0.360
2.419,-0.861,0.037
2.024,-0.710,0.441
1.631,-0.873,0.679
1.200,-1.292,0.706
0.731,-1.756,0.578
0.290,-2.038,0.339
-0.014,-2.030,-0.014
-0.119,-1.782,-0.454
-0.058,-1.426,-0.837
0.074,-1.064,-0.962
0.227,-0.729,-0.740
0.446,-0.414,-0.302
0.804,-0.138,0.095
1.298,0.046,0.264
1.825,0.105,0.212
2.282,0.072,0.093
2.631,0.019,0.057
2.872,-0.033,0.131
2.982,-0.165,0.208
2.932,-0.487,0.145
2.756,-1.012,-0.121
2.563,-1.597,-0.519
2.447,-2.025,-0.897
2.417,-2.148,-1.115
2.399,-1.950,-1.113
2.334,-1.515,-0.916
2.228,-0.957,-0.597
2.141,-0.385,-0.229
2.147,0.112,0.127
2.296,0.484,0.405
2.594,0.729,0.532
2.977,0.875,0.468
3.307,0.946,0.240
3.445,0.938,-0.054
3.334,0.837,-0.295
3.041,0.635,-0.392
2.699,0.333,-0.330
2.422,-0.043,-0.184
2.258,-0.439,-0.063
2.205,-0.756,-0.037
2.227,-0.897,-0.087
2.281,-0.821,-0.163
2.331,-0.580,-0.247
2.354,-0.289,-0.362
2.331,-0.067,-0.512
2.252,0.032,-0.653
2.125,0.034,-0.737
1.994,0.022,-0.748
1.895,0.077,-0.707
1.800,0.220,-0.651
1.623,0.403,-0.626
1.305,0.551,-0.680
0.880,0.604,-0.824
0.448,0.538,-1.016
0.097,0.374,-1.185
-0.134,0.178,-1.274
-0.234,0.054,-1.262
-0.202,0.079,-1.132
-0.069,0.245,-0.869
0.098,0.461,-0.501
0.242,0.625,-0.144
0.361,0.683,0.053
0.502,0.614,0.017
0.700,0.409,-0.177
0.940,0.090,-0.373
1.171,-0.262,-0.474
1.354,-0.532,-0.506
1.483,-0.665,-0.544
1.563,-0.707,-0.588
1.597,-0.753,-0.560
1.594,-0.852,-0.410
1.567,-0.978,-0.200
1.537,-1.080,-0.067
1.513,-1.129,-0.108
1.500,-1.114,-0.292
1.513,-1.021,-0.481
1.581,-0.848,-0.522
1.707,-0.634,-0.355
1.846,-0.457,-0.063
1.924,-0.381,0.186
1.891,-0.389,0.280
1.767,-0.391,0.255
1.631,-0.283,0.250
1.578,-0.025,0.350
1.656,0.330,0.502
1.843,0.672,0.568
2.061,0.908,0.470
2.237,1.016,0.257
2.352,1.054,0.050
2.435,1.098,-0.055
2.526,1.177,-0.052
2.632,1.268,-0.003
2.713,1.331,0.019
2.711,1.348,-0.026
2.591,1.319,-0.136
2.373,1.225,-0.302
2.122,1.029,-0.533
1.902,0.706,-0.839
1.739,0.282,-1.181
1.616,-0.171,-1.454
1.502,-0.561,-1.553
1.382,-0.809,-1.458
1.287,-0.874,-1.262
1.272,-0.781,-1.098
1.383,-0.608,-1.044
1.594,-0.439,-1.085
1.809,-0.303,-1.155
1.907,-0.179,-1.192
1.841,-0.049,-1.153
1.661,0.050,-1.008
1.476,0.048,-0.766
1.377,-0.083,-0.491
1.389,-0.299,-0.278
1.446,-0.523,-0.171
1.421,-0.715,-0.137
1.199,-0.871,-0.134
0.757,-0.990,-0.186
0.192,-1.050,-0.354
-0.352,-1.030,-0.631
-0.777,-0.943,-0.896
-1.046,-0.810,-1.010
-1.138,-0.624,-0.935
-1.023,-0.365,-0.753
-0.715,-0.063,-0.573
-0.305,0.195,-0.445
0.083,0.326,-0.364
0.380,0.320,-0.323
0.586,0.224,-0.344
0.708,0.073,-0.453
0.717,-0.120,-0.645
0.588,-0.316,-0.853
0.363,-0.421,-0.976
0.145,-0.354,-0.947
0.024,-0.120,-0.793
0.013,0.181,-0.619
0.059,0.440,-0.536
0.102,0.612,-0.567
0.123,0.711,-0.639
0.141,0.770,-0.620
0.182,0.808,-0.422
0.255,0.821,-0.064
0.360,0.782,0.317
0.492,0.653,0.560
0.645,0.412,0.612
0.781,0.073,0.554
0.840,-0.309,0.485
0.786,-0.681,0.392
0.638,-1.028,0.181
0.451,-1.368,-0.158
0.260,-1.707,-0.469
0.074,-1.992,-0.549
-0.084,-2.129,-0.349
-0.163,-2.057,-0.024
-0.128,-1.816,0.214
-0.022,-1.532,0.267
0.073,-1.315,0.191
0.115,-1.191,0.094
0.136,-1.128,0.033
0.183,-1.110,-0.014
0.244,-1.156,-0.087
0.269,-1.262,-0.167
0.248,-1.362,-0.158
0.235,-1.371,0.033
0.296,-1.288,0.376
0.428,-1.212,0.675
0.555,-1.269,0.707
0.592,-1.493,0.410
0.514,-1.798,-0.037
0.364,-2.039,-0.357
0.203,-2.103,-0.395
0.066,-1.971,-0.216
-0.036,-1.718,-0.012
-0.091,-1.452,0.074
-0.070,-1.241,0.038
0.052,-1.059,-0.013
0.265,-0.819,0.031
0.507,-0.473,0.208
0.705,-0.062,0.456
0.831,0.316,0.673
0.922,0.589,0.797
1.060,0.743,0.843
1.304,0.785,0.863
1.648,0.715,0.869
2.012,0.542,0.818
2.265,0.306,0.680
2.281,0.063,0.492
2.005,-0.153,0.340
1.497,-0.335,0.275
0.911,-0.501,0.270
0.428,-0.670,0.248
0.155,-0.869,0.150
0.097,-1.098,-0.025
0.196,-1.306,-0.233
0.387,-1.414,-0.422
0.630,-1.385,-0.566
0.883,-1.274,-0.679
1.080,-1.182,-0.792
1.142,-1.162,-0.909
1.020,-1.180,-0.971
0.721,-1.156,-0.891
0.303,-1.045,-0.649
-0.147,-0.859,-0.352
-0.532,-0.651,-0.186
-0.780,-0.477,-0.277
-0.875,-0.370,-0.581
-0.865,-0.328,-0.914
-0.820,-0.314,-1.091
-0.776,-0.286,-1.040
-0.737,-0.223,-0.817
-0.696,-0.146,-0.538
-0.655,-0.093,-0.291
-0.610,-0.080,-0.121
-0.540,-0.097,-0.053
-0.428,-0.128,-0.107
-0.284,-0.183,-0.269
-0.141,-0.296,-0.455
-0.013,-0.487,-0.551
0.128,-0.741,-0.503
0.323,-1.018,-0.384
0.571,-1.268,-0.326
0.801,-1.448,-0.393
0.919,-1.509,-0.513
0.878,-1.404,-0.557
0.705,-1.111,-0.480
0.463,-0.661,-0.370
0.196,-0.133,-0.356
-0.074,0.386,-0.462
-0.326,0.846,-0.563
-0.521,1.240,-0.485
-0.625,1.577,-0.171
-0.644,1.831,0.242
-0.617,1.944,0.512
-0.578,1.858,0.478
-0.533,1.577,0.189
-0.468,1.192,-0.153
-0.365,0.845,-0.375
-0.227,0.651,-0.460
-0.080,0.618,-0.495
0.037,0.656,-0.524
0.100,0.647,-0.501
0.117,0.539,-0.380
0.129,0.352,-0.223
0.162,0.129,-0.181
0.194,-0.115,-0.353
0.184,-0.384,-0.687
0.121,-0.642,-1.013
0.049,-0.818,-1.185
0.028,-0.864,-1.175
0.076,-0.823,-1.060
0.150,-0.793,-0.937
0.198,-0.839,-0.847
0.190,-0.921,-0.772
0.138,-0.935,-0.666
0.062,-0.815,-0.497
-0.019,-0.600,-0.279
-0.082,-0.405,-0.085
-0.091,-0.317,-0.013
-0.024,-0.332,-0.115
0.103,-0.367,-0.340
0.226,-0.326,-0.548
0.275,-0.163,-0.604
0.228,0.101,-0.473
0.116,0.401,-0.227
-0.013,0.646,0.010
-0.134,0.757,0.152
-0.242,0.699,0.180
-0.317,0.503,0.135
-0.320,0.252,0.081
-0.233,0.040,0.064
-0.090,-0.080,0.087
0.039,-0.104,0.106
0.097,-0.065,0.091
0.066,0.007,0.055
-0.031,0.107,0.041
-0.156,0.255,0.055
-0.265,0.469,0.063
-0.316,0.743,0.049
-0.274,1.046,0.052
-0.114,1.340,0.125
0.180,1.610,0.272
0.592,1.850,0.435
1.044,2.039,0.530
1.415,2.141,0.478
1.598,2.139,0.237
1.567,2.055,-0.149
1.362,1.930,-0.545
1.048,1.796,-0.802
0.689,1.653,-0.880
0.349,1.494,-0.863
0.079,1.311,-0.856
-0.121,1.096,-0.880
-0.287,0.848,-0.904
-0.440,0.588,-0.936
-0.565,0.352,-1.042
-0.651,0.146,-1.261
-0.755,-0.067,-1.506
-0.960,-0.321,-1.606
-1.297,-0.567,-1.447
-1.698,-0.701,-1.081
-2.059,-0.667,-0.703
-2.318,-0.534,-0.486
-2.484,-0.433,-0.454
-2.578,-0.432,-0.503
-2.591,-0.491,-0.526
-2.505,-0.535,-0.500
-2.349,-0.552,-0.449
-2.205,-0.594,-0.382
-2.137,-0.696,-0.269
-2.120,-0.815,-0.083
-2.066,-0.859,0.169
-1.923,-0.755,0.429
-1.742,-0.490,0.591
-1.636,-0.100,0.555
-1.675,0.355,0.314
-1.847,0.798,-0.009
-2.080,1.139,-0.260
-2.274,1.298,-0.397
-2.334,1.253,-0.496
-2.219,1.058,-0.625
-1.988,0.822,-0.748
-1.758,0.653,-0.780
-1.598,0.592,-0.699
-1.469,0.580,-0.571
-1.297,0.492,-0.462
-1.088,0.229,-0.369
-0.946,-0.180,-0.249
-0.979,-0.573,-0.080
-1.205,-0.756,0.114
-1.545,-0.651,0.288
-1.878,-0.326,0.401
-2.081,0.092,0.436
-2.071,0.508,0.405
-1.835,0.865,0.351
-1.458,1.096,0.311
-1.083,1.131,0.277
-0.814,0.949,0.192
-0.660,0.620,0.007
-0.566,0.262,-0.272
-0.484,-0.013,-0.565
-0.425,-0.124,-0.770
-0.438,-0.051,-0.809
-0.561,0.143,-0.686
-0.792,0.317,-0.501
-1.072,0.336,-0.414
-1.321,0.156,-0.523
-1.467,-0.162,-0.770
-1.474,-0.529,-0.979
-1.346,-0.876,-1.012
-1.126,-1.161,-0.903
-0.903,-1.344,-0.791
-0.784,-1.391,-0.759
-0.830,-1.292,-0.740
-1.004,-1.066,-0.602
-1.192,-0.729,-0.311
-1.304,-0.314,0.032
-1.344,0.100,0.284
-1.389,0.404,0.378
-1.481,0.522,0.353
-1.569,0.476,0.294
-1.573,0.350,0.272
-1.497,0.204,0.319
-1.448,0.035,0.414
-1.537,-0.166,0.488
-1.759,-0.360,0.460
-2.001,-0.479,0.297
-2.153,-0.503,0.056
-2.184,-0.481,-0.162
-2.115,-0.475,-0.287
-1.971,-0.502,-0.304
-1.785,-0.532,-0.228
-1.629,-0.538,-0.087
-1.570,-0.517,0.074
-1.603,-0.475,0.195
-1.632,-0.419,0.237
-1.565,-0.358,0.199
-1.397,-0.315,0.103
-1.203,-0.275,-0.018
-1.061,-0.180,-0.112
-0.994,0.040,-0.110
-0.968,0.388,0.034
-0.924,0.786,0.306
-0.825,1.127,0.626
-0.695,1.338,0.896
-0.614,1.405,1.037
-0.665,1.365,1.027
-0.869,1.289,0.893
-1.167,1.247,0.688
-1.447,1.261,0.468
-1.614,1.297,0.303
-1.638,1.294,0.274
-1.556,1.224,0.412
-1.428,1.094,0.642
-1.271,0.919,0.817
-1.070,0.683,0.851
-0.821,0.366,0.787
-0.559,-0.004,0.711
-0.324,-0.345,0.644
-0.139,-0.569,0.563
-0.026,-0.659,0.487
-0.028,-0.671,0.493
-0.153,-0.668,0.610
-0.326,-0.651,0.764
-0.418,-0.593,0.869
-0.367,-0.507,0.925
-0.221,-0.465,1.009
-0.076,-0.515,1.151
0.024,-0.624,1.266
0.091,-0.724,1.236
0.122,-0.794,1.046
0.082,-0.858,0.830
-0.043,-0.913,0.764
-0.192,-0.892,0.906
-0.277,-0.742,1.143
-0.266,-0.496,1.285
-0.218,-0.253,1.234
-0.210,-0.083,1.057
-0.250,0.026,0.906
-0.274,0.131,0.882
-0.242,0.270,0.969
-0.199,0.449,1.073
-0.229,0.667,1.097
-0.358,0.933,1.002
-0.501,1.249,0.814
-0.545,1.586,0.598
-0.457,1.877,0.410
-0.307,2.052,0.278
-0.192,2.076,0.214
-0.156,1.960,0.233
-0.175,1.746,0.333
-0.204,1.471,0.469
-0.213,1.150,0.569
-0.201,0.775,0.587
-0.198,0.347,0.530
-0.253,-0.097,0.418
-0.395,-0.488,0.244
-0.605,-0.765,0.008
-0.815,-0.920,-0.223
-0.951,-1.003,-0.328
-0.964,-1.075,-0.227
-0.867,-1.158,0.030
-0.736,-1.236,0.309
-0.681,-1.295,0.505
-0.779,-1.337,0.589
-1.007,-1.353,0.555
-1.245,-1.305,0.379
-1.365,-1.154,0.063
-1.347,-0.908,-0.285
-1.271,-0.613,-0.487
-1.218,-0.300,-0.435
-1.178,0.042,-0.179
-1.082,0.412,0.146
-0.899,0.745,0.443
-0.672,0.949,0.678
-0.450,1.003,0.832
-0.222,0.979,0.872
0.038,0.973,0.803
0.283,1.006,0.687
0.408,1.043,0.582
0.341,1.062,0.495
0.122,1.083,0.416
-0.151,1.131,0.367
-0.405,1.191,0.409
-0.606,1.239,0.565
-0.725,1.278,0.780
-0.714,1.322,0.953
-0.562,1.350,1.006
-0.319,1.313,0.919
-0.075,1.215,0.738
0.113,1.148,0.545
0.248,1.237,0.409
0.356,1.541,0.345
0.438,2.025,0.332
0.452,2.603,0.367
0.344,3.186,0.477
0.121,3.699,0.666
-0.136,4.086,0.862
-0.324,4.315,0.952
-0.412,4.379,0.884
-0.457,4.290,0.718
-0.535,4.071,0.560
-0.660,3.762,0.448
-0.775,3.405,0.317
-0.821,3.016,0.093
-0.782,2.585,-0.203
-0.663,2.114,-0.448
-0.467,1.647,-0.528
-0.203,1.249,-0.436
0.068,0.942,-0.263
0.255,0.692,-0.103
0.296,0.470,0.010
0.226,0.301,0.091
0.145,0.235,0.163
0.135,0.281,0.224
0.194,0.379,0.253
0.268,0.466,0.230
0.315,0.541,0.152
0.350,0.670,0.055
0.407,0.921,0.007
0.505,1.305,0.073
0.637,1.766,0.255
0.798,2.218,0.479
0.990,2.578,0.649
1.196,2.795,0.724
1.357,2.848,0.725
1.406,2.756,0.682
1.328,2.568,0.586
1.172,2.339,0.423
0.991,2.108,0.229
0.795,1.906,0.087
0.569,1.772,0.071
0.328,1.758,0.186
0.136,1.863,0.397
0.049,2.008,0.663
0.080,2.076,0.923
0.211,2.005,1.074
0.423,1.839,1.012
0.693,1.666,0.734
0.957,1.553,0.384
1.119,1.526,0.151
1.122,1.596,0.124
0.998,1.760,0.224
0.854,1.954,0.303
0.789,2.073,0.291
0.821,2.050,0.245
0.892,1.931,0.261
0.928,1.837,0.355
0.878,1.852,0.427
0.728,1.954,0.340
0.485,2.068,0.055
0.190,2.160,-0.302
-0.074,2.259,-0.498
-0.221,2.390,-0.368
-0.214,2.512,0.026
-0.087,2.531,0.427
0.091,2.384,0.593
0.272,2.094,0.515
0.448,1.753,0.385
0.620,1.453,0.360
0.771,1.231,0.382
0.858,1.067,0.282
0.824,0.935,0.031
0.635,0.869,-0.173
0.342,0.963,-0.098
0.096,1.295,0.290
0.065,1.812,0.809
0.288,2.313,1.234
0.634,2.580,1.439
0.912,2.552,1.411
1.029,2.354,1.206
1.015,2.162,0.926
0.936,2.033,0.695
0.839,1.901,0.601
0.779,1.703,0.639
0.851,1.469,0.721
1.114,1.279,0.741
1.515,1.180,0.647
1.893,1.161,0.471
2.093,1.190,0.302
2.062,1.248,0.205
1.854,1.309,0.178
1.558,1.342,0.172
1.246,1.330,0.158
0.981,1.302,0.140
0.836,1.323,0.115
0.878,1.457,0.059
1.077,1.739,-0.027
1.282,2.144,-0.078
1.321,2.597,-0.029
1.153,3.013,0.101
0.925,3.339,0.209
0.828,3.569,0.237
0.918,3.718,0.244
1.100,3.808,0.330
1.260,3.881,0.490
1.366,3.990,0.591
1.422,4.147,0.506
1.384,4.290,0.261
1.173,4.335,0.018
0.791,4.259,-0.079
0.360,4.118,-0.028
0.029,3.962,0.066
-0.155,3.778,0.104
-0.244,3.536,0.053
-0.293,3.272,-0.075
-0.292,3.072,-0.256
-0.206,2.958,-0.460
-0.058,2.843,-0.650
0.069,2.604,-0.805
0.112,2.218,-0.928
0.091,1.768,-1.006
0.065,1.357,-0.983
0.060,1.020,-0.801
0.033,0.731,-0.493
-0.060,0.482,-0.188
-0.216,0.313,-0.010
-0.380,0.271,0.011
-0.501,0.368,-0.066
-0.562,0.571,-0.162
-0.574,0.825,-0.218
-0.570,1.067,-0.196
-0.588,1.242,-0.090
-0.647,1.335,0.052
-0.734,1.384,0.152
-0.809,1.460,0.160
-0.841,1.615,0.077
-0.827,1.844,-0.090
-0.782,2.089,-0.339
-0.730,2.275,-0.638
-0.696,2.350,-0.893
-0.690,2.328,-1.011
-0.684,2.292,-0.968
-0.616,2.328,-0.794
-0.457,2.442,-0.507
-0.246,2.546,-0.104
-0.063,2.547,0.348
0.055,2.429,0.694
0.139,2.241,0.788
0.249,2.019,0.618
0.416,1.774,0.297
0.633,1.548,-0.041
0.869,1.411,-0.302
1.078,1.388,-0.419
1.199,1.412,-0.330
1.200,1.378,-0.022
1.115,1.248,0.403
1.044,1.063,0.756
1.086,0.854,0.852
1.269,0.602,0.619
1.503,0.304,0.144
1.627,0.030,-0.378
1.494,-0.110,-0.750
1.067,-0.082,-0.875
0.441,0.049,-0.760
-0.214,0.178,-0.483
-0.729,0.261,-0.152
-0.971,0.328,0.078
-0.876,0.437,0.034
-0.494,0.626,-0.373
-0.013,0.900,-1.031
0.313,1.235,-1.624
0.337,1.583,-1.799
0.116,1.880,-1.377
-0.149,2.049,-0.447
-0.307,2.031,0.691
-0.360,1.829,1.673
-0.404,1.526,2.200
-0.500,1.246,2.132
-0.636,1.070,1.546
-0.807,0.969,0.691
-1.044,0.839,-0.149
-1.350,0.604,-0.809
-1.627,0.274,-1.267
-1.726,-0.078,-1.526
-1.567,-0.391,-1.541
-1.203,-0.630,-1.285
-0.736,-0.774,-0.887
-0.244,-0.823,-0.597
0.216,-0.818,-0.604
0.549,-0.848,-0.882
0.653,-0.966,-1.238
0.526,-1.118,-1.477
0.306,-1.188,-1.491
0.173,-1.112,-1.239
0.222,-0.934,-0.714
0.443,-0.723,0.028
0.779,-0.479,0.833
1.169,-0.146,1.507
1.536,0.279,1.880
1.779,0.698,1.858
1.839,0.988,1.430
1.748,1.100,0.708
1.598,1.075,-0.037
1.466,0.987,-0.477
1.388,0.890,-0.451
1.387,0.801,-0.116
1.489,0.687,0.176
1.671,0.461,0.186
1.827,0.036,-0.039
1.808,-0.578,-0.298
1.538,-1.232,-0.510
1.073,-1.722,-0.788
0.541,-1.932,-1.245
0.059,-1.889,-1.751
-0.308,-1.683,-1.959
-0.521,-1.371,-1.586
-0.552,-0.984,-0.724
-0.408,-0.604,0.161
-0.186,-0.365,0.567
-0.038,-0.332,0.358
-0.087,-0.403,-0.141
-0.317,-0.379,-0.440
-0.576,-0.142,-0.268
-0.705,0.229,0.317
-0.673,0.534,1.080
-0.568,0.628,1.767
-0.435,0.534,2.104
-0.176,0.399,1.802
0.310,0.342,0.726
0.902,0.344,-0.896
1.262,0.285,-2.536
1.125,0.073,-3.711
0.572,-0.268,-4.271
-0.053,-0.649,-4.348
-0.463,-1.025,-4.079
-0.596,-1.398,-3.489
-0.497,-1.722,-2.631
-0.185,-1.864,-1.725
0.263,-1.715,-1.068
0.581,-1.314,-0.786
0.453,-0.823,-0.731
-0.164,-0.356,-0.628
-0.897,0.078,-0.275
-1.256,0.484,0.375
-1.038,0.789,1.214
-0.444,0.915,1.982
0.192,0.921,2.361
0.691,0.996,2.176
1.040,1.274,1.552
1.227,1.708,0.818
1.166,2.107,0.262
0.801,2.283,0.018
0.200,2.144,0.137
-0.468,1.708,0.616
-1.022,1.102,1.303
-1.318,0.526,1.873
-1.278,0.145,2.036
-0.952,-0.039,1.738
-0.545,-0.181,1.107
-0.313,-0.419,0.253
-0.395,-0.729,-0.766
-0.749,-0.962,-1.802
-1.202,-1.000,-2.574
-1.518,-0.835,-2.850
-1.452,-0.518,-2.620
-0.876,-0.111,-2.061
0.065,0.278,-1.358
0.944,0.490,-0.645
1.313,0.421,-0.059
1.031,0.138,0.269
0.319,-0.198,0.345
-0.473,-0.519,0.393
-1.110,-0.908,0.681
-1.504,-1.439,1.249
-1.614,-2.029,1.831
-1.422,-2.511,2.086
-1.000,-2.822,1.885
-0.508,-3.036,1.377
-0.098,-3.213,0.837
0.166,-3.303,0.498
0.266,-3.240,0.453
0.185,-3.037,0.596
-0.041,-2.751,0.635
-0.252,-2.351,0.306
-0.234,-1.744,-0.346
0.090,-0.905,-0.941
0.579,0.055,-1.121
0.984,0.969,-0.893
1.115,1.688,-0.580
0.908,2.071,-0.443
0.414,1.975,-0.479
-0.200,1.364,-0.568
-0.693,0.389,-0.708
-0.878,-0.692,-1.017
-0.792,-1.702,-1.566
-0.688,-2.579,-2.282
-0.831,-3.252,-2.991
-1.297,-3.573,-3.484
-1.952,-3.448,-3.569
-2.586,-3.003,-3.161
-3.009,-2.517,-2.380
-3.075,-2.188,-1.486
-2.707,-2.009,-0.691
-1.938,-1.875,-0.046
-0.934,-1.751,0.472
0.079,-1.701,0.827
0.893,-1.800,0.955
1.367,-2.096,0.888
1.450,-2.602,0.769
1.200,-3.253,0.688
0.764,-3.871,0.563
0.287,-4.230,0.248
-0.174,-4.214,-0.240
-0.670,-3.878,-0.656
-1.267,-3.331,-0.731
-1.966,-2.616,-0.421
-2.714,-1.758,0.081
-3.429,-0.882,0.544
-4.011,-0.190,0.844
-4.310,0.208,0.924
-4.180,0.376,0.739
-3.608,0.432,0.299
-2.809,0.398,-0.270
-2.125,0.218,-0.795
-1.787,-0.110,-1.171
-1.772,-0.483,-1.365
-1.884,-0.797,-1.362
-1.956,-1.041,-1.186
-1.944,-1.261,-0.951
-1.891,-1.460,-0.792
-1.868,-1.583,-0.713
-1.935,-1.595,-0.602
-2.102,-1.542,-0.425
-2.283,-1.527,-0.337
-2.338,-1.657,-0.492
-2.221,-2.003,-0.783
-2.058,-2.553,-0.869
-2.046,-3.159,-0.515
-2.256,-3.577,0.170
-2.565,-3.639,0.833
-2.762,-3.397,1.177
-2.701,-3.071,1.114
-2.342,-2.814,0.693
-1.729,-2.589,-0.001
-1.009,-2.271,-0.811
-0.435,-1.835,-1.460
-0.280,-1.382,-1.655
-0.615,-0.995,-1.276
-1.200,-0.657,-0.475
-1.649,-0.346,0.417
-1.729,-0.131,1.050
-1.509,-0.114,1.200
-1.237,-0.272,0.864
-1.125,-0.438,0.250
-1.238,-0.480,-0.348
-1.513,-0.446,-0.725
-1.811,-0.513,-0.832
-1.957,-0.802,-0.721
-1.827,-1.264,-0.466
-1.441,-1.722,-0.158
-0.989,-1.996,0.053
-0.720,-1.999,-0.004
-0.757,-1.787,-0.412
-0.992,-1.541,-1.067
-1.165,-1.472,-1.679
-1.075,-1.684,-1.914
-0.728,-2.113,-1.600
-0.304,-2.583,-0.860
0.020,-2.916,-0.042
0.198,-2.991,0.530
0.313,-2.756,0.787
0.475,-2.222,0.932
0.732,-1.499,1.208
1.042,-0.794,1.660
1.299,-0.343,2.082
1.387,-0.303,2.219
1.256,-0.679,1.988
0.960,-1.313,1.501
0.643,-1.951,0.920
0.429,-2.351,0.328
0.313,-2.387,-0.235
0.136,-2.108,-0.680
-0.279,-1.693,-0.854
-0.944,-1.341,-0.662
-1.658,-1.183,-0.164
-2.163,-1.265,0.432
-2.344,-1.561,0.885
-2.278,-1.949,1.023
-2.106,-2.187,0.817
-1.918,-2.001,0.405
-1.764,-1.287,0.058
-1.703,-0.222,0.031
-1.757,0.824,0.349
-1.809,1.513,0.733
-1.614,1.688,0.829
-0.984,1.378,0.554
0.022,0.751,0.214
1.120,0.067,0.218
1.999,-0.414,0.671
2.496,-0.575,1.253
2.601,-0.539,1.507
2.375,-0.569,1.236
1.924,-0.823,0.652
1.425,-1.209,0.177
1.088,-1.498,0.105
1.001,-1.564,0.406
1.028,-1.493,0.783
0.914,-1.455,0.921
0.518,-1.529,0.725
-0.047,-1.668,0.369
-0.518,-1.794,0.093
-0.692,-1.896,-0.028
-0.557,-2.003,-0.106
-0.244,-2.121,-0.231
0.080,-2.191,-0.307
0.307,-2.113,-0.150
0.404,-1.812,0.263
0.380,-1.314,0.752
0.225,-0.765,1.105
-0.113,-0.350,1.237
-0.664,-0.162,1.147
-1.345,-0.132,0.833
-1.967,-0.132,0.320
-2.363,-0.137,-0.276
-2.503,-0.256,-0.805
-2.487,-0.574,-1.176
-2.459,-1.014,-1.319
-2.562,-1.385,-1.077
-2.897,-1.568,-0.297
-3.440,-1.594,0.889
-3.953,-1.577,1.986
-4.099,-1.614,2.443
-3.707,-1.752,2.086
-2.928,-1.983,1.212
-2.082,-2.186,0.285
-1.367,-2.137,-0.383
-0.762,-1.671,-0.673
-0.186,-0.872,-0.513
0.329,-0.044,0.171
0.685,0.522,1.283
0.871,0.730,2.435
0.996,0.634,3.096
1.149,0.293,2.952
1.287,-0.233,2.132
1.295,-0.793,1.066
1.147,-1.157,0.166
0.919,-1.205,-0.357
0.645,-1.067,-0.430
0.235,-1.000,-0.030
-0.389,-1.112,0.766
-1.094,-1.262,1.697
-1.538,-1.231,2.387
-1.442,-0.981,2.540
-0.811,-0.690,2.102
0.104,-0.560,1.251
1.032,-0.645,0.274
1.821,-0.866,-0.546
2.411,-1.147,-1.013
2.781,-1.474,-1.061
2.954,-1.830,-0.753
3.033,-2.144,-0.230
3.122,-2.316,0.356
3.202,-2.298,0.887
3.087,-2.121,1.261
2.582,-1.860,1.382
1.688,-1.607,1.193
0.672,-1.454,0.736
-0.132,-1.444,0.172
-0.580,-1.506,-0.307
-0.791,-1.460,-0.593
-0.976,-1.120,-0.682
-1.226,-0.440,-0.585
-1.480,0.440,-0.275
-1.652,1.277,0.255
-1.710,1.857,0.900
-1.637,2.068,1.446
-1.381,1.906,1.695
-0.907,1.462,1.596
-0.297,0.911,1.253
0.271,0.473,0.830
0.639,0.314,0.419
0.768,0.440,0.027
0.711,0.697,-0.320
0.529,0.884,-0.479
0.270,0.906,-0.268
0.027,0.824,0.328
-0.056,0.759,1.059
0.125,0.748,1.560
0.538,0.702,1.610
1.061,0.501,1.253
1.601,0.130,0.704
2.137,-0.285,0.199
2.628,-0.595,-0.113
2.949,-0.750,-0.186
2.979,-0.816,-0.066
2.756,-0.882,0.161
2.490,-0.987,0.422
2.384,-1.119,0.668
2.453,-1.235,0.843
2.537,-1.264,0.876
2.453,-1.114,0.739
2.147,-0.746,0.504
1.721,-0.250,0.302
1.341,0.166,0.225
1.137,0.298,0.278
1.138,0.089,0.409
1.270,-0.329,0.558
1.398,-0.711,0.675
1.395,-0.837,0.752
1.196,-0.639,0.849
0.837,-0.235,1.041
0.438,0.146,1.291
0.138,0.324,1.414
-0.006,0.275,1.208
-0.063,0.140,0.658
-0.171,0.126,-0.025
-0.408,0.387,-0.532
-0.719,0.914,-0.645
-0.957,1.509,-0.335
-1.010,1.852,0.231
-0.878,1.682,0.786
-0.658,0.966,1.119
-0.485,-0.060,1.182
-0.446,-1.041,1.040
-0.531,-1.712,0.750
-0.631,-2.003,0.331
-0.621,-2.008,-0.128
-0.438,-1.867,-0.431
-0.108,-1.667,-0.433
0.320,-1.421,-0.228
0.813,-1.129,-0.103
1.342,-0.846,-0.250
1.835,-0.672,-0.566
2.205,-0.652,-0.770
2.398,-0.698,-0.701
2.408,-0.664,-0.480
2.246,-0.500,-0.363
1.914,-0.309,-0.490
1.448,-0.218,-0.756
0.964,-0.225,-0.915
0.618,-0.195,-0.802
0.494,0.001,-0.484
0.535,0.354,-0.195
0.588,0.734,-0.123
0.535,1.001,-0.237
0.371,1.085,-0.335
0.183,0.985,-0.244
0.054,0.739,0.020
0.003,0.389,0.303
0.003,-0.010,0.456
0.050,-0.393,0.440
0.181,-0.688,0.308
0.404,-0.845,0.134
0.632,-0.876,-0.028
0.716,-0.852,-0.143
0.558,-0.844,-0.192
0.212,-0.846,-0.169
-0.151,-0.762,-0.097
-0.355,-0.498,-0.032
-0.303,-0.059,-0.051
0.001,0.428,-0.204
0.467,0.812,-0.474
0.942,1.012,-0.781
1.256,1.053,-1.045
1.313,1.011,-1.237
1.154,0.940,-1.378
0.938,0.855,-1.482
0.820,0.774,-1.521
0.840,0.742,-1.442
0.897,0.815,-1.225
0.830,0.990,-0.893
0.533,1.184,-0.496
0.036,1.286,-0.088
-0.505,1.242,0.277
-0.895,1.091,0.545
-1.020,0.920,0.688
-0.912,0.803,0.729
-0.728,0.769,0.721
-0.637,0.815,0.690
-0.710,0.902,0.602
-0.861,0.943,0.410
-0.920,0.827,0.153
-0.772,0.486,-0.024
-0.460,-0.027,0.005
-0.152,-0.533,0.207
-0.001,-0.824,0.382
-0.033,-0.796,0.347
-0.146,-0.504,0.101
-0.188,-0.091,-0.209
-0.024,0.321,-0.459
0.390,0.678,-0.648
0.963,0.959,-0.830
1.451,1.151,-1.013
1.580,1.288,-1.145
1.258,1.466,-1.176
0.657,1.763,-1.071
0.098,2.118,-0.816
-0.181,2.330,-0.458
-0.135,2.229,-0.153
0.140,1.820,-0.101
0.514,1.274,-0.376
0.858,0.777,-0.841
1.071,0.414,-1.250
1.114,0.190,-1.433
1.048,0.104,-1.366
0.979,0.158,-1.104
0.968,0.337,-0.715
0.972,0.595,-0.307
0.912,0.884,-0.020
0.757,1.155,0.050
0.542,1.342,-0.048
0.333,1.365,-0.156
0.170,1.201,-0.153
0.059,0.944,-0.059
0.003,0.764,0.015
0.015,0.778,-0.001
0.114,0.967,-0.086
0.312,1.216,-0.181
0.589,1.425,-0.265
0.879,1.586,-0.355
1.071,1.767,-0.442
1.074,2.039,-0.459
0.894,2.421,-0.338
0.668,2.839,-0.084
0.585,3.133,0.184
0.749,3.123,0.290
1.112,2.708,0.128
1.520,1.938,-0.245
1.808,1.006,-0.641
1.885,0.158,-0.869
1.740,-0.418,-0.868
1.411,-0.660,-0.726
0.973,-0.624,-0.585
0.527,-0.410,-0.546
0.196,-0.075,-0.624
0.086,0.392,-0.789
0.231,1.004,-1.008
0.560,1.695,-1.255
0.913,2.328,-1.481
1.134,2.782,-1.611
1.148,3.024,-1.573
0.978,3.094,-1.317
0.688,3.042,-0.846
0.344,2.905,-0.264
0.022,2.712,0.195
-0.164,2.500,0.269
-0.123,2.282,-0.095
0.128,2.059,-0.633
0.469,1.844,-0.942
0.797,1.683,-0.824
1.106,1.608,-0.407
1.434,1.568,0.059
1.742,1.456,0.436
1.940,1.239,0.720
2.016,1.034,0.894
2.072,1.012,0.891
2.199,1.205,0.692
2.348,1.455,0.387
2.391,1.578,0.113
2.285,1.544,-0.022
2.119,1.448,0.028
1.997,1.365,0.233
1.933,1.287,0.464
1.878,1.219,0.542
1.802,1.262,0.369
1.712,1.537,-0.007
1.624,2.050,-0.471
1.528,2.678,-0.943
1.414,3.268,-1.381
1.296,3.726,-1.692
1.207,4.013,-1.721
1.183,4.121,-1.369
1.243,4.070,-0.706
1.382,3.897,0.028
1.576,3.611,0.556
1.805,3.187,0.715
2.055,2.615,0.531
2.296,1.962,0.170
2.473,1.343,-0.197
2.511,0.836,-0.475
2.363,0.445,-0.638
2.039,0.147,-0.693
1.618,-0.048,-0.667
1.242,-0.098,-0.616
1.059,0.003,-0.583
1.125,0.197,-0.537
1.376,0.372,-0.417
1.686,0.435,-0.257
1.969,0.356,-0.227
2.215,0.174,-0.485
2.423,-0.028,-0.985
2.560,-0.152,-1.448
2.586,-0.107,-1.567
2.514,0.141,-1.244
2.399,0.519,-0.675
2.287,0.841,-0.206
2.218,0.900,-0.079
2.251,0.612,-0.266
2.436,0.074,-0.518
2.736,-0.496,-0.604
2.992,-0.898,-0.502
2.994,-1.056,-0.345
2.627,-1.013,-0.237
1.972,-0.877,-0.172
1.293,-0.735,-0.141
0.879,-0.617,-0.219
0.841,-0.526,-0.454
1.016,-0.485,-0.712
1.093,-0.534,-0.729
0.890,-0.656,-0.388
0.499,-0.758,0.115
0.166,-0.751,0.432
0.044,-0.655,0.380
0.096,-0.559,0.060
0.228,-0.486,-0.327
0.408,-0.341,-0.675
0.637,-0.039,-0.973
0.837,0.352,-1.182
0.864,0.642,-1.215
0.666,0.710,-1.048
0.367,0.602,-0.760
0.141,0.440,-0.446
0.015,0.283,-0.134
-0.117,0.138,0.170
-0.318,0.043,0.381
-0.478,0.081,0.357
-0.435,0.256,0.044
-0.173,0.433,-0.416
0.149,0.447,-0.775
0.361,0.272,-0.864
0.428,0.043,-0.698
0.412,-0.079,-0.423
0.364,-0.044,-0.193
0.296,0.093,-0.096
0.272,0.250,-0.148
0.412,0.356,-0.312
0.765,0.352,-0.523
1.205,0.199,-0.734
1.501,-0.055,-0.929
1.513,-0.274,-1.087
1.307,-0.306,-1.148
1.072,-0.097,-1.057
0.963,0.269,-0.828
1.015,0.645,-0.565
1.166,0.924,-0.376
1.343,1.086,-0.302
1.510,1.167,-0.312
1.670,1.194,-0.368
1.835,1.148,-0.459
1.982,0.974,-0.594
2.065,0.642,-0.785
2.048,0.217,-1.028
1.947,-0.150,-1.295
1.827,-0.324,-1.520
1.743,-0.292,-1.602
1.688,-0.172,-1.466
1.602,-0.124,-1.162
1.427,-0.244,-0.873
1.159,-0.520,-0.786
0.827,-0.858,-0.924
0.446,-1.115,-1.118
0.020,-1.160,-1.178
-0.401,-0.958,-1.079
-0.708,-0.628,-0.970
-0.801,-0.389,-1.025
-0.663,-0.403,-1.271
-0.352,-0.634,-1.560
0.052,-0.879,-1.684
0.464,-0.943,-1.544
0.759,-0.782,-1.219
0.801,-0.492,-0.899
0.533,-0.185,-0.748
0.061,0.100,-0.793
-0.408,0.375,-0.938
-0.712,0.632,-1.053
-0.831,0.809,-1.077
-0.842,0.825,-1.055
-0.798,0.631,-1.075
-0.692,0.231,-1.147
-0.519,-0.307,-1.177
-0.326,-0.873,-1.071
-0.183,-1.354,-0.878
-0.104,-1.697,-0.750
-0.061,-1.924,-0.784
-0.036,-2.095,-0.923
-0.024,-2.228,-1.033
0.015,-2.278,-1.060
0.158,-2.197,-1.051
0.430,-2.012,-1.064
0.737,-1.815,-1.081
0.928,-1.667,-1.034
0.928,-1.520,-0.897
0.785,-1.285,-0.737
0.604,-0.944,-0.667
0.459,-0.562,-0.751
0.370,-0.194,-0.944
0.324,0.176,-1.125
0.304,0.587,-1.203
0.291,0.999,-1.166
0.266,1.294,-1.059
0.204,1.374,-0.934
0.087,1.229,-0.833
-0.067,0.933,-0.810
-0.200,0.593,-0.902
-0.262,0.308,-1.075
-0.279,0.147,-1.204
-0.330,0.119,-1.160
-0.449,0.177,-0.928
-0.568,0.246,-0.633
-0.582,0.262,-0.442
-0.461,0.190,-0.429
-0.249,0.039,-0.530
0.015,-0.111,-0.615
0.327,-0.141,-0.593
0.643,0.018,-0.479
0.832,0.306,-0.369
0.773,0.569,-0.363
0.489,0.684,-0.483
0.148,0.659,-0.637
-0.082,0.603,-0.684
-0.170,0.637,-0.545
-0.196,0.818,-0.280
-0.232,1.130,-0.048
-0.266,1.511,0.019
-0.240,1.889,-0.074
-0.118,2.203,-0.179
0.074,2.414,-0.121
0.272,2.488,0.153
0.419,2.398,0.525
0.497,2.143,0.803
0.520,1.768,0.875
0.507,1.351,0.755
0.479,0.969,0.499
0.445,0.656,0.119
0.392,0.386,-0.387
0.276,0.102,-0.932
0.056,-0.251,-1.323
-0.240,-0.667,-1.380
-0.496,-1.078,-1.099
-0.588,-1.396,-0.682
-0.504,-1.594,-0.396
-0.389,-1.714,-0.386
-0.446,-1.779,-0.606
-0.783,-1.721,-0.904
-1.350,-1.408,-1.132
-2.006,-0.788,-1.197
-2.612,0.023,-1.056
-3.057,0.800,-0.736
-3.215,1.375,-0.333
-2.977,1.726,0.053
-2.356,1.931,0.380
-1.544,2.046,0.650
-0.812,2.070,0.839
-0.339,2.002,0.893
-0.146,1.863,0.825
-0.171,1.665,0.755
-0.349,1.396,0.813
-0.591,1.061,1.016
-0.774,0.720,1.249
-0.796,0.449,1.373
-0.675,0.244,1.322
-0.529,0.031,1.138
-0.477,-0.235,0.939
-0.559,-0.504,0.839
-0.764,-0.675,0.856
-1.052,-0.716,0.886
-1.371,-0.676,0.816
-1.653,-0.614,0.675
-1.839,-0.522,0.623
-1.885,-0.340,0.764
-1.737,-0.017,0.994
-1.346,0.426,1.102
-0.741,0.892,1.007
-0.087,1.261,0.867
0.397,1.464,0.927
0.587,1.511,1.271
0.499,1.452,1.727
0.215,1.304,2.014
-0.192,1.064,1.974
-0.634,0.780,1.688
-0.972,0.559,1.370
-1.079,0.472,1.156
-0.969,0.441,1.005
-0.827,0.277,0.797
-0.876,-0.162,0.504
-1.194,-0.844,0.221
-1.647,-1.587,0.068
-2.006,-2.179,0.096
-2.128,-2.496,0.275
-2.028,-2.528,0.535
-1.798,-2.348,0.776
-1.496,-2.039,0.886
-1.134,-1.651,0.823
-0.764,-1.203,0.666
-0.506,-0.700,0.560
-0.445,-0.142,0.589
-0.529,0.482,0.725
-0.606,1.173,0.888
-0.575,1.886,1.041
-0.459,2.526,1.218
-0.352,2.994,1.467
-0.314,3.235,1.780
-0.356,3.235,2.070
-0.483,3.008,2.205
-0.712,2.616,2.089
-1.033,2.204,1.735
-1.389,1.942,1.266
-1.700,1.928,0.832
-1.936,2.121,0.511
-2.114,2.383,0.278
-2.239,2.577,0.078
-2.269,2.638,-0.084
-2.146,2.587,-0.138
-1.885,2.506,-0.038
-1.600,2.479,0.180
-1.435,2.522,0.439
-1.459,2.558,0.686
-1.628,2.468,0.885
-1.823,2.205,0.979
-1.951,1.843,0.927
-2.008,1.517,0.787
-2.045,1.319,0.686
-2.071,1.250,0.691
-1.996,1.251,0.759
-1.729,1.245,0.848
-1.301,1.172,0.990
-0.879,0.988,1.205
-0.613,0.682,1.371
-0.522,0.252,1.315
-0.536,-0.324,1.033
-0.618,-1.078,0.748
-0.794,-1.966,0.701
-1.073,-2.820,0.909
-1.417,-3.427,1.147
-1.801,-3.684,1.164
-2.260,-3.655,0.880
-2.823,-3.450,0.415
-3.425,-3.085,-0.020
-3.938,-2.482,-0.241
-4.269,-1.605,-0.189
-4.429,-0.533,0.056
-4.483,0.588,0.335
-4.453,1.628,0.535
-4.294,2.498,0.676
-3.950,3.128,0.857
-3.430,3.495,1.114
-2.823,3.656,1.346
-2.275,3.739,1.422
-1.917,3.832,1.354
-1.782,3.926,1.294
-1.763,3.934,1.367
-1.644,3.780,1.519
-1.236,3.446,1.571
-0.528,2.969,1.419
0.287,2.426,1.139
0.952,1.909,0.911
1.315,1.482,0.857
1.414,1.099,0.938
1.411,0.604,1.020
1.476,-0.148,0.994
1.683,-1.150,0.869
1.975,-2.194,0.739
2.206,-3.007,0.687
2.227,-3.427,0.728
1.966,-3.468,0.841
1.448,-3.261,1.009
0.783,-2.932,1.205
0.135,-2.548,1.372
-0.333,-2.147,1.429
-0.549,-1.789,1.346
-0.581,-1.578,1.177
-0.608,-1.604,1.021
-0.796,-1.862,0.923
-1.195,-2.226,0.829
-1.746,-2.507,0.644
-2.375,-2.552,0.338
-3.044,-2.289,0.006
-3.740,-1.714,-0.206
-4.432,-0.875,-0.230
-5.053,0.122,-0.135
-5.528,1.100,-0.042
-5.784,1.877,0.006
-5.752,2.354,0.080
-5.391,2.570,0.257
-4.746,2.655,0.514
-3.982,2.719,0.713
-3.323,2.774,0.728
-2.908,2.750,0.571
-2.688,2.565,0.394
-2.471,2.198,0.370
-2.063,1.701,0.549
-1.407,1.162,0.826
-0.580,0.661,1.056
0.303,0.256,1.182
1.175,-0.022,1.278
2.030,-0.198,1.463
2.865,-0.365,1.761
3.633,-0.650,2.058
4.247,-1.137,2.189
4.610,-1.793,2.094
4.666,-2.467,1.871
4.429,-2.951,1.678
4.008,-3.086,1.589
3.555,-2.847,1.539
3.173,-2.358,1.411
2.856,-1.828,1.134
2.510,-1.424,0.714
2.043,-1.207,0.214
1.417,-1.156,-0.250
0.651,-1.225,-0.546
-0.199,-1.362,-0.600
-1.045,-1.472,-0.464
-1.780,-1.414,-0.272
-2.352,-1.068,-0.109
-2.809,-0.412,0.036
-3.265,0.475,0.196
-3.785,1.455,0.339
-4.313,2.373,0.405
-4.717,3.057,0.410
-4.880,3.361,0.459
-4.747,3.245,0.630
-4.310,2.821,0.865
-3.602,2.272,1.016
-2.727,1.739,0.985
-1.864,1.293,0.819
-1.195,1.009,0.672
-0.799,0.973,0.685
-0.621,1.185,0.888
-0.535,1.482,1.201
-0.423,1.624,1.494
-0.207,1.465,1.680
0.175,1.056,1.758
0.761,0.565,1.800
1.532,0.151,1.870
2.379,-0.112,1.972
3.122,-0.240,2.046
3.601,-0.288,2.006
3.748,-0.328,1.783
3.604,-0.413,1.356
3.260,-0.563,0.806
2.799,-0.754,0.325
2.267,-0.916,0.121
1.698,-0.967,0.260
1.147,-0.874,0.625
0.682,-0.714,1.027
0.349,-0.652,1.372
0.149,-0.813,1.642
0.061,-1.163,1.778
0.045,-1.537,1.655
0.017,-1.772,1.219
-0.153,-1.815,0.615
-0.566,-1.682,0.098
-1.182,-1.359,-0.172
-1.813,-0.792,-0.235
-2.264,0.010,-0.230
-2.491,0.893,-0.223
-2.597,1.624,-0.155
-2.682,2.054,0.050
-2.709,2.191,0.358
-2.543,2.111,0.599
-2.111,1.867,0.594
-1.503,1.501,0.294
-0.914,1.139,-0.160
-0.490,0.985,-0.531
-0.242,1.181,-0.646
-0.068,1.664,-0.479
0.128,2.176,-0.125
0.366,2.414,0.308
0.599,2.195,0.737
0.775,1.518,1.073
0.878,0.515,1.206
0.915,-0.635,1.078
0.898,-1.756,0.768
0.850,-2.690,0.466
0.789,-3.288,0.316
0.699,-3.445,0.303
0.509,-3.158,0.300
0.147,-2.557,0.240
-0.347,-1.836,0.212
-0.771,-1.137,0.370
-0.854,-0.494,0.750
-0.425,0.104,1.182
0.454,0.603,1.419
1.518,0.885,1.337
2.420,0.881,1.023
2.880,0.667,0.662
2.760,0.419,0.373
2.073,0.271,0.173
0.953,0.212,0.079
-0.364,0.156,0.184
-1.571,0.054,0.559
-2.346,-0.058,1.091
-2.487,-0.130,1.474
-2.028,-0.167,1.419
-1.254,-0.197,0.912
-0.542,-0.194,0.248
-0.164,-0.043,-0.198
-0.158,0.377,-0.232
-0.375,1.069,0.069
-0.593,1.875,0.499
-0.611,2.548,0.901
-0.298,2.902,1.222
0.363,2.897,1.428
1.205,2.616,1.444
1.897,2.182,1.187
2.112,1.701,0.671
1.761,1.270,0.075
1.074,0.985,-0.338
0.440,0.910,-0.392
0.139,1.022,-0.156
0.206,1.213,0.088
0.510,1.359,0.074
0.895,1.396,-0.210
1.248,1.325,-0.519
1.479,1.158,-0.593
1.516,0.855,-0.408
1.326,0.327,-0.177
0.935,-0.500,-0.104
0.410,-1.585,-0.176
-0.165,-2.715,-0.191
-0.717,-3.545,0.010
-1.216,-3.778,0.364
-1.689,-3.326,0.636
-2.192,-2.345,0.645
-2.727,-1.100,0.428
-3.170,0.188,0.173
-3.305,1.400,0.026
-2.970,2.459,-0.018
-2.205,3.266,-0.040
-1.262,3.721,-0.074
-0.439,3.805,-0.073
0.088,3.614,0.012
0.318,3.311,0.171
0.330,3.010,0.318
0.187,2.725,0.349
-0.070,2.423,0.210
-0.370,2.132,-0.057
-0.628,1.948,-0.354
-0.799,1.934,-0.602
-0.919,2.017,-0.760
-1.053,2.045,-0.783
-1.225,1.920,-0.612
-1.376,1.664,-0.253
-1.412,1.346,0.151
-1.282,0.967,0.393
-1.027,0.464,0.351
-0.744,-0.172,0.058
-0.508,-0.828,-0.350
-0.328,-1.336,-0.709
-0.200,-1.616,-0.862
-0.142,-1.739,-0.716
-0.157,-1.829,-0.323
-0.161,-1.937,0.127
-0.006,-2.017,0.467
0.392,-2.005,0.676
0.962,-1.892,0.818
1.529,-1.709,0.858
1.941,-1.485,0.627
2.120,-1.241,0.014
2.011,-0.998,-0.848
1.566,-0.744,-1.654
0.809,-0.391,-2.166
-0.118,0.178,-2.346
-1.020,0.976,-2.290
-1.764,1.858,-2.096
-2.308,2.628,-1.839
-2.620,3.179,-1.607
-2.620,3.526,-1.476
-2.264,3.696,-1.428
-1.652,3.662,-1.360
-1.015,3.408,-1.182
-0.569,3.017,-0.902
-0.390,2.611,-0.596
-0.413,2.237,-0.321
-0.541,1.833,-0.108
-0.701,1.343,-0.002
-0.839,0.821,-0.076
-0.906,0.379,-0.362
-0.871,0.067,-0.796
-0.739,-0.160,-1.260
-0.505,-0.371,-1.645
-0.121,-0.593,-1.878
0.446,-0.830,-1.910
1.118,-1.078,-1.721
1.662,-1.296,-1.364
1.819,-1.373,-0.947
1.483,-1.206,-0.550
0.787,-0.810,-0.188
0.022,-0.347,0.140
-0.524,-0.020,0.395
-0.704,0.035,0.501
-0.533,-0.228,0.414
-0.128,-0.781,0.162
0.372,-1.509,-0.163
0.867,-2.195,-0.468
1.309,-2.568,-0.700
1.664,-2.439,-0.848
1.873,-1.785,-0.928
1.843,-0.736,-0.984
1.481,0.491,-1.082
0.789,1.653,-1.255
-0.092,2.523,-1.446
-0.906,2.970,-1.535
-1.395,3.020,-1.477
-1.425,2.832,-1.382
-1.053,2.583,-1.406
-0.494,2.369,-1.569
-0.009,2.198,-1.723
0.252,2.064,-1.724
0.306,1.982,-1.559
0.262,1.974,-1.281
0.191,2.042,-0.885
0.088,2.191,-0.323
-0.050,2.469,0.378
-0.166,2.908,1.064
-0.196,3.436,1.551
-0.148,3.855,1.745
-0.111,3.966,1.675
-0.160,3.728,1.434
-0.299,3.266,1.125
-0.491,2.723,0.816
-0.708,2.136,0.536
-0.942,1.456,0.274
-1.160,0.667,0.014
-1.296,-0.167,-0.268
-1.292,-0.964,-0.626
-1.156,-1.685,-1.129
-0.995,-2.322,-1.785
-0.972,-2.841,-2.453
-1.205,-3.182,-2.888
-1.672,-3.312,-2.893
-2.200,-3.242,-2.476
-2.569,-3.013,-1.857
-2.647,-2.645,-1.328
-2.453,-2.150,-1.079
-2.102,-1.541,-1.122
-1.714,-0.844,-1.321
-1.354,-0.108,-1.492
-1.045,0.586,-1.493
-0.764,1.120,-1.253
-0.441,1.378,-0.779
0.012,1.323,-0.146
0.611,1.018,0.532
1.245,0.585,1.137
1.733,0.124,1.572
1.972,-0.325,1.742
2.019,-0.767,1.548
2.004,-1.214,0.958
1.978,-1.650,0.093
1.843,-2.017,-0.796
1.458,-2.226,-1.467
0.794,-2.195,-1.827
-0.020,-1.901,-1.930
-0.772,-1.398,-1.860
-1.269,-0.796,-1.651
-1.376,-0.213,-1.287
-1.038,0.246,-0.780
-0.326,0.505,-0.248
0.513,0.531,0.096
1.115,0.358,0.070
1.194,0.098,-0.313
0.742,-0.090,-0.792
0.046,-0.079,-1.052
-0.504,0.163,-0.978
-0.684,0.558,-0.744
-0.584,0.973,-0.618
-0.540,1.301,-0.713
-0.879,1.510,-0.924
-1.690,1.630,-1.073
-2.773,1.691,-1.082
-3.794,1.667,-1.001
-4.510,1.488,-0.928
-4.856,1.137,-0.897
-4.880,0.716,-0.871
-4.647,0.381,-0.830
-4.180,0.191,-0.832
-3.483,0.018,-0.971
-2.570,-0.334,-1.283
-1.483,-0.923,-1.723
-0.308,-1.579,-2.219
0.817,-2.023,-2.709
1.718,-2.053,-3.080
2.261,-1.635,-3.140
2.461,-0.860,-2.738
2.536,0.116,-1.907
2.773,1.109,-0.885
3.276,1.937,0.048
3.811,2.467,0.727
3.948,2.658,1.139
3.387,2.532,1.378
2.139,2.095,1.551
0.446,1.307,1.697
-1.436,0.121,1.755
-3.326,-1.431,1.634
-5.087,-3.213,1.314
-6.600,-5.035,0.860
-7.819,-6.730,0.314
-8.805,-8.208,-0.350
-9.649,-9.467,-1.175
-10.359,-10.561,-2.147
-10.799,-11.520,-3.216
-10.729,-12.277,-4.328
-9.910,-12.644,-5.391
-8.203,-12.393,-6.206
-5.632,-11.361,-6.544
-2.390,-9.506,-6.295
1.225,-6.914,-5.528
4.880,-3.794,-4.389
8.283,-0.439,-2.970
11.228,2.872,-1.345
13.622,5.973,0.330
15.461,8.799,1.804
16.734,11.290,2.889
17.344,13.320,3.597
17.119,14.768,4.088
15.959,15.617,4.474
13.950,15.944,4.703
11.323,15.787,4.677
8.308,15.043,4.404
5.055,13.540,3.978
1.708,11.192,3.401
-1.497,8.115,2.530
-4.278,4.597,1.236
-6.419,0.977,-0.369
-7.868,-2.456,-1.940
-8.701,-5.497,-3.108
-9.039,-8.014,-3.685
-8.990,-9.926,-3.725
-8.633,-11.187,-3.432
-8.033,-11.760,-3.014
-7.262,-11.603,-2.594
-6.413,-10.690,-2.227
-5.614,-9.059,-1.966
-5.031,-6.818,-1.882
-4.805,-4.104,-1.985
-4.949,-1.083,-2.157
-5.289,1.985,-2.244
-5.548,4.724,-2.199
-5.516,6.747,-2.121
-5.135,7.815,-2.157
-4.429,7.893,-2.421
-3.416,7.062,-2.975
-2.145,5.453,-3.773
-0.774,3.282,-4.578
0.484,0.882,-5.002
1.561,-1.385,-4.781
2.634,-3.318,-4.021
3.943,-4.950,-3.103
5.495,-6.408,-2.321
6.989,-7.673,-1.645
8.088,-8.484,-0.844
8.707,-8.492,0.220
8.973,-7.514,1.514
8.966,-5.636,2.948
8.588,-3.114,4.483
7.728,-0.221,6.065
6.469,2.799,7.529
5.056,5.701,8.646
3.698,8.250,9.255
2.471,10.277,9.323
1.384,11.718,8.880
0.443,12.593,7.943
-0.385,12.948,6.528
-1.193,12.794,4.691
-2.073,12.056,2.557
-3.044,10.585,0.324
-4.063,8.258,-1.750
-5.054,5.094,-3.436
-5.873,1.306,-4.655
-6.294,-2.776,-5.524
-6.130,-6.811,-6.240
-5.403,-10.479,-6.905
-4.357,-13.466,-7.450
-3.284,-15.484,-7.729
-2.367,-16.379,-7.656
-1.688,-16.212,-7.256
-1.293,-15.203,-6.578
-1.151,-13.557,-5.617
-1.062,-11.320,-4.304
-0.678,-8.402,-2.596
0.294,-4.755,-0.571
1.872,-0.539,1.559
3.759,3.860,3.502
5.488,7.974,4.980
6.643,11.400,5.818
7.013,13.866,6.009
6.635,15.206,5.729
5.771,15.351,5.250
4.845,14.362,4.805
4.299,12.453,4.466
4.374,9.945,4.149
4.945,7.191,3.707
5.583,4.493,3.053
5.830,2.047,2.216
5.472,-0.085,1.325
4.600,-1.959,0.531
3.452,-3.655,-0.076
2.241,-5.177,-0.503
1.104,-6.401,-0.816
0.125,-7.112,-1.076
-0.646,-7.085,-1.289
-1.222,-6.193,-1.411
-1.680,-4.494,-1.414
-2.129,-2.253,-1.330
-2.630,0.126,-1.270
-3.160,2.223,-1.365
-3.645,3.728,-1.684
-4.003,4.524,-2.166
-4.184,4.724,-2.634
-4.127,4.652,-2.865
-3.744,4.710,-2.661
-2.965,5.160,-1.895
-1.844,5.962,-0.602
-0.602,6.809,0.956
0.504,7.330,2.352
1.348,7.278,3.224
1.986,6.588,3.507
2.543,5.337,3.438
3.065,3.724,3.328
3.524,2.030,3.323
3.910,0.503,3.368
4.292,-0.780,3.330
4.762,-1.908,3.134
5.325,-2.983,2.783
5.880,-3.964,2.295
6.290,-4.693,1.668
6.464,-5.063,0.923
6.375,-5.105,0.153
6.066,-4.923,-0.498
5.658,-4.583,-0.939
5.311,-4.093,-1.195
5.078,-3.450,-1.355
4.779,-2.677,-1.445
4.050,-1.792,-1.380
2.625,-0.805,-1.039
0.570,0.218,-0.408
-1.739,1.080,0.366
-3.875,1.499,1.034
-5.565,1.272,1.359
-6.732,0.446,1.206
-7.406,-0.659,0.597
-7.666,-1.610,-0.287
-7.619,-2.069,-1.166
-7.342,-1.931,-1.785
-6.796,-1.320,-2.024
-5.828,-0.489,-1.922
-4.302,0.311,-1.631
-2.262,0.907,-1.332
0.028,1.226,-1.167
2.217,1.264,-1.189
4.031,1.047,-1.361
5.373,0.598,-1.602
6.264,-0.088,-1.840
6.764,-1.010,-2.032
6.909,-2.100,-2.134
6.738,-3.186,-2.081
6.325,-4.026,-1.818
5.781,-4.408,-1.338
5.178,-4.241,-0.702
4.501,-3.562,-0.021
3.699,-2.501,0.575
2.783,-1.248,0.970
1.887,-0.014,1.113
1.196,1.004,1.056
0.832,1.675,0.930
0.792,1.975,0.858
0.994,1.987,0.867
1.329,1.860,0.898
1.682,1.754,0.889
1.908,1.812,0.857
1.870,2.133,0.873
1.496,2.748,0.949
0.809,3.577,0.988
-0.132,4.433,0.841
-1.297,5.107,0.448
-2.676,5.494,-0.094
-4.209,5.646,-0.585
-5.749,5.674,-0.835
-7.119,5.587,-0.768
-8.201,5.228,-0.454
-8.930,4.369,-0.076
-9.229,2.879,0.177
-8.993,0.811,0.214
-8.170,-1.630,0.059
-6.867,-4.176,-0.205
-5.333,-6.572,-0.517
-3.818,-8.617,-0.845
-2.426,-10.155,-1.144
-1.070,-11.059,-1.322
0.438,-11.241,-1.268
2.248,-10.699,-0.917
4.364,-9.561,-0.310
6.617,-8.062,0.405
8.723,-6.445,1.032
10.394,-4.868,1.428
11.438,-3.369,1.576
11.790,-1.903,1.588
11.476,-0.400,1.610
10.569,1.171,1.727
9.154,2.747,1.918
7.322,4.175,2.115
5.178,5.270,2.269
2.853,5.928,2.357
0.520,6.169,2.325
-1.634,6.094,2.073
-3.494,5.794,1.521
-5.061,5.305,0.715
-6.382,4.623,-0.161
-7.425,3.746,-0.888
-8.033,2.693,-1.348
-8.033,1.505,-1.564
-7.356,0.250,-1.621
-6.062,-0.958,-1.563
-4.275,-1.968,-1.383
-2.142,-2.646,-1.075
0.149,-2.946,-0.682
2.372,-2.959,-0.283
4.330,-2.873,0.026
5.954,-2.884,0.144
7.305,-3.093,0.012
8.463,-3.469,-0.307
9.402,-3.864,-0.647
9.993,-4.085,-0.867
10.124,-3.994,-0.982
9.813,-3.607,-1.086
9.190,-3.133,-1.184
8.402,-2.887,-1.163
7.528,-3.136,-0.947
6.579,-3.946,-0.618
5.501,-5.148,-0.311
4.180,-6.414,-0.030
2.507,-7.378,0.367
0.508,-7.753,0.998
-1.594,-7.408,1.817
-3.479,-6.397,2.638
-4.926,-4.918,3.244
-5.917,-3.200,3.494
-6.580,-1.397,3.369
-7.063,0.443,2.989
-7.453,2.326,2.565
-7.770,4.238,2.272
-7.990,6.114,2.147
-8.076,7.850,2.103
-8.005,9.319,2.009
-7.769,10.376,1.769
-7.371,10.867,1.339
-6.808,10.677,0.735
-6.071,9.757,0.052
-5.144,8.142,-0.544
-3.985,5.940,-0.893
-2.553,3.344,-0.934
-0.864,0.624,-0.754
0.978,-1.912,-0.544
2.811,-4.008,-0.489
4.489,-5.547,-0.669
5.925,-6.556,-1.048
7.093,-7.164,-1.532
8.011,-7.534,-2.024
8.735,-7.811,-2.426
9.328,-8.085,-2.620
9.819,-8.356,-2.499
10.174,-8.531,-2.051
10.316,-8.464,-1.395
10.157,-8.030,-0.721
9.631,-7.180,-0.176
8.733,-5.977,0.212
7.541,-4.580,0.503
6.191,-3.195,0.772
4.797,-2.003,1.052
3.402,-1.093,1.330
1.989,-0.448,1.577
0.531,0.027,1.765
-0.965,0.452,1.874
-2.435,0.916,1.900
-3.769,1.430,1.874
-4.846,1.909,1.837
-5.582,2.215,1.791
-5.962,2.251,1.686
-6.046,2.036,1.492
-5.968,1.698,1.267
-5.895,1.418,1.134
-5.960,1.368,1.169
-6.190,1.673,1.330
-6.502,2.354,1.518
-6.783,3.281,1.662
-6.956,4.196,1.705
-6.949,4.798,1.553
-6.635,4.854,1.096
-5.855,4.257,0.325
-4.547,3.037,-0.627
-2.815,1.375,-1.568
-0.884,-0.417,-2.353
1.024,-1.988,-2.914
2.759,-3.117,-3.225
4.230,-3.813,-3.280
5.387,-4.263,-3.119
6.220,-4.662,-2.832
6.764,-5.114,-2.522
7.073,-5.607,-2.249
7.189,-6.048,-2.005
7.122,-6.287,-1.725
6.862,-6.163,-1.348
6.397,-5.606,-0.875
5.744,-4.718,-0.376
4.968,-3.749,0.043
4.191,-2.969,0.293
3.552,-2.526,0.343
3.155,-2.385,0.243
3.008,-2.350,0.102
3.013,-2.156,0.053
3.030,-1.607,0.205
2.962,-0.673,0.608
2.799,0.512,1.215
2.601,1.751,1.856
2.437,2.896,2.296
2.325,3.873,2.361
2.216,4.643,2.034
2.033,5.162,1.428
1.733,5.382,0.683
1.315,5.273,-0.085
0.802,4.835,-0.776
0.207,4.108,-1.300
-0.437,3.180,-1.634
-1.033,2.177,-1.857
-1.452,1.218,-2.096
-1.630,0.353,-2.408
-1.643,-0.442,-2.737
-1.677,-1.203,-2.957
-1.908,-1.919,-2.979
-2.401,-2.537,-2.813
-3.075,-3.028,-2.527
-3.764,-3.414,-2.170
-4.292,-3.719,-1.748
-4.547,-3.914,-1.274
-4.510,-3.928,-0.811
-4.263,-3.725,-0.433
-3.942,-3.351,-0.165
-3.651,-2.899,0.022
-3.378,-2.456,0.164
-3.003,-2.066,0.265
-2.394,-1.735,0.335
-1.503,-1.443,0.409
-0.377,-1.153,0.539
0.905,-0.822,0.758
2.268,-0.437,1.061
3.617,-0.028,1.399
4.820,0.339,1.688
5.743,0.612,1.832
6.311,0.791,1.766
6.526,0.947,1.494
6.450,1.184,1.086
6.151,1.593,0.662
5.685,2.201,0.352
5.098,2.948,0.227
4.458,3.711,0.243
3.860,4.362,0.275
3.391,4.830,0.217
3.072,5.124,0.071
2.835,5.327,-0.080
2.576,5.550,-0.149
2.225,5.854,-0.105
1.776,6.190,0.038
1.274,6.403,0.232
0.770,6.337,0.398
0.304,5.954,0.459
-0.113,5.340,0.409
-0.516,4.620,0.350
-0.964,3.856,0.412
-1.489,3.037,0.640
-2.053,2.131,0.946
-2.557,1.114,1.188
-2.914,-0.022,1.274
-3.100,-1.246,1.203
-3.151,-2.438,1.024
-3.140,-3.412,0.797
-3.133,-4.019,0.578
-3.177,-4.249,0.401
-3.277,-4.220,0.266
-3.376,-4.074,0.129
-3.369,-3.879,-0.052
-3.168,-3.621,-0.296
-2.759,-3.244,-0.583
-2.223,-2.684,-0.876
-1.696,-1.896,-1.123
-1.311,-0.893,-1.271
-1.135,0.208,-1.291
-1.150,1.192,-1.204
-1.258,1.845,-1.077
-1.337,2.075,-0.988
-1.301,1.966,-0.982
-1.115,1.729,-1.048
-0.784,1.584,-1.115
-0.339,1.659,-1.094
0.160,1.958,-0.931
0.637,2.385,-0.648
1.030,2.785,-0.323
1.332,2.990,-0.044
1.584,2.876,0.125
1.843,2.411,0.155
2.147,1.679,0.060
2.520,0.840,-0.092
2.975,0.052,-0.194
3.478,-0.597,-0.166
3.899,-1.092,-0.008
4.045,-1.461,0.193
3.770,-1.742,0.344
3.082,-1.975,0.411
2.157,-2.202,0.421
1.233,-2.440,0.405
0.482,-2.655,0.363
-0.059,-2.766,0.287
-0.471,-2.705,0.198
-0.876,-2.471,0.132
-1.334,-2.143,0.116
-1.800,-1.829,0.149
-2.173,-1.622,0.202
-2.399,-1.553,0.233
-2.532,-1.572,0.214
-2.684,-1.555,0.172
-2.925,-1.350,0.196
-3.212,-0.855,0.380
-3.393,-0.101,0.743
-3.291,0.764,1.198
-2.804,1.545,1.604
-1.961,2.090,1.845
-0.912,2.340,1.877
0.132,2.321,1.737
0.962,2.115,1.505
1.432,1.831,1.246
1.511,1.568,0.985
1.297,1.387,0.727
0.969,1.300,0.479
0.694,1.278,0.256
0.537,1.262,0.046
0.472,1.182,-0.192
0.443,0.955,-0.492
0.430,0.505,-0.836
0.447,-0.214,-1.169
0.507,-1.177,-1.438
0.593,-2.270,-1.620
0.650,-3.322,-1.716
0.608,-4.180,-1.733
0.421,-4.755,-1.679
0.102,-5.017,-1.569
-0.267,-4.971,-1.418
-0.581,-4.642,-1.246
-0.779,-4.097,-1.063
-0.887,-3.428,-0.867
-1.003,-2.719,-0.645
-1.231,-2.022,-0.410
-1.611,-1.364,-0.219
-2.087,-0.770,-0.139
-2.548,-0.236,-0.179
-2.898,0.285,-0.263
-3.110,0.869,-0.291
-3.208,1.544,-0.216
-3.242,2.255,-0.060
-3.265,2.883,0.137
-3.305,3.325,0.346
-3.326,3.564,0.530
-3.217,3.662,0.647
-2.882,3.712,0.680
-2.349,3.784,0.657
-1.774,3.911,0.619
-1.309,4.091,0.561
-0.970,4.280,0.438
-0.663,4.396,0.238
-0.307,4.337,0.027
0.089,4.042,-0.110
0.477,3.536,-0.159
0.835,2.908,-0.180
1.162,2.247,-0.226
1.417,1.609,-0.264
1.539,1.045,-0.209
1.526,0.631,-0.025
1.468,0.437,0.225
1.448,0.451,0.423
1.457,0.569,0.469
1.407,0.662,0.338
1.247,0.656,0.075
1.027,0.534,-0.221
0.835,0.292,-0.447
0.700,-0.075,-0.548
0.575,-0.544,-0.539
0.408,-1.054,-0.471
0.192,-1.544,-0.381
-0.041,-1.994,-0.288
-0.267,-2.405,-0.206
-0.495,-2.763,-0.167
-0.763,-3.027,-0.199
-1.121,-3.164,-0.301
-1.606,-3.171,-0.432
-2.218,-3.059,-0.531
-2.893,-2.844,-0.555
-3.496,-2.563,-0.503
-3.867,-2.278,-0.421
-3.891,-2.044,-0.367
-3.552,-1.873,-0.371
-2.946,-1.725,-0.393
-2.234,-1.546,-0.344
-1.582,-1.285,-0.146
-1.107,-0.909,0.217
-0.854,-0.398,0.694
-0.792,0.248,1.227
-0.829,1.004,1.773
-0.849,1.819,2.274
-0.751,2.624,2.623
-0.489,3.331,2.728
-0.091,3.843,2.587
0.357,4.080,2.298
0.759,4.027,1.964
1.057,3.744,1.635
1.226,3.340,1.341
1.241,2.904,1.143
1.078,2.471,1.094
0.761,2.034,1.168
0.405,1.577,1.254
0.155,1.095,1.260
0.081,0.591,1.200
0.139,0.075,1.167
0.221,-0.429,1.234
0.230,-0.887,1.367
0.096,-1.300,1.442
-0.231,-1.710,1.340
-0.755,-2.167,1.035
-1.380,-2.645,0.607
-1.921,-3.035,0.168
-2.212,-3.208,-0.218
-2.220,-3.098,-0.543
-2.078,-2.706,-0.817
-1.988,-2.071,-1.036
-2.090,-1.240,-1.187
-2.394,-0.287,-1.261
-2.815,0.684,-1.245
-3.240,1.567,-1.146
-3.563,2.295,-1.020
-3.673,2.851,-0.951
-3.469,3.241,-0.978
-2.917,3.463,-1.052
-2.096,3.508,-1.100
-1.161,3.368,-1.100
-0.277,3.039,-1.085
0.425,2.508,-1.082
0.858,1.787,-1.083
0.997,0.944,-1.076
0.917,0.116,-1.070
0.770,-0.538,-1.064
0.696,-0.905,-1.010
0.753,-0.936,-0.828
0.923,-0.627,-0.451
1.169,-0.016,0.121
1.475,0.782,0.802
1.808,1.567,1.430
2.100,2.125,1.830
2.271,2.350,1.923
2.277,2.292,1.781
2.130,2.079,1.588
1.882,1.803,1.496
1.585,1.476,1.513
1.283,1.057,1.535
1.014,0.501,1.469
0.809,-0.205,1.326
0.686,-1.026,1.171
0.619,-1.863,1.026
0.537,-2.582,0.852
0.320,-3.075,0.619
-0.156,-3.311,0.364
-0.950,-3.299,0.158
-2.000,-3.062,0.036
-3.141,-2.635,-0.021
-4.190,-2.115,-0.044
-5.030,-1.637,-0.051
-5.624,-1.294,-0.039
-5.962,-1.063,0.007
-6.039,-0.835,0.111
-5.885,-0.507,0.285
-5.613,-0.043,0.497
-5.390,0.537,0.682
-5.352,1.184,0.793
-5.525,1.830,0.835
-5.820,2.394,0.844
-6.065,2.829,0.854
-6.080,3.151,0.876
-5.749,3.418,0.921
-5.076,3.666,0.993
-4.182,3.867,1.074
-3.243,3.960,1.114
-2.409,3.901,1.062
-1.753,3.688,0.886
-1.263,3.362,0.602
-0.880,2.986,0.262
-0.545,2.632,-0.046
-0.216,2.364,-0.237
0.136,2.200,-0.254
0.531,2.113,-0.100
0.966,2.057,0.151
1.378,1.995,0.382
1.646,1.919,0.474
1.642,1.830,0.378
1.314,1.731,0.148
0.732,1.628,-0.078
0.055,1.533,-0.171
-0.534,1.459,-0.094
-0.884,1.401,0.081
-0.921,1.333,0.242
-0.674,1.218,0.305
-0.268,1.040,0.248
0.126,0.815,0.096
0.371,0.594,-0.083
0.413,0.426,-0.207
0.299,0.339,-0.222
0.160,0.338,-0.154
0.149,0.426,-0.085
0.334,0.602,-0.087
0.638,0.856,-0.172
0.890,1.178,-0.289
0.946,1.577,-0.357
0.781,2.073,-0.300
0.482,2.662,-0.076
0.184,3.269,0.276
0.018,3.769,0.654
0.055,4.050,0.931
0.260,4.068,1.022
0.473,3.855,0.912
0.497,3.501,0.662
0.217,3.116,0.399
-0.315,2.791,0.276
-0.916,2.554,0.379
-1.384,2.374,0.662
-1.610,2.208,0.961
-1.617,2.037,1.114
-1.522,1.862,1.067
-1.449,1.669,0.891
-1.466,1.425,0.705
-1.568,1.113,0.583
-1.712,0.763,0.524
-1.867,0.429,0.471
-2.028,0.165,0.382
-2.207,0.010,0.274
-2.396,-0.009,0.204
-2.563,0.111,0.215
-2.675,0.321,0.291
-2.731,0.537,0.356
-2.764,0.679,0.322
-2.792,0.722,0.148
-2.791,0.696,-0.110
-2.705,0.645,-0.319
-2.491,0.590,-0.362
-2.137,0.528,-0.233
-1.660,0.454,-0.048
-1.128,0.384,0.070
-0.665,0.358,0.096
-0.408,0.426,0.103
-0.429,0.630,0.181
-0.693,0.976,0.366
-1.095,1.399,0.628
-1.518,1.789,0.899
-1.859,2.050,1.112
-2.035,2.169,1.227
-2.001,2.217,1.226
-1.787,2.280,1.089
-1.494,2.388,0.797
-1.244,2.509,0.380
-1.115,2.588,-0.060
-1.118,2.595,-0.399
-1.209,2.552,-0.576
-1.335,2.526,-0.605
-1.468,2.604,-0.528
-1.594,2.826,-0.365
-1.667,3.166,-0.122
-1.609,3.541,0.169
-1.386,3.859,0.445
-1.065,4.047,0.626
-0.789,4.062,0.660
-0.675,3.887,0.551
-0.732,3.553,0.367
-0.874,3.138,0.202
-0.985,2.731,0.112
-0.984,2.398,0.094
-0.854,2.148,0.109
-0.633,1.943,0.112
-0.371,1.728,0.089
-0.104,1.456,0.075
0.153,1.109,0.136
0.367,0.692,0.310
0.480,0.237,0.559
0.433,-0.201,0.787
0.201,-0.547,0.923
-0.192,-0.725,0.960
-0.665,-0.681,0.931
-1.095,-0.422,0.853
-1.350,-0.037,0.721
-1.356,0.316,0.524
-1.161,0.476,0.261
-0.912,0.369,-0.035
-0.787,0.047,-0.291
-0.897,-0.351,-0.428
-1.238,-0.692,-0.424
-1.693,-0.904,-0.343
-2.096,-0.978,-0.279
-2.305,-0.941,-0.276
-2.252,-0.842,-0.313
-1.969,-0.737,-0.354
-1.562,-0.687,-0.382
-1.179,-0.737,-0.388
-0.946,-0.895,-0.360
-0.903,-1.121,-0.296
-0.982,-1.335,-0.209
-1.059,-1.456,-0.088
-1.046,-1.452,0.104
-0.939,-1.349,0.370
-0.792,-1.192,0.633
-0.653,-1.003,0.786
-0.540,-0.779,0.807
-0.447,-0.514,0.792
-0.345,-0.208,0.860
-0.183,0.130,1.039
0.088,0.473,1.251
0.464,0.752,1.395
0.870,0.875,1.412
1.222,0.791,1.289
1.498,0.540,1.044
1.740,0.224,0.721
1.971,-0.065,0.399
2.147,-0.291,0.162
2.202,-0.449,0.053
2.141,-0.544,0.053
2.062,-0.606,0.097
2.079,-0.708,0.104
2.229,-0.917,0.028
2.442,-1.203,-0.119
2.595,-1.436,-0.265
2.597,-1.465,-0.331
2.432,-1.238,-0.284
2.157,-0.820,-0.147
1.843,-0.334,0.039
1.544,0.115,0.242
1.279,0.466,0.426
1.047,0.698,0.535
0.834,0.824,0.534
0.621,0.876,0.443
0.387,0.894,0.330
0.129,0.903,0.272
-0.132,0.904,0.323
-0.376,0.864,0.492
-0.598,0.733,0.730
-0.807,0.488,0.916
-0.993,0.176,0.925
-1.138,-0.091,0.731
-1.251,-0.202,0.433
-1.382,-0.121,0.155
-1.581,0.089,-0.052
-1.846,0.302,-0.210
-2.132,0.384,-0.356
-2.392,0.260,-0.486
-2.614,-0.041,-0.570
-2.813,-0.404,-0.575
-3.002,-0.709,-0.491
-3.178,-0.922,-0.370
-3.315,-1.106,-0.322
-3.385,-1.352,-0.436
-3.376,-1.682,-0.680
-3.282,-2.045,-0.922
-3.084,-2.358,-1.048
-2.729,-2.583,-1.061
-2.176,-2.739,-1.031
-1.446,-2.890,-1.010
-0.647,-3.087,-0.990
0.086,-3.303,-0.949
0.663,-3.441,-0.873
1.059,-3.392,-0.739
1.281,-3.121,-0.518
1.353,-2.691,-0.205
1.314,-2.195,0.154
1.227,-1.697,0.496
1.147,-1.233,0.768
1.104,-0.832,0.936
1.102,-0.526,0.975
1.135,-0.321,0.880
1.197,-0.185,0.686
1.289,-0.076,0.464
1.411,0.034,0.280
1.550,0.166,0.169
1.671,0.343,0.118
1.716,0.582,0.080
1.636,0.869,0.015
1.423,1.160,-0.069
1.133,1.398,-0.124
0.869,1.541,-0.104
0.739,1.572,-0.014
0.814,1.490,0.106
1.076,1.298,0.231
1.423,1.007,0.356
1.708,0.638,0.457
1.814,0.237,0.457
1.699,-0.143,0.275
1.395,-0.451,-0.085
0.973,-0.661,-0.517
0.512,-0.766,-0.885
0.088,-0.784,-1.127
-0.233,-0.775,-1.273
-0.403,-0.836,-1.382
-0.396,-1.063,-1.481
-0.209,-1.482,-1.559
0.143,-2.018,-1.600
0.610,-2.526,-1.616
1.093,-2.869,-1.633
1.464,-2.967,-1.653
1.643,-2.797,-1.643
1.653,-2.375,-1.544
1.613,-1.755,-1.333
1.662,-1.028,-1.044
1.865,-0.311,-0.746
2.178,0.292,-0.492
2.484,0.730,-0.283
2.677,1.003,-0.097
2.715,1.143,0.063
2.633,1.183,0.167
2.487,1.150,0.187
2.318,1.072,0.113
2.144,0.985,-0.039
1.954,0.930,-0.245
1.720,0.926,-0.470
1.402,0.952,-0.670
0.980,0.960,-0.813
0.497,0.912,-0.890
0.047,0.804,-0.910
-0.276,0.667,-0.883
-0.430,0.533,-0.818
-0.437,0.420,-0.749
-0.345,0.329,-0.735
-0.197,0.252,-0.836
-0.018,0.170,-1.046
0.184,0.069,-1.277
0.413,-0.046,-1.392
0.679,-0.141,-1.299
0.973,-0.173,-1.012
1.248,-0.130,-0.636
1.446,-0.043,-0.296
1.547,0.046,-0.060
1.601,0.105,0.069
1.694,0.127,0.117
1.884,0.117,0.109
2.145,0.089,0.055
2.396,0.077,-0.035
2.554,0.126,-0.148
2.595,0.268,-0.262
2.556,0.495,-0.350
2.511,0.764,-0.393
2.526,1.014,-0.383
2.631,1.198,-0.328
2.811,1.283,-0.231
3.022,1.237,-0.095
3.206,1.039,0.050
3.307,0.687,0.149
3.286,0.219,0.169
3.116,-0.285,0.134
2.800,-0.726,0.100
2.383,-1.015,0.091
1.946,-1.100,0.072
1.563,-0.992,0.009
1.251,-0.770,-0.093
0.979,-0.547,-0.220
0.727,-0.413,-0.391
0.518,-0.393,-0.649
0.396,-0.446,-0.984
0.389,-0.494,-1.297
0.499,-0.452,-1.448
0.723,-0.253,-1.365
1.046,0.121,-1.094
1.407,0.606,-0.762
1.692,1.065,-0.479
1.791,1.367,-0.291
1.679,1.465,-0.184
1.434,1.419,-0.132
1.157,1.325,-0.119
0.905,1.236,-0.133
0.681,1.153,-0.158
0.500,1.060,-0.183
0.411,0.957,-0.195
0.460,0.848,-0.190
0.621,0.729,-0.173
0.804,0.596,-0.173
0.930,0.457,-0.238
0.987,0.335,-0.393
1.024,0.250,-0.604
1.103,0.199,-0.792
1.263,0.167,-0.869
1.516,0.123,-0.804
1.839,0.034,-0.635
2.163,-0.119,-0.447
2.376,-0.312,-0.318
2.375,-0.452,-0.279
2.118,-0.420,-0.304
1.662,-0.143,-0.334
1.124,0.343,-0.322
0.610,0.897,-0.277
0.166,1.353,-0.267
-0.233,1.614,-0.373
-0.632,1.697,-0.604
-1.043,1.709,-0.868
-1.436,1.769,-1.030
-1.742,1.947,-1.018
-1.897,2.224,-0.863
-1.875,2.507,-0.658
-1.709,2.672,-0.478
-1.466,2.616,-0.348
-1.203,2.313,-0.277
-0.928,1.819,-0.267
-0.616,1.227,-0.306
-0.246,0.610,-0.362
0.182,-0.010,-0.408
0.667,-0.642,-0.438
1.212,-1.287,-0.454
1.793,-1.927,-0.442
2.341,-2.521,-0.386
2.767,-3.015,-0.302
3.014,-3.352,-0.246
3.094,-3.481,-0.274
3.063,-3.381,-0.401
2.977,-3.050,-0.589
2.855,-2.511,-0.780
2.692,-1.813,-0.927
2.479,-1.046,-1.009
2.219,-0.324,-1.014
1.935,0.267,-0.933
1.659,0.704,-0.757
1.433,1.012,-0.518
1.298,1.225,-0.292
1.265,1.365,-0.153
1.291,1.442,-0.123
1.286,1.469,-0.160
1.175,1.474,-0.213
0.936,1.494,-0.261
0.598,1.563,-0.310
0.193,1.699,-0.340
-0.268,1.888,-0.297
-0.767,2.102,-0.127
-1.258,2.305,0.157
-1.675,2.455,0.451
-1.970,2.490,0.617
-2.131,2.340,0.569
-2.173,1.974,0.326
-2.113,1.448,-0.037
-1.969,0.883,-0.444
-1.770,0.396,-0.831
-1.566,0.048,-1.114
-1.409,-0.154,-1.201
-1.299,-0.207,-1.063
-1.171,-0.099,-0.771
-0.941,0.155,-0.452
-0.576,0.486,-0.206
-0.117,0.789,-0.063
0.352,0.990,-0.010
0.759,1.094,-0.034
1.054,1.145,-0.126
1.196,1.169,-0.265
1.165,1.159,-0.402
0.985,1.119,-0.471
0.743,1.092,-0.433
0.552,1.135,-0.316
0.496,1.259,-0.198
0.587,1.416,-0.146
0.777,1.546,-0.167
0.994,1.623,-0.222
1.185,1.655,-0.288
1.318,1.633,-0.375
1.367,1.538,-0.495
1.310,1.363,-0.618
1.150,1.156,-0.694
0.925,0.999,-0.714
0.674,0.953,-0.718
0.392,1.010,-0.744
0.040,1.090,-0.774
-0.386,1.110,-0.745
-0.806,1.032,-0.635
-1.098,0.876,-0.507
-1.197,0.688,-0.457
-1.162,0.490,-0.524
-1.121,0.285,-0.658
-1.173,0.069,-0.774
-1.314,-0.156,-0.838
-1.467,-0.392,-0.885
-1.559,-0.649,-0.962
-1.575,-0.938,-1.082
-1.541,-1.255,-1.228
-1.488,-1.573,-1.395
-1.434,-1.869,-1.594
-1.390,-2.139,-1.821
-1.376,-2.381,-2.020
-1.392,-2.560,-2.094
-1.415,-2.603,-1.977
-1.418,-2.439,-1.681
-1.403,-2.078,-1.289
-1.397,-1.623,-0.905
-1.407,-1.209,-0.609
-1.376,-0.911,-0.438
-1.219,-0.712,-0.382
-0.899,-0.541,-0.386
-0.469,-0.343,-0.382
-0.031,-0.106,-0.318
0.332,0.159,-0.171
0.596,0.443,0.065
0.767,0.734,0.392
0.851,1.015,0.782
0.852,1.278,1.171
0.798,1.520,1.477
0.735,1.725,1.643
0.690,1.844,1.655
0.647,1.821,1.522
0.563,1.639,1.261
0.419,1.334,0.889
0.242,0.969,0.451
0.077,0.598,0.021
-0.063,0.258,-0.319
-0.208,-0.028,-0.511
-0.384,-0.257,-0.559
-0.569,-0.458,-0.518
-0.699,-0.667,-0.471
-0.719,-0.888,-0.481
-0.626,-1.076,-0.580
-0.460,-1.166,-0.757
-0.268,-1.121,-0.958
-0.087,-0.967,-1.108
0.052,-0.782,-1.162
0.128,-0.654,-1.148
0.145,-0.633,-1.146
0.131,-0.721,-1.205
0.114,-0.880,-1.301
0.104,-1.046,-1.362
0.107,-1.150,-1.338
0.130,-1.143,-1.241
0.168,-1.028,-1.114
0.197,-0.868,-0.990
0.187,-0.746,-0.867
0.146,-0.718,-0.713
0.129,-0.799,-0.505
0.200,-0.971,-0.255
0.370,-1.208,-0.005
0.584,-1.479,0.208
0.763,-1.750,0.372
0.860,-1.990,0.480
0.895,-2.187,0.506
0.909,-2.337,0.421
0.923,-2.436,0.243
0.923,-2.470,0.053
0.900,-2.431,-0.059
0.892,-2.324,-0.061
0.958,-2.181,-0.001
1.127,-2.037,0.030
1.351,-1.913,-0.017
1.530,-1.796,-0.111
1.563,-1.646,-0.167
1.390,-1.436,-0.120
1.018,-1.189,0.001
0.514,-0.974,0.096
-0.024,-0.852,0.071
-0.508,-0.829,-0.073
-0.894,-0.840,-0.256
-1.199,-0.792,-0.384
-1.475,-0.635,-0.425
-1.770,-0.396,-0.406
-2.089,-0.163,-0.374
-2.384,-0.019,-0.348
-2.575,0.009,-0.321
-2.595,-0.051,-0.279
-2.432,-0.147,-0.217
-2.139,-0.242,-0.145
-1.805,-0.317,-0.088
-1.491,-0.373,-0.082
-1.207,-0.434,-0.136
-0.917,-0.545,-0.212
-0.608,-0.739,-0.248
-0.309,-1.004,-0.216
-0.069,-1.274,-0.159
0.082,-1.469,-0.137
0.150,-1.538,-0.174
0.164,-1.469,-0.244
0.160,-1.272,-0.303
0.166,-0.971,-0.326
0.186,-0.604,-0.304
0.192,-0.237,-0.247
0.158,0.072,-0.171
0.090,0.285,-0.074
0.041,0.385,0.070
0.076,0.358,0.278
0.231,0.193,0.505
0.485,-0.097,0.650
0.764,-0.462,0.633
0.974,-0.824,0.463
1.044,-1.115,0.236
0.983,-1.298,0.070
0.875,-1.380,0.024
0.824,-1.410,0.076
0.893,-1.455,0.155
1.063,-1.550,0.204
1.255,-1.668,0.217
1.371,-1.742,0.214
1.336,-1.734,0.201
1.145,-1.682,0.151
0.872,-1.671,0.042
0.626,-1.762,-0.119
0.494,-1.946,-0.297
0.490,-2.148,-0.450
0.573,-2.278,-0.549
0.677,-2.286,-0.582
0.753,-2.184,-0.553
0.790,-2.024,-0.475
0.812,-1.858,-0.361
0.850,-1.718,-0.223
0.914,-1.612,-0.089
0.984,-1.544,-0.005
1.037,-1.517,-0.002
1.074,-1.523,-0.069
1.131,-1.536,-0.146
1.251,-1.510,-0.167
1.423,-1.401,-0.094
1.565,-1.192,0.069
1.564,-0.899,0.276
1.354,-0.573,0.474
0.977,-0.269,0.634
0.563,-0.029,0.765
0.259,0.128,0.889
0.153,0.209,1.001
0.244,0.238,1.068
0.449,0.247,1.063
0.641,0.260,0.994
0.721,0.278,0.905
0.666,0.288,0.848
0.530,0.276,0.847
0.395,0.244,0.888
0.303,0.213,0.910
0.248,0.207,0.844
0.211,0.238,0.677
0.186,0.286,0.469
0.188,0.303,0.303
0.229,0.235,0.198
0.303,0.052,0.092
0.383,-0.240,-0.084
0.430,-0.594,-0.324
0.410,-0.925,-0.544
0.316,-1.129,-0.648
0.170,-1.123,-0.594
0.010,-0.906,-0.411
-0.134,-0.569,-0.169
-0.233,-0.232,0.054
-0.262,0.026,0.205
-0.201,0.199,0.282
-0.061,0.331,0.329
0.108,0.457,0.407
0.237,0.584,0.554
0.280,0.695,0.769
0.234,0.760,1.019
0.146,0.747,1.250
0.094,0.644,1.400
0.146,0.470,1.437
0.315,0.279,1.373
0.540,0.125,1.262
0.721,0.036,1.151
0.792,-0.009,1.055
0.756,-0.059,0.964
0.670,-0.157,0.880
0.598,-0.297,0.809
0.578,-0.418,0.751
0.612,-0.442,0.682
0.676,-0.324,0.570
0.733,-0.076,0.419
0.756,0.246,0.279
0.742,0.589,0.227
0.713,0.932,0.310
0.694,1.285,0.502
0.694,1.652,0.718
0.703,2.026,0.865
0.712,2.381,0.903
0.736,2.689,0.864
0.808,2.925,0.835
0.946,3.054,0.896
1.126,3.047,1.069
1.287,2.895,1.286
1.362,2.628,1.436
1.319,2.311,1.449
1.168,2.012,1.358
0.944,1.762,1.257
0.694,1.550,1.222
0.461,1.334,1.259
0.267,1.063,1.333
0.117,0.698,1.405
0.012,0.229,1.449
-0.028,-0.302,1.444
0.014,-0.820,1.382
0.125,-1.255,1.283
0.242,-1.577,1.180
0.300,-1.791,1.090
0.275,-1.904,0.994
0.198,-1.915,0.874
0.114,-1.843,0.748
0.056,-1.731,0.654
0.034,-1.629,0.609
0.051,-1.555,0.602
0.091,-1.486,0.615
0.121,-1.382,0.656
0.103,-1.207,0.731
0.027,-0.938,0.823
-0.080,-0.584,0.888
-0.180,-0.194,0.893
-0.257,0.165,0.850
-0.333,0.459,0.816
-0.444,0.722,0.846
-0.604,1.024,0.957
-0.802,1.404,1.122
-1.011,1.821,1.300
-1.207,2.185,1.460
-1.371,2.412,1.593
-1.487,2.466,1.700
-1.544,2.348,1.784
-1.555,2.093,1.844
-1.556,1.757,1.864
-1.588,1.407,1.825
-1.668,1.107,1.728
-1.783,0.895,1.617
-1.905,0.778,1.563
-2.013,0.746,1.610
-2.093,0.773,1.723
-2.122,0.826,1.804
-2.076,0.854,1.765
-1.943,0.803,1.573
-1.733,0.637,1.262
-1.481,0.359,0.902
-1.231,0.018,0.562
-1.030,-0.316,0.287
-0.919,-0.579,0.104
-0.912,-0.738,0.026
-0.979,-0.791,0.058
-1.054,-0.753,0.176
-1.084,-0.644,0.321
-1.061,-0.481,0.420
-1.021,-0.283,0.424
-1.005,-0.065,0.346
-1.025,0.162,0.244
-1.055,0.388,0.186
-1.052,0.606,0.206
-0.979,0.802,0.307
-0.820,0.956,0.473
-0.596,1.057,0.684
-0.361,1.107,0.911
-0.180,1.120,1.109
-0.091,1.097,1.228
-0.091,1.020,1.239
-0.138,0.871,1.167
-0.179,0.660,1.073
-0.175,0.441,1.014
-0.121,0.278,1.014
-0.047,0.205,1.057
0.000,0.212,1.108
-0.010,0.260,1.141
-0.072,0.313,1.142
-0.167,0.354,1.108
-0.302,0.380,1.053
-0.510,0.398,0.981
-0.811,0.412,0.895
-1.170,0.416,0.783
-1.493,0.394,0.652
-1.682,0.331,0.528
-1.687,0.229,0.454
-1.526,0.113,0.472
-1.274,0.017,0.588
-1.019,-0.039,0.760
-0.837,-0.063,0.915
-0.766,-0.080,0.987
-0.798,-0.113,0.962
-0.890,-0.182,0.879
-0.976,-0.294,0.792
-0.999,-0.436,0.718
-0.937,-0.582,0.629
-0.811,-0.694,0.504
-0.663,-0.740,0.372
-0.528,-0.700,0.301
-0.414,-0.578,0.332
-0.309,-0.401,0.427
-0.212,-0.214,0.497
-0.140,-0.049,0.474
-0.114,0.094,0.372
-0.137,0.250,0.272
-0.180,0.453,0.262
-0.199,0.700,0.371
-0.178,0.945,0.556
-0.133,1.139,0.734
-0.104,1.261,0.840
-0.125,1.322,0.865
-0.211,1.331,0.850
-0.364,1.281,0.828
-0.569,1.163,0.796
-0.790,0.988,0.713
-0.977,0.794,0.558
-1.092,0.631,0.370
-1.133,0.529,0.215
-1.128,0.488,0.135
-1.106,0.464,0.126
-1.089,0.390,0.156
-1.094,0.215,0.196
-1.125,-0.047,0.225
-1.169,-0.318,0.222
-1.198,-0.505,0.175
-1.185,-0.565,0.093
-1.118,-0.523,0.000
-1.001,-0.428,-0.078
-0.846,-0.301,-0.118
-0.697,-0.123,-0.091
-0.609,0.127,0.015
-0.606,0.439,0.164
-0.643,0.771,0.287
-0.641,1.064,0.327
-0.557,1.265,0.288
-0.420,1.349,0.209
-0.289,1.329,0.126
-0.208,1.242,0.053
-0.189,1.109,-0.012
-0.218,0.916,-0.065
-0.267,0.650,-0.101
-0.298,0.346,-0.118
-0.276,0.072,-0.123
-0.198,-0.120,-0.115
-0.094,-0.230,-0.086
-0.012,-0.290,-0.035
0.005,-0.319,0.018
-0.051,-0.324,0.037
-0.142,-0.327,-0.006
-0.212,-0.361,-0.105
-0.229,-0.439,-0.220
-0.206,-0.522,-0.319
-0.198,-0.542,-0.408
-0.248,-0.457,-0.520
-0.354,-0.286,-0.647
-0.475,-0.091,-0.731
-0.542,0.072,-0.704
-0.488,0.178,-0.567
-0.288,0.226,-0.398
0.016,0.214,-0.281
0.321,0.126,-0.229
0.528,-0.045,-0.207
0.619,-0.277,-0.189
0.655,-0.522,-0.189
0.696,-0.742,-0.225
0.736,-0.912,-0.283
0.716,-1.014,-0.333
0.602,-1.013,-0.366
0.417,-0.878,-0.403
0.214,-0.623,-0.454
0.034,-0.312,-0.503
-0.094,-0.028,-0.519
-0.139,0.184,-0.496
-0.072,0.328,-0.464
0.089,0.435,-0.462
0.274,0.535,-0.504
0.405,0.655,-0.568
0.453,0.809,-0.614
0.448,0.991,-0.611
0.431,1.159,-0.551
0.406,1.255,-0.468
0.351,1.247,-0.418
0.270,1.147,-0.437
0.220,0.996,-0.492
0.278,0.831,-0.514
0.475,0.664,-0.471
0.770,0.494,-0.409
1.064,0.319,-0.393
1.268,0.137,-0.427
1.341,-0.054,-0.458
1.317,-0.238,-0.446
1.274,-0.372,-0.412
1.282,-0.403,-0.393
1.352,-0.313,-0.392
1.446,-0.128,-0.384
1.520,0.096,-0.358
1.557,0.304,-0.340
1.560,0.446,-0.346
1.529,0.481,-0.356
1.475,0.401,-0.344
1.435,0.251,-0.319
1.465,0.105,-0.318
1.584,0.012,-0.363
1.749,-0.015,-0.421
1.876,0.031,-0.440
1.912,0.185,-0.398
1.853,0.469,-0.321
1.723,0.846,-0.256
1.544,1.218,-0.227
1.333,1.490,-0.223
1.119,1.624,-0.213
0.941,1.633,-0.188
0.814,1.555,-0.178
0.703,1.428,-0.229
0.535,1.300,-0.371
0.253,1.214,-0.584
-0.133,1.187,-0.815
-0.543,1.197,-1.012
-0.875,1.205,-1.156
-1.070,1.201,-1.269
-1.134,1.210,-1.373
-1.108,1.269,-1.471
-1.026,1.381,-1.528
-0.899,1.514,-1.505
-0.723,1.607,-1.395
-0.500,1.601,-1.245
-0.231,1.462,-1.127
0.078,1.197,-1.087
0.426,0.859,-1.124
0.798,0.528,-1.195
1.173,0.268,-1.242
1.525,0.107,-1.210
1.831,0.022,-1.060
2.067,-0.024,-0.794
2.219,-0.059,-0.479
2.284,-0.083,-0.224
2.286,-0.095,-0.128
2.257,-0.105,-0.209
2.223,-0.127,-0.409
2.191,-0.160,-0.641
2.152,-0.175,-0.847
2.095,-0.143,-0.999
2.001,-0.060,-1.075
1.853,0.040,-1.065
1.653,0.107,-0.996
1.431,0.104,-0.927
1.221,0.032,-0.908
1.026,-0.075,-0.930
0.803,-0.148,-0.941
0.515,-0.117,-0.904
0.175,0.056,-0.824
-0.150,0.336,-0.729
-0.391,0.632,-0.644
-0.521,0.853,-0.589
-0.559,0.967,-0.595
-0.548,1.011,-0.678
-0.547,1.043,-0.805
-0.611,1.094,-0.906
-0.762,1.157,-0.936
-0.958,1.217,-0.911
-1.113,1.271,-0.884
-1.155,1.321,-0.876
-1.083,1.371,-0.859
-0.953,1.431,-0.790
-0.826,1.514,-0.658
-0.735,1.623,-0.509
-0.684,1.721,-0.421
-0.663,1.748,-0.457
-0.658,1.671,-0.613
-0.646,1.503,-0.814
-0.603,1.289,-0.968
-0.516,1.065,-1.032
-0.399,0.843,-1.035
-0.292,0.617,-1.034
-0.231,0.391,-1.065
-0.226,0.195,-1.127
-0.249,0.073,-1.201
-0.268,0.068,-1.262
-0.272,0.181,-1.283
-0.270,0.364,-1.232
-0.261,0.546,-1.096
-0.219,0.673,-0.903
-0.121,0.729,-0.728
0.030,0.722,-0.649
0.206,0.659,-0.701
0.364,0.555,-0.851
0.469,0.451,-1.028
0.490,0.397,-1.159
0.418,0.419,-1.202
0.280,0.490,-1.137
0.144,0.551,-0.964
0.089,0.560,-0.705
0.153,0.522,-0.408
0.313,0.473,-0.134
0.503,0.441,0.058
0.664,0.421,0.126
0.771,0.390,0.057
0.820,0.336,-0.113
0.813,0.272,-0.302
0.751,0.236,-0.415
0.648,0.267,-0.396
0.539,0.395,-0.264
0.471,0.621,-0.094
0.472,0.918,0.038
0.529,1.240,0.096
0.604,1.540,0.094
0.650,1.785,0.068
0.650,1.955,0.036
0.612,2.035,-0.006
0.559,2.020,-0.063
0.510,1.936,-0.124
0.477,1.841,-0.172
0.461,1.795,-0.210
0.457,1.820,-0.260
0.442,1.880,-0.330
0.384,1.909,-0.401
0.277,1.867,-0.447
0.156,1.755,-0.465
0.076,1.596,-0.483
0.069,1.403,-0.524
0.117,1.170,-0.580
0.176,0.910,-0.614
0.207,0.656,-0.602
0.189,0.449,-0.558
0.106,0.300,-0.526
-0.042,0.186,-0.542
-0.233,0.082,-0.600
-0.408,-0.014,-0.661
-0.510,-0.090,-0.688
-0.516,-0.135,-0.680
-0.452,-0.163,-0.667
-0.377,-0.191,-0.683
-0.347,-0.231,-0.733
-0.393,-0.274,-0.781
-0.513,-0.302,-0.782
-0.682,-0.289,-0.722
-0.862,-0.217,-0.635
-1.020,-0.088,-0.573
-1.141,0.077,-0.552
-1.217,0.240,-0.548
-1.239,0.358,-0.524
-1.190,0.398,-0.470
-1.063,0.355,-0.414
-0.890,0.258,-0.385
-0.729,0.169,-0.380
-0.635,0.163,-0.363
-0.623,0.290,-0.294
-0.669,0.545,-0.177
-0.748,0.865,-0.059
-0.854,1.159,-0.001
-0.985,1.348,-0.027
-1.122,1.400,-0.104
-1.224,1.326,-0.170
-1.253,1.166,-0.192
-1.208,0.956,-0.170
-1.124,0.728,-0.125
-1.054,0.500,-0.070
-1.027,0.290,-0.012
-1.022,0.110,0.035
-0.983,-0.030,0.059
-0.854,-0.138,0.062
-0.618,-0.234,0.061
-0.307,-0.332,0.082
0.020,-0.419,0.132
0.304,-0.467,0.203
0.497,-0.455,0.267
0.566,-0.388,0.303
0.506,-0.281,0.314
0.346,-0.141,0.328
0.147,0.028,0.355
-0.031,0.207,0.368
-0.158,0.368,0.313
-0.235,0.495,0.174
-0.283,0.604,-0.005
-0.313,0.729,-0.144
-0.314,0.893,-0.191
-0.268,1.073,-0.150
-0.179,1.221,-0.059
-0.082,1.290,0.039
-0.007,1.256,0.102
0.043,1.136,0.099
0.091,0.968,0.023
0.145,0.789,-0.091
0.186,0.635,-0.176
0.190,0.543,-0.161
0.141,0.546,-0.024
0.042,0.653,0.195
-0.097,0.832,0.414
-0.261,1.028,0.563
-0.423,1.197,0.617
-0.549,1.333,0.605
-0.608,1.454,0.560
-0.587,1.556,0.505
-0.493,1.598,0.453
-0.358,1.518,0.421
-0.220,1.281,0.413
-0.109,0.911,0.418
-0.046,0.477,0.408
-0.051,0.058,0.370
-0.153,-0.285,0.328
-0.364,-0.518,0.313
-0.656,-0.631,0.333
-0.959,-0.651,0.349
-1.192,-0.642,0.321
-1.305,-0.685,0.253
-1.306,-0.833,0.188
-1.237,-1.071,0.153
-1.153,-1.328,0.130
-1.106,-1.528,0.086
-1.142,-1.630,0.021
-1.280,-1.642,-0.015
-1.496,-1.596,0.013
-1.717,-1.535,0.078
-1.862,-1.501,0.100
-1.901,-1.523,0.033
-1.872,-1.592,-0.078
-1.835,-1.653,-0.129
-1.815,-1.632,-0.047
-1.778,-1.492,0.135
-1.686,-1.272,0.313
-1.540,-1.068,0.396
-1.390,-0.958,0.376
-1.285,-0.951,0.309
-1.239,-0.993,0.253
-1.238,-1.025,0.235
-1.257,-1.030,0.248
-1.276,-1.023,0.265
-1.260,-1.009,0.268
-1.169,-0.968,0.261
-0.986,-0.879,0.263
-0.757,-0.754,0.281
-0.563,-0.641,0.295
-0.473,-0.590,0.278
-0.505,-0.614,0.238
-0.635,-0.690,0.214
-0.824,-0.769,0.242
-1.030,-0.805,0.305
-1.211,-0.770,0.352
-1.331,-0.665,0.352
-1.377,-0.515,0.320
-1.365,-0.355,0.311
-1.330,-0.214,0.368
-1.298,-0.104,0.497
-1.274,-0.036,0.659
-1.239,-0.009,0.788
-1.162,-0.014,0.822
-1.022,-0.034,0.751
-0.836,-0.059,0.623
-0.657,-0.092,0.503
-0.554,-0.145,0.413
-0.568,-0.226,0.322
-0.690,-0.333,0.201
-0.868,-0.458,0.084
-1.038,-0.585,0.043
-1.145,-0.685,0.114
-1.163,-0.728,0.251
-1.117,-0.710,0.367
-1.071,-0.664,0.410
-1.079,-0.639,0.381
-1.135,-0.667,0.319
-1.181,-0.740,0.264
-1.160,-0.831,0.240
-1.073,-0.909,0.242
-0.955,-0.954,0.244
-0.835,-0.944,0.227
-0.709,-0.873,0.211
-0.570,-0.768,0.240
-0.427,-0.686,0.334
-0.298,-0.671,0.449
-0.196,-0.728,0.512
-0.140,-0.822,0.481
-0.152,-0.906,0.388
-0.251,-0.934,0.303
-0.419,-0.882,0.287
-0.606,-0.765,0.342
-0.758,-0.650,0.420
-0.852,-0.621,0.453
-0.900,-0.714,0.395
-0.926,-0.887,0.256
-0.945,-1.067,0.086
-0.959,-1.203,-0.066
-0.962,-1.300,-0.188
-0.956,-1.381,-0.295
-0.959,-1.455,-0.397
-0.992,-1.515,-0.487
-1.061,-1.547,-0.559
-1.146,-1.553,-0.631
-1.223,-1.547,-0.727
-1.295,-1.553,-0.847
-1.381,-1.573,-0.968
-1.482,-1.584,-1.059
-1.562,-1.548,-1.106
-1.572,-1.455,-1.112
-1.490,-1.338,-1.082
-1.321,-1.257,-1.018
-1.077,-1.251,-0.920
-0.782,-1.319,-0.789
-0.484,-1.434,-0.626
-0.252,-1.555,-0.443
-0.127,-1.647,-0.269
-0.092,-1.682,-0.148
-0.082,-1.655,-0.101
-0.046,-1.594,-0.098
0.015,-1.536,-0.075
0.067,-1.498,0.006
0.080,-1.458,0.121
0.053,-1.374,0.208
0.003,-1.229,0.245
-0.042,-1.039,0.270
-0.051,-0.844,0.333
0.007,-0.680,0.442
0.127,-0.574,0.539
0.256,-0.541,0.560
0.311,-0.576,0.480
0.243,-0.649,0.336
0.081,-0.708,0.207
-0.092,-0.720,0.166
-0.198,-0.692,0.232
-0.212,-0.667,0.348
-0.163,-0.677,0.420
-0.107,-0.718,0.386
-0.092,-0.765,0.259
-0.142,-0.792,0.106
-0.257,-0.794,-0.009
-0.412,-0.774,-0.061
-0.574,-0.740,-0.063
-0.704,-0.697,-0.039
-0.773,-0.649,0.001
-0.766,-0.604,0.057
-0.675,-0.578,0.119
-0.495,-0.593,0.155
-0.232,-0.656,0.139
0.076,-0.734,0.086
0.361,-0.765,0.055
0.556,-0.690,0.105
0.645,-0.503,0.238
0.668,-0.262,0.401
0.683,-0.045,0.522
0.727,0.086,0.570
0.801,0.128,0.560
0.893,0.126,0.528
0.975,0.140,0.505
1.010,0.204,0.503
0.961,0.302,0.521
0.817,0.390,0.556
0.612,0.425,0.598
0.407,0.393,0.642
0.253,0.302,0.681
0.162,0.171,0.710
0.125,0.014,0.715
0.119,-0.160,0.691
0.126,-0.347,0.654
0.113,-0.547,0.637
0.047,-0.757,0.658
-0.086,-0.961,0.688
-0.257,-1.138,0.669
-0.416,-1.266,0.572
-0.533,-1.337,0.428
-0.625,-1.346,0.291
-0.729,-1.291,0.176
-0.859,-1.177,0.062
-0.998,-1.030,-0.059
-1.120,-0.890,-0.143
-1.205,-0.782,-0.128
-1.236,-0.704,-0.005
-1.182,-0.641,0.159
-1.030,-0.601,0.264
-0.800,-0.611,0.248
-0.546,-0.677,0.117
-0.309,-0.754,-0.070
-0.104,-0.770,-0.240
0.067,-0.680,-0.332
0.201,-0.506,-0.317
0.291,-0.313,-0.197
0.364,-0.168,0.002
0.467,-0.100,0.229
0.629,-0.114,0.414
0.828,-0.196,0.489
0.998,-0.315,0.431
1.079,-0.423,0.284
1.051,-0.465,0.141
0.944,-0.412,0.094
0.816,-0.281,0.182
0.719,-0.129,0.380
0.682,-0.021,0.619
0.705,0.004,0.816
0.757,-0.042,0.887
0.792,-0.119,0.787
0.767,-0.184,0.536
0.652,-0.221,0.221
0.451,-0.244,-0.053
0.210,-0.262,-0.225
0.018,-0.276,-0.291
-0.042,-0.274,-0.267
0.065,-0.251,-0.158
0.308,-0.203,0.022
0.607,-0.122,0.213
0.882,-0.005,0.324
1.069,0.131,0.308
1.141,0.245,0.197
1.119,0.305,0.080
1.073,0.326,0.025
1.073,0.347,0.048
1.137,0.390,0.130
1.215,0.425,0.245
1.237,0.405,0.368
1.182,0.310,0.476
1.087,0.162,0.557
1.002,-0.001,0.624
0.949,-0.141,0.690
0.927,-0.223,0.751
0.931,-0.218,0.780
0.971,-0.124,0.769
1.041,0.034,0.742
1.110,0.223,0.748
1.154,0.426,0.814
1.171,0.644,0.923
1.184,0.865,1.027
1.210,1.052,1.070
1.240,1.166,1.025
1.252,1.189,0.902
1.227,1.132,0.747
1.159,1.027,0.606
1.050,0.925,0.499
0.895,0.891,0.424
0.694,0.983,0.382
0.449,1.217,0.391
0.174,1.550,0.448
-0.102,1.899,0.511
-0.323,2.168,0.528
-0.442,2.274,0.489
-0.450,2.184,0.432
-0.382,1.947,0.390
-0.285,1.689,0.344
-0.200,1.542,0.252
-0.150,1.559,0.124
-0.145,1.693,0.029
-0.162,1.862,0.029
-0.145,2.009,0.108
-0.030,2.120,0.200
0.199,2.184,0.266
0.495,2.185,0.341
0.796,2.133,0.484
1.079,2.080,0.690
1.358,2.079,0.872
1.636,2.123,0.930
1.873,2.144,0.848
2.016,2.071,0.701
2.055,1.895,0.574
2.027,1.646,0.480
1.977,1.356,0.370
1.906,1.034,0.202
1.798,0.699,0.010
1.659,0.400,-0.112
1.538,0.188,-0.083
1.471,0.063,0.103
1.431,-0.047,0.364
1.344,-0.235,0.571
1.162,-0.544,0.625
0.918,-0.936,0.501
0.703,-1.319,0.266
0.584,-1.596,0.041
0.559,-1.702,-0.072
0.563,-1.608,-0.046
0.538,-1.322,0.054
0.468,-0.892,0.133
0.376,-0.403,0.148
0.294,0.057,0.151
0.248,0.441,0.223
0.259,0.748,0.367
0.337,1.000,0.490
0.454,1.207,0.492
0.545,1.365,0.383
0.567,1.473,0.271
0.561,1.550,0.262
0.645,1.610,0.371
0.898,1.622,0.522
1.266,1.524,0.623
1.583,1.280,0.611
1.711,0.938,0.477
1.639,0.602,0.253
1.465,0.363,-0.003
1.293,0.245,-0.239
1.175,0.240,-0.426
1.123,0.351,-0.542
1.133,0.580,-0.556
1.202,0.884,-0.438
1.313,1.162,-0.204
1.449,1.310,0.076
1.591,1.292,0.314
1.718,1.168,0.458
1.789,1.057,0.503
1.761,1.084,0.471
1.622,1.319,0.384
1.412,1.742,0.273
1.215,2.245,0.167
1.119,2.690,0.082
1.170,2.986,0.007
1.344,3.118,-0.070
1.542,3.126,-0.135
1.643,3.064,-0.156
1.573,2.976,-0.125
1.342,2.895,-0.086
1.020,2.842,-0.100
0.686,2.820,-0.191
0.399,2.815,-0.333
0.207,2.809,-0.469
0.147,2.779,-0.540
0.220,2.685,-0.513
0.373,2.475,-0.397
0.535,2.119,-0.260
0.665,1.632,-0.195
0.770,1.075,-0.251
0.868,0.512,-0.405
0.956,-0.007,-0.600
1.011,-0.440,-0.812
1.022,-0.737,-1.047
0.987,-0.841,-1.283
0.889,-0.708,-1.438
0.712,-0.331,-1.425
0.475,0.260,-1.221
0.247,0.983,-0.900
0.108,1.716,-0.585
0.093,2.341,-0.390
0.197,2.803,-0.359
0.393,3.120,-0.449
0.662,3.343,-0.560
0.979,3.495,-0.603
1.291,3.569,-0.565
1.521,3.560,-0.498
1.582,3.483,-0.451
1.419,3.365,-0.421
1.060,3.217,-0.367
0.632,3.021,-0.267
0.322,2.727,-0.145
0.276,2.260,-0.067
0.512,1.572,-0.100
0.906,0.707,-0.266
1.259,-0.188,-0.518
1.400,-0.925,-0.769
1.266,-1.390,-0.938
0.928,-1.590,-0.994
0.548,-1.617,-0.951
0.296,-1.574,-0.846
0.264,-1.538,-0.726
0.437,-1.533,-0.637
0.721,-1.542,-0.614
1.014,-1.518,-0.651
1.252,-1.420,-0.708
1.424,-1.233,-0.743
1.536,-0.958,-0.739
1.587,-0.592,-0.714
1.550,-0.126,-0.691
1.392,0.424,-0.672
1.106,1.009,-0.628
0.728,1.563,-0.516
0.348,2.037,-0.308
0.066,2.408,-0.030
-0.055,2.673,0.238
-0.037,2.830,0.409
0.030,2.876,0.435
0.045,2.802,0.344
-0.042,2.601,0.222
-0.214,2.279,0.152
-0.408,1.864,0.153
-0.561,1.400,0.164
-0.630,0.944,0.089
-0.621,0.549,-0.121
-0.595,0.268,-0.423
-0.633,0.135,-0.701
-0.781,0.162,-0.852
-1.016,0.324,-0.841
-1.255,0.573,-0.703
-1.413,0.842,-0.508
-1.431,1.062,-0.323
-1.280,1.185,-0.191
-0.950,1.197,-0.139
-0.477,1.115,-0.174
0.052,0.979,-0.285
0.512,0.839,-0.443
0.805,0.740,-0.599
0.908,0.702,-0.711
0.880,0.703,-0.763
0.808,0.686,-0.763
0.750,0.597,-0.730
0.703,0.433,-0.683
0.626,0.255,-0.648
0.485,0.149,-0.659
0.273,0.165,-0.734
0.019,0.271,-0.846
-0.226,0.376,-0.934
-0.391,0.389,-0.946
-0.418,0.271,-0.874
-0.295,0.046,-0.742
-0.080,-0.232,-0.583
0.135,-0.503,-0.411
0.273,-0.703,-0.227
0.314,-0.770,-0.039
0.275,-0.672,0.128
0.179,-0.423,0.239
0.037,-0.084,0.271
-0.135,0.268,0.226
-0.301,0.578,0.131
-0.408,0.823,0.019
-0.421,1.010,-0.074
-0.361,1.158,-0.116
-0.292,1.297,-0.089
-0.275,1.438,-0.012
-0.319,1.559,0.053
-0.392,1.611,0.034
-0.462,1.547,-0.093
-0.522,1.359,-0.292
-0.568,1.101,-0.485
-0.580,0.864,-0.610
-0.547,0.729,-0.635
-0.502,0.712,-0.559
-0.510,0.770,-0.399
-0.609,0.830,-0.217
-0.776,0.839,-0.102
-0.944,0.769,-0.126
-1.055,0.618,-0.289
-1.086,0.410,-0.510
-1.023,0.194,-0.684
-0.854,0.027,-0.740
-0.592,-0.067,-0.668
-0.296,-0.108,-0.502
-0.048,-0.139,-0.298
0.110,-0.177,-0.114
0.198,-0.211,0.011
0.260,-0.223,0.057
0.315,-0.209,0.017
0.337,-0.179,-0.100
0.289,-0.141,-0.265
0.154,-0.097,-0.429
-0.056,-0.040,-0.551
-0.312,0.046,-0.606
-0.586,0.182,-0.583
-0.859,0.379,-0.466
-1.102,0.615,-0.258
-1.259,0.839,-0.021
-1.275,0.989,0.137
-1.142,1.018,0.141
-0.931,0.907,0.012
-0.760,0.663,-0.148
-0.699,0.320,-0.243
-0.729,-0.078,-0.262
-0.771,-0.495,-0.270
-0.764,-0.912,-0.341
-0.705,-1.295,-0.509
-0.642,-1.579,-0.754
-0.641,-1.688,-1.026
-0.750,-1.591,-1.248
-0.989,-1.332,-1.334
-1.315,-0.992,-1.229
-1.617,-0.640,-0.941
-1.748,-0.296,-0.551
-1.598,0.029,-0.160
-1.176,0.321,0.152
-0.605,0.563,0.358
-0.055,0.763,0.477
0.346,0.946,0.557
0.555,1.120,0.643
0.585,1.246,0.748
0.489,1.255,0.836
0.343,1.098,0.854
0.231,0.785,0.775
0.200,0.385,0.633
0.223,-0.007,0.493
0.227,-0.316,0.408
0.163,-0.505,0.380
0.045,-0.595,0.367
-0.078,-0.649,0.329
-0.182,-0.733,0.260
-0.280,-0.873,0.182
-0.387,-1.030,0.117
-0.489,-1.135,0.067
-0.553,-1.129,0.034
-0.568,-1.000,0.044
-0.547,-0.768,0.124
-0.501,-0.473,0.276
-0.434,-0.149,0.460
-0.367,0.180,0.628
-0.360,0.504,0.755
-0.480,0.817,0.839
-0.740,1.116,0.876
-1.062,1.388,0.864
-1.326,1.592,0.817
-1.452,1.671,0.779
-1.438,1.586,0.778
-1.341,1.357,0.797
-1.231,1.058,0.770
-1.160,0.753,0.644
-1.151,0.455,0.439
-1.192,0.132,0.241
-1.241,-0.243,0.127
-1.256,-0.656,0.089
-1.230,-1.070,0.040
-1.212,-1.458,-0.098
-1.258,-1.804,-0.314
-1.373,-2.083,-0.512
-1.487,-2.251,-0.588
-1.505,-2.269,-0.505
-1.398,-2.127,-0.307
-1.226,-1.849,-0.086
-1.089,-1.469,0.074
-1.045,-1.018,0.139
-1.068,-0.519,0.137
-1.085,-0.003,0.140
-1.037,0.489,0.213
-0.910,0.922,0.374
-0.725,1.279,0.580
-0.514,1.557,0.742
-0.315,1.745,0.783
-0.171,1.809,0.682
-0.118,1.716,0.486
-0.167,1.465,0.271
-0.300,1.108,0.091
-0.500,0.721,-0.048
-0.766,0.370,-0.178
-1.101,0.080,-0.317
-1.464,-0.152,-0.445
-1.770,-0.348,-0.510
-1.935,-0.531,-0.485
-1.938,-0.731,-0.398
-1.826,-0.985,-0.309
-1.676,-1.319,-0.253
-1.546,-1.729,-0.231
-1.442,-2.176,-0.224
-1.336,-2.595,-0.224
-1.192,-2.926,-0.223
-0.997,-3.136,-0.205
-0.752,-3.214,-0.151
-0.462,-3.167,-0.061
-0.137,-3.010,0.050
0.188,-2.781,0.165
0.459,-2.533,0.277
0.616,-2.319,0.378
0.628,-2.149,0.454
0.493,-1.988,0.488
0.225,-1.788,0.473
-0.151,-1.525,0.414
-0.594,-1.212,0.330
-1.050,-0.882,0.252
-1.470,-0.568,0.210
-1.839,-0.298,0.211
-2.169,-0.087,0.233
-2.481,0.066,0.240
-2.777,0.187,0.219
-3.030,0.303,0.195
-3.192,0.438,0.204
-3.212,0.589,0.264
-3.059,0.734,0.354
-2.750,0.825,0.437
-2.348,0.812,0.466
-1.929,0.667,0.413
-1.543,0.406,0.284
-1.210,0.084,0.137
-0.943,-0.233,0.065
-0.763,-0.488,0.132
-0.677,-0.647,0.322
-0.642,-0.712,0.540
-0.575,-0.722,0.676
-0.406,-0.732,0.675
-0.127,-0.768,0.556
0.201,-0.806,0.390
0.486,-0.800,0.245
0.640,-0.723,0.157
0.616,-0.591,0.123
0.436,-0.437,0.119
0.186,-0.273,0.127
-0.029,-0.087,0.134
-0.153,0.141,0.127
-0.214,0.410,0.099
-0.295,0.686,0.056
-0.470,0.919,0.015
-0.735,1.059,-0.010
-1.013,1.082,-0.014
-1.209,0.993,0.009
-1.277,0.833,0.073
-1.239,0.668,0.174
-1.160,0.567,0.281
-1.097,0.571,0.350
-1.084,0.671,0.364
-1.127,0.800,0.332
-1.201,0.866,0.270
-1.249,0.792,0.178
-1.209,0.551,0.061
-1.066,0.173,-0.055
-0.856,-0.272,-0.135
-0.639,-0.692,-0.164
-0.442,-1.007,-0.158
-0.266,-1.163,-0.148
-0.108,-1.158,-0.154
0.014,-1.040,-0.177
0.079,-0.873,-0.205
0.094,-0.717,-0.223
0.098,-0.610,-0.222
0.146,-0.568,-0.200
0.276,-0.586,-0.163
0.489,-0.634,-0.116
0.740,-0.669,-0.061
0.949,-0.653,-0.002
1.018,-0.575,0.059
0.881,-0.465,0.124
0.542,-0.381,0.200
0.089,-0.381,0.284
-0.358,-0.494,0.348
-0.692,-0.704,0.351
-0.877,-0.966,0.281
-0.940,-1.228,0.172
-0.946,-1.440,0.084
-0.961,-1.561,0.062
-1.027,-1.577,0.101
-1.151,-1.528,0.157
-1.302,-1.498,0.182
-1.430,-1.565,0.156
-1.490,-1.738,0.087
-1.459,-1.951,-0.002
-1.348,-2.101,-0.097
-1.192,-2.119,-0.179
-1.033,-2.009,-0.216
-0.896,-1.816,-0.171
-0.784,-1.594,-0.048
-0.673,-1.378,0.088
-0.542,-1.187,0.150
-0.404,-1.026,0.102
-0.314,-0.884,-0.013
-0.324,-0.733,-0.104
-0.427,-0.547,-0.118
-0.548,-0.333,-0.063
-0.596,-0.140,0.014
-0.529,-0.028,0.083
-0.375,-0.017,0.139
-0.199,-0.066,0.186
-0.056,-0.110,0.218
0.020,-0.110,0.226
0.022,-0.070,0.220
-0.033,-0.009,0.235
-0.114,0.071,0.302
-0.190,0.187,0.420
-0.255,0.344,0.556
-0.337,0.522,0.667
-0.463,0.676,0.729
-0.612,0.769,0.729
-0.719,0.796,0.673
-0.720,0.776,0.576
-0.611,0.733,0.455
-0.453,0.676,0.321
-0.328,0.602,0.173
-0.281,0.514,0.011
-0.315,0.428,-0.134
-0.388,0.367,-0.207
-0.433,0.346,-0.170
-0.394,0.372,-0.043
-0.266,0.438,0.093
-0.121,0.520,0.151
-0.064,0.581,0.089
-0.162,0.591,-0.065
-0.382,0.540,-0.234
-0.620,0.448,-0.330
-0.776,0.340,-0.313
-0.805,0.235,-0.213
-0.724,0.144,-0.112
-0.573,0.071,-0.073
-0.393,0.016,-0.088
-0.213,-0.026,-0.096
-0.050,-0.065,-0.052
0.091,-0.104,0.029
0.210,-0.149,0.095
0.301,-0.207,0.117
0.352,-0.284,0.110
0.369,-0.375,0.097
0.381,-0.456,0.076
0.417,-0.511,0.028
0.473,-0.550,-0.053
0.519,-0.607,-0.147
0.530,-0.711,-0.232
0.516,-0.862,-0.296
0.506,-1.041,-0.345
0.530,-1.228,-0.373
0.598,-1.395,-0.361
0.699,-1.501,-0.302
0.807,-1.501,-0.201
0.880,-1.375,-0.076
0.877,-1.158,0.061
0.779,-0.915,0.188
0.600,-0.705,0.266
0.385,-0.544,0.249
0.185,-0.417,0.140
0.030,-0.287,0.002
-0.082,-0.125,-0.080
-0.163,0.079,-0.070
-0.214,0.312,0.008
-0.227,0.526,0.114
-0.199,0.661,0.228
-0.144,0.671,0.348
-0.078,0.559,0.460
-0.007,0.375,0.532
0.061,0.174,0.529
0.112,-0.008,0.433
0.135,-0.153,0.257
0.141,-0.244,0.050
0.166,-0.270,-0.115
0.241,-0.248,-0.199
0.373,-0.226,-0.214
0.528,-0.252,-0.200
0.658,-0.341,-0.177
0.724,-0.465,-0.144
0.725,-0.587,-0.106
0.699,-0.685,-0.094
0.686,-0.760,-0.122
0.704,-0.824,-0.164
0.743,-0.884,-0.171
0.792,-0.925,-0.120
0.849,-0.930,-0.026
0.909,-0.898,0.084
0.946,-0.853,0.187
0.935,-0.813,0.253
0.870,-0.762,0.253
0.772,-0.662,0.177
0.666,-0.494,0.052
0.560,-0.279,-0.072
0.464,-0.053,-0.150
0.400,0.166,-0.157
0.389,0.372,-0.084
0.425,0.550,0.063
0.473,0.678,0.252
0.491,0.755,0.428
0.466,0.803,0.536
0.419,0.834,0.548
0.390,0.835,0.482
0.412,0.785,0.386
0.494,0.680,0.308
0.627,0.542,0.280
0.789,0.387,0.309
0.952,0.218,0.393
1.089,0.044,0.518
1.178,-0.108,0.653
1.220,-0.207,0.751
1.233,-0.250,0.763
1.241,-0.258,0.669
1.249,-0.264,0.506
1.247,-0.279,0.346
1.225,-0.298,0.250
1.177,-0.301,0.229
1.109,-0.280,0.262
1.024,-0.242,0.317
0.931,-0.206,0.371
0.849,-0.189,0.392
0.787,-0.203,0.341
0.727,-0.249,0.198
0.635,-0.324,-0.011
0.494,-0.420,-0.221
0.341,-0.511,-0.365
0.247,-0.566,-0.411
0.255,-0.558,-0.365
0.327,-0.482,-0.258
0.375,-0.360,-0.127
0.327,-0.223,-0.004
0.189,-0.102,0.090
0.022,-0.016,0.140
-0.098,0.025,0.136
-0.128,0.022,0.081
-0.055,-0.016,0.005
0.113,-0.076,-0.046
0.349,-0.149,-0.043
0.619,-0.234,0.004
0.884,-0.330,0.048
1.101,-0.419,0.047
1.234,-0.460,0.003
1.268,-0.405,-0.040
1.219,-0.228,-0.035
1.143,0.039,0.032
1.100,0.321,0.141
1.128,0.538,0.253
1.235,0.664,0.339
1.394,0.731,0.385
1.565,0.796,0.406
1.696,0.878,0.432
1.735,0.952,0.480
1.666,0.984,0.524
1.528,0.975,0.505
1.388,0.948,0.397
1.298,0.925,0.248
1.259,0.903,0.149
1.249,0.865,0.155
1.251,0.794,0.233
1.257,0.663,0.301
1.257,0.442,0.287
1.236,0.123,0.177
1.193,-0.263,0.001
1.146,-0.655,-0.199
1.110,-1.000,-0.389
1.074,-1.271,-0.546
1.011,-1.439,-0.650
0.903,-1.470,-0.674
0.768,-1.337,-0.599
0.649,-1.068,-0.431
0.596,-0.751,-0.221
0.637,-0.491,-0.053
0.771,-0.359,0.012
0.960,-0.356,-0.024
1.149,-0.428,-0.095
1.287,-0.501,-0.132
1.346,-0.510,-0.124
1.332,-0.433,-0.113
1.265,-0.285,-0.143
1.161,-0.103,-0.207
1.028,0.082,-0.256
0.883,0.264,-0.256
0.756,0.436,-0.213
0.684,0.575,-0.163
0.690,0.646,-0.137
0.775,0.626,-0.145
0.907,0.539,-0.180
1.036,0.439,-0.233
1.113,0.367,-0.298
1.109,0.321,-0.369
1.033,0.278,-0.433
0.924,0.225,-0.475
0.830,0.184,-0.473
0.793,0.185,-0.418
0.827,0.234,-0.323
0.916,0.305,-0.225
1.019,0.364,-0.155
1.098,0.392,-0.125
1.138,0.399,-0.117
1.149,0.406,-0.110
1.158,0.428,-0.098
1.176,0.470,-0.099
1.193,0.530,-0.124
1.188,0.596,-0.174
1.139,0.657,-0.235
1.052,0.712,-0.295
0.945,0.772,-0.353
0.847,0.854,-0.407
0.783,0.961,-0.448
0.781,1.071,-0.458
0.854,1.148,-0.421
0.998,1.167,-0.337
1.182,1.125,-0.236
1.362,1.042,-0.168
1.501,0.952,-0.171
1.573,0.884,-0.244
1.566,0.852,-0.334
1.479,0.849,-0.373
1.343,0.860,-0.333
1.205,0.864,-0.249
1.106,0.848,-0.182
1.054,0.805,-0.168
1.031,0.739,-0.196
1.020,0.669,-0.221
1.010,0.615,-0.194
0.992,0.577,-0.104
0.950,0.541,0.008
0.889,0.487,0.051
0.833,0.417,-0.033
0.813,0.346,-0.213
0.828,0.289,-0.380
0.854,0.253,-0.445
0.867,0.239,-0.407
0.858,0.246,-0.323
0.830,0.266,-0.244
0.789,0.277,-0.196
0.755,0.267,-0.199
0.750,0.234,-0.279
0.762,0.181,-0.443
0.742,0.104,-0.653
0.630,0.012,-0.840
0.415,-0.053,-0.942
0.151,-0.031,-0.935
-0.076,0.097,-0.832
-0.205,0.283,-0.666
-0.234,0.440,-0.471
-0.210,0.515,-0.292
-0.190,0.515,-0.181
-0.207,0.481,-0.180
-0.257,0.448,-0.280
-0.313,0.428,-0.403
-0.342,0.435,-0.458
-0.317,0.487,-0.406
-0.227,0.600,-0.281
-0.085,0.773,-0.151
0.066,0.979,-0.050
0.190,1.182,0.029
0.280,1.346,0.093
0.352,1.444,0.119
0.414,1.445,0.071
0.442,1.334,-0.052
0.410,1.135,-0.215
0.335,0.934,-0.365
0.283,0.832,-0.457
0.308,0.881,-0.458
0.398,1.041,-0.359
0.497,1.207,-0.192
0.552,1.290,-0.035
0.561,1.265,0.030
0.539,1.171,-0.016
0.490,1.069,-0.114
0.408,1.010,-0.182
0.316,1.017,-0.177
0.272,1.072,-0.113
0.321,1.126,-0.032
0.453,1.128,0.033
0.615,1.070,0.069
0.758,0.994,0.078
0.859,0.953,0.077
0.913,0.960,0.094
0.909,0.982,0.149
0.850,0.986,0.233
0.773,0.979,0.312
0.746,0.989,0.345
0.814,1.029,0.306
0.960,1.078,0.193
1.115,1.106,0.037
1.208,1.102,-0.108
1.200,1.069,-0.188
1.096,1.023,-0.186
0.919,0.973,-0.143
0.696,0.928,-0.122
0.461,0.892,-0.159
0.257,0.866,-0.239
0.119,0.855,-0.314
0.048,0.868,-0.349
0.009,0.907,-0.326
-0.047,0.959,-0.242
-0.141,0.998,-0.116
-0.256,1.006,0.008
-0.362,0.982,0.068
-0.445,0.934,0.028
-0.509,0.870,-0.091
-0.563,0.809,-0.218
-0.600,0.780,-0.289
-0.604,0.798,-0.289
-0.573,0.853,-0.244
-0.526,0.906,-0.177
-0.492,0.936,-0.087
-0.492,0.956,0.038
-0.523,1.003,0.181
-0.570,1.086,0.292
-0.610,1.175,0.317
-0.629,1.219,0.243
-0.621,1.193,0.106
-0.587,1.115,-0.031
-0.528,1.023,-0.133
-0.454,0.944,-0.202
-0.378,0.876,-0.268
-0.315,0.810,-0.337
-0.271,0.746,-0.384
-0.231,0.708,-0.369
-0.172,0.718,-0.289
-0.081,0.772,-0.180
0.034,0.835,-0.088
0.150,0.868,-0.040
0.253,0.858,-0.026
0.345,0.824,-0.025
0.428,0.800,-0.012
0.489,0.799,0.028
0.497,0.818,0.094
0.436,0.854,0.162
0.316,0.915,0.191
0.166,1.004,0.149
0.019,1.105,0.041
-0.102,1.188,-0.093
-0.184,1.232,-0.207
-0.226,1.241,-0.273
-0.245,1.234,-0.288
-0.272,1.220,-0.268
-0.327,1.194,-0.238
-0.403,1.154,-0.220
-0.468,1.103,-0.220
-0.496,1.046,-0.229
-0.500,0.979,-0.237
-0.509,0.895,-0.242
-0.546,0.792,-0.254
-0.598,0.683,-0.273
-0.627,0.580,-0.291
-0.601,0.490,-0.288
-0.521,0.412,-0.257
-0.423,0.349,-0.210
-0.355,0.305,-0.173
-0.359,0.285,-0.164
-0.438,0.291,-0.176
-0.550,0.320,-0.184
-0.621,0.364,-0.160
-0.598,0.417,-0.096
-0.482,0.479,0.001
-0.331,0.555,0.119
-0.215,0.659,0.238
-0.169,0.794,0.333
-0.177,0.943,0.382
-0.193,1.062,0.367
-0.177,1.104,0.293
-0.113,1.049,0.179
-0.018,0.923,0.052
0.070,0.791,-0.058
0.113,0.721,-0.134
0.093,0.745,-0.165
0.021,0.846,-0.149
-0.075,0.968,-0.091
-0.167,1.050,-0.005
-0.230,1.052,0.083
-0.257,0.963,0.142
-0.251,0.803,0.153
-0.231,0.610,0.118
-0.212,0.421,0.057
-0.201,0.257,-0.002
-0.199,0.117,-0.031
-0.210,-0.015,-0.018
-0.247,-0.147,0.019
-0.318,-0.277,0.034
-0.414,-0.396,-0.018
-0.512,-0.501,-0.137
-0.595,-0.600,-0.278
-0.654,-0.681,-0.388
-0.692,-0.713,-0.449
-0.719,-0.655,-0.484
-0.751,-0.489,-0.521
-0.807,-0.248,-0.549
-0.884,0.001,-0.530
-0.947,0.190,-0.440
-0.942,0.283,-0.302
-0.842,0.276,-0.173
-0.667,0.195,-0.104
-0.478,0.086,-0.105
-0.333,0.003,-0.141
-0.266,-0.023,-0.160
-0.274,-0.003,-0.130
-0.342,0.020,-0.056
-0.445,0.007,0.023
-0.558,-0.042,0.073
-0.658,-0.095,0.083
-0.731,-0.118,0.065
-0.779,-0.102,0.030
-0.801,-0.067,-0.024
-0.799,-0.044,-0.086
-0.776,-0.054,-0.126
-0.738,-0.096,-0.118
-0.694,-0.147,-0.064
-0.655,-0.184,-0.003
-0.625,-0.196,0.022
-0.606,-0.192,-0.001
-0.597,-0.176,-0.055
-0.598,-0.135,-0.097
-0.610,-0.044,-0.093
-0.635,0.105,-0.035
-0.661,0.286,0.055
-0.669,0.451,0.141
-0.640,0.565,0.197
-0.573,0.614,0.220
-0.487,0.608,0.216
-0.406,0.573,0.181
-0.343,0.539,0.104
-0.296,0.530,-0.002
-0.265,0.547,-0.093
-0.257,0.570,-0.113
-0.286,0.573,-0.037
-0.361,0.539,0.106
-0.483,0.467,0.248
-0.636,0.362,0.313
-0.786,0.244,0.265
-0.893,0.145,0.130
-0.925,0.087,-0.016
-0.882,0.075,-0.106
-0.794,0.088,-0.126
-0.698,0.101,-0.108
-0.623,0.098,-0.090
-0.580,0.076,-0.091
-0.559,0.048,-0.112
-0.544,0.031,-0.144
-0.535,0.048,-0.167
-0.541,0.105,-0.166
-0.575,0.192,-0.148
-0.628,0.291,-0.141
-0.671,0.380,-0.164
-0.675,0.447,-0.205
-0.623,0.486,-0.233
-0.521,0.497,-0.230
-0.396,0.491,-0.199
-0.292,0.483,-0.155
-0.253,0.479,-0.112
-0.284,0.466,-0.086
-0.345,0.435,-0.095
-0.382,0.381,-0.127
-0.375,0.311,-0.145
-0.349,0.234,-0.110
-0.340,0.161,-0.022
-0.356,0.100,0.082
-0.375,0.042,0.153
-0.368,-0.031,0.168
-0.323,-0.140,0.138
-0.253,-0.285,0.096
-0.186,-0.443,0.067
-0.145,-0.581,0.046
-0.141,-0.669,0.009
-0.169,-0.680,-0.052
-0.211,-0.602,-0.100
-0.241,-0.440,-0.091
-0.233,-0.225,-0.020
-0.180,-0.003,0.064
-0.103,0.178,0.102
-0.046,0.289,0.076
-0.034,0.333,0.018
-0.048,0.337,-0.032
-0.041,0.331,-0.053
0.010,0.321,-0.046
0.084,0.294,-0.021
0.137,0.241,0.009
0.139,0.180,0.037
0.094,0.135,0.056
0.016,0.111,0.063
-0.083,0.083,0.056
-0.207,0.024,0.039
-0.344,-0.063,0.015
-0.471,-0.151,-0.023
-0.565,-0.211,-0.084
-0.621,-0.235,-0.153
-0.653,-0.244,-0.182
-0.663,-0.263,-0.131
-0.630,-0.310,-0.022
-0.523,-0.382,0.071
-0.342,-0.464,0.096
-0.134,-0.539,0.069
0.038,-0.581,0.049
0.142,-0.569,0.068
0.185,-0.500,0.108
0.188,-0.395,0.141
0.160,-0.291,0.167
0.115,-0.203,0.199
0.090,-0.110,0.235
0.126,0.014,0.250
0.227,0.162,0.218
0.339,0.282,0.135
0.400,0.329,0.025
0.380,0.293,-0.064
0.304,0.204,-0.087
0.209,0.089,-0.033
0.125,-0.040,0.056
0.068,-0.180,0.131
0.044,-0.319,0.177
0.050,-0.442,0.212
0.070,-0.531,0.241
0.076,-0.578,0.233
0.042,-0.580,0.162
-0.050,-0.553,0.050
-0.194,-0.522,-0.035
-0.350,-0.499,-0.055
-0.472,-0.468,-0.033
-0.537,-0.398,-0.031
-0.566,-0.279,-0.069
-0.595,-0.128,-0.105
-0.635,0.034,-0.087
-0.665,0.196,-0.012
-0.659,0.344,0.064
-0.615,0.452,0.093
-0.562,0.492,0.076
-0.518,0.473,0.052
-0.476,0.444,0.044
-0.410,0.449,0.046
-0.321,0.478,0.038
-0.244,0.481,0.018
-0.219,0.428,-0.006
-0.246,0.336,-0.024
-0.287,0.249,-0.036
-0.306,0.190,-0.048
-0.294,0.142,-0.071
-0.256,0.076,-0.108
-0.188,-0.012,-0.143
-0.078,-0.099,-0.147
0.068,-0.162,-0.102
0.220,-0.198,-0.020
0.337,-0.219,0.060
0.394,-0.241,0.090
0.393,-0.276,0.050
0.356,-0.324,-0.041
0.300,-0.375,-0.133
0.234,-0.410,-0.182
0.170,-0.415,-0.179
0.125,-0.392,-0.152
0.114,-0.365,-0.138
0.131,-0.355,-0.152
0.148,-0.364,-0.183
0.137,-0.364,-0.211
0.088,-0.322,-0.217
0.000,-0.224,-0.180
-0.119,-0.098,-0.083
-0.248,0.002,0.068
-0.341,0.024,0.240
-0.351,-0.056,0.392
-0.270,-0.233,0.485
-0.146,-0.476,0.494
-0.046,-0.739,0.410
-0.019,-0.967,0.255
-0.079,-1.119,0.090
-0.219,-1.178,-0.011
-0.410,-1.153,-0.014
-0.597,-1.067,0.048
-0.727,-0.947,0.111
-0.780,-0.822,0.130
-0.778,-0.718,0.115
-0.757,-0.641,0.100
-0.729,-0.582,0.104
-0.687,-0.539,0.120
-0.630,-0.524,0.125
-0.572,-0.558,0.114
-0.517,-0.637,0.099
-0.447,-0.728,0.104
-0.344,-0.790,0.146
-0.218,-0.805,0.214
-0.100,-0.778,0.269
-0.012,-0.723,0.272
0.052,-0.660,0.227
0.113,-0.609,0.177
0.177,-0.598,0.175
0.244,-0.647,0.222
0.311,-0.759,0.285
0.380,-0.921,0.336
0.444,-1.115,0.385
0.488,-1.309,0.458
0.505,-1.472,0.543
0.512,-1.589,0.592
0.532,-1.682,0.564
0.564,-1.787,0.469
0.582,-1.916,0.359
0.556,-2.032,0.276
0.482,-2.081,0.233
0.379,-2.043,0.223
0.266,-1.951,0.241
0.153,-1.848,0.280
0.047,-1.740,0.319
-0.053,-1.604,0.335
-0.162,-1.427,0.328
-0.311,-1.227,0.323
-0.516,-1.040,0.346
-0.762,-0.886,0.394
-1.003,-0.768,0.443
-1.195,-0.688,0.471
-1.323,-0.649,0.471
-1.394,-0.639,0.448
-1.424,-0.632,0.414
-1.423,-0.600,0.380
-1.389,-0.549,0.348
-1.325,-0.513,0.309
-1.234,-0.524,0.264
-1.131,-0.585,0.229
-1.028,-0.670,0.221
-0.926,-0.747,0.239
-0.812,-0.809,0.252
-0.682,-0.867,0.230
-0.550,-0.936,0.181
-0.444,-1.010,0.142
-0.381,-1.068,0.142
-0.348,-1.091,0.172
-0.318,-1.091,0.191
-0.272,-1.097,0.169
-0.210,-1.128,0.110
-0.136,-1.170,0.042
-0.045,-1.182,-0.010
0.063,-1.135,-0.044
0.172,-1.039,-0.054
0.246,-0.929,-0.029
0.257,-0.834,0.037
0.203,-0.758,0.125
0.104,-0.692,0.198
-0.020,-0.643,0.223
-0.157,-0.632,0.196
-0.295,-0.672,0.142
-0.407,-0.749,0.104
-0.465,-0.829,0.105
-0.455,-0.888,0.138
-0.382,-0.925,0.164
-0.267,-0.957,0.155
-0.143,-0.994,0.121
-0.050,-1.024,0.096
-0.017,-1.025,0.102
-0.043,-0.981,0.130
-0.100,-0.894,0.156
-0.146,-0.776,0.177
-0.144,-0.644,0.214
-0.079,-0.504,0.289
0.041,-0.362,0.388
0.181,-0.226,0.470
0.295,-0.114,0.497
0.354,-0.039,0.474
0.364,-0.002,0.455
0.354,0.007,0.498
0.356,-0.004,0.599
0.383,-0.037,0.688
0.422,-0.094,0.682
0.445,-0.161,0.569
0.423,-0.213,0.415
0.344,-0.226,0.313
0.231,-0.195,0.303
0.129,-0.145,0.348
0.081,-0.120,0.371
0.103,-0.154,0.321
0.188,-0.248,0.210
0.315,-0.360,0.098
0.445,-0.440,0.046
0.526,-0.469,0.061
0.508,-0.458,0.094
0.368,-0.434,0.092
0.136,-0.396,0.042
-0.123,-0.323,-0.014
-0.347,-0.199,-0.024
-0.501,-0.040,0.033
-0.585,0.108,0.126
-0.615,0.198,0.202
-0.614,0.212,0.224
-0.602,0.169,0.195
-0.591,0.111,0.151
-0.583,0.076,0.128
-0.579,0.083,0.140
-0.587,0.131,0.161
-0.627,0.207,0.146
-0.703,0.305,0.066
-0.794,0.421,-0.059
-0.855,0.553,-0.172
-0.852,0.690,-0.231
-0.778,0.821,-0.241
-0.665,0.924,-0.233
-0.561,0.983,-0.237
-0.504,0.985,-0.254
-0.501,0.927,-0.286
-0.520,0.823,-0.341
-0.519,0.685,-0.416
-0.480,0.519,-0.487
-0.415,0.324,-0.517
-0.347,0.119,-0.483
-0.280,-0.064,-0.397
-0.202,-0.192,-0.304
-0.095,-0.255,-0.254
0.041,-0.271,-0.268
0.187,-0.262,-0.305
0.305,-0.230,-0.291
0.364,-0.169,-0.176
0.360,-0.078,0.018
0.326,0.031,0.214
0.313,0.132,0.345
0.350,0.207,0.404
0.436,0.253,0.424
0.543,0.290,0.423
0.639,0.342,0.382
0.685,0.416,0.278
0.650,0.490,0.133
0.538,0.532,0.018
0.401,0.524,-0.008
0.309,0.477,0.045
0.302,0.415,0.108
0.359,0.360,0.128
0.421,0.332,0.112
0.443,0.355,0.099
0.423,0.446,0.104
0.388,0.587,0.103
0.356,0.723,0.076
0.322,0.801,0.055
0.270,0.819,0.097
0.200,0.833,0.223
0.132,0.902,0.385
0.080,1.028,0.498
0.046,1.154,0.515
0.030,1.213,0.458
0.050,1.190,0.384
0.133,1.116,0.330
0.279,1.029,0.285
0.450,0.936,0.226
0.590,0.831,0.160
0.664,0.718,0.134
0.674,0.617,0.185
0.632,0.550,0.303
0.538,0.512,0.427
0.394,0.479,0.493
0.226,0.432,0.485
0.096,0.368,0.425
0.063,0.295,0.332
0.140,0.216,0.205
0.271,0.123,0.047
0.384,0.012,-0.108
0.438,-0.096,-0.199
0.446,-0.158,-0.184
0.442,-0.133,-0.073
0.436,-0.015,0.073
0.404,0.159,0.185
0.327,0.342,0.228
0.214,0.507,0.208
0.098,0.650,0.155
0.012,0.771,0.100
-0.033,0.855,0.065
-0.044,0.888,0.062
-0.028,0.871,0.094
0.009,0.822,0.150
0.057,0.758,0.209
0.096,0.684,0.246
0.108,0.597,0.242
0.086,0.504,0.189
0.041,0.422,0.098
-0.012,0.373,-0.003
-0.072,0.368,-0.079
-0.144,0.409,-0.110
-0.225,0.483,-0.095
-0.291,0.570,-0.050
-0.306,0.651,0.009
-0.250,0.717,0.074
-0.135,0.767,0.140
0.007,0.807,0.206
0.141,0.836,0.270
0.243,0.846,0.328
0.306,0.820,0.366
0.334,0.756,0.362
0.340,0.665,0.303
0.334,0.573,0.212
0.314,0.508,0.140
0.271,0.487,0.136
0.205,0.510,0.199
0.134,0.554,0.284
0.085,0.578,0.339
0.080,0.545,0.347
0.123,0.445,0.316
0.201,0.308,0.262
0.278,0.183,0.196
0.302,0.107,0.132
0.229,0.088,0.088
0.065,0.116,0.077
-0.129,0.173,0.096
-0.275,0.239,0.132
-0.329,0.290,0.167
-0.307,0.312,0.177
-0.262,0.311,0.135
-0.246,0.311,0.048
-0.283,0.333,-0.046
-0.374,0.387,-0.088
-0.489,0.471,-0.059
-0.583,0.576,0.002
-0.616,0.682,0.039
-0.585,0.758,0.026
-0.524,0.776,-0.004
-0.481,0.729,-0.011
-0.476,0.628,0.016
-0.489,0.478,0.052
-0.488,0.278,0.071
-0.469,0.032,0.077
-0.455,-0.226,0.088
-0.471,-0.439,0.103
-0.515,-0.569,0.094
-0.568,-0.626,0.037
-0.620,-0.652,-0.057
-0.673,-0.678,-0.145
-0.729,-0.699,-0.181
-0.778,-0.696,-0.143
-0.799,-0.669,-0.046
-0.785,-0.639,0.071
-0.744,-0.624,0.166
-0.689,-0.613,0.215
-0.628,-0.569,0.219
-0.573,-0.459,0.191
-0.538,-0.272,0.135
-0.530,-0.018,0.052
-0.540,0.269,-0.032
-0.545,0.549,-0.069
-0.521,0.782,-0.024
-0.462,0.941,0.082
-0.380,1.011,0.176
-0.296,0.983,0.192
-0.230,0.865,0.121
-0.197,0.685,0.016
-0.210,0.497,-0.056
-0.278,0.354,-0.082
-0.395,0.276,-0.112
-0.533,0.240,-0.197
-0.659,0.219,-0.317
-0.760,0.204,-0.380
-0.846,0.218,-0.325
-0.926,0.279,-0.198
-0.991,0.364,-0.119
-1.033,0.417,-0.152
-1.055,0.395,-0.247
-1.072,0.303,-0.302
-1.074,0.201,-0.278
-1.039,0.140,-0.235
-0.975,0.124,-0.244
-0.931,0.116,-0.308
-0.942,0.102,-0.361
-0.980,0.114,-0.346
-0.976,0.200,-0.279
-0.896,0.353,-0.231
-0.776,0.500,-0.257
-0.680,0.563,-0.337
-0.629,0.530,-0.398
-0.598,0.443,-0.399
-0.559,0.350,-0.371
-0.525,0.257,-0.392
-0.530,0.146,-0.505
-0.589,0.016,-0.671
-0.687,-0.103,-0.792
-0.789,-0.182,-0.789
-0.867,-0.221,-0.674
-0.908,-0.253,-0.539
-0.898,-0.307,-0.481
-0.830,-0.368,-0.517
-0.713,-0.388,-0.581
-0.585,-0.318,-0.600
-0.490,-0.151,-0.563
-0.450,0.071,-0.506
-0.460,0.292,-0.455
-0.489,0.479,-0.400
-0.501,0.647,-0.328
-0.484,0.824,-0.256
-0.457,1.016,-0.219
-0.458,1.180,-0.229
-0.500,1.270,-0.273
-0.546,1.276,-0.313
-0.532,1.228,-0.317
-0.440,1.156,-0.281
-0.311,1.055,-0.243
-0.211,0.890,-0.251
-0.173,0.647,-0.309
-0.188,0.358,-0.368
-0.232,0.085,-0.380
-0.292,-0.100,-0.358
-0.363,-0.157,-0.354
-0.448,-0.103,-0.396
-0.551,-0.003,-0.457
-0.657,0.072,-0.502
-0.730,0.090,-0.533
-0.737,0.066,-0.567
-0.685,0.035,-0.589
-0.612,0.031,-0.566
-0.550,0.083,-0.487
-0.488,0.210,-0.389
-0.399,0.387,-0.320
-0.271,0.553,-0.294
-0.123,0.654,-0.283
0.017,0.696,-0.247
0.119,0.742,-0.166
0.165,0.850,-0.044
0.140,1.014,0.086
0.049,1.185,0.181
-0.075,1.323,0.204
-0.194,1.418,0.148
-0.285,1.478,0.040
-0.353,1.503,-0.074
-0.412,1.483,-0.155
-0.458,1.415,-0.189
-0.464,1.296,-0.191
-0.399,1.126,-0.191
-0.263,0.917,-0.219
-0.095,0.703,-0.285
0.048,0.530,-0.372
0.115,0.446,-0.431
0.097,0.466,-0.417
0.022,0.555,-0.321
-0.051,0.646,-0.180
-0.068,0.668,-0.053
-0.012,0.587,0.020
0.087,0.428,0.035
0.180,0.257,0.007
0.230,0.136,-0.040
0.236,0.091,-0.080
0.216,0.104,-0.102
0.195,0.146,-0.123
0.191,0.196,-0.175
0.208,0.240,-0.258
0.235,0.267,-0.328
0.253,0.258,-0.337
0.266,0.209,-0.293
0.293,0.137,-0.253
0.349,0.063,-0.271
0.413,0.004,-0.348
0.452,-0.033,-0.439
0.453,-0.033,-0.494
0.434,0.018,-0.489
0.415,0.105,-0.436
0.397,0.194,-0.367
0.367,0.257,-0.315
0.323,0.297,-0.268
0.278,0.337,-0.178
0.244,0.384,-0.024
0.233,0.425,0.135
0.247,0.443,0.198
0.272,0.436,0.117
0.275,0.407,-0.036
0.227,0.367,-0.143
0.138,0.333,-0.148
0.059,0.324,-0.098
0.033,0.334,-0.066
0.057,0.339,-0.076
0.091,0.331,-0.093
0.111,0.345,-0.081
0.131,0.414,-0.047
0.174,0.518,-0.027
0.243,0.577,-0.050
0.327,0.530,-0.112
0.419,0.403,-0.169
0.520,0.283,-0.166
0.623,0.240,-0.089
0.700,0.281,0.017
0.728,0.377,0.081
0.703,0.515,0.082
0.643,0.697,0.070
0.571,0.910,0.110
0.503,1.110,0.195
0.448,1.241,0.244
0.410,1.270,0.179
0.389,1.199,0.020
0.388,1.071,-0.127
0.415,0.951,-0.163
0.479,0.891,-0.076
0.576,0.892,0.061
0.673,0.896,0.162
0.729,0.841,0.183
0.719,0.717,0.126
0.649,0.574,0.014
0.555,0.478,-0.119
0.468,0.448,-0.226
0.406,0.464,-0.260
0.375,0.499,-0.212
0.379,0.542,-0.113
0.419,0.585,-0.009
0.481,0.604,0.068
0.539,0.581,0.111
0.578,0.528,0.117
0.608,0.484,0.089
0.646,0.479,0.040
0.685,0.515,-0.003
0.700,0.571,-0.012
0.680,0.632,0.014
0.658,0.689,0.058
0.692,0.726,0.103
0.806,0.723,0.139
0.974,0.662,0.166
1.145,0.550,0.173
1.283,0.403,0.147
1.367,0.246,0.087
1.377,0.093,0.016
1.302,-0.049,-0.034
1.164,-0.173,-0.037
1.014,-0.272,0.014
0.897,-0.338,0.103
0.817,-0.360,0.194
0.753,-0.321,0.255
0.690,-0.211,0.266
0.632,-0.039,0.234
0.589,0.166,0.177
0.559,0.363,0.097
0.537,0.521,-0.006
0.522,0.617,-0.120
0.525,0.638,-0.208
0.548,0.587,-0.232
0.583,0.483,-0.201
0.615,0.362,-0.167
0.623,0.246,-0.177
0.590,0.140,-0.226
0.505,0.041,-0.263
0.378,-0.045,-0.249
0.243,-0.110,-0.197
0.143,-0.156,-0.154
0.104,-0.192,-0.145
0.126,-0.218,-0.148
0.194,-0.207,-0.131
0.292,-0.123,-0.081
0.414,0.038,-0.019
0.555,0.233,0.031
0.706,0.403,0.063
0.854,0.518,0.096
0.986,0.586,0.146
1.093,0.642,0.200
1.163,0.696,0.231
1.192,0.735,0.220
1.193,0.739,0.180
1.197,0.712,0.149
1.225,0.680,0.149
1.268,0.671,0.178
1.274,0.694,0.208
1.189,0.741,0.216
0.998,0.798,0.194
0.751,0.858,0.160
0.534,0.916,0.143
0.418,0.966,0.165
0.415,0.996,0.217
0.492,0.996,0.262
0.601,0.960,0.266
0.706,0.891,0.229
0.785,0.786,0.194
0.831,0.647,0.199
0.841,0.491,0.255
0.823,0.354,0.334
0.782,0.269,0.401
0.718,0.255,0.430
0.642,0.314,0.414
0.580,0.438,0.367
0.562,0.615,0.323
0.594,0.809,0.319
0.651,0.972,0.367
0.694,1.063,0.436
0.701,1.076,0.473
0.680,1.033,0.454
0.655,0.955,0.400
0.655,0.860,0.354
0.695,0.771,0.336
0.772,0.718,0.329
0.860,0.715,0.304
0.930,0.736,0.256
0.964,0.734,0.205
0.972,0.678,0.174
0.974,0.574,0.159
0.977,0.450,0.134
0.968,0.340,0.076
0.914,0.280,0.000
0.791,0.300,-0.042
0.610,0.405,0.000
0.416,0.559,0.122
0.268,0.703,0.252
0.199,0.782,0.303
0.198,0.784,0.246
0.236,0.744,0.138
0.297,0.735,0.070
0.381,0.813,0.095
0.479,0.982,0.205
0.563,1.182,0.358
0.598,1.328,0.520
0.579,1.366,0.670
0.533,1.303,0.778
0.493,1.177,0.805
0.476,1.023,0.737
0.478,0.853,0.597
0.486,0.666,0.432
0.492,0.473,0.281
0.489,0.286,0.168
0.473,0.112,0.106
0.446,-0.051,0.088
0.427,-0.200,0.082
0.447,-0.316,0.061
0.516,-0.368,0.030
0.616,-0.342,0.019
0.711,-0.252,0.037
0.778,-0.137,0.061
0.820,-0.038,0.063
0.847,0.017,0.048
0.861,0.018,0.042
0.872,-0.020,0.062
0.902,-0.072,0.107
0.963,-0.120,0.172
1.028,-0.157,0.242
1.047,-0.179,0.287
0.984,-0.166,0.281
0.844,-0.096,0.239
0.657,0.030,0.213
0.447,0.188,0.246
0.228,0.361,0.316
0.011,0.545,0.362
-0.183,0.735,0.346
-0.333,0.903,0.290
-0.417,1.009,0.244
-0.424,1.038,0.225
-0.363,1.005,0.208
-0.268,0.927,0.150
-0.186,0.800,0.042
-0.152,0.627,-0.082
-0.165,0.436,-0.172
-0.200,0.266,-0.203
-0.233,0.132,-0.203
-0.264,0.018,-0.214
-0.309,-0.098,-0.253
-0.379,-0.209,-0.295
-0.452,-0.287,-0.312
-0.483,-0.309,-0.312
-0.439,-0.278,-0.334
-0.331,-0.219,-0.404
-0.212,-0.158,-0.496
-0.138,-0.099,-0.552
-0.126,-0.025,-0.528
-0.154,0.084,-0.439
-0.180,0.229,-0.343
-0.181,0.376,-0.287
-0.166,0.494,-0.271
-0.160,0.573,-0.246
-0.180,0.631,-0.178
-0.221,0.683,-0.081
-0.263,0.725,-0.002
-0.285,0.740,0.022
-0.283,0.730,0.004
-0.265,0.719,-0.024
-0.249,0.731,-0.038
-0.261,0.759,-0.042
-0.328,0.773,-0.063
-0.455,0.743,-0.117
-0.611,0.672,-0.197
-0.739,0.595,-0.270
-0.785,0.543,-0.298
-0.731,0.513,-0.272
-0.596,0.473,-0.221
-0.413,0.391,-0.192
-0.217,0.259,-0.210
-0.030,0.103,-0.257
0.133,-0.038,-0.295
0.264,-0.130,-0.301
0.350,-0.156,-0.280
0.378,-0.120,-0.243
0.344,-0.046,-0.193
0.266,0.040,-0.122
0.186,0.114,-0.036
0.156,0.154,0.036
0.203,0.139,0.061
0.305,0.055,0.021
0.398,-0.081,-0.069
0.422,-0.224,-0.177
0.354,-0.325,-0.266
0.218,-0.362,-0.316
0.057,-0.350,-0.321
-0.088,-0.331,-0.289
-0.193,-0.335,-0.244
-0.253,-0.376,-0.215
-0.278,-0.446,-0.225
-0.291,-0.525,-0.274
-0.315,-0.594,-0.340
-0.366,-0.635,-0.391
-0.447,-0.645,-0.421
-0.562,-0.631,-0.446
-0.708,-0.608,-0.481
-0.872,-0.590,-0.521
-1.018,-0.574,-0.544
-1.098,-0.546,-0.546
-1.083,-0.495,-0.539
-0.987,-0.429,-0.530
-0.867,-0.375,-0.515
-0.785,-0.360,-0.481
-0.769,-0.394,-0.436
-0.796,-0.466,-0.393
-0.825,-0.560,-0.362
-0.826,-0.667,-0.346
-0.790,-0.777,-0.343
-0.719,-0.876,-0.346
-0.623,-0.962,-0.345
-0.528,-1.046,-0.339
-0.463,-1.142,-0.347
-0.449,-1.249,-0.383
-0.483,-1.339,-0.431
-0.538,-1.378,-0.449
-0.580,-1.340,-0.405
-0.579,-1.215,-0.317
-0.526,-1.013,-0.227
-0.440,-0.757,-0.163
-0.354,-0.485,-0.121
-0.300,-0.234,-0.087
-0.283,-0.033,-0.059
-0.291,0.102,-0.040
-0.310,0.159,-0.034
-0.328,0.134,-0.036
-0.332,0.036,-0.048
-0.310,-0.106,-0.083
-0.260,-0.265,-0.149
-0.210,-0.425,-0.235
-0.194,-0.574,-0.308
-0.237,-0.696,-0.343
-0.332,-0.772,-0.342
-0.449,-0.800,-0.332
-0.553,-0.805,-0.337
-0.623,-0.813,-0.356
-0.652,-0.835,-0.383
-0.646,-0.855,-0.415
-0.614,-0.852,-0.457
-0.576,-0.819,-0.503
-0.553,-0.760,-0.530
-0.553,-0.685,-0.521
-0.562,-0.596,-0.470
-0.559,-0.501,-0.388
-0.538,-0.417,-0.293
-0.509,-0.356,-0.214
-0.471,-0.317,-0.184
-0.404,-0.288,-0.214
-0.285,-0.266,-0.271
-0.129,-0.257,-0.310
0.015,-0.263,-0.313
0.106,-0.269,-0.301
0.141,-0.256,-0.296
0.142,-0.225,-0.289
0.125,-0.194,-0.258
0.093,-0.175,-0.203
0.042,-0.159,-0.151
-0.031,-0.142,-0.125
-0.130,-0.142,-0.129
-0.250,-0.183,-0.146
-0.369,-0.256,-0.158
-0.449,-0.316,-0.153
-0.468,-0.326,-0.135
-0.434,-0.291,-0.115
-0.383,-0.240,-0.108
-0.355,-0.186,-0.117
-0.376,-0.117,-0.127
-0.448,-0.023,-0.123
-0.551,0.088,-0.099
-0.651,0.193,-0.071
-0.711,0.271,-0.059
-0.704,0.309,-0.068
-0.629,0.302,-0.092
-0.510,0.262,-0.116
-0.380,0.210,-0.136
-0.268,0.167,-0.157
-0.183,0.123,-0.187
-0.123,0.056,-0.221
-0.085,-0.050,-0.248
-0.073,-0.180,-0.251
-0.093,-0.308,-0.230
-0.146,-0.412,-0.196
-0.218,-0.482,-0.170
-0.280,-0.513,-0.168
-0.304,-0.499,-0.193
-0.271,-0.440,-0.226
-0.185,-0.352,-0.239
-0.082,-0.252,-0.206
-0.011,-0.154,-0.124
-0.001,-0.067,-0.013
-0.034,0.007,0.093
-0.053,0.073,0.171
-0.008,0.143,0.213
0.098,0.225,0.223
0.213,0.313,0.200
0.279,0.397,0.134
0.266,0.461,0.035
0.182,0.493,-0.055
0.054,0.483,-0.085
-0.075,0.426,-0.041
-0.167,0.326,0.034
-0.208,0.201,0.078
-0.215,0.069,0.054
-0.215,-0.044,-0.031
-0.210,-0.121,-0.138
-0.178,-0.148,-0.219
-0.106,-0.136,-0.238
-0.009,-0.112,-0.187
0.085,-0.104,-0.104
0.163,-0.117,-0.035
0.231,-0.128,0.008
0.285,-0.114,0.058
0.308,-0.061,0.142
0.292,0.020,0.233
0.250,0.112,0.268
0.198,0.186,0.214
0.139,0.220,0.105
0.071,0.213,0.012
0.016,0.188,-0.025
0.014,0.167,-0.014
0.086,0.146,0.020
0.201,0.107,0.061
0.299,0.053,0.106
0.332,0.018,0.149
0.293,0.032,0.171
0.205,0.083,0.153
0.093,0.126,0.086
-0.016,0.130,-0.015
-0.102,0.103,-0.109
-0.156,0.074,-0.145
-0.188,0.065,-0.100
-0.221,0.073,-0.012
-0.270,0.085,0.053
-0.327,0.085,0.053
-0.371,0.066,0.004
-0.387,0.037,-0.047
-0.375,0.023,-0.075
-0.346,0.050,-0.089
-0.307,0.112,-0.103
-0.261,0.180,-0.107
-0.205,0.219,-0.085
-0.132,0.219,-0.031
-0.038,0.196,0.037
0.069,0.161,0.097
0.166,0.112,0.141
0.230,0.043,0.174
0.253,-0.039,0.206
0.254,-0.121,0.244
0.262,-0.193,0.295
0.293,-0.255,0.358
0.350,-0.308,0.426
0.425,-0.337,0.477
0.514,-0.324,0.499
0.597,-0.268,0.499
0.648,-0.190,0.498
0.651,-0.120,0.510
0.619,-0.077,0.525
0.582,-0.069,0.523
0.563,-0.094,0.490
0.553,-0.137,0.437
0.528,-0.166,0.389
0.475,-0.156,0.369
0.401,-0.106,0.385
0.328,-0.041,0.430
0.267,0.001,0.481
0.220,0.006,0.509
0.189,-0.019,0.497
0.175,-0.056,0.452
0.177,-0.094,0.406
0.186,-0.122,0.383
0.188,-0.121,0.378
0.174,-0.072,0.370
0.147,0.021,0.354
0.117,0.120,0.346
0.089,0.181,0.365
0.065,0.183,0.396
0.043,0.141,0.386
0.032,0.090,0.300
0.043,0.052,0.162
0.080,0.033,0.052
0.146,0.029,0.036
0.243,0.038,0.111
0.372,0.049,0.210
0.515,0.039,0.270
0.632,-0.008,0.281
0.694,-0.080,0.287
0.708,-0.143,0.323
0.719,-0.180,0.381
0.756,-0.208,0.418
0.798,-0.260,0.403
0.805,-0.343,0.350
0.762,-0.430,0.300
0.694,-0.492,0.288
0.639,-0.534,0.313
0.604,-0.588,0.353
0.568,-0.671,0.384
0.509,-0.767,0.399
0.432,-0.839,0.384
0.357,-0.865,0.326
0.304,-0.854,0.231
0.264,-0.831,0.139
0.214,-0.813,0.093
0.135,-0.791,0.103
0.030,-0.745,0.135
-0.087,-0.669,0.165
-0.209,-0.578,0.215
-0.332,-0.500,0.326
-0.435,-0.443,0.491
-0.489,-0.405,0.638
-0.492,-0.386,0.688
-0.484,-0.401,0.625
-0.507,-0.446,0.510
-0.552,-0.488,0.416
-0.571,-0.487,0.376
-0.530,-0.445,0.380
-0.458,-0.418,0.406
-0.416,-0.457,0.446
-0.429,-0.552,0.503
-0.468,-0.648,0.565
-0.483,-0.705,0.592
-0.457,-0.733,0.532
-0.411,-0.774,0.382
-0.384,-0.840,0.209
-0.403,-0.906,0.109
-0.460,-0.938,0.114
-0.518,-0.925,0.164
-0.532,-0.884,0.179
-0.490,-0.838,0.142
-0.416,-0.803,0.106
-0.339,-0.776,0.132
-0.272,-0.745,0.217
-0.223,-0.713,0.302
-0.211,-0.694,0.334
-0.245,-0.696,0.312
-0.297,-0.695,0.283
-0.312,-0.660,0.298
-0.269,-0.582,0.365
-0.203,-0.496,0.446
-0.175,-0.446,0.492
-0.203,-0.443,0.481
-0.260,-0.457,0.434
-0.303,-0.453,0.393
-0.320,-0.422,0.396
-0.328,-0.377,0.442
-0.348,-0.336,0.497
-0.378,-0.306,0.509
-0.410,-0.281,0.451
-0.432,-0.255,0.346
-0.435,-0.231,0.255
-0.410,-0.216,0.224
-0.353,-0.217,0.255
-0.283,-0.238,0.304
-0.244,-0.276,0.323
-0.273,-0.322,0.295
-0.368,-0.359,0.229
-0.479,-0.367,0.148
-0.550,-0.339,0.076
-0.563,-0.287,0.027
-0.542,-0.236,-0.001
-0.513,-0.199,-0.028
-0.480,-0.171,-0.077
-0.429,-0.151,-0.137
-0.354,-0.158,-0.161
-0.278,-0.210,-0.109
-0.225,-0.293,-0.000
-0.205,-0.364,0.094
-0.207,-0.383,0.121
-0.229,-0.344,0.100
-0.274,-0.265,0.100
-0.337,-0.162,0.161
-0.395,-0.042,0.257
-0.428,0.075,0.321
-0.440,0.153,0.313
-0.453,0.165,0.251
-0.477,0.131,0.194
-0.495,0.100,0.184
-0.488,0.093,0.207
-0.457,0.080,0.216
-0.428,0.015,0.169
-0.431,-0.104,0.071
-0.466,-0.226,-0.038
-0.513,-0.284,-0.115
-0.559,-0.259,-0.141
-0.612,-0.186,-0.123
-0.690,-0.127,-0.079
-0.783,-0.119,-0.037
-0.849,-0.148,-0.022
-0.852,-0.172,-0.051
-0.797,-0.158,-0.110
-0.730,-0.110,-0.168
-0.699,-0.055,-0.193
-0.724,-0.018,-0.173
-0.792,-0.003,-0.116
-0.871,0.003,-0.045
-0.928,0.017,0.019
-0.941,0.051,0.066
-0.911,0.099,0.105
-0.863,0.144,0.149
-0.838,0.165,0.196
-0.863,0.150,0.223
-0.928,0.110,0.212
-1.001,0.071,0.175
-1.051,0.060,0.144
-1.065,0.090,0.134
-1.049,0.155,0.123
-1.016,0.232,0.082
-0.988,0.296,0.018
-0.986,0.329,-0.025
-1.006,0.338,-0.010
-1.012,0.345,0.048
-0.959,0.369,0.110
-0.842,0.403,0.157
-0.705,0.432,0.196
-0.602,0.460,0.235
-0.551,0.512,0.257
-0.533,0.604,0.242
-0.530,0.720,0.205
-0.533,0.824,0.188
-0.535,0.895,0.211
-0.524,0.946,0.260
-0.501,0.990,0.306
-0.483,1.022,0.334
-0.489,1.025,0.349
-0.514,0.992,0.357
-0.532,0.933,0.354
-0.529,0.848,0.333
-0.521,0.731,0.290
-0.533,0.588,0.223
-0.571,0.442,0.137
-0.607,0.323,0.061
-0.619,0.244,0.034
-0.617,0.199,0.073
-0.636,0.177,0.140
-0.694,0.168,0.170
-0.773,0.155,0.129
-0.839,0.118,0.040
-0.873,0.056,-0.050
-0.883,-0.009,-0.111
-0.883,-0.050,-0.149
-0.872,-0.059,-0.173
-0.833,-0.060,-0.179
-0.755,-0.071,-0.160
-0.640,-0.085,-0.116
-0.514,-0.075,-0.055
-0.420,-0.022,0.007
-0.392,0.067,0.046
-0.438,0.176,0.042
-0.530,0.283,0.003
-0.612,0.373,-0.036
-0.634,0.435,-0.039
-0.585,0.464,-0.000
-0.497,0.462,0.051
-0.420,0.433,0.080
-0.393,0.379,0.072
-0.416,0.314,0.042
-0.462,0.264,0.023
-0.503,0.255,0.039
-0.525,0.295,0.077
-0.526,0.371,0.086
-0.511,0.471,0.020
-0.490,0.594,-0.094
-0.478,0.743,-0.162
-0.477,0.907,-0.107
-0.463,1.056,0.051
-0.404,1.155,0.207
-0.307,1.182,0.260
-0.221,1.143,0.199
-0.193,1.077,0.084
-0.218,1.035,-0.013
-0.249,1.044,-0.063
-0.250,1.079,-0.078
-0.226,1.085,-0.076
-0.201,1.030,-0.067
-0.177,0.932,-0.055
-0.132,0.834,-0.040
-0.056,0.750,-0.021
0.030,0.652,0.010
0.097,0.514,0.048
0.145,0.344,0.067
0.192,0.169,0.036
0.242,0.015,-0.052
0.268,-0.104,-0.169
0.239,-0.173,-0.260
0.160,-0.167,-0.277
0.073,-0.081,-0.206
0.010,0.069,-0.071
-0.030,0.250,0.085
-0.073,0.426,0.225
-0.134,0.574,0.328
-0.195,0.673,0.374
-0.231,0.713,0.342
-0.239,0.704,0.221
-0.247,0.686,0.041
-0.287,0.712,-0.124
-0.359,0.816,-0.196
-0.434,0.984,-0.147
-0.483,1.161,-0.020
-0.510,1.274,0.102
-0.542,1.276,0.149
-0.593,1.168,0.103
-0.639,0.998,-0.013
-0.645,0.827,-0.166
-0.593,0.698,-0.335
-0.510,0.614,-0.497
-0.440,0.552,-0.612
-0.411,0.487,-0.635
-0.414,0.406,-0.556
-0.407,0.315,-0.414
-0.356,0.221,-0.285
-0.253,0.128,-0.227
-0.114,0.037,-0.245
0.033,-0.044,-0.297
0.170,-0.104,-0.337
0.283,-0.134,-0.352
0.369,-0.133,-0.362
0.426,-0.108,-0.382
0.462,-0.065,-0.395
0.487,-0.005,-0.371
0.515,0.071,-0.313
0.557,0.152,-0.266
0.604,0.214,-0.268
0.635,0.234,-0.309
0.628,0.215,-0.338
0.591,0.185,-0.326
0.561,0.173,-0.298
0.568,0.181,-0.295
0.602,0.184,-0.332
0.623,0.171,-0.390
0.612,0.162,-0.446
0.582,0.189,-0.489
0.552,0.250,-0.504
0.514,0.300,-0.477
0.451,0.306,-0.420
0.369,0.278,-0.376
0.298,0.257,-0.376
0.256,0.273,-0.405
0.235,0.322,-0.432
0.218,0.392,-0.439
0.208,0.477,-0.433
0.225,0.563,-0.416
0.270,0.618,-0.376
0.331,0.605,-0.304
0.401,0.520,-0.216
0.493,0.393,-0.148
0.614,0.265,-0.134
0.748,0.156,-0.182
0.858,0.075,-0.261
0.911,0.026,-0.321
0.907,0.007,-0.335
0.877,0.006,-0.328
0.856,0.000,-0.356
0.858,-0.037,-0.441
0.865,-0.117,-0.545
0.860,-0.234,-0.612
0.852,-0.354,-0.627
0.871,-0.439,-0.614
0.928,-0.467,-0.592
0.989,-0.441,-0.546
1.014,-0.374,-0.462
0.992,-0.271,-0.364
0.940,-0.140,-0.312
0.876,-0.016,-0.337
0.800,0.048,-0.410
0.713,0.031,-0.465
0.635,-0.032,-0.457
0.593,-0.095,-0.401
0.587,-0.137,-0.343
0.589,-0.180,-0.317
0.569,-0.229,-0.329
0.530,-0.257,-0.370
0.501,-0.222,-0.431
0.504,-0.124,-0.495
0.530,-0.002,-0.543
0.556,0.093,-0.580
0.581,0.139,-0.634
0.634,0.140,-0.718
0.736,0.110,-0.792
0.871,0.066,-0.793
0.991,0.030,-0.698
1.067,0.022,-0.565
1.100,0.035,-0.480
1.110,0.035,-0.491
1.105,-0.014,-0.581
1.081,-0.100,-0.697
1.043,-0.172,-0.787
1.008,-0.188,-0.822
0.988,-0.147,-0.789
0.976,-0.080,-0.702
0.959,-0.001,-0.594
0.939,0.093,-0.498
0.940,0.201,-0.419
0.981,0.303,-0.345
1.055,0.383,-0.270
1.130,0.446,-0.215
1.180,0.511,-0.205
1.199,0.583,-0.236
1.195,0.638,-0.276
1.183,0.647,-0.292
1.179,0.604,-0.278
1.198,0.523,-0.243
1.236,0.428,-0.202
1.274,0.347,-0.173
1.281,0.308,-0.173
1.238,0.331,-0.202
1.156,0.399,-0.241
1.073,0.466,-0.270
1.034,0.481,-0.292
1.060,0.436,-0.334
1.132,0.364,-0.406
1.206,0.309,-0.471
1.240,0.301,-0.473
1.226,0.342,-0.397
1.179,0.414,-0.291
1.131,0.480,-0.233
1.101,0.512,-0.256
1.089,0.506,-0.326
1.083,0.492,-0.383
1.076,0.503,-0.397
1.069,0.543,-0.381
1.066,0.585,-0.367
1.071,0.608,-0.370
1.079,0.613,-0.379
1.093,0.622,-0.375
1.112,0.645,-0.350
1.122,0.671,-0.309
1.107,0.671,-0.270
1.063,0.630,-0.236
1.016,0.553,-0.206
1.011,0.468,-0.188
1.076,0.401,-0.210
1.199,0.367,-0.289
1.333,0.361,-0.399
1.431,0.367,-0.483
1.476,0.376,-0.500
1.477,0.391,-0.450
1.452,0.417,-0.362
1.409,0.449,-0.255
1.352,0.475,-0.145
1.300,0.489,-0.054
1.277,0.508,-0.020
1.288,0.548,-0.063
1.307,0.611,-0.161
1.306,0.684,-0.264
1.283,0.750,-0.331
1.272,0.801,-0.351
1.305,0.824,-0.335
1.376,0.811,-0.296
1.454,0.769,-0.245
1.508,0.730,-0.189
1.528,0.730,-0.141
1.522,0.769,-0.113
1.501,0.809,-0.120
1.468,0.805,-0.167
1.433,0.744,-0.237
1.402,0.650,-0.291
1.376,0.567,-0.294
1.344,0.531,-0.240
1.296,0.563,-0.160
1.246,0.654,-0.095
1.221,0.781,-0.078
1.235,0.907,-0.103
1.270,0.996,-0.135
1.281,1.021,-0.134
1.246,0.966,-0.097
1.179,0.830,-0.052
1.118,0.638,-0.021
1.086,0.438,0.012
1.078,0.283,0.089
1.080,0.217,0.212
1.086,0.240,0.321
1.090,0.307,0.345
1.076,0.344,0.276
1.026,0.293,0.184
0.947,0.152,0.147
0.870,-0.027,0.172
0.823,-0.184,0.192
0.803,-0.294,0.149
0.777,-0.356,0.066
0.725,-0.366,0.020
0.655,-0.305,0.050
0.600,-0.176,0.110
0.585,-0.025,0.117
0.598,0.074,0.044
0.604,0.085,-0.053
0.574,0.037,-0.093
0.520,-0.001,-0.036
0.467,0.010,0.091
0.427,0.042,0.231
0.395,0.035,0.328
0.386,-0.036,0.341
0.435,-0.139,0.263
0.560,-0.229,0.142
0.717,-0.291,0.062
0.825,-0.346,0.081
0.841,-0.397,0.188
0.787,-0.415,0.321
0.717,-0.374,0.420
0.660,-0.281,0.457
0.625,-0.165,0.441
0.612,-0.048,0.404
0.625,0.060,0.381
0.653,0.147,0.380
0.669,0.195,0.375
0.660,0.198,0.333
0.634,0.173,0.265
0.607,0.135,0.225
0.585,0.091,0.254
0.559,0.046,0.331
0.510,0.009,0.383
0.423,-0.007,0.364
0.297,-0.001,0.295
0.166,0.020,0.237
0.079,0.051,0.225
0.072,0.084,0.240
0.133,0.102,0.250
0.211,0.086,0.258
0.264,0.051,0.288
0.287,0.035,0.351
0.308,0.063,0.425
0.342,0.104,0.492
0.372,0.095,0.551
0.372,0.001,0.599
0.333,-0.153,0.610
0.276,-0.311,0.555
0.220,-0.438,0.451
0.161,-0.528,0.356
0.091,-0.590,0.322
0.022,-0.621,0.345
-0.016,-0.621,0.383
-0.013,-0.602,0.405
0.003,-0.579,0.418
-0.001,-0.553,0.441
-0.024,-0.512,0.468
-0.035,-0.454,0.474
-0.019,-0.406,0.443
0.000,-0.399,0.396
-0.016,-0.437,0.365
-0.067,-0.482,0.363
-0.110,-0.503,0.370
-0.105,-0.494,0.359
-0.067,-0.470,0.332
-0.051,-0.438,0.311
-0.096,-0.386,0.315
-0.192,-0.309,0.337
-0.293,-0.221,0.358
-0.367,-0.151,0.364
-0.409,-0.108,0.350
-0.419,-0.082,0.317
-0.399,-0.059,0.270
-0.362,-0.035,0.226
-0.346,-0.021,0.210
-0.391,-0.019,0.234
-0.498,-0.019,0.287
-0.614,-0.010,0.340
-0.670,0.006,0.367
-0.631,0.017,0.355
-0.516,0.011,0.311
-0.369,-0.005,0.260
-0.235,-0.012,0.239
-0.140,-0.001,0.265
-0.098,0.014,0.318
-0.110,0.014,0.352
-0.162,-0.007,0.342
-0.233,-0.036,0.315
-0.303,-0.055,0.313
-0.363,-0.054,0.330
-0.408,-0.031,0.318
-0.440,0.000,0.242
-0.462,0.018,0.135
-0.480,-0.001,0.074
-0.491,-0.057,0.109
-0.487,-0.129,0.211
-0.473,-0.192,0.308
-0.466,-0.247,0.343
-0.481,-0.300,0.317
-0.506,-0.344,0.266
-0.512,-0.356,0.218
-0.488,-0.329,0.175
-0.452,-0.276,0.135
-0.442,-0.222,0.108
-0.475,-0.164,0.121
-0.533,-0.084,0.188
-0.585,0.028,0.292
-0.607,0.154,0.383
-0.602,0.252,0.409
-0.585,0.290,0.356
-0.563,0.264,0.255
-0.535,0.201,0.160
-0.506,0.143,0.112
-0.489,0.110,0.123
-0.496,0.097,0.179
-0.528,0.081,0.255
-0.575,0.042,0.312
-0.635,-0.018,0.315
-0.711,-0.092,0.255
-0.807,-0.177,0.158
-0.908,-0.276,0.071
-0.984,-0.382,0.016
-1.010,-0.475,-0.020
-0.996,-0.533,-0.051
-0.984,-0.550,-0.071
-1.017,-0.521,-0.063
-1.102,-0.447,-0.027
-1.203,-0.327,0.009
-1.273,-0.182,0.028
-1.282,-0.057,0.039
-1.233,0.005,0.060
-1.140,-0.009,0.080
-1.016,-0.076,0.063
-0.881,-0.162,-0.011
-0.773,-0.254,-0.106
-0.731,-0.340,-0.157
-0.768,-0.401,-0.132
-0.859,-0.413,-0.056
-0.966,-0.384,0.022
-1.061,-0.360,0.082
-1.125,-0.391,0.136
-1.138,-0.482,0.188
-1.089,-0.592,0.198
-0.985,-0.669,0.126
-0.874,-0.690,-0.012
-0.813,-0.658,-0.132
-0.827,-0.579,-0.154
-0.887,-0.448,-0.073
-0.941,-0.275,0.038
-0.958,-0.099,0.112
-0.942,0.035,0.143
-0.901,0.115,0.171
-0.824,0.178,0.210
-0.705,0.273,0.229
-0.579,0.410,0.188
-0.514,0.549,0.091
-0.555,0.647,-0.002
-0.682,0.705,-0.025
-0.817,0.752,0.047
-0.901,0.813,0.172
-0.931,0.880,0.260
-0.943,0.932,0.243
-0.957,0.968,0.124
-0.962,0.998,-0.025
-0.940,1.022,-0.133
-0.907,1.023,-0.184
-0.901,0.975,-0.206
-0.943,0.869,-0.221
-1.009,0.725,-0.221
-1.041,0.580,-0.181
-1.001,0.473,-0.106
-0.889,0.417,-0.038
-0.740,0.403,-0.026
-0.597,0.410,-0.083
-0.497,0.429,-0.158
-0.466,0.466,-0.176
-0.498,0.532,-0.094
-0.553,0.628,0.053
-0.582,0.740,0.195
-0.567,0.847,0.284
-0.544,0.933,0.330
-0.555,0.998,0.365
-0.616,1.056,0.395
-0.704,1.108,0.388
-0.786,1.129,0.324
-0.848,1.081,0.225
-0.887,0.958,0.146
-0.903,0.800,0.121
-0.895,0.672,0.132
-0.867,0.601,0.141
-0.835,0.573,0.134
-0.815,0.561,0.129
-0.819,0.567,0.141
-0.847,0.606,0.163
-0.904,0.671,0.173
-0.994,0.729,0.152
-1.111,0.752,0.099
-1.219,0.747,0.030
-1.272,0.746,-0.019
-1.247,0.764,-0.012
-1.160,0.781,0.046
-1.052,0.768,0.111
-0.949,0.711,0.130
-0.855,0.625,0.102
-0.770,0.525,0.078
-0.689,0.431,0.109
-0.610,0.363,0.188
-0.525,0.339,0.265
-0.442,0.355,0.293
-0.380,0.388,0.276
-0.355,0.428,0.252
-0.363,0.492,0.266
-0.391,0.605,0.325
-0.429,0.760,0.406
-0.479,0.917,0.461
-0.542,1.035,0.463
-0.611,1.101,0.423
-0.679,1.128,0.386
-0.740,1.132,0.380
-0.789,1.119,0.384
-0.818,1.100,0.342
-0.833,1.087,0.227
-0.854,1.089,0.080
-0.891,1.105,-0.017
-0.929,1.126,-0.025
-0.942,1.137,0.021
-0.921,1.114,0.051
-0.891,1.035,0.028
-0.884,0.897,-0.022
-0.906,0.731,-0.056
-0.917,0.578,-0.063
-0.875,0.455,-0.067
-0.775,0.350,-0.088
-0.654,0.249,-0.109
-0.550,0.170,-0.096
-0.466,0.151,-0.033
-0.380,0.210,0.074
-0.272,0.307,0.213
-0.146,0.380,0.362
-0.009,0.389,0.486
0.131,0.354,0.540
0.262,0.319,0.500
0.348,0.307,0.388
0.343,0.304,0.264
0.229,0.289,0.175
0.027,0.264,0.138
-0.222,0.247,0.142
-0.496,0.253,0.175
-0.789,0.287,0.221
-1.087,0.356,0.260
-1.359,0.464,0.263
-1.585,0.604,0.212
-1.777,0.749,0.121
-1.962,0.872,0.025
-2.147,0.973,-0.031
-2.298,1.062,-0.022
-2.354,1.137,0.041
-2.279,1.170,0.107
-2.086,1.138,0.121
-1.827,1.050,0.064
-1.567,0.944,-0.018
-1.351,0.854,-0.051
-1.178,0.780,0.001
-1.020,0.697,0.099
-0.858,0.581,0.157
-0.701,0.427,0.118
-0.563,0.257,-0.001
-0.432,0.113,-0.127
-0.276,0.036,-0.194
-0.080,0.036,-0.190
0.135,0.082,-0.158
0.324,0.115,-0.155
0.462,0.083,-0.196
0.557,-0.032,-0.255
0.634,-0.209,-0.292
0.701,-0.394,-0.287
0.745,-0.520,-0.248
0.731,-0.531,-0.195
0.634,-0.414,-0.133
0.462,-0.205,-0.052
0.253,0.014,0.061
0.051,0.165,0.195
-0.129,0.210,0.311
-0.300,0.175,0.366
-0.477,0.128,0.353
-0.663,0.128,0.307
-0.850,0.193,0.269
-1.025,0.297,0.239
-1.182,0.389,0.175
-1.326,0.431,0.045
-1.473,0.417,-0.132
-1.642,0.377,-0.298
-1.823,0.356,-0.415
-1.966,0.385,-0.481
-2.019,0.454,-0.521
-1.969,0.512,-0.550
-1.865,0.519,-0.583
-1.770,0.488,-0.642
-1.717,0.473,-0.746
-1.702,0.506,-0.872
-1.698,0.565,-0.946
-1.663,0.603,-0.898
-1.549,0.589,-0.736
-1.320,0.527,-0.555
-0.986,0.424,-0.462
-0.612,0.274,-0.468
-0.280,0.088,-0.485
-0.035,-0.084,-0.416
0.143,-0.180,-0.253
0.306,-0.181,-0.074
0.476,-0.131,0.044
0.630,-0.084,0.097
0.735,-0.053,0.127
0.790,-0.004,0.166
0.819,0.085,0.205
0.813,0.196,0.218
0.720,0.295,0.209
0.494,0.376,0.206
0.169,0.473,0.235
-0.153,0.613,0.287
-0.382,0.767,0.313
-0.497,0.858,0.258
-0.545,0.829,0.087
-0.579,0.693,-0.168
-0.636,0.529,-0.418
-0.754,0.420,-0.561
-0.973,0.402,-0.560
-1.294,0.448,-0.469
-1.652,0.489,-0.382
-1.957,0.462,-0.346
-2.158,0.341,-0.354
-2.274,0.161,-0.397
-2.350,-0.011,-0.507
-2.401,-0.125,-0.712
-2.418,-0.176,-0.960
-2.395,-0.189,-1.128
-2.333,-0.173,-1.122
-2.219,-0.112,-0.948
-2.019,-0.001,-0.703
-1.713,0.117,-0.491
-1.326,0.180,-0.365
-0.915,0.166,-0.318
-0.528,0.114,-0.304
-0.191,0.080,-0.277
0.081,0.092,-0.216
0.264,0.135,-0.138
0.340,0.196,-0.075
0.326,0.272,-0.034
0.271,0.356,0.012
0.229,0.414,0.091
0.219,0.409,0.186
0.225,0.335,0.229
0.214,0.228,0.164
0.173,0.136,0.003
0.117,0.087,-0.164
0.072,0.078,-0.242
0.059,0.088,-0.202
0.076,0.082,-0.111
0.087,0.030,-0.058
0.041,-0.071,-0.077
-0.102,-0.181,-0.126
-0.332,-0.230,-0.140
-0.588,-0.180,-0.104
-0.798,-0.052,-0.057
-0.923,0.087,-0.060
-0.970,0.175,-0.140
-0.968,0.206,-0.274
-0.939,0.225,-0.406
-0.896,0.278,-0.476
-0.867,0.367,-0.452
-0.887,0.457,-0.357
-0.979,0.509,-0.247
-1.110,0.518,-0.179
-1.214,0.505,-0.173
-1.226,0.489,-0.209
-1.128,0.460,-0.256
-0.947,0.395,-0.290
-0.731,0.275,-0.303
-0.525,0.106,-0.297
-0.365,-0.086,-0.269
-0.271,-0.266,-0.219
-0.248,-0.400,-0.164
-0.277,-0.480,-0.136
-0.331,-0.526,-0.170
-0.391,-0.576,-0.266
-0.460,-0.640,-0.382
-0.553,-0.687,-0.460
-0.670,-0.671,-0.470
-0.786,-0.579,-0.434
-0.859,-0.449,-0.384
-0.864,-0.344,-0.332
-0.812,-0.304,-0.270
-0.728,-0.319,-0.210
-0.634,-0.344,-0.184
-0.545,-0.345,-0.219
-0.482,-0.313,-0.303
-0.456,-0.260,-0.392
-0.452,-0.210,-0.444
-0.439,-0.182,-0.434
-0.399,-0.196,-0.369
-0.348,-0.266,-0.285
-0.317,-0.388,-0.241
-0.328,-0.531,-0.271
-0.377,-0.660,-0.354
-0.452,-0.759,-0.427
-0.538,-0.826,-0.451
-0.617,-0.864,-0.438
-0.674,-0.858,-0.436
-0.702,-0.805,-0.459
-0.706,-0.717,-0.476
-0.679,-0.619,-0.435
-0.608,-0.533,-0.313
-0.479,-0.474,-0.134
-0.306,-0.452,0.052
-0.130,-0.468,0.202
0.009,-0.496,0.302
0.090,-0.498,0.351
0.123,-0.456,0.348
0.131,-0.391,0.289
0.131,-0.338,0.186
0.116,-0.309,0.065
0.076,-0.283,-0.045
0.020,-0.234,-0.127
-0.017,-0.159,-0.159
-0.004,-0.083,-0.125
0.046,-0.049,-0.038
0.087,-0.084,0.035
0.080,-0.184,0.018
0.013,-0.315,-0.106
-0.100,-0.434,-0.279
-0.234,-0.524,-0.417
-0.351,-0.597,-0.485
-0.408,-0.678,-0.512
-0.396,-0.785,-0.537
-0.360,-0.917,-0.570
-0.356,-1.043,-0.583
-0.403,-1.118,-0.535
-0.469,-1.113,-0.409
-0.521,-1.033,-0.243
-0.550,-0.918,-0.115
-0.557,-0.807,-0.089
-0.526,-0.709,-0.145
-0.425,-0.616,-0.195
-0.237,-0.532,-0.167
0.032,-0.476,-0.075
0.343,-0.476,0.008
0.641,-0.557,0.041
0.869,-0.716,0.053
0.996,-0.913,0.104
1.039,-1.074,0.203
1.044,-1.135,0.303
1.049,-1.089,0.341
1.063,-0.988,0.298
1.070,-0.888,0.210
1.055,-0.803,0.144
1.007,-0.726,0.139
0.922,-0.667,0.180
0.807,-0.657,0.216
0.675,-0.708,0.211
0.535,-0.783,0.178
0.380,-0.829,0.148
0.204,-0.813,0.125
0.014,-0.750,0.076
-0.160,-0.677,-0.020
-0.281,-0.629,-0.113
-0.322,-0.610,-0.121
-0.274,-0.590,-0.010
-0.147,-0.526,0.156
0.026,-0.413,0.288
0.190,-0.294,0.353
0.303,-0.224,0.396
0.369,-0.214,0.469
0.445,-0.231,0.571
0.589,-0.249,0.646
0.804,-0.285,0.651
1.045,-0.365,0.584
1.258,-0.466,0.490
1.419,-0.526,0.420
1.533,-0.506,0.391
1.612,-0.432,0.376
1.665,-0.371,0.335
1.701,-0.358,0.264
1.720,-0.387,0.208
1.718,-0.430,0.221
1.680,-0.478,0.305
1.604,-0.542,0.403
1.494,-0.630,0.446
1.369,-0.729,0.405
1.244,-0.811,0.294
1.125,-0.839,0.158
1.004,-0.805,0.040
0.879,-0.727,-0.034
0.768,-0.638,-0.048
0.708,-0.561,0.008
0.725,-0.491,0.142
0.809,-0.413,0.338
0.916,-0.323,0.549
0.994,-0.240,0.697
1.008,-0.190,0.722
0.946,-0.188,0.625
0.817,-0.234,0.466
0.646,-0.305,0.321
0.470,-0.375,0.220
0.326,-0.433,0.156
0.236,-0.496,0.122
0.192,-0.589,0.124
0.178,-0.713,0.157
0.182,-0.829,0.186
0.203,-0.891,0.165
0.237,-0.886,0.093
0.274,-0.839,0.015
0.308,-0.780,-0.019
0.344,-0.717,0.003
0.396,-0.633,0.065
0.461,-0.520,0.149
0.530,-0.384,0.244
0.606,-0.233,0.347
0.710,-0.071,0.451
0.853,0.082,0.552
1.016,0.177,0.636
1.157,0.162,0.667
1.246,0.034,0.604
1.286,-0.159,0.445
1.294,-0.347,0.266
1.276,-0.483,0.177
1.227,-0.549,0.234
1.156,-0.538,0.388
1.093,-0.465,0.529
1.059,-0.378,0.582
1.056,-0.340,0.555
1.063,-0.378,0.503
1.063,-0.466,0.471
1.045,-0.545,0.451
0.995,-0.581,0.420
0.908,-0.571,0.365
0.805,-0.524,0.297
0.734,-0.440,0.233
0.737,-0.319,0.185
0.813,-0.184,0.151
0.907,-0.062,0.131
0.956,0.033,0.125
0.934,0.112,0.139
0.866,0.188,0.175
0.803,0.259,0.231
0.769,0.313,0.294
0.754,0.343,0.337
0.729,0.354,0.330
0.685,0.367,0.264
0.630,0.397,0.173
0.582,0.437,0.116
0.553,0.460,0.134
0.554,0.434,0.217
0.592,0.343,0.318
0.650,0.194,0.391
0.688,0.021,0.413
0.669,-0.125,0.386
0.596,-0.200,0.324
0.518,-0.189,0.253
0.472,-0.117,0.206
0.464,-0.031,0.201
0.476,0.034,0.232
0.489,0.078,0.288
0.500,0.119,0.367
0.507,0.168,0.460
0.515,0.216,0.536
0.534,0.249,0.563
0.570,0.257,0.531
0.618,0.235,0.462
0.662,0.183,0.380
0.688,0.115,0.295
0.685,0.053,0.219
0.651,0.012,0.170
0.592,-0.009,0.164
0.528,-0.013,0.189
0.485,-0.003,0.216
0.466,0.021,0.229
0.451,0.052,0.235
0.427,0.082,0.239
0.411,0.103,0.233
0.437,0.110,0.216
0.518,0.093,0.202
0.632,0.053,0.203
0.740,0.014,0.205
0.817,0.021,0.188
0.849,0.094,0.163
0.831,0.209,0.166
0.770,0.316,0.216
0.698,0.393,0.287
0.661,0.449,0.331
0.681,0.499,0.328
0.734,0.533,0.296
0.780,0.539,0.262
0.794,0.517,0.240
0.781,0.475,0.231
0.758,0.408,0.229
0.729,0.312,0.228
0.696,0.205,0.221
0.660,0.126,0.214
0.630,0.104,0.222
0.606,0.133,0.253
0.584,0.187,0.294
0.564,0.257,0.318
0.541,0.351,0.314
0.504,0.474,0.290
0.449,0.621,0.262
0.390,0.791,0.237
0.360,0.987,0.215
0.391,1.202,0.197
0.483,1.407,0.198
0.608,1.572,0.235
0.730,1.677,0.307
0.819,1.722,0.390
0.862,1.708,0.457
0.864,1.635,0.497
0.846,1.517,0.517
0.835,1.387,0.529
0.845,1.281,0.536
0.870,1.203,0.525
0.900,1.121,0.481
0.933,0.988,0.409
0.974,0.785,0.340
1.020,0.538,0.314
1.061,0.304,0.342
1.086,0.136,0.393
1.102,0.051,0.420
1.117,0.030,0.408
1.141,0.033,0.378
1.185,0.027,0.368
1.260,-0.006,0.391
1.362,-0.065,0.440
1.469,-0.131,0.495
1.548,-0.172,0.535
1.595,-0.149,0.546
1.625,-0.041,0.529
1.646,0.146,0.491
1.632,0.379,0.442
1.546,0.617,0.381
1.380,0.826,0.314
1.169,0.985,0.264
0.966,1.083,0.264
0.813,1.124,0.321
0.733,1.126,0.403
0.725,1.114,0.454
0.770,1.106,0.442
0.832,1.107,0.385
0.867,1.109,0.341
0.858,1.107,0.345
0.825,1.091,0.378
0.802,1.050,0.381
0.811,0.980,0.317
0.843,0.898,0.219
0.876,0.841,0.159
0.889,0.844,0.186
0.878,0.904,0.283
0.847,0.980,0.392
0.809,1.016,0.452
0.783,0.983,0.442
0.803,0.893,0.384
0.885,0.784,0.315
1.014,0.692,0.255
1.137,0.635,0.190
1.200,0.614,0.112
1.192,0.622,0.050
1.145,0.650,0.067
1.117,0.686,0.190
1.162,0.712,0.354
1.297,0.709,0.449
1.497,0.658,0.406
1.701,0.554,0.263
1.849,0.420,0.123
1.910,0.302,0.069
1.885,0.236,0.111
1.790,0.218,0.199
1.638,0.219,0.276
1.453,0.231,0.309
1.280,0.284,0.308
1.163,0.419,0.314
1.114,0.627,0.356
1.110,0.840,0.419
1.121,0.973,0.443
1.134,0.988,0.389
1.149,0.907,0.281
1.162,0.783,0.188
1.166,0.670,0.164
1.168,0.597,0.203
1.176,0.565,0.254
1.174,0.552,0.266
1.130,0.526,0.221
1.031,0.473,0.148
0.908,0.396,0.096
0.810,0.312,0.078
0.764,0.232,0.064
0.750,0.166,0.012
0.724,0.125,-0.071
0.660,0.121,-0.136
0.580,0.149,-0.148
0.539,0.188,-0.119
0.577,0.204,-0.085
0.681,0.174,-0.080
0.798,0.097,-0.116
0.884,0.004,-0.199
0.925,-0.057,-0.307
0.921,-0.055,-0.385
0.876,0.007,-0.373
0.805,0.097,-0.270
0.757,0.190,-0.139
0.778,0.272,-0.041
0.866,0.330,0.015
0.962,0.352,0.053
1.016,0.344,0.081
1.028,0.335,0.082
1.023,0.351,0.053
1.009,0.383,0.032
0.962,0.414,0.061
0.867,0.445,0.142
0.755,0.491,0.228
0.681,0.549,0.256
0.684,0.587,0.206
0.758,0.575,0.116
0.863,0.521,0.057
0.953,0.465,0.061
0.996,0.440,0.092
0.986,0.441,0.087
0.927,0.439,0.024
0.838,0.408,-0.054
0.754,0.347,-0.099
0.720,0.280,-0.119
0.755,0.231,-0.167
0.820,0.208,-0.277
0.843,0.198,-0.423
0.777,0.182,-0.537
0.656,0.157,-0.569
0.554,0.123,-0.519
0.518,0.072,-0.428
0.533,-0.001,-0.349
0.555,-0.076,-0.317
0.553,-0.102,-0.330
0.515,-0.039,-0.360
0.440,0.104,-0.376
0.342,0.280,-0.372
0.245,0.439,-0.364
0.179,0.574,-0.369
0.151,0.705,-0.382
0.143,0.855,-0.375
0.137,1.027,-0.323
0.145,1.205,-0.229
0.186,1.355,-0.128
0.263,1.438,-0.070
0.355,1.427,-0.083
0.439,1.321,-0.155
0.510,1.156,-0.250
0.576,0.975,-0.331
0.641,0.813,-0.380
0.688,0.681,-0.403
0.688,0.573,-0.422
0.625,0.476,-0.453
0.512,0.375,-0.489
0.384,0.264,-0.509
0.272,0.144,-0.510
0.187,0.024,-0.530
0.117,-0.088,-0.608
0.057,-0.185,-0.735
0.017,-0.257,-0.838
0.018,-0.291,-0.849
0.072,-0.274,-0.763
0.159,-0.210,-0.640
0.233,-0.119,-0.538
0.238,-0.028,-0.468
0.152,0.050,-0.408
0.012,0.119,-0.355
-0.104,0.179,-0.331
-0.130,0.209,-0.358
-0.057,0.182,-0.433
0.068,0.099,-0.530
0.189,0.003,-0.621
0.271,-0.053,-0.677
0.300,-0.052,-0.678
0.268,-0.018,-0.620
0.181,0.020,-0.529
0.069,0.061,-0.444
-0.027,0.128,-0.391
-0.089,0.235,-0.375
-0.131,0.373,-0.397
-0.178,0.521,-0.459
-0.233,0.655,-0.549
-0.271,0.750,-0.635
-0.262,0.783,-0.685
-0.197,0.751,-0.691
-0.103,0.679,-0.669
-0.019,0.602,-0.646
0.022,0.531,-0.650
0.025,0.454,-0.701
0.014,0.350,-0.792
0.016,0.218,-0.882
0.030,0.080,-0.930
0.035,-0.034,-0.937
0.012,-0.107,-0.940
-0.046,-0.144,-0.961
-0.125,-0.163,-0.967
-0.198,-0.186,-0.906
-0.231,-0.215,-0.780
-0.203,-0.244,-0.661
-0.114,-0.268,-0.631
0.000,-0.287,-0.705
0.096,-0.296,-0.828
0.151,-0.270,-0.925
0.175,-0.184,-0.951
0.182,-0.044,-0.902
0.162,0.110,-0.794
0.103,0.233,-0.656
0.015,0.320,-0.526
-0.053,0.395,-0.441
-0.054,0.475,-0.412
0.010,0.553,-0.416
0.083,0.606,-0.420
0.111,0.621,-0.412
0.081,0.599,-0.416
0.026,0.538,-0.459
-0.022,0.436,-0.543
-0.062,0.310,-0.629
-0.111,0.203,-0.672
-0.180,0.148,-0.656
-0.262,0.139,-0.610
-0.352,0.131,-0.579
-0.446,0.083,-0.587
-0.538,0.003,-0.623
-0.612,-0.066,-0.668
-0.650,-0.085,-0.724
-0.656,-0.047,-0.799
-0.658,0.029,-0.880
-0.694,0.122,-0.924
-0.767,0.228,-0.896
-0.846,0.347,-0.804
-0.899,0.465,-0.705
-0.923,0.556,-0.652
-0.942,0.595,-0.657
-0.975,0.584,-0.680
-1.011,0.550,-0.671
-1.025,0.522,-0.621
-1.006,0.500,-0.572
-0.965,0.459,-0.567
-0.923,0.380,-0.616
-0.896,0.275,-0.689
-0.894,0.189,-0.755
-0.924,0.160,-0.810
-0.997,0.189,-0.850
-1.114,0.239,-0.854
-1.245,0.266,-0.800
-1.332,0.256,-0.713
-1.326,0.222,-0.667
-1.226,0.177,-0.719
-1.086,0.122,-0.835
-0.974,0.059,-0.923
-0.918,0.009,-0.917
-0.897,-0.007,-0.837
-0.876,0.006,-0.761
-0.847,0.005,-0.743
-0.821,-0.049,-0.775
-0.813,-0.143,-0.807
-0.817,-0.223,-0.807
-0.832,-0.245,-0.789
-0.869,-0.213,-0.791
-0.951,-0.162,-0.819
-1.081,-0.115,-0.841
-1.221,-0.065,-0.821
-1.318,0.007,-0.769
-1.345,0.093,-0.733
-1.330,0.171,-0.749
-1.330,0.223,-0.792
-1.376,0.261,-0.802
-1.442,0.305,-0.734
-1.484,0.356,-0.603
-1.486,0.394,-0.473
-1.469,0.393,-0.403
-1.454,0.353,-0.410
-1.432,0.305,-0.455
-1.388,0.285,-0.479
-1.326,0.307,-0.452
-1.274,0.356,-0.394
-1.255,0.412,-0.355
-1.271,0.460,-0.370
-1.307,0.496,-0.424
-1.347,0.521,-0.469
-1.372,0.537,-0.475
-1.362,0.547,-0.460
-1.308,0.546,-0.475
-1.221,0.527,-0.545
-1.131,0.483,-0.641
-1.067,0.420,-0.705
-1.045,0.359,-0.705
-1.058,0.317,-0.664
-1.093,0.288,-0.634
-1.139,0.253,-0.646
-1.186,0.201,-0.683
-1.220,0.144,-0.702
-1.233,0.108,-0.677
-1.225,0.103,-0.630
-1.216,0.114,-0.604
-1.235,0.122,-0.619
-1.303,0.124,-0.656
-1.416,0.139,-0.683
-1.536,0.184,-0.691
-1.617,0.253,-0.693
-1.627,0.317,-0.700
-1.567,0.348,-0.700
-1.460,0.335,-0.688
-1.329,0.298,-0.675
-1.188,0.260,-0.682
-1.056,0.229,-0.692
-0.955,0.193,-0.664
-0.903,0.136,-0.572
-0.897,0.060,-0.449
-0.913,-0.026,-0.367
-0.933,-0.121,-0.366
-0.957,-0.221,-0.421
-0.988,-0.300,-0.467
-1.015,-0.301,-0.462
-1.018,-0.183,-0.408
-1.001,0.039,-0.337
-0.996,0.306,-0.273
-1.039,0.563,-0.219
-1.132,0.790,-0.169
-1.240,0.987,-0.118
-1.323,1.146,-0.072
-1.367,1.237,-0.030
-1.382,1.231,0.009
-1.374,1.120,0.041
-1.335,0.912,0.048
-1.257,0.616,0.015
-1.155,0.248,-0.044
-1.067,-0.158,-0.096
-1.019,-0.546,-0.122
-1.009,-0.854,-0.137
-1.021,-1.051,-0.158
-1.060,-1.137,-0.171
-1.139,-1.137,-0.140
-1.251,-1.080,-0.056
-1.341,-0.988,0.036
-1.343,-0.882,0.077
-1.235,-0.772,0.042
-1.064,-0.646,-0.038
-0.911,-0.466,-0.118
-0.840,-0.195,-0.178
-0.875,0.157,-0.225
-1.012,0.529,-0.277
-1.229,0.842,-0.336
-1.467,1.060,-0.387
-1.645,1.199,-0.406
-1.692,1.289,-0.375
-1.600,1.341,-0.300
-1.433,1.341,-0.210
-1.284,1.280,-0.143
-1.219,1.167,-0.119
-1.249,1.015,-0.134
-1.349,0.829,-0.162
-1.482,0.613,-0.186
-1.619,0.383,-0.203
-1.733,0.162,-0.224
-1.807,-0.028,-0.245
-1.837,-0.183,-0.245
-1.820,-0.298,-0.207
-1.749,-0.360,-0.140
-1.620,-0.351,-0.082
-1.458,-0.261,-0.063
-1.308,-0.101,-0.076
-1.201,0.104,-0.100
-1.134,0.321,-0.122
-1.079,0.514,-0.147
-1.017,0.651,-0.173
-0.953,0.720,-0.173
-0.899,0.739,-0.108
-0.850,0.746,0.030
-0.787,0.766,0.201
-0.700,0.783,0.343
-0.608,0.751,0.415
-0.544,0.632,0.425
-0.524,0.434,0.405
-0.529,0.195,0.368
-0.509,-0.042,0.313
-0.436,-0.246,0.239
-0.332,-0.395,0.175
-0.252,-0.461,0.148
-0.230,-0.434,0.171
-0.255,-0.324,0.226
-0.281,-0.175,0.295
-0.272,-0.030,0.372
-0.219,0.102,0.462
-0.139,0.262,0.557
-0.072,0.496,0.635
-0.066,0.807,0.669
-0.156,1.134,0.662
-0.335,1.405,0.642
-0.551,1.589,0.639
-0.748,1.707,0.650
-0.896,1.787,0.645
-1.003,1.825,0.594
-1.095,1.793,0.498
-1.185,1.679,0.379
-1.265,1.508,0.263
-1.313,1.326,0.163
-1.309,1.161,0.090
-1.244,1.003,0.056
-1.122,0.826,0.067
-0.955,0.620,0.105
-0.765,0.401,0.139
-0.579,0.186,0.148
-0.435,-0.029,0.151
-0.358,-0.259,0.178
-0.344,-0.503,0.224
-0.347,-0.738,0.247
-0.322,-0.928,0.218
-0.262,-1.044,0.167
-0.208,-1.056,0.166
-0.200,-0.945,0.255
-0.231,-0.721,0.412
-0.247,-0.440,0.575
-0.201,-0.190,0.696
-0.088,-0.042,0.748
0.066,0.002,0.724
0.231,-0.011,0.637
0.382,-0.030,0.527
0.489,-0.041,0.452
0.524,-0.052,0.455
0.486,-0.073,0.540
0.397,-0.097,0.677
0.290,-0.130,0.802
0.184,-0.196,0.851
0.081,-0.320,0.784
-0.024,-0.499,0.622
-0.138,-0.695,0.434
-0.268,-0.856,0.285
-0.414,-0.944,0.195
-0.559,-0.942,0.152
-0.677,-0.856,0.146
-0.747,-0.702,0.173
-0.766,-0.500,0.223
-0.746,-0.272,0.274
-0.707,-0.054,0.314
-0.662,0.117,0.359
-0.607,0.218,0.429
-0.528,0.253,0.523
-0.418,0.251,0.621
-0.294,0.226,0.706
-0.188,0.164,0.772
-0.122,0.058,0.814
-0.091,-0.069,0.821
-0.067,-0.173,0.781
-0.024,-0.227,0.708
0.034,-0.241,0.634
0.080,-0.243,0.597
0.076,-0.240,0.610
0.006,-0.225,0.652
-0.116,-0.186,0.679
-0.256,-0.130,0.667
-0.387,-0.070,0.646
-0.497,-0.012,0.675
-0.585,0.045,0.783
-0.643,0.099,0.922
-0.664,0.136,1.005
-0.653,0.135,0.992
-0.625,0.092,0.917
-0.592,0.029,0.850
-0.549,-0.016,0.821
-0.490,-0.031,0.819
-0.422,-0.046,0.816
-0.358,-0.108,0.789
-0.292,-0.242,0.722
-0.197,-0.430,0.608
-0.063,-0.642,0.462
0.079,-0.854,0.329
0.171,-1.042,0.254
0.173,-1.167,0.272
0.087,-1.189,0.401
-0.061,-1.103,0.634
-0.236,-0.951,0.915
-0.396,-0.802,1.143
-0.488,-0.714,1.237
-0.474,-0.719,1.192
-0.367,-0.822,1.072
-0.223,-0.989,0.932
-0.100,-1.153,0.785
-0.026,-1.250,0.634
0.005,-1.259,0.512
0.019,-1.212,0.465
0.045,-1.155,0.503
0.098,-1.094,0.582
0.156,-1.012,0.646
0.171,-0.897,0.659
0.099,-0.764,0.614
-0.056,-0.639,0.526
-0.241,-0.553,0.430
-0.378,-0.536,0.365
-0.407,-0.611,0.350
-0.315,-0.776,0.373
-0.137,-0.979,0.394
0.053,-1.145,0.381
0.175,-1.218,0.335
0.189,-1.198,0.289
0.112,-1.117,0.282
0.010,-1.004,0.333
-0.039,-0.869,0.414
-0.006,-0.719,0.479
0.086,-0.571,0.497
0.183,-0.455,0.487
0.242,-0.397,0.490
0.262,-0.398,0.528
0.265,-0.430,0.588
0.263,-0.463,0.636
0.244,-0.482,0.656
0.190,-0.497,0.644
0.108,-0.529,0.606
0.030,-0.599,0.544
-0.009,-0.718,0.473
-0.004,-0.881,0.429
0.032,-1.061,0.459
0.087,-1.204,0.583
0.164,-1.262,0.768
0.258,-1.227,0.937
0.341,-1.149,1.017
0.369,-1.092,0.983
0.324,-1.087,0.880
0.233,-1.117,0.798
0.146,-1.136,0.806
0.087,-1.111,0.908
0.052,-1.042,1.036
0.020,-0.951,1.115
-0.017,-0.877,1.117
-0.047,-0.849,1.068
-0.048,-0.870,0.985
-0.001,-0.914,0.862
0.093,-0.943,0.696
0.207,-0.937,0.528
0.302,-0.899,0.410
0.361,-0.844,0.364
0.391,-0.780,0.351
0.397,-0.726,0.321
0.360,-0.709,0.251
0.243,-0.748,0.151
0.039,-0.828,0.046
-0.204,-0.912,-0.045
-0.407,-0.975,-0.104
-0.503,-1.023,-0.117
-0.467,-1.068,-0.069
-0.320,-1.098,0.048
-0.112,-1.087,0.223
0.107,-1.025,0.411
0.309,-0.935,0.548
0.493,-0.860,0.598
0.669,-0.830,0.583
0.848,-0.840,0.565
1.018,-0.866,0.593
1.147,-0.874,0.656
1.183,-0.844,0.698
1.082,-0.783,0.662
0.844,-0.722,0.544
0.529,-0.695,0.384
0.221,-0.712,0.235
-0.021,-0.747,0.128
-0.184,-0.762,0.065
-0.291,-0.724,0.035
-0.375,-0.623,0.023
-0.459,-0.479,0.015
-0.551,-0.339,0.002
-0.628,-0.257,-0.009
-0.644,-0.263,0.003
-0.555,-0.332,0.048
-0.372,-0.404,0.114
-0.164,-0.425,0.181
-0.012,-0.383,0.238
0.052,-0.313,0.296
0.067,-0.266,0.365
0.099,-0.264,0.446
0.179,-0.300,0.518
0.281,-0.339,0.562
0.356,-0.355,0.562
0.383,-0.343,0.522
0.385,-0.322,0.460
0.416,-0.318,0.395
0.514,-0.344,0.342
0.678,-0.387,0.300
0.863,-0.415,0.251
1.000,-0.391,0.181
1.039,-0.301,0.092
0.977,-0.163,0.018
0.864,-0.020,-0.005
0.775,0.090,0.031
0.754,0.153,0.102
0.776,0.178,0.172
0.772,0.176,0.219
0.691,0.154,0.239
0.542,0.116,0.228
0.391,0.065,0.191
0.297,0.003,0.143
0.281,-0.073,0.101
0.320,-0.160,0.084
0.374,-0.254,0.094
0.406,-0.354,0.116
0.401,-0.466,0.116
0.358,-0.592,0.069
0.285,-0.719,-0.021
0.193,-0.820,-0.117
0.088,-0.875,-0.179
-0.010,-0.887,-0.197
-0.078,-0.883,-0.192
-0.102,-0.894,-0.188
-0.093,-0.936,-0.196
-0.074,-0.991,-0.212
-0.065,-1.010,-0.226
-0.071,-0.946,-0.225
-0.091,-0.782,-0.196
-0.121,-0.541,-0.134
-0.144,-0.270,-0.050
-0.121,-0.017,0.039
-0.023,0.175,0.120
0.148,0.276,0.184
0.356,0.285,0.210
0.555,0.229,0.184
0.709,0.154,0.104
0.795,0.097,-0.002
0.808,0.072,-0.099
0.760,0.074,-0.171
0.682,0.084,-0.222
0.605,0.078,-0.265
0.547,0.040,-0.305
0.507,-0.023,-0.345
0.487,-0.085,-0.391
0.500,-0.114,-0.450
0.558,-0.094,-0.521
0.643,-0.017,-0.592
0.708,0.126,-0.642
0.708,0.350,-0.645
0.628,0.649,-0.576
0.497,0.985,-0.437
0.369,1.293,-0.269
0.284,1.518,-0.151
0.253,1.633,-0.148
0.262,1.648,-0.261
0.299,1.593,-0.417
0.363,1.499,-0.520
0.465,1.385,-0.511
0.610,1.257,-0.401
0.783,1.105,-0.244
0.950,0.927,-0.100
1.076,0.735,-0.012
1.153,0.563,-0.011
1.194,0.446,-0.093
1.212,0.389,-0.207
1.189,0.371,-0.287
1.095,0.358,-0.298
0.924,0.329,-0.267
0.712,0.271,-0.246
0.515,0.180,-0.262
0.376,0.065,-0.304
0.321,-0.035,-0.350
0.346,-0.061,-0.386
0.419,0.021,-0.411
0.467,0.193,-0.420
0.418,0.392,-0.406
0.266,0.555,-0.365
0.081,0.647,-0.298
-0.037,0.664,-0.213
-0.039,0.615,-0.142
0.052,0.522,-0.122
0.173,0.412,-0.169
0.275,0.298,-0.260
0.345,0.170,-0.348
0.388,0.009,-0.399
0.413,-0.184,-0.417
0.430,-0.384,-0.427
0.460,-0.566,-0.444
0.522,-0.726,-0.459
0.617,-0.869,-0.457
0.720,-0.994,-0.442
0.797,-1.084,-0.432
0.829,-1.134,-0.446
0.824,-1.141,-0.481
0.815,-1.107,-0.519
0.838,-1.022,-0.544
0.914,-0.873,-0.549
1.037,-0.655,-0.532
1.169,-0.375,-0.492
1.264,-0.042,-0.423
1.292,0.340,-0.328
1.265,0.758,-0.215
1.219,1.183,-0.101
1.195,1.577,0.006
1.206,1.901,0.097
1.238,2.131,0.164
1.256,2.262,0.191
1.229,2.306,0.168
1.139,2.278,0.104
0.990,2.193,0.029
0.807,2.069,-0.018
0.624,1.923,-0.019
0.462,1.768,0.006
0.325,1.602,0.005
0.208,1.408,-0.066
0.108,1.177,-0.200
0.026,0.924,-0.344
-0.037,0.684,-0.444
-0.091,0.501,-0.489
-0.146,0.406,-0.509
-0.205,0.402,-0.536
-0.264,0.466,-0.577
-0.302,0.566,-0.615
-0.288,0.671,-0.637
-0.203,0.754,-0.641
-0.062,0.793,-0.633
0.097,0.775,-0.619
0.240,0.709,-0.606
0.354,0.623,-0.589
0.445,0.552,-0.554
0.512,0.514,-0.475
0.548,0.503,-0.333
0.559,0.499,-0.139
0.571,0.473,0.052
0.615,0.401,0.165
0.691,0.280,0.159
0.763,0.132,0.059
0.789,-0.009,-0.061
0.758,-0.124,-0.127
0.700,-0.227,-0.112
0.656,-0.349,-0.037
0.644,-0.496,0.052
0.656,-0.642,0.108
0.676,-0.739,0.104
0.689,-0.760,0.046
0.677,-0.713,-0.034
0.616,-0.613,-0.108
0.498,-0.470,-0.166
0.340,-0.281,-0.216
0.184,-0.063,-0.249
0.074,0.145,-0.247
0.039,0.291,-0.202
0.085,0.346,-0.141
0.201,0.313,-0.096
0.353,0.227,-0.082
0.501,0.135,-0.087
0.622,0.091,-0.099
0.709,0.126,-0.119
0.772,0.227,-0.152
0.810,0.343,-0.180
0.814,0.425,-0.172
0.773,0.465,-0.116
0.688,0.494,-0.046
0.572,0.542,-0.012
0.450,0.598,-0.044
0.351,0.630,-0.128
0.301,0.621,-0.229
0.321,0.585,-0.313
0.410,0.545,-0.351
0.542,0.521,-0.322
0.680,0.520,-0.225
0.797,0.541,-0.083
0.890,0.581,0.065
0.964,0.629,0.198
1.017,0.672,0.309
1.037,0.706,0.403
1.026,0.734,0.471
1.000,0.749,0.489
0.988,0.735,0.437
1.000,0.672,0.305
1.026,0.562,0.117
1.041,0.432,-0.075
1.016,0.324,-0.207
0.932,0.274,-0.242
0.794,0.291,-0.198
0.641,0.351,-0.124
0.524,0.406,-0.065
0.485,0.410,-0.031
0.524,0.350,-0.021
0.606,0.250,-0.030
0.677,0.147,-0.057
0.687,0.061,-0.082
0.613,-0.016,-0.094
0.469,-0.091,-0.098
0.300,-0.151,-0.118
0.158,-0.170,-0.162
0.074,-0.118,-0.210
0.053,0.021,-0.235
0.087,0.247,-0.219
0.160,0.537,-0.160
0.252,0.846,-0.067
0.340,1.111,0.038
0.412,1.278,0.126
0.476,1.334,0.186
0.552,1.302,0.232
0.648,1.225,0.285
0.760,1.146,0.337
0.867,1.085,0.354
0.944,1.039,0.308
0.971,0.984,0.212
0.945,0.899,0.112
0.883,0.785,0.049
0.814,0.668,0.034
0.768,0.569,0.052
0.755,0.485,0.082
0.763,0.396,0.114
0.768,0.297,0.132
0.754,0.208,0.115
0.728,0.155,0.057
0.703,0.142,-0.014
0.683,0.156,-0.042
0.657,0.193,0.009
0.614,0.259,0.113
0.562,0.361,0.204
0.517,0.485,0.239
0.488,0.607,0.237
0.468,0.712,0.258
0.442,0.809,0.339
0.401,0.906,0.443
0.343,0.989,0.489
0.269,1.023,0.414
0.194,0.984,0.242
0.145,0.886,0.069
0.153,0.774,-0.012
0.226,0.684,0.015
0.334,0.608,0.088
0.436,0.510,0.131
0.496,0.359,0.114
0.507,0.165,0.061
0.479,-0.030,0.006
0.426,-0.191,-0.044
0.354,-0.309,-0.107
0.269,-0.402,-0.194
0.182,-0.483,-0.284
0.115,-0.542,-0.337
0.092,-0.554,-0.335
0.114,-0.508,-0.307
0.157,-0.422,-0.306
0.188,-0.329,-0.358
0.179,-0.240,-0.421
0.127,-0.138,-0.421
0.052,0.005,-0.309
-0.015,0.192,-0.114
-0.056,0.391,0.078
-0.071,0.556,0.190
-0.080,0.659,0.210
-0.096,0.697,0.184
-0.124,0.686,0.177
-0.157,0.650,0.216
-0.183,0.604,0.282
-0.188,0.551,0.333
-0.157,0.488,0.341
-0.087,0.423,0.301
0.005,0.378,0.233
0.083,0.373,0.184
0.119,0.406,0.199
0.110,0.448,0.292
0.089,0.462,0.415
0.098,0.425,0.496
0.145,0.341,0.489
0.206,0.233,0.401
0.247,0.141,0.267
0.261,0.115,0.115
0.261,0.189,-0.031
0.256,0.357,-0.134
0.232,0.571,-0.152
0.173,0.773,-0.074
0.085,0.918,0.059
-0.003,0.981,0.182
-0.065,0.957,0.256
-0.091,0.864,0.289
-0.085,0.753,0.309
-0.060,0.681,0.332
-0.036,0.673,0.354
-0.047,0.691,0.367
-0.123,0.666,0.370
-0.256,0.550,0.363
-0.390,0.363,0.328
-0.464,0.172,0.248
-0.464,0.041,0.137
-0.431,-0.010,0.036
-0.420,0.001,-0.017
-0.444,0.043,-0.022
-0.478,0.085,-0.012
-0.490,0.102,-0.022
-0.482,0.082,-0.058
-0.465,0.038,-0.096
-0.441,-0.001,-0.106
-0.406,-0.011,-0.074
-0.368,0.005,-0.021
-0.346,0.028,0.018
-0.343,0.050,0.019
-0.337,0.075,-0.008
-0.294,0.118,-0.030
-0.199,0.180,-0.019
-0.073,0.251,0.031
0.040,0.315,0.101
0.096,0.361,0.164
0.080,0.384,0.204
0.006,0.395,0.219
-0.089,0.408,0.219
-0.161,0.427,0.218
-0.180,0.431,0.220
-0.133,0.405,0.209
-0.037,0.350,0.162
0.065,0.291,0.063
0.122,0.259,-0.059
0.108,0.266,-0.145
0.038,0.300,-0.137
-0.045,0.335,-0.028
-0.092,0.344,0.121
-0.082,0.315,0.227
-0.032,0.263,0.249
0.022,0.216,0.209
0.049,0.196,0.156
0.045,0.193,0.119
0.016,0.178,0.103
-0.035,0.132,0.103
-0.108,0.063,0.119
-0.188,0.004,0.145
-0.239,-0.018,0.150
-0.229,-0.007,0.108
-0.171,0.011,0.022
-0.116,0.011,-0.067
-0.115,-0.008,-0.105
-0.182,-0.023,-0.066
-0.304,-0.010,0.025
-0.463,0.043,0.111
-0.645,0.124,0.148
-0.827,0.215,0.133
-0.975,0.310,0.090
-1.058,0.418,0.046
-1.085,0.553,0.027
-1.092,0.712,0.053
-1.111,0.872,0.135
-1.125,0.994,0.249
-1.086,1.044,0.344
-0.954,1.005,0.368
-0.743,0.885,0.306
-0.508,0.717,0.186
-0.306,0.546,0.052
-0.167,0.405,-0.065
-0.089,0.297,-0.147
-0.057,0.198,-0.178
-0.055,0.090,-0.146
-0.069,-0.005,-0.053
-0.074,-0.046,0.072
-0.046,-0.012,0.191
0.019,0.060,0.277
0.103,0.098,0.318
0.189,0.050,0.304
0.284,-0.082,0.237
0.394,-0.255,0.152
0.492,-0.416,0.105
0.520,-0.518,0.134
0.442,-0.524,0.220
0.285,-0.427,0.305
0.112,-0.256,0.350
-0.027,-0.067,0.350
-0.127,0.101,0.314
-0.212,0.252,0.246
-0.310,0.405,0.153
-0.444,0.555,0.061
-0.617,0.669,-0.009
-0.799,0.722,-0.055
-0.938,0.723,-0.080
-1.005,0.703,-0.083
-1.020,0.688,-0.060
-1.039,0.689,-0.031
-1.099,0.717,-0.033
-1.199,0.780,-0.082
-1.309,0.877,-0.162
-1.384,0.987,-0.238
-1.393,1.082,-0.283
-1.325,1.143,-0.291
-1.196,1.165,-0.274
-1.037,1.145,-0.252
-0.878,1.091,-0.227
-0.733,1.022,-0.177
-0.608,0.960,-0.084
-0.503,0.909,0.039
-0.417,0.860,0.149
-0.358,0.795,0.208
-0.342,0.718,0.215
-0.382,0.648,0.198
-0.457,0.612,0.178
-0.516,0.630,0.152
-0.518,0.699,0.111
-0.468,0.789,0.057
-0.402,0.863,0.012
-0.354,0.902,0.001
-0.328,0.912,0.028
-0.317,0.904,0.071
-0.327,0.881,0.100
-0.369,0.845,0.093
-0.445,0.819,0.053
-0.538,0.833,0.009
-0.624,0.894,-0.011
-0.687,0.969,0.005
-0.714,1.012,0.040
-0.702,0.993,0.068
-0.664,0.912,0.076
-0.620,0.790,0.067
-0.590,0.656,0.043
-0.578,0.549,-0.003
-0.583,0.496,-0.072
-0.610,0.512,-0.144
-0.666,0.588,-0.194
-0.745,0.701,-0.210
-0.823,0.821,-0.199
-0.874,0.912,-0.176
-0.882,0.950,-0.139
-0.849,0.926,-0.086
-0.788,0.860,-0.018
-0.722,0.780,0.056
-0.681,0.711,0.126
-0.692,0.658,0.184
-0.759,0.617,0.222
-0.862,0.572,0.229
-0.965,0.507,0.200
-1.040,0.414,0.148
-1.076,0.308,0.089
-1.080,0.220,0.035
-1.059,0.172,-0.012
-1.017,0.157,-0.053
-0.951,0.148,-0.088
-0.856,0.118,-0.112
-0.732,0.062,-0.116
-0.585,-0.005,-0.093
-0.429,-0.056,-0.048
-0.289,-0.069,-0.003
-0.188,-0.035,0.013
-0.138,0.035,-0.005
-0.135,0.110,-0.036
-0.166,0.163,-0.054
-0.218,0.186,-0.059
-0.289,0.195,-0.069
-0.380,0.214,-0.092
-0.496,0.254,-0.110
-0.636,0.314,-0.113
-0.788,0.395,-0.112
-0.936,0.499,-0.127
-1.069,0.615,-0.153
-1.174,0.720,-0.156
-1.234,0.793,-0.118
-1.228,0.836,-0.059
-1.157,0.862,-0.024
-1.066,0.870,-0.033
-1.017,0.845,-0.080
-1.044,0.774,-0.146
-1.125,0.666,-0.222
-1.210,0.539,-0.305
-1.268,0.408,-0.393
-1.301,0.286,-0.475
-1.320,0.191,-0.531
-1.330,0.145,-0.534
-1.327,0.149,-0.471
-1.317,0.180,-0.363
-1.311,0.210,-0.254
-1.314,0.222,-0.184
-1.327,0.211,-0.160
-1.343,0.184,-0.175
-1.350,0.151,-0.225
-1.326,0.126,-0.308
-1.255,0.118,-0.404
-1.135,0.121,-0.474
-0.995,0.127,-0.483
-0.875,0.137,-0.435
-0.803,0.155,-0.362
-0.783,0.170,-0.304
-0.794,0.166,-0.276
-0.806,0.138,-0.266
-0.795,0.109,-0.241
-0.754,0.109,-0.190
-0.700,0.150,-0.133
-0.671,0.218,-0.094
-0.703,0.292,-0.076
-0.807,0.367,-0.048
-0.944,0.447,0.019
-1.048,0.531,0.112
-1.076,0.608,0.190
-1.044,0.653,0.212
-1.002,0.649,0.169
-0.992,0.600,0.078
-1.018,0.524,-0.029
-1.067,0.444,-0.124
-1.128,0.373,-0.182
-1.196,0.310,-0.190
-1.261,0.248,-0.146
-1.304,0.176,-0.064
-1.310,0.078,0.025
-1.275,-0.055,0.077
-1.209,-0.220,0.057
-1.131,-0.392,-0.035
-1.061,-0.535,-0.167
-1.003,-0.626,-0.289
-0.945,-0.663,-0.365
-0.871,-0.663,-0.393
-0.784,-0.645,-0.396
-0.710,-0.621,-0.395
-0.672,-0.586,-0.385
-0.679,-0.533,-0.346
-0.717,-0.455,-0.268
-0.746,-0.356,-0.179
-0.727,-0.247,-0.136
-0.639,-0.130,-0.175
-0.505,-0.008,-0.267
-0.360,0.117,-0.335
-0.227,0.231,-0.310
-0.103,0.313,-0.193
0.022,0.339,-0.045
0.137,0.295,0.059
0.218,0.192,0.088
0.250,0.072,0.067
0.239,-0.009,0.041
0.204,-0.018,0.031
0.159,0.043,0.024
0.098,0.141,-0.007
0.007,0.247,-0.059
-0.120,0.343,-0.093
-0.259,0.423,-0.069
-0.362,0.475,-0.004
-0.389,0.479,0.042
-0.336,0.419,0.018
-0.246,0.297,-0.065
-0.173,0.141,-0.154
-0.144,-0.007,-0.203
-0.153,-0.118,-0.212
-0.183,-0.193,-0.214
-0.225,-0.259,-0.234
-0.274,-0.334,-0.262
-0.321,-0.403,-0.270
-0.346,-0.428,-0.240
-0.342,-0.395,-0.184
-0.321,-0.320,-0.126
-0.303,-0.244,-0.084
-0.307,-0.190,-0.053
-0.336,-0.166,-0.021
-0.376,-0.176,0.008
-0.402,-0.233,0.014
-0.391,-0.348,-0.016
-0.342,-0.507,-0.065
-0.274,-0.669,-0.096
-0.210,-0.802,-0.072
-0.154,-0.892,0.004
-0.101,-0.957,0.093
-0.043,-1.023,0.147
0.016,-1.096,0.145
0.066,-1.154,0.102
0.101,-1.170,0.045
0.123,-1.130,-0.004
0.137,-1.054,-0.039
0.145,-0.971,-0.052
0.143,-0.892,-0.027
0.119,-0.809,0.039
0.073,-0.715,0.131
0.011,-0.621,0.222
-0.046,-0.550,0.289
-0.074,-0.520,0.313
-0.061,-0.521,0.289
-0.014,-0.532,0.228
0.037,-0.531,0.146
0.070,-0.513,0.063
0.083,-0.488,0.001
0.095,-0.474,-0.012
0.122,-0.489,0.044
0.165,-0.536,0.149
0.207,-0.608,0.240
0.235,-0.691,0.257
0.241,-0.774,0.186
0.229,-0.854,0.069
0.211,-0.922,-0.040
0.213,-0.961,-0.117
0.250,-0.959,-0.152
0.314,-0.923,-0.131
0.377,-0.872,-0.041
0.415,-0.821,0.095
0.423,-0.762,0.227
0.403,-0.685,0.307
0.343,-0.587,0.325
0.227,-0.481,0.304
0.067,-0.371,0.259
-0.086,-0.253,0.185
-0.180,-0.127,0.080
-0.197,-0.006,-0.033
-0.155,0.091,-0.112
-0.081,0.164,-0.121
0.005,0.221,-0.055
0.082,0.266,0.061
0.117,0.283,0.188
0.088,0.264,0.292
0.008,0.206,0.344
-0.063,0.113,0.332
-0.067,-0.018,0.263
0.009,-0.190,0.164
0.117,-0.396,0.064
0.201,-0.604,-0.009
0.236,-0.779,-0.036
0.235,-0.903,-0.013
0.223,-0.975,0.040
0.205,-1.008,0.080
0.178,-1.012,0.061
0.146,-1.002,-0.030
0.132,-0.985,-0.151
0.159,-0.970,-0.240
0.227,-0.955,-0.255
0.324,-0.936,-0.199
0.436,-0.914,-0.105
0.559,-0.901,-0.010
0.687,-0.917,0.067
0.804,-0.971,0.120
0.888,-1.053,0.143
0.914,-1.142,0.137
0.874,-1.218,0.102
0.769,-1.271,0.035
0.617,-1.285,-0.061
0.448,-1.240,-0.162
0.284,-1.125,-0.220
0.143,-0.942,-0.187
0.034,-0.714,-0.068
-0.035,-0.474,0.074
-0.065,-0.258,0.163
-0.071,-0.093,0.170
-0.073,0.010,0.125
-0.078,0.065,0.078
-0.074,0.088,0.057
-0.049,0.085,0.055
-0.007,0.049,0.050
0.032,-0.018,0.027
0.055,-0.091,-0.016
0.059,-0.141,-0.063
0.046,-0.160,-0.094
0.013,-0.164,-0.091
-0.045,-0.171,-0.057
-0.118,-0.181,-0.013
-0.180,-0.173,0.014
-0.203,-0.125,0.016
-0.180,-0.039,0.011
-0.118,0.070,0.025
-0.034,0.178,0.070
0.056,0.260,0.122
0.134,0.299,0.139
0.188,0.287,0.104
0.223,0.230,0.043
0.259,0.141,0.015
0.317,0.032,0.051
0.402,-0.087,0.125
0.492,-0.203,0.178
0.552,-0.303,0.182
0.559,-0.372,0.163
0.525,-0.402,0.176
0.496,-0.394,0.237
0.503,-0.355,0.308
0.537,-0.305,0.329
0.556,-0.259,0.283
0.526,-0.214,0.214
0.461,-0.146,0.188
0.412,-0.041,0.238
0.421,0.082,0.330
0.481,0.168,0.391
0.549,0.176,0.365
0.578,0.111,0.251
0.559,0.012,0.103
0.510,-0.083,-0.018
0.462,-0.158,-0.080
0.425,-0.212,-0.106
0.391,-0.248,-0.136
0.344,-0.264,-0.190
0.265,-0.254,-0.251
0.149,-0.214,-0.286
0.009,-0.145,-0.285
-0.118,-0.064,-0.262
-0.195,-0.000,-0.238
-0.201,0.021,-0.207
-0.149,-0.001,-0.155
-0.061,-0.040,-0.083
0.053,-0.064,-0.009
0.189,-0.060,0.044
0.345,-0.039,0.067
0.501,-0.016,0.061
0.632,0.008,0.037
0.721,0.045,0.013
0.768,0.105,0.009
0.784,0.188,0.033
0.784,0.283,0.073
0.778,0.382,0.112
0.768,0.468,0.138
0.750,0.516,0.151
0.731,0.499,0.145
0.713,0.416,0.100
0.691,0.291,0.014
0.649,0.164,-0.100
0.579,0.076,-0.213
0.495,0.050,-0.300
0.426,0.093,-0.344
0.393,0.188,-0.336
0.399,0.306,-0.278
0.435,0.432,-0.188
0.485,0.568,-0.096
0.531,0.715,-0.025
0.561,0.862,0.016
0.574,0.988,0.029
0.579,1.072,0.027
0.585,1.104,0.025
0.586,1.078,0.027
0.577,0.990,0.028
0.563,0.856,0.022
0.552,0.710,0.010
0.540,0.584,-0.004
0.513,0.489,-0.026
0.463,0.415,-0.065
0.398,0.339,-0.117
0.343,0.248,-0.167
0.329,0.141,-0.209
0.380,0.024,-0.255
0.503,-0.091,-0.314
0.666,-0.203,-0.376
0.812,-0.309,-0.412
0.893,-0.393,-0.405
0.899,-0.436,-0.367
0.858,-0.423,-0.327
0.802,-0.358,-0.299
0.753,-0.259,-0.276
0.721,-0.139,-0.251
0.724,-0.012,-0.224
0.774,0.106,-0.198
0.868,0.188,-0.164
0.980,0.222,-0.106
1.080,0.212,-0.020
1.147,0.182,0.068
1.179,0.148,0.102
1.179,0.122,0.048
1.147,0.110,-0.067
1.085,0.126,-0.161
1.015,0.186,-0.158
0.975,0.285,-0.056
1.005,0.395,0.076
1.108,0.469,0.153
1.247,0.475,0.144
1.372,0.416,0.089
1.455,0.329,0.052
1.492,0.256,0.061
1.488,0.212,0.076
1.450,0.179,0.028
1.393,0.141,-0.104
1.338,0.104,-0.259
1.298,0.102,-0.346
1.276,0.166,-0.341
1.260,0.284,-0.306
1.240,0.415,-0.317
1.202,0.510,-0.373
1.146,0.551,-0.408
1.092,0.556,-0.382
1.076,0.552,-0.321
1.109,0.543,-0.282
1.156,0.510,-0.285
1.161,0.444,-0.305
1.099,0.372,-0.311
1.005,0.337,-0.299
0.931,0.343,-0.290
0.907,0.347,-0.306
0.926,0.298,-0.351
0.964,0.202,-0.408
1.000,0.115,-0.456
1.012,0.089,-0.473
0.981,0.127,-0.454
0.902,0.195,-0.403
0.794,0.266,-0.339
0.692,0.335,-0.287
0.631,0.412,-0.262
0.621,0.500,-0.251
0.649,0.595,-0.231
0.702,0.691,-0.193
0.785,0.774,-0.150
0.903,0.820,-0.123
1.042,0.800,-0.124
1.163,0.705,-0.151
1.227,0.559,-0.198
1.236,0.406,-0.258
1.216,0.285,-0.319
1.194,0.210,-0.378
1.171,0.184,-0.427
1.130,0.196,-0.446
1.053,0.229,-0.417
0.946,0.258,-0.344
0.825,0.257,-0.259
0.711,0.220,-0.201
0.612,0.154,-0.171
0.533,0.080,-0.148
0.484,0.019,-0.116
0.488,-0.021,-0.083
0.554,-0.049,-0.070
0.661,-0.086,-0.078
0.768,-0.139,-0.089
0.843,-0.187,-0.080
0.882,-0.196,-0.041
0.893,-0.154,0.014
0.884,-0.080,0.048
0.864,-0.007,0.026
0.844,0.046,-0.046
0.836,0.084,-0.126
0.843,0.111,-0.169
0.854,0.116,-0.168
0.856,0.077,-0.157
0.837,-0.013,-0.180
0.801,-0.137,-0.252
0.755,-0.253,-0.343
0.717,-0.320,-0.395
0.701,-0.323,-0.369
0.716,-0.283,-0.280
0.761,-0.240,-0.197
0.827,-0.226,-0.179
0.893,-0.237,-0.219
0.939,-0.246,-0.247
0.958,-0.219,-0.207
0.960,-0.143,-0.106
0.958,-0.026,-0.006
0.953,0.105,0.043
0.937,0.228,0.039
0.913,0.334,0.019
0.905,0.425,0.017
0.938,0.492,0.041
1.010,0.507,0.076
1.094,0.448,0.107
1.158,0.328,0.136
1.188,0.194,0.164
1.192,0.087,0.176
1.190,0.020,0.143
1.200,-0.031,0.058
1.224,-0.082,-0.053
1.242,-0.128,-0.142
1.227,-0.142,-0.179
1.159,-0.100,-0.164
1.036,-0.007,-0.117
0.884,0.105,-0.065
0.752,0.196,-0.024
0.687,0.249,0.001
0.701,0.271,0.001
0.759,0.277,-0.031
0.799,0.274,-0.100
0.780,0.263,-0.188
0.706,0.253,-0.275
0.614,0.259,-0.335
0.535,0.291,-0.349
0.468,0.346,-0.300
0.398,0.412,-0.188
0.325,0.474,-0.051
0.273,0.516,0.048
0.265,0.519,0.067
0.296,0.473,0.025
0.334,0.397,-0.018
0.353,0.328,-0.019
0.356,0.291,0.014
0.366,0.277,0.046
0.387,0.254,0.056
0.406,0.200,0.050
0.417,0.121,0.031
0.443,0.033,-0.006
0.507,-0.050,-0.068
0.598,-0.134,-0.129
0.663,-0.225,-0.147
0.655,-0.318,-0.104
0.582,-0.399,-0.023
0.496,-0.460,0.048
0.439,-0.510,0.071
0.418,-0.553,0.036
0.422,-0.576,-0.040
0.448,-0.548,-0.122
0.496,-0.446,-0.168
0.544,-0.287,-0.153
0.560,-0.117,-0.082
0.540,0.018,0.012
0.515,0.095,0.098
0.520,0.120,0.163
0.553,0.122,0.206
0.584,0.140,0.223
0.591,0.200,0.204
0.574,0.298,0.156
0.548,0.398,0.110
0.519,0.463,0.100
0.483,0.481,0.119
0.440,0.471,0.142
0.394,0.453,0.156
0.340,0.440,0.188
0.266,0.437,0.262
0.166,0.447,0.358
0.055,0.458,0.429
-0.044,0.433,0.440
-0.115,0.335,0.396
-0.147,0.164,0.324
-0.134,-0.033,0.242
-0.072,-0.196,0.159
0.021,-0.297,0.094
0.110,-0.345,0.068
0.160,-0.360,0.079
0.161,-0.354,0.094
0.122,-0.337,0.078
0.054,-0.320,0.032
-0.037,-0.313,0.001
-0.148,-0.301,0.022
-0.261,-0.249,0.084
-0.353,-0.137,0.145
-0.409,0.016,0.185
-0.436,0.166,0.207
-0.438,0.280,0.209
-0.411,0.344,0.174
-0.350,0.354,0.098
-0.258,0.301,0.017
-0.155,0.184,-0.024
-0.053,0.036,-0.019
0.050,-0.083,0.001
0.159,-0.133,0.005
0.263,-0.115,-0.001
0.338,-0.066,0.006
0.369,-0.018,0.037
0.362,0.013,0.079
0.334,0.011,0.112
0.300,-0.050,0.129
0.266,-0.182,0.130
0.236,-0.357,0.123
0.214,-0.526,0.112
0.198,-0.647,0.103
0.173,-0.714,0.099
0.112,-0.736,0.097
0.000,-0.714,0.089
-0.151,-0.643,0.065
-0.307,-0.527,0.029
-0.430,-0.384,-0.007
-0.509,-0.238,-0.026
-0.554,-0.110,-0.012
-0.583,-0.016,0.030
-0.603,0.031,0.075
-0.620,0.020,0.090
-0.646,-0.044,0.053
-0.692,-0.143,-0.030
-0.756,-0.244,-0.130
-0.823,-0.321,-0.224
-0.876,-0.357,-0.308
-0.918,-0.364,-0.387
-0.951,-0.366,-0.454
-0.966,-0.385,-0.481
-0.938,-0.430,-0.448
-0.851,-0.494,-0.369
-0.719,-0.571,-0.291
-0.590,-0.652,-0.255
-0.516,-0.721,-0.259
-0.517,-0.751,-0.259
-0.571,-0.721,-0.216
-0.628,-0.632,-0.136
-0.648,-0.503,-0.052
-0.623,-0.365,0.024
-0.575,-0.234,0.108
-0.532,-0.100,0.213
-0.503,0.050,0.319
-0.481,0.210,0.390
-0.464,0.340,0.410
-0.453,0.396,0.389
-0.448,0.371,0.342
-0.447,0.306,0.280
-0.460,0.248,0.214
-0.513,0.214,0.154
-0.623,0.199,0.108
-0.776,0.198,0.075
-0.928,0.220,0.058
-1.041,0.266,0.060
-1.102,0.313,0.076
-1.121,0.329,0.077
-1.108,0.297,0.036
-1.069,0.219,-0.040
-1.012,0.111,-0.105
-0.958,-0.003,-0.110
-0.926,-0.092,-0.053
-0.921,-0.136,0.019
-0.930,-0.150,0.049
-0.936,-0.178,0.026
-0.929,-0.251,-0.018
-0.914,-0.357,-0.044
-0.889,-0.457,-0.042
-0.852,-0.525,-0.030
-0.810,-0.560,-0.026
-0.779,-0.571,-0.024
-0.769,-0.552,-0.013
-0.768,-0.499,0.002
-0.751,-0.426,-0.001
-0.708,-0.368,-0.035
-0.665,-0.352,-0.082
-0.666,-0.375,-0.110
-0.729,-0.405,-0.104
-0.833,-0.413,-0.079
-0.936,-0.391,-0.071
-1.016,-0.354,-0.094
-1.076,-0.318,-0.131
-1.126,-0.282,-0.156
-1.160,-0.237,-0.166
-1.168,-0.185,-0.172
-1.158,-0.146,-0.189
-1.151,-0.139,-0.210
-1.163,-0.165,-0.210
-1.184,-0.196,-0.178
-1.196,-0.205,-0.126
-1.197,-0.186,-0.084
-1.211,-0.151,-0.073
-1.260,-0.117,-0.085
-1.339,-0.099,-0.098
-1.414,-0.099,-0.093
-1.451,-0.122,-0.076
-1.438,-0.173,-0.069
-1.382,-0.253,-0.094
-1.294,-0.344,-0.138
-1.188,-0.417,-0.164
-1.085,-0.444,-0.147
-1.005,-0.416,-0.099
-0.955,-0.352,-0.050
-0.922,-0.285,-0.013
-0.885,-0.235,0.023
-0.844,-0.207,0.063
-0.815,-0.188,0.082
-0.816,-0.173,0.057
-0.855,-0.164,-0.001
-0.930,-0.160,-0.042
-1.025,-0.139,-0.031
-1.116,-0.076,0.021
-1.168,0.033,0.071
-1.161,0.155,0.077
-1.108,0.245,0.031
-1.049,0.282,-0.042
-1.019,0.282,-0.115
-1.034,0.271,-0.167
-1.089,0.253,-0.194
-1.170,0.218,-0.203
-1.260,0.169,-0.196
-1.335,0.127,-0.177
-1.383,0.123,-0.153
-1.403,0.163,-0.144
-1.421,0.235,-0.161
-1.460,0.316,-0.188
-1.531,0.393,-0.187
-1.617,0.457,-0.141
-1.690,0.499,-0.073
-1.725,0.512,-0.029
-1.717,0.492,-0.032
-1.677,0.444,-0.066
-1.613,0.379,-0.102
-1.529,0.309,-0.128
-1.425,0.238,-0.145
-1.323,0.157,-0.151
-1.258,0.061,-0.141
-1.260,-0.036,-0.123
-1.321,-0.104,-0.116
-1.403,-0.114,-0.131
-1.474,-0.075,-0.149
-1.516,-0.017,-0.147
-1.525,0.030,-0.128
-1.490,0.055,-0.125
-1.411,0.058,-0.164
-1.317,0.042,-0.228
-1.249,0.018,-0.271
-1.221,0.011,-0.268
-1.209,0.052,-0.229
-1.179,0.146,-0.184
-1.126,0.272,-0.136
-1.077,0.401,-0.070
-1.057,0.526,0.021
-1.059,0.652,0.099
-1.061,0.771,0.111
-1.063,0.853,0.046
-1.089,0.870,-0.052
-1.159,0.831,-0.120
-1.255,0.769,-0.137
-1.334,0.710,-0.129
-1.372,0.649,-0.127
-1.382,0.567,-0.138
-1.384,0.464,-0.151
-1.372,0.363,-0.154
-1.329,0.289,-0.145
-1.257,0.229,-0.126
-1.190,0.152,-0.110
-1.156,0.044,-0.106
-1.145,-0.069,-0.118
-1.123,-0.144,-0.133
-1.075,-0.156,-0.131
-1.024,-0.106,-0.100
-1.007,-0.010,-0.051
-1.035,0.121,-0.007
-1.089,0.271,0.001
-1.133,0.416,-0.031
-1.151,0.534,-0.082
-1.161,0.617,-0.114
-1.185,0.667,-0.108
-1.227,0.693,-0.080
-1.272,0.694,-0.062
-1.312,0.662,-0.060
-1.354,0.594,-0.052
-1.396,0.505,-0.026
-1.414,0.425,-0.007
-1.387,0.367,-0.041
-1.337,0.324,-0.135
-1.312,0.274,-0.241
-1.344,0.225,-0.296
-1.416,0.208,-0.276
-1.482,0.255,-0.213
-1.522,0.351,-0.149
-1.548,0.447,-0.104
-1.569,0.509,-0.070
-1.575,0.544,-0.045
-1.534,0.573,-0.039
-1.430,0.600,-0.062
-1.274,0.600,-0.110
-1.093,0.564,-0.163
-0.911,0.516,-0.202
-0.745,0.491,-0.216
-0.601,0.504,-0.196
-0.487,0.539,-0.135
-0.409,0.576,-0.044
-0.356,0.608,0.038
-0.306,0.641,0.070
-0.246,0.669,0.040
-0.190,0.681,-0.028
-0.166,0.674,-0.092
-0.183,0.666,-0.125
-0.228,0.677,-0.121
-0.277,0.701,-0.094
-0.321,0.718,-0.063
-0.359,0.717,-0.042
-0.393,0.716,-0.027
-0.415,0.730,-0.012
-0.421,0.755,0.003
-0.415,0.768,0.009
-0.406,0.755,-0.007
-0.397,0.732,-0.038
-0.386,0.726,-0.051
-0.378,0.752,-0.009
-0.379,0.807,0.090
-0.394,0.874,0.204
-0.410,0.940,0.273
-0.411,0.993,0.280
-0.391,1.028,0.251
-0.355,1.047,0.217
-0.309,1.049,0.172
-0.252,1.027,0.102
-0.193,0.966,0.022
-0.158,0.862,-0.023
-0.164,0.749,-0.016
-0.208,0.678,0.005
-0.268,0.685,-0.012
-0.334,0.753,-0.080
-0.410,0.826,-0.158
-0.486,0.859,-0.195
-0.532,0.839,-0.171
-0.521,0.774,-0.111
-0.462,0.672,-0.057
-0.390,0.544,-0.034
-0.336,0.423,-0.037
-0.306,0.356,-0.034
-0.284,0.366,0.007
-0.262,0.431,0.094
-0.242,0.506,0.196
-0.227,0.557,0.260
-0.203,0.582,0.246
-0.156,0.589,0.174
-0.092,0.588,0.115
-0.034,0.589,0.139
-0.006,0.600,0.245
-0.005,0.619,0.365
-0.014,0.633,0.417
-0.022,0.625,0.376
-0.037,0.591,0.274
-0.060,0.544,0.158
-0.072,0.498,0.048
-0.048,0.449,-0.056
0.004,0.390,-0.151
0.051,0.328,-0.215
0.069,0.295,-0.222
0.069,0.333,-0.173
0.073,0.455,-0.096
0.083,0.626,-0.024
0.075,0.789,0.022
0.031,0.912,0.054
-0.033,1.002,0.090
-0.085,1.083,0.134
-0.103,1.162,0.169
-0.090,1.223,0.177
-0.059,1.252,0.164
-0.019,1.254,0.162
0.030,1.248,0.196
0.083,1.250,0.264
0.128,1.258,0.332
0.151,1.261,0.362
0.145,1.241,0.343
0.117,1.190,0.291
0.083,1.109,0.235
0.055,1.010,0.196
0.044,0.907,0.177
0.052,0.817,0.174
0.072,0.746,0.185
0.097,0.692,0.204
0.121,0.643,0.225
0.147,0.578,0.231
0.177,0.481,0.214
0.210,0.357,0.174
0.241,0.236,0.130
0.266,0.161,0.102
0.284,0.155,0.102
0.301,0.204,0.132
0.321,0.270,0.187
0.343,0.321,0.245
0.351,0.352,0.274
0.331,0.380,0.250
0.276,0.419,0.188
0.198,0.471,0.139
0.123,0.529,0.153
0.078,0.584,0.238
0.086,0.626,0.355
0.141,0.642,0.456
0.216,0.618,0.510
0.274,0.553,0.518
0.302,0.468,0.492
0.313,0.390,0.448
0.328,0.336,0.395
0.350,0.309,0.345
0.356,0.300,0.311
0.322,0.309,0.301
0.257,0.332,0.313
0.192,0.365,0.336
0.158,0.394,0.356
0.155,0.408,0.365
0.162,0.408,0.354
0.159,0.408,0.309
0.146,0.422,0.233
0.127,0.448,0.147
0.106,0.476,0.082
0.092,0.503,0.063
0.100,0.537,0.088
0.149,0.588,0.147
0.237,0.654,0.223
0.343,0.716,0.299
0.439,0.751,0.348
0.512,0.751,0.341
0.553,0.721,0.266
0.557,0.676,0.144
0.521,0.636,0.025
0.464,0.619,-0.033
0.417,0.634,0.005
0.407,0.666,0.130
0.441,0.680,0.287
0.509,0.644,0.403
0.597,0.542,0.432
0.691,0.390,0.374
0.769,0.229,0.264
0.803,0.102,0.142
0.771,0.038,0.039
0.674,0.046,-0.024
0.536,0.109,-0.027
0.399,0.209,0.038
0.308,0.329,0.153
0.296,0.461,0.278
0.360,0.594,0.371
0.470,0.706,0.416
0.585,0.773,0.422
0.679,0.785,0.406
0.746,0.747,0.381
0.789,0.672,0.353
0.809,0.578,0.335
0.812,0.489,0.346
0.807,0.436,0.393
0.794,0.434,0.457
0.760,0.469,0.507
0.687,0.501,0.509
0.570,0.490,0.458
0.430,0.415,0.372
0.300,0.287,0.287
0.209,0.135,0.233
0.168,-0.012,0.224
0.173,-0.123,0.245
0.212,-0.175,0.272
0.267,-0.149,0.287
0.320,-0.047,0.292
0.357,0.107,0.304
0.376,0.266,0.331
0.386,0.384,0.368
0.405,0.433,0.407
0.445,0.419,0.439
0.511,0.374,0.454
0.597,0.339,0.446
0.690,0.344,0.428
0.767,0.387,0.427
0.809,0.438,0.450
0.814,0.460,0.473
0.804,0.428,0.459
0.789,0.338,0.399
0.763,0.211,0.328
0.711,0.083,0.287
0.644,-0.012,0.300
0.591,-0.068,0.354
0.582,-0.106,0.425
0.626,-0.159,0.484
0.718,-0.249,0.509
0.844,-0.366,0.490
0.976,-0.485,0.428
1.061,-0.581,0.343
1.046,-0.634,0.267
0.916,-0.623,0.237
0.716,-0.530,0.275
0.532,-0.364,0.372
0.436,-0.156,0.483
0.447,0.042,0.557
0.533,0.192,0.557
0.643,0.278,0.491
0.740,0.300,0.396
0.803,0.271,0.312
0.829,0.213,0.261
0.822,0.152,0.242
0.798,0.112,0.246
0.774,0.101,0.271
0.754,0.111,0.314
0.728,0.125,0.363
0.684,0.138,0.390
0.624,0.156,0.376
0.565,0.188,0.331
0.519,0.233,0.289
0.483,0.289,0.277
0.441,0.352,0.299
0.382,0.406,0.335
0.311,0.426,0.364
0.261,0.389,0.367
0.280,0.302,0.337
0.405,0.202,0.282
0.624,0.126,0.221
0.877,0.089,0.178
1.085,0.083,0.164
1.193,0.097,0.171
1.192,0.121,0.190
1.114,0.141,0.218
1.008,0.142,0.258
0.912,0.115,0.303
0.848,0.068,0.333
0.819,0.015,0.329
0.814,-0.038,0.290
0.822,-0.095,0.237
0.840,-0.165,0.192
0.873,-0.246,0.162
0.923,-0.330,0.144
0.974,-0.399,0.131
0.992,-0.434,0.122
0.952,-0.413,0.125
0.864,-0.332,0.149
0.769,-0.213,0.199
0.711,-0.102,0.265
0.710,-0.044,0.315
0.760,-0.056,0.324
0.839,-0.124,0.293
0.914,-0.218,0.252
0.953,-0.305,0.235
0.936,-0.365,0.252
0.876,-0.386,0.283
0.815,-0.377,0.297
0.800,-0.359,0.283
0.839,-0.346,0.250
0.902,-0.330,0.215
0.946,-0.285,0.188
0.952,-0.198,0.167
0.927,-0.089,0.162
0.887,0.005,0.188
0.845,0.063,0.256
0.813,0.086,0.357
0.802,0.089,0.460
0.813,0.073,0.535
0.835,0.037,0.568
0.853,-0.006,0.553
0.859,-0.031,0.498
0.861,-0.022,0.425
0.861,0.008,0.368
0.854,0.023,0.352
0.834,0.005,0.368
0.805,-0.029,0.391
0.771,-0.043,0.402
0.734,-0.023,0.407
0.697,0.012,0.413
0.675,0.035,0.414
0.679,0.025,0.398
0.702,-0.020,0.359
0.719,-0.101,0.307
0.711,-0.220,0.261
0.686,-0.373,0.238
0.670,-0.542,0.245
0.678,-0.704,0.270
0.707,-0.830,0.281
0.741,-0.897,0.253
0.757,-0.888,0.188
0.735,-0.805,0.119
0.669,-0.669,0.081
0.578,-0.514,0.082
0.490,-0.376,0.104
0.436,-0.288,0.138
0.424,-0.265,0.192
0.449,-0.293,0.270
0.502,-0.337,0.342
0.575,-0.364,0.360
0.656,-0.363,0.303
0.727,-0.346,0.211
0.769,-0.319,0.157
0.781,-0.272,0.188
0.772,-0.197,0.283
0.755,-0.114,0.376
0.730,-0.059,0.418
0.702,-0.058,0.409
0.676,-0.104,0.384
0.668,-0.167,0.364
0.683,-0.224,0.337
0.701,-0.269,0.276
0.692,-0.313,0.183
0.643,-0.365,0.102
0.579,-0.418,0.084
0.548,-0.458,0.137
0.573,-0.479,0.222
0.628,-0.493,0.292
0.663,-0.516,0.328
0.653,-0.549,0.331
0.628,-0.578,0.303
0.636,-0.598,0.246
0.700,-0.619,0.182
0.789,-0.657,0.143
0.855,-0.705,0.145
0.868,-0.729,0.168
0.822,-0.705,0.188
0.730,-0.641,0.205
0.614,-0.576,0.242
0.510,-0.541,0.311
0.454,-0.537,0.382
0.449,-0.548,0.412
0.460,-0.568,0.378
0.435,-0.598,0.295
0.361,-0.627,0.212
0.274,-0.633,0.166
0.225,-0.597,0.169
0.235,-0.528,0.200
0.271,-0.455,0.240
0.290,-0.399,0.278
0.274,-0.353,0.314
0.239,-0.300,0.341
0.209,-0.240,0.347
0.194,-0.204,0.322
0.192,-0.219,0.268
0.201,-0.278,0.203
0.225,-0.339,0.149
0.261,-0.360,0.126
0.295,-0.339,0.143
0.315,-0.301,0.193
0.320,-0.278,0.254
0.321,-0.279,0.296
0.332,-0.296,0.288
0.363,-0.318,0.211
0.416,-0.337,0.084
0.472,-0.348,-0.037
0.511,-0.344,-0.088
0.516,-0.330,-0.052
0.490,-0.321,0.033
0.444,-0.334,0.118
0.386,-0.369,0.183
0.321,-0.411,0.237
0.268,-0.439,0.277
0.262,-0.456,0.274
0.315,-0.481,0.202
0.399,-0.540,0.074
0.469,-0.628,-0.059
0.497,-0.708,-0.140
0.493,-0.734,-0.134
0.470,-0.687,-0.047
0.424,-0.586,0.076
0.352,-0.471,0.175
0.275,-0.374,0.209
0.229,-0.313,0.180
0.229,-0.291,0.107
0.255,-0.300,-0.004
0.271,-0.328,-0.146
0.258,-0.360,-0.288
0.214,-0.388,-0.376
0.165,-0.405,-0.375
0.139,-0.401,-0.299
0.147,-0.367,-0.199
0.171,-0.315,-0.125
0.173,-0.276,-0.105
0.136,-0.269,-0.140
0.074,-0.291,-0.199
0.016,-0.320,-0.242
-0.020,-0.346,-0.242
-0.019,-0.376,-0.203
0.021,-0.418,-0.147
0.093,-0.467,-0.094
0.170,-0.503,-0.057
0.225,-0.510,-0.044
0.243,-0.481,-0.059
0.223,-0.422,-0.093
0.173,-0.354,-0.125
0.104,-0.298,-0.145
0.033,-0.266,-0.160
-0.014,-0.253,-0.175
-0.025,-0.243,-0.187
0.002,-0.219,-0.183
0.059,-0.170,-0.166
0.132,-0.095,-0.149
0.203,-0.017,-0.144
0.252,0.026,-0.153
0.264,0.003,-0.175
0.231,-0.085,-0.218
0.160,-0.206,-0.283
0.070,-0.320,-0.354
-0.011,-0.404,-0.401
-0.052,-0.448,-0.399
-0.038,-0.452,-0.359
0.017,-0.428,-0.310
0.072,-0.406,-0.283
0.079,-0.419,-0.296
0.018,-0.477,-0.346
-0.086,-0.548,-0.414
-0.182,-0.584,-0.471
-0.230,-0.548,-0.490
-0.231,-0.440,-0.466
-0.223,-0.285,-0.418
-0.241,-0.117,-0.373
-0.290,0.030,-0.345
-0.344,0.126,-0.332
-0.371,0.156,-0.324
-0.351,0.131,-0.315
-0.293,0.085,-0.309
-0.222,0.055,-0.315
-0.162,0.064,-0.338
-0.119,0.107,-0.368
-0.080,0.157,-0.387
-0.028,0.179,-0.385
0.039,0.141,-0.372
0.109,0.033,-0.369
0.162,-0.131,-0.384
0.182,-0.319,-0.399
0.167,-0.496,-0.397
0.140,-0.635,-0.388
0.129,-0.724,-0.405
0.149,-0.766,-0.469
0.188,-0.776,-0.565
0.223,-0.761,-0.651
0.242,-0.711,-0.690
0.247,-0.615,-0.674
0.240,-0.481,-0.618
0.215,-0.345,-0.547
0.166,-0.243,-0.487
0.108,-0.183,-0.462
0.062,-0.144,-0.485
0.045,-0.106,-0.548
0.061,-0.071,-0.625
0.102,-0.048,-0.688
0.153,-0.044,-0.717
0.192,-0.059,-0.708
0.200,-0.096,-0.670
0.172,-0.160,-0.623
0.119,-0.241,-0.577
0.053,-0.319,-0.534
-0.014,-0.370,-0.500
-0.076,-0.389,-0.494
-0.123,-0.389,-0.537
-0.143,-0.391,-0.630
-0.140,-0.406,-0.743
-0.117,-0.428,-0.824
-0.078,-0.432,-0.837
-0.027,-0.393,-0.778
0.010,-0.310,-0.673
0.003,-0.201,-0.565
-0.058,-0.092,-0.492
-0.142,0.000,-0.467
-0.200,0.069,-0.479
-0.206,0.110,-0.509
-0.178,0.121,-0.542
-0.158,0.110,-0.573
-0.178,0.089,-0.597
-0.246,0.071,-0.612
-0.348,0.061,-0.621
-0.455,0.064,-0.624
-0.540,0.088,-0.629
-0.583,0.132,-0.649
-0.583,0.175,-0.695
-0.563,0.186,-0.758
-0.550,0.153,-0.805
-0.557,0.085,-0.803
-0.567,0.007,-0.750
-0.552,-0.067,-0.680
-0.502,-0.134,-0.640
-0.442,-0.192,-0.645
-0.398,-0.228,-0.674
-0.367,-0.227,-0.695
-0.313,-0.188,-0.689
-0.209,-0.134,-0.665
-0.077,-0.100,-0.642
0.032,-0.110,-0.630
0.081,-0.157,-0.626
0.081,-0.211,-0.616
0.071,-0.240,-0.587
0.076,-0.232,-0.528
0.091,-0.198,-0.442
0.098,-0.159,-0.356
0.098,-0.135,-0.313
0.108,-0.138,-0.343
0.144,-0.167,-0.434
0.200,-0.208,-0.537
0.256,-0.229,-0.601
0.289,-0.207,-0.608
0.284,-0.138,-0.577
0.233,-0.049,-0.532
0.136,0.025,-0.478
0.005,0.063,-0.406
-0.128,0.063,-0.327
-0.232,0.029,-0.289
-0.296,-0.036,-0.342
-0.332,-0.128,-0.485
-0.368,-0.221,-0.651
-0.414,-0.275,-0.755
-0.457,-0.252,-0.751
-0.477,-0.149,-0.661
-0.475,-0.006,-0.540
-0.473,0.123,-0.428
-0.487,0.201,-0.337
-0.500,0.218,-0.272
-0.474,0.184,-0.248
-0.397,0.117,-0.290
-0.295,0.036,-0.397
-0.206,-0.036,-0.529
-0.156,-0.074,-0.620
-0.146,-0.067,-0.629
-0.173,-0.032,-0.563
-0.242,-0.006,-0.466
-0.349,-0.021,-0.388
-0.468,-0.081,-0.364
-0.555,-0.160,-0.410
-0.583,-0.219,-0.516
-0.556,-0.231,-0.639
-0.504,-0.201,-0.719
-0.455,-0.156,-0.713
-0.419,-0.126,-0.619
-0.398,-0.125,-0.484
-0.399,-0.147,-0.369
-0.431,-0.184,-0.316
-0.489,-0.219,-0.325
-0.558,-0.238,-0.366
-0.619,-0.223,-0.407
-0.662,-0.173,-0.432
-0.685,-0.110,-0.438
-0.684,-0.067,-0.421
-0.654,-0.064,-0.378
-0.599,-0.094,-0.316
-0.531,-0.132,-0.263
-0.473,-0.149,-0.250
-0.448,-0.130,-0.284
-0.466,-0.073,-0.339
-0.514,0.015,-0.377
-0.564,0.115,-0.383
-0.592,0.201,-0.365
-0.593,0.248,-0.339
-0.576,0.251,-0.314
-0.553,0.239,-0.293
-0.525,0.254,-0.274
-0.498,0.315,-0.252
-0.486,0.395,-0.223
-0.499,0.435,-0.186
-0.526,0.395,-0.150
-0.542,0.276,-0.132
-0.533,0.114,-0.149
-0.509,-0.039,-0.210
-0.488,-0.144,-0.305
-0.490,-0.176,-0.398
-0.520,-0.139,-0.444
-0.564,-0.063,-0.420
-0.602,0.019,-0.339
-0.606,0.076,-0.237
-0.572,0.098,-0.147
-0.517,0.082,-0.087
-0.468,0.042,-0.057
-0.440,0.005,-0.051
-0.426,0.001,-0.052
-0.417,0.044,-0.047
-0.416,0.130,-0.037
-0.430,0.244,-0.038
-0.465,0.364,-0.061
-0.514,0.461,-0.104
-0.557,0.505,-0.150
-0.574,0.491,-0.181
-0.557,0.448,-0.183
-0.519,0.424,-0.160
-0.486,0.448,-0.134
-0.487,0.505,-0.128
-0.530,0.551,-0.158
-0.603,0.547,-0.218
-0.675,0.483,-0.289
-0.721,0.383,-0.349
-0.744,0.283,-0.373
-0.761,0.212,-0.354
-0.782,0.175,-0.303
-0.796,0.159,-0.240
-0.780,0.151,-0.182
-0.725,0.146,-0.135
-0.645,0.147,-0.108
-0.562,0.160,-0.110
-0.495,0.189,-0.138
-0.458,0.236,-0.169
-0.458,0.293,-0.168
-0.490,0.345,-0.121
-0.536,0.375,-0.044
-0.577,0.376,0.025
-0.600,0.351,0.058
-0.603,0.315,0.049
-0.583,0.290,0.016
-0.542,0.294,-0.025
-0.494,0.326,-0.065
-0.469,0.359,-0.095
-0.486,0.358,-0.104
-0.539,0.315,-0.080
-0.597,0.255,-0.030
-0.626,0.220,0.019
-0.618,0.233,0.039
-0.592,0.287,0.017
-0.578,0.356,-0.035
-0.597,0.410,-0.090
-0.653,0.430,-0.117
-0.739,0.409,-0.102
-0.839,0.349,-0.053
-0.928,0.266,-0.001
-0.975,0.184,0.028
-0.965,0.125,0.026
-0.903,0.104,0.004
-0.819,0.122,-0.020
-0.744,0.170,-0.030
-0.698,0.233,-0.017
-0.677,0.291,0.011
-0.665,0.324,0.038
-0.645,0.333,0.056
-0.616,0.335,0.078
-0.594,0.353,0.121
-0.588,0.401,0.169
-0.600,0.473,0.177
-0.622,0.541,0.109
-0.643,0.575,-0.017
-0.650,0.560,-0.142
-0.630,0.503,-0.208
-0.582,0.432,-0.201
-0.527,0.374,-0.149
-0.511,0.339,-0.100
-0.563,0.316,-0.091
-0.668,0.289,-0.129
-0.778,0.252,-0.195
-0.854,0.210,-0.264
-0.891,0.176,-0.317
-0.920,0.159,-0.345
-0.964,0.164,-0.333
-1.021,0.188,-0.273
-1.063,0.219,-0.178
-1.063,0.240,-0.083
-1.013,0.236,-0.029
-0.924,0.201,-0.028
-0.823,0.150,-0.068
-0.736,0.111,-0.132
-0.681,0.115,-0.203
-0.661,0.171,-0.252
-0.659,0.260,-0.238
-0.649,0.359,-0.141
-0.608,0.457,0.009
-0.535,0.552,0.136
-0.457,0.645,0.179
-0.404,0.727,0.131
-0.389,0.788,0.040
-0.399,0.822,-0.030
-0.410,0.823,-0.045
-0.407,0.779,-0.011
-0.393,0.684,0.036
-0.378,0.555,0.058
-0.372,0.434,0.039
-0.371,0.361,-0.014
-0.365,0.349,-0.069
-0.351,0.371,-0.102
-0.334,0.387,-0.105
-0.330,0.374,-0.093
-0.346,0.331,-0.083
-0.380,0.277,-0.087
-0.426,0.229,-0.096
-0.468,0.193,-0.094
-0.492,0.166,-0.068
-0.487,0.131,-0.021
-0.453,0.073,0.028
-0.406,-0.011,0.050
-0.359,-0.110,0.039
-0.318,-0.199,0.009
-0.278,-0.261,-0.014
-0.234,-0.274,-0.017
-0.188,-0.221,-0.008
-0.155,-0.087,0.007
-0.158,0.114,0.033
-0.197,0.340,0.073
-0.253,0.529,0.110
-0.295,0.637,0.116
-0.311,0.649,0.067
-0.310,0.582,-0.030
-0.300,0.470,-0.152
-0.274,0.355,-0.268
-0.219,0.270,-0.347
-0.146,0.223,-0.364
-0.082,0.198,-0.311
-0.050,0.177,-0.205
-0.050,0.154,-0.088
-0.063,0.137,0.008
-0.072,0.134,0.071
-0.072,0.145,0.095
-0.055,0.169,0.074
-0.023,0.199,0.003
0.012,0.226,-0.096
0.026,0.231,-0.174
0.001,0.212,-0.182
-0.052,0.183,-0.108
-0.100,0.162,0.010
-0.106,0.153,0.105
-0.055,0.137,0.126
0.035,0.100,0.077
0.130,0.049,0.008
0.198,0.001,-0.032
0.224,-0.033,-0.041
0.203,-0.063,-0.047
0.132,-0.106,-0.070
0.024,-0.163,-0.094
-0.086,-0.206,-0.098
-0.151,-0.206,-0.093
-0.152,-0.154,-0.114
-0.119,-0.077,-0.177
-0.102,-0.012,-0.253
-0.125,0.024,-0.291
-0.164,0.041,-0.263
-0.178,0.048,-0.188
-0.150,0.046,-0.105
-0.100,0.033,-0.044
-0.060,0.024,-0.005
-0.050,0.051,0.021
-0.071,0.128,0.039
-0.119,0.227,0.046
-0.182,0.297,0.039
-0.239,0.303,0.018
-0.261,0.256,-0.016
-0.229,0.199,-0.057
-0.160,0.176,-0.091
-0.101,0.196,-0.099
-0.093,0.237,-0.074
-0.128,0.270,-0.026
-0.160,0.279,0.024
-0.139,0.261,0.053
-0.047,0.224,0.054
0.094,0.177,0.042
0.248,0.125,0.043
0.378,0.071,0.069
0.470,0.014,0.104
0.523,-0.041,0.116
0.548,-0.090,0.097
0.552,-0.126,0.064
0.543,-0.144,0.046
0.532,-0.140,0.040
0.524,-0.114,0.024
0.512,-0.076,-0.018
0.474,-0.033,-0.069
0.399,0.009,-0.091
0.303,0.052,-0.061
0.214,0.091,0.011
0.147,0.112,0.091
0.103,0.103,0.145
0.073,0.066,0.153
0.054,0.015,0.111
0.045,-0.040,0.026
0.039,-0.095,-0.081
0.030,-0.146,-0.179
0.009,-0.180,-0.239
-0.023,-0.177,-0.249
-0.064,-0.125,-0.209
-0.104,-0.024,-0.135
-0.123,0.110,-0.048
-0.106,0.258,0.033
-0.050,0.402,0.100
0.034,0.534,0.152
0.125,0.650,0.190
0.200,0.739,0.214
0.252,0.781,0.225
0.288,0.757,0.232
0.321,0.660,0.236
0.353,0.511,0.222
0.378,0.350,0.168
0.382,0.220,0.078
0.356,0.152,-0.010
0.304,0.163,-0.048
0.245,0.244,-0.018
0.198,0.361,0.053
0.171,0.460,0.122
0.160,0.497,0.164
0.162,0.459,0.182
0.178,0.372,0.200
0.215,0.275,0.228
0.263,0.189,0.256
0.298,0.108,0.260
0.299,0.030,0.229
0.263,-0.028,0.180
0.201,-0.039,0.145
0.125,0.017,0.146
0.036,0.128,0.177
-0.071,0.264,0.203
-0.194,0.394,0.199
-0.326,0.496,0.164
-0.453,0.563,0.119
-0.557,0.600,0.085
-0.624,0.619,0.065
-0.644,0.624,0.057
-0.616,0.606,0.065
-0.548,0.557,0.098
-0.448,0.474,0.160
-0.322,0.362,0.239
-0.173,0.229,0.308
-0.008,0.076,0.344
0.157,-0.080,0.337
0.305,-0.211,0.291
0.415,-0.285,0.222
0.481,-0.292,0.149
0.512,-0.251,0.086
0.523,-0.197,0.048
0.524,-0.152,0.046
0.510,-0.119,0.088
0.470,-0.085,0.161
0.412,-0.035,0.242
0.366,0.035,0.315
0.363,0.123,0.378
0.408,0.213,0.439
0.469,0.285,0.490
0.507,0.322,0.506
0.491,0.312,0.467
0.422,0.265,0.380
0.311,0.209,0.282
0.177,0.185,0.216
0.042,0.218,0.198
-0.073,0.295,0.216
-0.161,0.374,0.238
-0.219,0.412,0.240
-0.239,0.394,0.217
-0.207,0.340,0.183
-0.119,0.286,0.161
-0.012,0.258,0.160
0.055,0.259,0.171
0.039,0.280,0.173
-0.051,0.309,0.160
-0.163,0.339,0.144
-0.240,0.367,0.139
-0.252,0.393,0.147
-0.203,0.412,0.157
-0.122,0.417,0.143
-0.044,0.401,0.077
0.003,0.361,-0.041
0.014,0.314,-0.170
-0.001,0.284,-0.243
-0.024,0.289,-0.215
-0.038,0.330,-0.101
-0.036,0.397,0.043
-0.017,0.469,0.164
0.021,0.525,0.244
0.085,0.561,0.302
0.180,0.583,0.365
0.292,0.604,0.449
0.385,0.626,0.530
0.426,0.642,0.568
0.408,0.644,0.547
0.352,0.640,0.494
0.287,0.640,0.464
0.231,0.643,0.485
0.192,0.632,0.539
0.164,0.591,0.585
0.135,0.515,0.598
0.100,0.417,0.585
0.066,0.322,0.580
0.051,0.257,0.614
0.058,0.237,0.687
0.072,0.262,0.755
0.073,0.318,0.760
0.050,0.399,0.673
0.003,0.504,0.515
-0.056,0.635,0.333
-0.112,0.782,0.171
-0.153,0.923,0.067
-0.177,1.031,0.054
-0.184,1.088,0.149
-0.168,1.089,0.321
-0.110,1.044,0.489
0.010,0.970,0.565
0.187,0.874,0.516
0.380,0.763,0.390
0.536,0.661,0.285
0.608,0.606,0.280
0.584,0.632,0.367
0.489,0.735,0.464
0.372,0.872,0.490
0.286,0.988,0.448
0.259,1.051,0.415
0.290,1.068,0.451
0.362,1.063,0.512
0.462,1.044,0.477
0.583,0.999,0.277
0.712,0.915,-0.004
0.824,0.799,-0.172
0.890,0.679,-0.083
0.885,0.578,0.231
0.797,0.490,0.574
0.634,0.399,0.736
0.434,0.313,0.646
0.260,0.274,0.399
0.177,0.317,0.157
0.203,0.432,0.030
0.287,0.551,0.030
0.344,0.611,0.109
0.326,0.604,0.222
0.263,0.583,0.328
0.240,0.608,0.389
0.329,0.698,0.376
0.515,0.813,0.317
0.695,0.890,0.291
0.742,0.901,0.360
0.597,0.872,0.502
0.303,0.844,0.616
-0.033,0.830,0.621
-0.310,0.798,0.530
-0.478,0.730,0.426
-0.529,0.655,0.371
-0.490,0.635,0.358
-0.419,0.703,0.342
-0.372,0.822,0.292
-0.352,0.919,0.203
-0.296,0.942,0.106
-0.139,0.890,0.058
0.103,0.801,0.118
0.335,0.727,0.288
0.486,0.719,0.483
0.580,0.806,0.602
0.692,0.960,0.626
0.841,1.103,0.634
0.956,1.154,0.696
0.950,1.095,0.784
0.799,0.974,0.802
0.547,0.858,0.709
0.256,0.802,0.583
-0.021,0.828,0.531
-0.237,0.936,0.547
-0.344,1.071,0.496
-0.335,1.137,0.266
-0.269,1.053,-0.073
-0.229,0.841,-0.302
-0.250,0.627,-0.258
-0.285,0.531,-0.005
-0.252,0.546,0.233
-0.123,0.550,0.288
0.054,0.447,0.194
0.216,0.283,0.124
0.349,0.206,0.193
0.493,0.297,0.352
0.675,0.479,0.449
0.858,0.589,0.392
0.968,0.537,0.233
0.970,0.382,0.110
0.903,0.251,0.110
0.831,0.225,0.199
0.774,0.294,0.280
0.705,0.408,0.297
0.621,0.528,0.276
0.587,0.655,0.269
0.671,0.800,0.283
0.847,0.949,0.286
0.990,1.067,0.266
0.987,1.110,0.266
0.852,1.075,0.343
0.708,1.005,0.485
0.669,0.940,0.622
0.744,0.878,0.684
0.861,0.789,0.655
0.950,0.675,0.555
0.983,0.588,0.410
0.948,0.573,0.261
0.825,0.608,0.175
0.621,0.628,0.203
0.412,0.604,0.316
0.317,0.567,0.406
0.391,0.563,0.392
0.557,0.593,0.303
0.665,0.631,0.244
0.620,0.676,0.277
0.463,0.738,0.370
0.313,0.800,0.453
0.252,0.807,0.487
0.266,0.742,0.466
0.298,0.667,0.384
0.320,0.671,0.245
0.337,0.770,0.091
0.341,0.889,-0.018
0.309,0.940,-0.053
0.240,0.910,-0.037
0.188,0.841,0.008
0.203,0.768,0.084
0.265,0.691,0.187
0.292,0.614,0.271
0.226,0.565,0.280
0.100,0.566,0.213
0.014,0.591,0.117
0.050,0.589,0.036
0.211,0.535,-0.021
0.429,0.453,-0.061
0.614,0.369,-0.090
0.710,0.292,-0.118
0.715,0.216,-0.147
0.668,0.157,-0.135
0.603,0.138,-0.008
0.542,0.173,0.239
0.505,0.258,0.479
0.511,0.384,0.540
0.552,0.533,0.365
0.589,0.670,0.083
0.596,0.763,-0.110
0.588,0.820,-0.111
0.602,0.873,0.049
0.630,0.924,0.268
0.633,0.930,0.466
0.605,0.855,0.599
0.608,0.727,0.636
0.713,0.618,0.544
0.916,0.565,0.321
1.126,0.538,0.035
1.246,0.487,-0.183
1.228,0.399,-0.211
1.094,0.297,-0.033
0.894,0.197,0.240
0.688,0.101,0.450
0.537,0.020,0.493
0.487,-0.009,0.363
0.544,0.048,0.135
0.648,0.187,-0.083
0.692,0.349,-0.207
0.602,0.453,-0.217
0.408,0.443,-0.163
0.240,0.326,-0.115
0.226,0.174,-0.098
0.391,0.076,-0.083
0.651,0.085,-0.045
0.884,0.181,0.011
1.005,0.297,0.063
0.981,0.354,0.090
0.832,0.307,0.074
0.623,0.157,-0.007
0.444,-0.041,-0.138
0.356,-0.214,-0.246
0.351,-0.295,-0.261
0.365,-0.244,-0.188
0.335,-0.069,-0.102
0.239,0.172,-0.062
0.104,0.391,-0.048
-0.016,0.510,-0.007
-0.059,0.505,0.067
0.014,0.410,0.128
0.179,0.280,0.137
0.359,0.166,0.100
0.471,0.108,0.051
0.490,0.139,0.010
0.453,0.244,-0.014
0.420,0.348,-0.013
0.418,0.348,0.032
0.434,0.194,0.119
0.444,-0.076,0.214
0.453,-0.372,0.263
0.484,-0.618,0.232
0.544,-0.793,0.130
0.597,-0.897,-0.008
0.598,-0.922,-0.138
0.528,-0.852,-0.228
0.411,-0.687,-0.245
0.291,-0.456,-0.170
0.199,-0.199,-0.040
0.165,0.045,0.043
0.208,0.237,-0.011
0.320,0.332,-0.185
0.451,0.305,-0.352
0.533,0.179,-0.401
0.537,0.019,-0.343
0.479,-0.119,-0.273
0.394,-0.229,-0.261
0.294,-0.339,-0.296
0.192,-0.458,-0.328
0.121,-0.540,-0.327
0.109,-0.526,-0.294
0.132,-0.404,-0.240
0.119,-0.211,-0.179
0.026,0.003,-0.121
-0.111,0.201,-0.067
-0.200,0.350,-0.010
-0.176,0.416,0.043
-0.052,0.383,0.061
0.100,0.282,0.026
0.212,0.165,-0.029
0.260,0.061,-0.041
0.259,-0.043,0.021
0.228,-0.178,0.127
0.173,-0.356,0.208
0.103,-0.550,0.203
0.042,-0.697,0.099
0.020,-0.733,-0.065
0.045,-0.630,-0.208
0.094,-0.438,-0.258
0.125,-0.256,-0.207
0.111,-0.175,-0.119
0.048,-0.222,-0.078
-0.043,-0.361,-0.121
-0.128,-0.537,-0.210
-0.165,-0.705,-0.282
-0.125,-0.833,-0.300
-0.013,-0.897,-0.271
0.125,-0.896,-0.221
0.225,-0.847,-0.160
0.243,-0.774,-0.082
0.178,-0.684,0.018
0.070,-0.575,0.125
-0.031,-0.452,0.218
-0.098,-0.342,0.270
-0.125,-0.271,0.257
-0.117,-0.247,0.171
-0.082,-0.255,0.044
-0.035,-0.280,-0.057
0.006,-0.323,-0.076
0.032,-0.392,-0.007
0.050,-0.484,0.108
0.065,-0.580,0.212
0.067,-0.653,0.252
0.038,-0.678,0.204
-0.030,-0.641,0.087
-0.125,-0.549,-0.033
-0.222,-0.433,-0.094
-0.292,-0.334,-0.083
-0.319,-0.280,-0.036
-0.317,-0.271,0.011
-0.334,-0.293,0.050
-0.414,-0.335,0.072
-0.561,-0.382,0.054
-0.732,-0.425,-0.022
-0.880,-0.460,-0.138
-0.971,-0.495,-0.242
-0.979,-0.533,-0.295
-0.889,-0.564,-0.286
-0.701,-0.578,-0.229
-0.451,-0.588,-0.142
-0.191,-0.610,-0.049
0.030,-0.641,0.034
0.182,-0.656,0.105
0.242,-0.653,0.163
0.216,-0.669,0.188
0.132,-0.749,0.149
0.032,-0.896,0.035
-0.064,-1.066,-0.105
-0.173,-1.194,-0.199
-0.312,-1.234,-0.195
-0.465,-1.164,-0.100
-0.593,-1.001,0.041
-0.659,-0.802,0.179
-0.649,-0.639,0.271
-0.570,-0.556,0.297
-0.451,-0.543,0.270
-0.341,-0.562,0.217
-0.285,-0.583,0.164
-0.283,-0.601,0.121
-0.296,-0.620,0.101
-0.287,-0.647,0.123
-0.248,-0.696,0.182
-0.194,-0.777,0.229
-0.144,-0.891,0.200
-0.115,-1.021,0.090
-0.127,-1.147,-0.033
-0.189,-1.246,-0.079
-0.280,-1.300,-0.011
-0.358,-1.306,0.119
-0.400,-1.284,0.214
-0.421,-1.264,0.198
-0.454,-1.251,0.078
-0.519,-1.221,-0.068
-0.612,-1.146,-0.139
-0.714,-1.035,-0.090
-0.803,-0.940,0.036
-0.859,-0.911,0.130
-0.862,-0.955,0.107
-0.808,-1.036,-0.022
-0.718,-1.092,-0.155
-0.630,-1.076,-0.183
-0.576,-0.979,-0.091
-0.567,-0.828,0.041
-0.608,-0.684,0.125
-0.698,-0.595,0.142
-0.823,-0.572,0.140
-0.930,-0.585,0.165
-0.959,-0.604,0.215
-0.887,-0.630,0.251
-0.759,-0.682,0.248
-0.653,-0.762,0.212
-0.616,-0.834,0.162
-0.635,-0.859,0.114
-0.666,-0.834,0.071
-0.678,-0.796,0.025
-0.674,-0.781,-0.024
-0.662,-0.790,-0.066
-0.641,-0.798,-0.080
-0.609,-0.790,-0.053
-0.570,-0.772,0.005
-0.543,-0.771,0.061
-0.545,-0.804,0.086
-0.578,-0.867,0.076
-0.635,-0.930,0.045
-0.701,-0.950,0.005
-0.765,-0.904,-0.042
-0.806,-0.807,-0.100
-0.803,-0.702,-0.161
-0.754,-0.627,-0.199
-0.689,-0.591,-0.192
-0.658,-0.569,-0.130
-0.682,-0.536,-0.035
-0.738,-0.488,0.044
-0.776,-0.448,0.058
-0.766,-0.441,0.003
-0.717,-0.474,-0.078
-0.659,-0.532,-0.141
-0.615,-0.591,-0.175
-0.597,-0.640,-0.200
-0.604,-0.680,-0.216
-0.623,-0.715,-0.184
-0.621,-0.740,-0.083
-0.560,-0.748,0.040
-0.437,-0.736,0.093
-0.298,-0.718,0.024
-0.218,-0.708,-0.144
-0.242,-0.701,-0.342
-0.339,-0.671,-0.505
-0.430,-0.608,-0.589
-0.456,-0.538,-0.564
-0.421,-0.512,-0.436
-0.366,-0.554,-0.264
-0.313,-0.639,-0.145
-0.257,-0.721,-0.134
-0.196,-0.784,-0.209
-0.158,-0.842,-0.286
-0.175,-0.896,-0.296
-0.245,-0.918,-0.238
-0.343,-0.878,-0.176
-0.440,-0.787,-0.171
-0.526,-0.690,-0.223
-0.593,-0.621,-0.264
-0.630,-0.574,-0.237
-0.626,-0.529,-0.165
-0.588,-0.485,-0.133
-0.545,-0.467,-0.192
-0.536,-0.487,-0.291
-0.580,-0.527,-0.324
-0.657,-0.545,-0.235
-0.716,-0.517,-0.072
-0.716,-0.463,0.059
-0.666,-0.432,0.090
-0.614,-0.451,0.037
-0.602,-0.496,-0.035
-0.624,-0.525,-0.089
-0.646,-0.526,-0.154
-0.645,-0.539,-0.274
-0.624,-0.601,-0.432
-0.604,-0.689,-0.545
-0.594,-0.732,-0.540
-0.592,-0.673,-0.428
-0.605,-0.532,-0.285
-0.651,-0.392,-0.178
-0.731,-0.323,-0.118
-0.812,-0.327,-0.086
-0.837,-0.342,-0.069
-0.779,-0.308,-0.063
-0.674,-0.223,-0.061
-0.580,-0.130,-0.055
-0.529,-0.072,-0.048
-0.510,-0.043,-0.047
-0.506,-0.019,-0.054
-0.521,0.009,-0.077
-0.558,0.024,-0.130
-0.594,0.010,-0.221
-0.593,-0.024,-0.324
-0.554,-0.066,-0.389
-0.509,-0.116,-0.385
-0.492,-0.180,-0.318
-0.496,-0.259,-0.221
-0.496,-0.344,-0.117
-0.482,-0.421,-0.026
-0.477,-0.475,0.012
-0.509,-0.490,-0.050
-0.583,-0.469,-0.214
-0.686,-0.437,-0.419
-0.789,-0.420,-0.585
-0.861,-0.424,-0.687
-0.873,-0.426,-0.747
-0.825,-0.410,-0.776
-0.742,-0.378,-0.742
-0.661,-0.336,-0.622
-0.607,-0.265,-0.456
-0.577,-0.138,-0.324
-0.563,0.035,-0.274
-0.558,0.205,-0.282
-0.554,0.324,-0.295
-0.528,0.392,-0.289
-0.466,0.439,-0.275
-0.387,0.479,-0.271
-0.330,0.494,-0.274
-0.319,0.471,-0.270
-0.330,0.419,-0.250
-0.319,0.354,-0.218
-0.276,0.270,-0.186
-0.239,0.144,-0.169
-0.258,-0.024,-0.180
-0.340,-0.202,-0.222
-0.440,-0.346,-0.283
-0.503,-0.434,-0.341
-0.502,-0.463,-0.377
-0.452,-0.438,-0.392
-0.390,-0.369,-0.398
-0.346,-0.275,-0.410
-0.340,-0.183,-0.435
-0.372,-0.115,-0.470
-0.425,-0.071,-0.515
-0.471,-0.043,-0.575
-0.490,-0.020,-0.652
-0.481,0.002,-0.731
-0.465,0.034,-0.779
-0.472,0.088,-0.762
-0.516,0.164,-0.680
-0.588,0.246,-0.559
-0.659,0.310,-0.429
-0.702,0.337,-0.305
-0.707,0.323,-0.206
-0.684,0.269,-0.158
-0.655,0.188,-0.188
-0.643,0.104,-0.295
-0.661,0.042,-0.438
-0.701,0.019,-0.552
-0.737,0.033,-0.583
-0.737,0.064,-0.517
-0.684,0.086,-0.394
-0.590,0.080,-0.289
-0.493,0.050,-0.264
-0.430,0.014,-0.324
-0.414,0.000,-0.415
-0.426,0.029,-0.461
-0.433,0.106,-0.427
-0.407,0.218,-0.336
-0.341,0.333,-0.248
-0.233,0.421,-0.211
-0.095,0.455,-0.222
0.060,0.416,-0.246
0.213,0.295,-0.259
0.346,0.112,-0.266
0.438,-0.089,-0.285
0.464,-0.247,-0.322
0.406,-0.313,-0.357
0.278,-0.270,-0.371
0.127,-0.132,-0.356
0.004,0.060,-0.319
-0.074,0.255,-0.283
-0.121,0.414,-0.281
-0.153,0.522,-0.338
-0.164,0.587,-0.444
-0.145,0.619,-0.550
-0.105,0.624,-0.593
-0.068,0.603,-0.547
-0.056,0.558,-0.445
-0.073,0.490,-0.354
-0.115,0.403,-0.321
-0.178,0.312,-0.341
-0.249,0.246,-0.360
-0.300,0.234,-0.330
-0.309,0.280,-0.253
-0.277,0.358,-0.183
-0.237,0.435,-0.164
-0.219,0.490,-0.188
-0.223,0.521,-0.194
-0.215,0.533,-0.144
-0.162,0.523,-0.078
-0.065,0.492,-0.085
0.038,0.447,-0.203
0.099,0.400,-0.366
0.096,0.371,-0.463
0.046,0.370,-0.438
-0.010,0.380,-0.341
-0.040,0.358,-0.263
-0.032,0.259,-0.250
0.009,0.086,-0.267
0.070,-0.099,-0.259
0.130,-0.220,-0.204
0.158,-0.253,-0.131
0.126,-0.246,-0.087
0.034,-0.261,-0.106
-0.078,-0.313,-0.187
-0.156,-0.358,-0.289
-0.174,-0.343,-0.362
-0.144,-0.256,-0.383
-0.095,-0.123,-0.368
-0.044,0.022,-0.356
0.003,0.153,-0.351
0.038,0.254,-0.321
0.052,0.324,-0.240
0.051,0.380,-0.129
0.054,0.438,-0.035
0.074,0.497,0.014
0.093,0.542,0.028
0.085,0.570,0.021
0.048,0.604,-0.001
0.016,0.670,-0.037
0.022,0.762,-0.074
0.072,0.846,-0.092
0.137,0.889,-0.087
0.188,0.888,-0.069
0.219,0.863,-0.049
0.239,0.827,-0.028
0.271,0.783,-0.003
0.330,0.732,0.017
0.417,0.671,0.020
0.513,0.600,-0.008
0.584,0.518,-0.069
0.598,0.434,-0.154
0.552,0.373,-0.239
0.477,0.347,-0.297
0.419,0.354,-0.312
0.407,0.369,-0.281
0.431,0.369,-0.223
0.462,0.342,-0.163
0.475,0.297,-0.130
0.467,0.263,-0.136
0.438,0.277,-0.171
0.391,0.357,-0.194
0.326,0.497,-0.154
0.245,0.666,-0.039
0.155,0.835,0.102
0.069,0.979,0.187
-0.002,1.081,0.177
-0.057,1.126,0.107
-0.101,1.106,0.048
-0.134,1.030,0.024
-0.146,0.917,0.000
-0.132,0.778,-0.067
-0.110,0.613,-0.165
-0.110,0.429,-0.235
-0.136,0.259,-0.237
-0.162,0.149,-0.192
-0.165,0.123,-0.172
-0.155,0.158,-0.224
-0.162,0.221,-0.331
-0.186,0.294,-0.413
-0.196,0.383,-0.397
-0.164,0.481,-0.284
-0.091,0.548,-0.156
0.001,0.543,-0.098
0.102,0.469,-0.109
0.216,0.379,-0.113
0.335,0.329,-0.049
0.441,0.333,0.053
0.513,0.355,0.107
0.535,0.343,0.069
0.510,0.272,-0.017
0.455,0.168,-0.067
0.412,0.080,-0.042
0.421,0.037,0.026
0.483,0.025,0.076
0.563,0.009,0.078
0.614,-0.025,0.060
0.626,-0.061,0.061
0.625,-0.074,0.088
0.640,-0.068,0.102
0.671,-0.060,0.060
0.692,-0.057,-0.029
0.685,-0.036,-0.099
0.652,0.028,-0.078
0.602,0.141,0.038
0.542,0.274,0.171
0.477,0.382,0.225
0.425,0.433,0.171
0.414,0.428,0.059
0.448,0.402,-0.044
0.501,0.405,-0.120
0.535,0.459,-0.198
0.533,0.544,-0.274
0.503,0.615,-0.293
0.474,0.645,-0.200
0.476,0.638,-0.028
0.516,0.614,0.119
0.571,0.576,0.160
0.596,0.516,0.118
0.566,0.439,0.082
0.501,0.378,0.117
0.446,0.364,0.211
0.423,0.388,0.295
0.405,0.408,0.313
0.360,0.401,0.262
0.292,0.396,0.179
0.240,0.445,0.114
0.223,0.564,0.102
0.212,0.713,0.148
0.169,0.837,0.231
0.086,0.910,0.324
0.001,0.938,0.396
-0.035,0.932,0.425
-0.001,0.897,0.399
0.091,0.836,0.328
0.218,0.757,0.245
0.354,0.667,0.180
0.482,0.569,0.144
0.583,0.455,0.121
0.647,0.325,0.096
0.675,0.186,0.076
0.677,0.060,0.089
0.666,-0.023,0.141
0.643,-0.044,0.199
0.599,-0.008,0.219
0.538,0.050,0.184
0.479,0.097,0.130
0.446,0.117,0.112
0.445,0.121,0.145
0.459,0.120,0.192
0.459,0.125,0.208
0.434,0.140,0.194
0.393,0.180,0.200
0.361,0.254,0.259
0.363,0.356,0.348
0.400,0.453,0.405
0.454,0.499,0.394
0.498,0.475,0.332
0.520,0.409,0.262
0.534,0.363,0.217
0.552,0.384,0.208
0.565,0.469,0.245
0.541,0.576,0.331
0.464,0.663,0.436
0.360,0.709,0.498
0.284,0.703,0.465
0.273,0.626,0.347
0.333,0.469,0.216
0.445,0.255,0.144
0.585,0.044,0.145
0.725,-0.106,0.175
0.830,-0.182,0.186
0.868,-0.205,0.180
0.846,-0.202,0.195
0.810,-0.183,0.257
0.813,-0.145,0.339
0.862,-0.089,0.385
0.914,-0.026,0.362
0.918,0.040,0.294
0.874,0.115,0.248
0.829,0.209,0.281
0.826,0.312,0.392
0.860,0.405,0.518
0.887,0.469,0.589
0.869,0.509,0.585
0.807,0.542,0.539
0.726,0.586,0.499
0.647,0.636,0.477
0.578,0.662,0.449
0.526,0.624,0.387
0.502,0.510,0.295
0.512,0.353,0.212
0.542,0.212,0.176
0.574,0.135,0.188
0.592,0.130,0.213
0.591,0.164,0.205
0.559,0.196,0.160
0.490,0.215,0.116
0.396,0.238,0.115
0.318,0.292,0.161
0.300,0.382,0.222
0.354,0.480,0.268
0.462,0.542,0.299
0.584,0.544,0.328
0.691,0.499,0.356
0.764,0.438,0.376
0.781,0.387,0.394
0.730,0.345,0.425
0.629,0.312,0.468
0.531,0.300,0.499
0.492,0.329,0.489
0.526,0.403,0.429
0.601,0.504,0.337
0.669,0.602,0.254
0.704,0.677,0.225
0.710,0.714,0.268
0.707,0.701,0.358
0.708,0.634,0.430
0.714,0.528,0.440
0.714,0.418,0.402
0.688,0.331,0.372
0.633,0.277,0.388
0.566,0.256,0.434
0.516,0.259,0.453
0.500,0.269,0.401
0.510,0.270,0.290
0.520,0.259,0.167
0.502,0.250,0.078
0.447,0.256,0.035
0.367,0.267,0.029
0.287,0.257,0.055
0.240,0.207,0.115
0.257,0.126,0.195
0.350,0.042,0.250
0.501,-0.022,0.239
0.651,-0.054,0.165
0.727,-0.043,0.091
0.690,0.020,0.083
0.564,0.134,0.164
0.423,0.271,0.284
0.336,0.382,0.375
0.333,0.428,0.399
0.397,0.408,0.372
0.492,0.366,0.334
0.587,0.352,0.313
0.657,0.374,0.302
0.690,0.394,0.283
0.687,0.367,0.252
0.660,0.284,0.218
0.626,0.175,0.190
0.590,0.076,0.155
0.541,0.003,0.090
0.470,-0.049,0.002
0.385,-0.076,-0.061
0.311,-0.065,-0.045
0.265,-0.007,0.059
0.243,0.084,0.198
0.230,0.174,0.290
0.216,0.231,0.293
0.212,0.258,0.225
0.244,0.278,0.146
0.326,0.316,0.102
0.446,0.375,0.102
0.561,0.429,0.128
0.618,0.460,0.164
0.589,0.464,0.210
0.490,0.455,0.268
0.381,0.442,0.322
0.317,0.424,0.345
0.312,0.388,0.313
0.329,0.330,0.216
0.325,0.258,0.062
0.282,0.186,-0.114
0.213,0.126,-0.246
0.136,0.085,-0.267
0.074,0.070,-0.154
0.058,0.087,0.042
0.109,0.125,0.226
0.215,0.160,0.320
0.324,0.165,0.317
0.381,0.138,0.264
0.370,0.098,0.213
0.319,0.071,0.191
0.262,0.058,0.196
0.205,0.049,0.219
0.135,0.043,0.250
0.061,0.058,0.270
0.015,0.112,0.265
0.027,0.199,0.240
0.077,0.283,0.221
0.112,0.325,0.219
0.095,0.316,0.210
0.042,0.271,0.151
-0.007,0.214,0.046
-0.029,0.164,-0.048
-0.029,0.137,-0.063
-0.021,0.148,0.011
-0.013,0.188,0.114
-0.016,0.217,0.172
-0.042,0.186,0.152
-0.090,0.079,0.074
-0.132,-0.065,-0.018
-0.143,-0.187,-0.093
-0.131,-0.250,-0.142
-0.139,-0.261,-0.178
-0.202,-0.235,-0.213
-0.305,-0.174,-0.247
-0.387,-0.069,-0.257
-0.393,0.065,-0.213
-0.316,0.184,-0.120
-0.205,0.237,-0.023
-0.119,0.207,0.031
-0.095,0.112,0.041
-0.128,-0.005,0.039
-0.181,-0.101,0.053
-0.209,-0.148,0.073
-0.183,-0.136,0.082
-0.110,-0.076,0.078
-0.030,0.017,0.072
0.021,0.136,0.063
0.022,0.280,0.055
-0.027,0.431,0.073
-0.122,0.544,0.140
-0.239,0.571,0.240
-0.338,0.501,0.305
-0.380,0.369,0.270
-0.363,0.228,0.145
-0.323,0.124,-0.002
-0.307,0.093,-0.112
-0.328,0.151,-0.175
-0.370,0.269,-0.213
-0.404,0.373,-0.229
-0.408,0.396,-0.198
-0.367,0.334,-0.102
-0.277,0.248,0.029
-0.148,0.189,0.131
-0.020,0.151,0.148
0.055,0.095,0.077
0.046,0.007,-0.025
-0.039,-0.075,-0.085
-0.157,-0.111,-0.074
-0.268,-0.093,-0.031
-0.352,-0.050,-0.024
-0.412,-0.010,-0.076
-0.454,0.013,-0.135
-0.471,0.024,-0.128
-0.453,0.033,-0.030
-0.403,0.050,0.101
-0.344,0.073,0.178
-0.295,0.092,0.158
-0.258,0.094,0.081
-0.218,0.081,0.028
-0.175,0.065,0.039
-0.152,0.055,0.071
-0.174,0.050,0.063
-0.245,0.044,0.014
-0.350,0.050,-0.012
-0.460,0.094,0.031
-0.550,0.183,0.104
-0.612,0.281,0.111
-0.661,0.333,0.006
-0.728,0.315,-0.162
-0.825,0.267,-0.298
-0.925,0.251,-0.348
-0.978,0.298,-0.333
-0.959,0.370,-0.316
-0.889,0.399,-0.332
-0.808,0.351,-0.359
-0.744,0.256,-0.350
-0.698,0.171,-0.290
-0.658,0.126,-0.216
-0.620,0.108,-0.173
-0.593,0.094,-0.162
-0.580,0.078,-0.146
-0.563,0.074,-0.096
-0.516,0.092,-0.033
-0.435,0.117,-0.001
-0.346,0.124,-0.016
-0.283,0.096,-0.051
-0.255,0.055,-0.060
-0.249,0.036,-0.024
-0.257,0.059,0.032
-0.284,0.109,0.066
-0.330,0.159,0.050
-0.369,0.203,-0.017
-0.371,0.255,-0.107
-0.329,0.318,-0.189
-0.264,0.369,-0.234
-0.205,0.376,-0.231
-0.170,0.338,-0.194
-0.155,0.281,-0.148
-0.158,0.228,-0.114
-0.183,0.175,-0.097
-0.240,0.104,-0.106
-0.321,0.014,-0.152
-0.403,-0.074,-0.233
-0.462,-0.132,-0.317
-0.504,-0.148,-0.360
-0.555,-0.123,-0.344
-0.631,-0.065,-0.292
-0.712,0.003,-0.233
-0.765,0.056,-0.173
-0.769,0.074,-0.098
-0.728,0.063,-0.003
-0.655,0.046,0.085
-0.565,0.037,0.117
-0.470,0.027,0.056
-0.389,-0.004,-0.087
-0.341,-0.055,-0.246
-0.337,-0.099,-0.337
-0.372,-0.099,-0.315
-0.433,-0.041,-0.211
-0.506,0.059,-0.098
-0.576,0.166,-0.025
-0.620,0.247,0.004
-0.606,0.284,-0.001
-0.511,0.276,-0.051
-0.352,0.229,-0.154
-0.190,0.153,-0.269
-0.106,0.067,-0.319
-0.137,0.003,-0.258
-0.254,-0.000,-0.128
-0.375,0.055,-0.021
-0.433,0.126,0.005
-0.413,0.162,-0.041
-0.352,0.157,-0.118
-0.298,0.155,-0.201
-0.286,0.185,-0.291
-0.327,0.229,-0.390
-0.414,0.238,-0.478
-0.511,0.198,-0.521
-0.576,0.151,-0.501
-0.581,0.140,-0.416
-0.538,0.164,-0.285
-0.490,0.186,-0.137
-0.469,0.184,-0.004
-0.466,0.168,0.087
-0.448,0.159,0.117
-0.395,0.161,0.085
-0.324,0.165,0.010
-0.272,0.174,-0.071
-0.259,0.206,-0.128
-0.273,0.274,-0.160
-0.298,0.363,-0.194
-0.334,0.439,-0.248
-0.392,0.470,-0.302
-0.458,0.444,-0.318
-0.491,0.373,-0.285
-0.455,0.283,-0.231
-0.368,0.198,-0.201
-0.297,0.132,-0.233
-0.291,0.094,-0.344
-0.337,0.089,-0.516
-0.386,0.109,-0.665
-0.421,0.134,-0.678
-0.468,0.147,-0.504
-0.552,0.162,-0.231
-0.646,0.205,-0.028
-0.696,0.280,-0.012
-0.676,0.350,-0.175
-0.596,0.374,-0.412
-0.480,0.354,-0.619
-0.355,0.326,-0.734
-0.260,0.316,-0.737
-0.241,0.313,-0.627
-0.307,0.303,-0.414
-0.405,0.295,-0.126
-0.449,0.295,0.173
-0.397,0.284,0.381
-0.275,0.238,0.401
-0.161,0.167,0.217
-0.117,0.114,-0.071
-0.155,0.108,-0.314
-0.236,0.130,-0.417
-0.313,0.136,-0.390
-0.364,0.089,-0.300
-0.395,-0.015,-0.196
-0.418,-0.146,-0.093
-0.428,-0.240,-0.006
-0.415,-0.236,0.020
-0.383,-0.117,-0.060
-0.350,0.056,-0.223
-0.332,0.200,-0.375
-0.331,0.268,-0.411
-0.339,0.277,-0.313
-0.344,0.266,-0.152
-0.341,0.253,-0.018
-0.329,0.237,0.048
-0.321,0.220,0.057
-0.338,0.216,0.024
-0.402,0.234,-0.058
-0.531,0.260,-0.209
-0.722,0.271,-0.425
-0.931,0.262,-0.653
-1.087,0.252,-0.792
-1.130,0.263,-0.743
-1.061,0.291,-0.483
-0.932,0.312,-0.102
-0.809,0.301,0.240
-0.716,0.253,0.411
-0.641,0.186,0.394
-0.557,0.122,0.272
-0.458,0.074,0.149
-0.357,0.040,0.054
-0.273,0.005,-0.057
-0.228,-0.039,-0.224
-0.236,-0.076,-0.401
-0.298,-0.068,-0.471
-0.387,0.014,-0.348
-0.454,0.153,-0.066
-0.469,0.275,0.242
-0.449,0.299,0.443
-0.441,0.194,0.465
-0.469,0.011,0.307
-0.504,-0.150,0.026
-0.495,-0.216,-0.263
-0.424,-0.178,-0.426
-0.321,-0.068,-0.393
-0.228,0.080,-0.228
-0.153,0.247,-0.077
-0.087,0.410,-0.034
-0.026,0.524,-0.064
0.015,0.550,-0.061
0.033,0.486,0.023
0.046,0.364,0.123
0.071,0.219,0.143
0.093,0.075,0.071
0.085,-0.029,-0.005
0.050,-0.036,0.000
0.026,0.084,0.079
0.034,0.282,0.147
0.023,0.446,0.149
-0.098,0.493,0.113
-0.354,0.441,0.110
-0.648,0.377,0.156
-0.826,0.349,0.189
-0.813,0.320,0.132
-0.681,0.221,-0.024
-0.571,0.049,-0.198
-0.573,-0.119,-0.293
-0.676,-0.188,-0.266
-0.828,-0.131,-0.148
-1.001,-0.005,-0.008
-1.181,0.112,0.096
-1.314,0.180,0.140
-1.323,0.202,0.126
-1.178,0.198,0.079
-0.941,0.179,0.026
-0.712,0.153,-0.014
-0.543,0.129,-0.028
-0.422,0.107,-0.005
-0.335,0.063,0.058
-0.304,-0.044,0.135
-0.348,-0.229,0.188
-0.436,-0.459,0.198
-0.505,-0.678,0.175
-0.503,-0.841,0.130
-0.416,-0.932,0.052
-0.262,-0.964,-0.069
-0.071,-0.966,-0.185
0.114,-0.954,-0.213
0.260,-0.919,-0.108
0.343,-0.829,0.089
0.360,-0.671,0.274
0.317,-0.495,0.375
0.243,-0.384,0.395
0.195,-0.391,0.388
0.231,-0.500,0.388
0.354,-0.648,0.379
0.494,-0.778,0.332
0.560,-0.861,0.257
0.520,-0.878,0.218
0.423,-0.806,0.281
0.341,-0.635,0.451
0.288,-0.388,0.654
0.210,-0.119,0.783
0.041,0.122,0.767
-0.220,0.316,0.612
-0.492,0.467,0.397
-0.673,0.571,0.216
-0.720,0.612,0.110
-0.664,0.580,0.050
-0.585,0.490,-0.008
-0.549,0.390,-0.053
-0.593,0.328,-0.019
-0.719,0.346,0.121
-0.896,0.468,0.282
-1.059,0.675,0.321
-1.137,0.898,0.173
-1.093,1.049,-0.082
-0.943,1.081,-0.301
-0.731,1.023,-0.406
-0.509,0.933,-0.402
-0.321,0.826,-0.321
-0.203,0.675,-0.184
-0.153,0.468,-0.030
-0.128,0.259,0.072
-0.080,0.131,0.074
-0.013,0.115,-0.003
0.015,0.185,-0.102
-0.034,0.297,-0.184
-0.123,0.429,-0.230
-0.156,0.557,-0.218
-0.063,0.629,-0.116
0.156,0.604,0.065
0.445,0.494,0.241
0.733,0.356,0.319
0.949,0.240,0.270
1.023,0.160,0.153
0.912,0.121,0.053
0.637,0.149,0.014
0.288,0.255,0.050
-0.024,0.394,0.151
-0.229,0.485,0.292
-0.304,0.470,0.414
-0.246,0.357,0.462
-0.056,0.186,0.426
0.233,-0.018,0.348
0.541,-0.242,0.271
0.764,-0.459,0.201
0.830,-0.621,0.126
0.724,-0.684,0.043
0.477,-0.636,-0.027
0.134,-0.479,-0.064
-0.254,-0.218,-0.052
-0.632,0.114,0.020
-0.933,0.437,0.137
-1.087,0.643,0.248
-1.063,0.665,0.296
-0.891,0.515,0.256
-0.661,0.263,0.146
-0.473,-0.007,-0.007
-0.375,-0.233,-0.175
-0.358,-0.382,-0.303
-0.367,-0.457,-0.307
-0.332,-0.489,-0.147
-0.184,-0.519,0.111
0.094,-0.583,0.326
0.427,-0.711,0.390
0.666,-0.919,0.297
0.694,-1.174,0.129
0.522,-1.381,-0.009
0.276,-1.438,-0.041
0.104,-1.313,0.041
0.081,-1.078,0.166
0.214,-0.838,0.221
0.466,-0.660,0.143
0.771,-0.550,-0.020
1.037,-0.484,-0.154
1.190,-0.408,-0.170
1.211,-0.252,-0.052
1.140,0.032,0.166
1.037,0.414,0.436
0.943,0.779,0.687
0.887,0.996,0.825
0.887,0.995,0.775
0.938,0.778,0.539
1.004,0.407,0.216
1.031,-0.012,-0.049
0.994,-0.352,-0.156
0.904,-0.520,-0.093
0.787,-0.522,0.065
0.658,-0.451,0.215
0.530,-0.399,0.280
0.408,-0.387,0.241
0.288,-0.374,0.135
0.144,-0.321,0.008
-0.039,-0.231,-0.106
-0.234,-0.137,-0.194
-0.370,-0.074,-0.241
-0.372,-0.072,-0.227
-0.214,-0.127,-0.137
0.057,-0.197,0.009
0.337,-0.214,0.171
0.508,-0.132,0.308
0.495,0.046,0.402
0.315,0.283,0.452
0.069,0.546,0.456
-0.124,0.800,0.410
-0.209,0.989,0.321
-0.200,1.045,0.200
-0.135,0.928,0.061
-0.040,0.664,-0.086
0.071,0.327,-0.215
0.169,0.003,-0.292
0.224,-0.233,-0.296
0.233,-0.336,-0.234
0.231,-0.308,-0.127
0.256,-0.208,0.004
0.332,-0.121,0.150
0.463,-0.098,0.299
0.639,-0.126,0.431
0.837,-0.158,0.530
1.016,-0.158,0.593
1.129,-0.121,0.631
1.151,-0.063,0.648
1.093,0.003,0.643
0.993,0.057,0.608
0.891,0.083,0.542
0.803,0.080,0.448
0.717,0.079,0.330
0.617,0.115,0.205
0.517,0.192,0.091
0.468,0.268,0.006
0.524,0.272,-0.040
0.701,0.158,-0.051
0.946,-0.070,-0.036
1.160,-0.354,-0.010
1.253,-0.619,0.012
1.187,-0.801,0.026
0.978,-0.876,0.038
0.681,-0.864,0.050
0.360,-0.799,0.042
0.081,-0.715,-0.004
-0.102,-0.637,-0.088
-0.155,-0.585,-0.174
-0.074,-0.570,-0.219
0.123,-0.583,-0.203
0.396,-0.592,-0.135
0.675,-0.574,-0.031
0.871,-0.540,0.079
0.921,-0.515,0.156
0.826,-0.510,0.163
0.650,-0.507,0.099
0.462,-0.480,0.009
0.305,-0.421,-0.054
0.212,-0.348,-0.075
0.223,-0.292,-0.076
0.370,-0.298,-0.082
0.631,-0.402,-0.099
0.920,-0.596,-0.130
1.137,-0.811,-0.173
1.210,-0.952,-0.222
1.119,-0.959,-0.258
0.888,-0.824,-0.271
0.587,-0.569,-0.265
0.309,-0.218,-0.233
0.132,0.198,-0.153
0.075,0.624,-0.017
0.114,1.002,0.139
0.210,1.295,0.257
0.338,1.485,0.323
0.473,1.547,0.370
0.582,1.448,0.428
0.633,1.180,0.477
0.612,0.786,0.471
0.520,0.343,0.390
0.370,-0.082,0.250
0.199,-0.432,0.082
0.069,-0.662,-0.089
0.033,-0.748,-0.228
0.096,-0.719,-0.297
0.200,-0.645,-0.274
0.278,-0.582,-0.174
0.303,-0.536,-0.041
0.306,-0.479,0.091
0.339,-0.393,0.219
0.438,-0.281,0.359
0.597,-0.137,0.497
0.790,0.061,0.575
0.980,0.306,0.540
1.125,0.541,0.410
1.192,0.681,0.278
1.180,0.671,0.239
1.138,0.520,0.303
1.132,0.285,0.396
1.188,0.028,0.430
1.261,-0.190,0.379
1.272,-0.307,0.283
1.173,-0.267,0.195
0.968,-0.074,0.136
0.704,0.185,0.080
0.440,0.376,-0.009
0.236,0.409,-0.132
0.149,0.290,-0.235
0.213,0.107,-0.250
0.408,-0.048,-0.153
0.664,-0.138,0.018
0.884,-0.175,0.192
1.001,-0.182,0.314
0.997,-0.166,0.354
0.906,-0.116,0.299
0.771,-0.036,0.158
0.623,0.050,-0.032
0.484,0.117,-0.219
0.383,0.166,-0.356
0.342,0.225,-0.414
0.352,0.313,-0.369
0.369,0.417,-0.220
0.354,0.486,-0.018
0.308,0.472,0.130
0.268,0.352,0.126
0.259,0.135,-0.042
0.264,-0.140,-0.298
0.247,-0.406,-0.530
0.199,-0.586,-0.651
0.141,-0.630,-0.622
0.102,-0.553,-0.458
0.097,-0.418,-0.227
0.138,-0.290,-0.025
0.240,-0.195,0.081
0.405,-0.128,0.095
0.596,-0.077,0.063
0.742,-0.024,0.030
0.782,0.061,0.003
0.705,0.204,-0.012
0.555,0.399,0.003
0.401,0.605,0.079
0.303,0.778,0.218
0.290,0.895,0.377
0.352,0.952,0.495
0.438,0.935,0.531
0.474,0.827,0.497
0.414,0.633,0.429
0.278,0.391,0.346
0.145,0.146,0.230
0.087,-0.070,0.060
0.108,-0.237,-0.142
0.149,-0.319,-0.305
0.143,-0.286,-0.364
0.079,-0.143,-0.311
-0.012,0.047,-0.208
-0.092,0.194,-0.132
-0.130,0.240,-0.114
-0.092,0.186,-0.135
0.059,0.081,-0.153
0.324,-0.022,-0.149
0.642,-0.097,-0.128
0.910,-0.141,-0.100
1.053,-0.154,-0.058
1.053,-0.129,0.009
0.948,-0.056,0.097
0.793,0.056,0.178
0.637,0.172,0.221
0.517,0.250,0.225
0.446,0.270,0.215
0.415,0.250,0.214
0.397,0.223,0.214
0.378,0.207,0.198
0.345,0.191,0.177
0.292,0.158,0.191
0.208,0.103,0.260
0.107,0.042,0.329
0.024,-0.010,0.295
-0.002,-0.054,0.110
0.035,-0.095,-0.150
0.108,-0.115,-0.344
0.181,-0.077,-0.391
0.237,0.037,-0.338
0.257,0.184,-0.292
0.208,0.273,-0.299
0.073,0.244,-0.315
-0.100,0.118,-0.280
-0.226,-0.021,-0.203
-0.256,-0.105,-0.161
-0.242,-0.125,-0.219
-0.281,-0.104,-0.353
-0.407,-0.049,-0.460
-0.552,0.059,-0.443
-0.608,0.218,-0.291
-0.524,0.377,-0.094
-0.326,0.462,0.035
-0.091,0.438,0.050
0.115,0.335,-0.005
0.245,0.223,-0.057
0.286,0.167,-0.079
0.251,0.187,-0.102
0.172,0.256,-0.164
0.087,0.324,-0.255
0.028,0.362,-0.314
0.010,0.374,-0.287
0.034,0.380,-0.178
0.081,0.382,-0.052
0.117,0.361,0.027
0.108,0.306,0.032
0.038,0.242,-0.024
-0.071,0.215,-0.133
-0.162,0.243,-0.290
-0.182,0.300,-0.476
-0.120,0.346,-0.635
-0.024,0.364,-0.697
0.037,0.361,-0.623
0.033,0.340,-0.437
-0.010,0.275,-0.221
-0.041,0.141,-0.063
-0.031,-0.053,-0.003
0.009,-0.250,-0.014
0.052,-0.378,-0.040
0.085,-0.391,-0.052
0.105,-0.298,-0.056
0.091,-0.151,-0.061
0.009,-0.009,-0.043
-0.150,0.098,0.028
-0.350,0.172,0.150
-0.519,0.238,0.282
-0.603,0.309,0.375
-0.587,0.366,0.406
-0.487,0.376,0.375
-0.337,0.309,0.285
-0.184,0.162,0.139
-0.085,-0.045,-0.057
-0.070,-0.281,-0.264
-0.116,-0.507,-0.420
-0.162,-0.678,-0.460
-0.162,-0.761,-0.365
-0.116,-0.760,-0.184
-0.056,-0.717,-0.006
-0.006,-0.686,0.081
0.027,-0.697,0.047
0.040,-0.740,-0.079
0.016,-0.778,-0.235
-0.063,-0.767,-0.367
-0.196,-0.679,-0.447
-0.361,-0.509,-0.472
-0.518,-0.282,-0.442
-0.624,-0.035,-0.355
-0.641,0.202,-0.221
-0.551,0.403,-0.073
-0.372,0.548,0.031
-0.160,0.619,0.038
0.013,0.612,-0.060
0.098,0.549,-0.212
0.090,0.465,-0.342
0.026,0.396,-0.394
-0.040,0.365,-0.365
-0.070,0.379,-0.288
-0.069,0.437,-0.203
-0.071,0.526,-0.131
-0.111,0.634,-0.081
-0.201,0.736,-0.061
-0.322,0.802,-0.080
-0.438,0.793,-0.134
-0.512,0.693,-0.200
-0.524,0.524,-0.246
-0.481,0.354,-0.261
-0.417,0.258,-0.256
-0.379,0.280,-0.254
-0.394,0.408,-0.271
-0.460,0.588,-0.311
-0.554,0.763,-0.366
-0.652,0.889,-0.421
-0.749,0.942,-0.462
-0.844,0.914,-0.480
-0.930,0.821,-0.475
-0.983,0.710,-0.439
-0.978,0.629,-0.363
-0.900,0.597,-0.255
-0.751,0.584,-0.161
-0.557,0.536,-0.134
-0.372,0.407,-0.188
-0.264,0.194,-0.274
-0.269,-0.068,-0.321
-0.350,-0.320,-0.299
-0.422,-0.507,-0.241
-0.412,-0.601,-0.196
-0.321,-0.609,-0.169
-0.212,-0.558,-0.123
-0.155,-0.477,-0.031
-0.177,-0.396,0.068
-0.266,-0.352,0.091
-0.407,-0.380,-0.020
-0.583,-0.486,-0.235
-0.769,-0.616,-0.458
-0.907,-0.690,-0.600
-0.939,-0.666,-0.626
-0.850,-0.568,-0.567
-0.685,-0.463,-0.480
-0.515,-0.398,-0.406
-0.390,-0.372,-0.352
-0.312,-0.367,-0.299
-0.261,-0.384,-0.227
-0.221,-0.437,-0.147
-0.182,-0.530,-0.095
-0.133,-0.635,-0.097
-0.075,-0.712,-0.137
-0.030,-0.729,-0.183
-0.032,-0.671,-0.215
-0.100,-0.544,-0.239
-0.212,-0.374,-0.243
-0.324,-0.204,-0.198
-0.406,-0.069,-0.093
-0.457,0.030,0.033
-0.481,0.115,0.110
-0.471,0.204,0.104
-0.411,0.287,0.035
-0.300,0.353,-0.045
-0.165,0.411,-0.102
-0.056,0.481,-0.129
-0.010,0.556,-0.139
-0.038,0.596,-0.148
-0.126,0.563,-0.170
-0.251,0.468,-0.214
-0.391,0.357,-0.281
-0.524,0.291,-0.371
-0.634,0.310,-0.466
-0.709,0.427,-0.531
-0.755,0.625,-0.530
-0.773,0.863,-0.449
-0.763,1.083,-0.328
-0.728,1.239,-0.231
-0.678,1.313,-0.194
-0.630,1.316,-0.196
-0.585,1.274,-0.179
-0.528,1.209,-0.108
-0.440,1.128,-0.016
-0.335,1.017,0.028
-0.246,0.860,-0.019
-0.209,0.668,-0.134
-0.237,0.484,-0.244
-0.307,0.353,-0.297
-0.379,0.285,-0.296
-0.426,0.245,-0.283
-0.450,0.190,-0.282
-0.474,0.110,-0.271
-0.509,0.036,-0.216
-0.542,0.006,-0.109
-0.553,0.030,0.005
-0.537,0.087,0.067
-0.519,0.153,0.038
-0.522,0.224,-0.066
-0.553,0.307,-0.182
-0.599,0.396,-0.237
-0.642,0.453,-0.184
-0.666,0.442,-0.035
-0.656,0.354,0.151
-0.599,0.225,0.305
-0.495,0.111,0.370
-0.364,0.058,0.333
-0.248,0.085,0.227
-0.202,0.174,0.114
-0.260,0.280,0.046
-0.410,0.358,0.028
-0.593,0.377,0.024
-0.737,0.334,0.002
-0.797,0.250,-0.034
-0.769,0.154,-0.063
-0.681,0.078,-0.078
-0.582,0.040,-0.100
-0.516,0.025,-0.139
-0.505,0.003,-0.181
-0.523,-0.046,-0.196
-0.516,-0.112,-0.172
-0.448,-0.162,-0.120
-0.344,-0.164,-0.067
-0.264,-0.104,-0.029
-0.247,0.016,0.000
-0.280,0.184,0.046
-0.317,0.373,0.127
-0.316,0.528,0.240
-0.266,0.604,0.346
-0.178,0.578,0.395
-0.069,0.471,0.359
0.037,0.325,0.256
0.116,0.197,0.143
0.146,0.134,0.080
0.119,0.155,0.091
0.055,0.241,0.153
-0.012,0.336,0.216
-0.048,0.386,0.239
-0.033,0.376,0.216
0.033,0.328,0.174
0.139,0.278,0.152
0.251,0.247,0.174
0.318,0.234,0.220
0.295,0.225,0.240
0.180,0.205,0.205
0.024,0.170,0.142
-0.096,0.134,0.110
-0.127,0.127,0.143
-0.071,0.179,0.216
0.020,0.294,0.282
0.068,0.447,0.325
0.026,0.596,0.372
-0.093,0.713,0.459
-0.221,0.789,0.580
-0.289,0.819,0.682
-0.278,0.796,0.701
-0.233,0.720,0.613
-0.219,0.623,0.447
-0.269,0.555,0.271
-0.369,0.544,0.144
-0.478,0.580,0.089
-0.561,0.622,0.100
-0.599,0.642,0.158
-0.591,0.642,0.240
-0.542,0.636,0.307
-0.466,0.628,0.326
-0.388,0.602,0.283
-0.329,0.546,0.199
-0.306,0.464,0.105
-0.326,0.378,0.031
-0.395,0.315,0.001
-0.509,0.291,0.023
-0.643,0.301,0.089
-0.743,0.333,0.164
-0.765,0.370,0.210
-0.695,0.401,0.216
-0.568,0.423,0.209
-0.430,0.444,0.229
-0.305,0.474,0.289
-0.190,0.516,0.361
-0.080,0.559,0.409
0.017,0.578,0.419
0.088,0.563,0.407
0.137,0.522,0.410
0.181,0.477,0.453
0.229,0.435,0.527
0.265,0.387,0.588
0.268,0.317,0.595
0.240,0.227,0.544
0.213,0.132,0.473
0.224,0.053,0.419
0.287,0.011,0.389
0.377,0.023,0.365
0.446,0.097,0.349
0.458,0.220,0.357
0.421,0.357,0.391
0.375,0.466,0.427
0.360,0.510,0.437
0.376,0.470,0.424
0.397,0.357,0.408
0.398,0.219,0.398
0.380,0.113,0.380
0.351,0.067,0.349
0.309,0.057,0.311
0.241,0.037,0.275
0.143,-0.014,0.237
0.022,-0.083,0.192
-0.110,-0.152,0.157
-0.249,-0.218,0.160
-0.377,-0.281,0.204
-0.466,-0.324,0.259
-0.492,-0.325,0.280
-0.455,-0.283,0.249
-0.383,-0.220,0.191
-0.323,-0.148,0.154
-0.309,-0.059,0.167
-0.354,0.060,0.221
-0.449,0.192,0.277
-0.567,0.298,0.298
-0.672,0.350,0.283
-0.731,0.352,0.269
-0.722,0.328,0.285
-0.646,0.302,0.316
-0.526,0.277,0.312
-0.399,0.251,0.244
-0.303,0.225,0.145
-0.260,0.209,0.082
-0.262,0.223,0.093
-0.286,0.281,0.158
-0.313,0.368,0.226
-0.339,0.442,0.260
-0.346,0.460,0.257
-0.297,0.405,0.225
-0.155,0.296,0.182
0.073,0.173,0.148
0.319,0.071,0.141
0.502,0.015,0.167
0.577,0.024,0.223
0.549,0.099,0.291
0.449,0.215,0.344
0.315,0.333,0.347
0.185,0.425,0.283
0.088,0.492,0.171
0.041,0.550,0.063
0.039,0.618,0.009
0.071,0.699,0.020
0.130,0.781,0.073
0.205,0.834,0.135
0.278,0.832,0.184
0.323,0.768,0.214
0.320,0.666,0.214
0.269,0.562,0.188
0.192,0.479,0.155
0.119,0.416,0.151
0.073,0.368,0.188
0.054,0.331,0.239
0.048,0.291,0.263
0.031,0.227,0.248
-0.004,0.122,0.208
-0.046,-0.006,0.159
-0.068,-0.116,0.100
-0.061,-0.177,0.028
-0.041,-0.196,-0.038
-0.037,-0.198,-0.076
-0.047,-0.194,-0.077
-0.045,-0.171,-0.052
-0.011,-0.118,-0.019
0.043,-0.046,0.010
0.090,0.021,0.035
0.111,0.067,0.057
0.108,0.084,0.082
0.087,0.064,0.111
0.050,-0.006,0.134
-0.001,-0.119,0.137
-0.059,-0.246,0.114
-0.113,-0.341,0.071
-0.159,-0.373,0.027
-0.199,-0.342,-0.011
-0.240,-0.271,-0.051
-0.289,-0.198,-0.105
-0.346,-0.154,-0.163
-0.401,-0.154,-0.192
-0.422,-0.188,-0.162
-0.372,-0.231,-0.076
-0.235,-0.261,0.034
-0.042,-0.257,0.128
0.140,-0.206,0.188
0.248,-0.103,0.208
0.270,0.029,0.184
0.242,0.139,0.120
0.217,0.173,0.034
0.219,0.105,-0.046
0.245,-0.037,-0.107
0.280,-0.198,-0.153
0.307,-0.326,-0.192
0.304,-0.400,-0.220
0.257,-0.416,-0.221
0.174,-0.377,-0.186
0.083,-0.287,-0.137
0.025,-0.172,-0.118
0.021,-0.074,-0.160
0.071,-0.033,-0.251
0.155,-0.055,-0.339
0.257,-0.112,-0.368
0.367,-0.164,-0.328
0.473,-0.189,-0.246
0.545,-0.188,-0.166
0.544,-0.173,-0.110
0.450,-0.145,-0.083
0.285,-0.092,-0.079
0.101,-0.006,-0.087
-0.058,0.100,-0.097
-0.169,0.197,-0.100
-0.226,0.264,-0.097
-0.222,0.308,-0.088
-0.160,0.344,-0.078
-0.072,0.371,-0.082
0.002,0.374,-0.110
0.039,0.336,-0.161
0.047,0.260,-0.206
0.044,0.158,-0.221
0.042,0.045,-0.212
0.045,-0.068,-0.207
0.051,-0.173,-0.219
0.061,-0.267,-0.223
0.078,-0.356,-0.190
0.117,-0.444,-0.118
0.187,-0.520,-0.046
0.280,-0.568,-0.018
0.361,-0.580,-0.050
0.399,-0.555,-0.130
0.388,-0.498,-0.221
0.344,-0.416,-0.277
0.289,-0.319,-0.258
0.238,-0.220,-0.154
0.201,-0.126,-0.003
0.196,-0.038,0.123
0.238,0.037,0.162
0.323,0.078,0.110
0.424,0.071,0.009
0.503,0.030,-0.094
0.535,-0.009,-0.182
0.512,-0.027,-0.261
0.431,-0.034,-0.322
0.302,-0.055,-0.337
0.161,-0.103,-0.286
0.063,-0.166,-0.189
0.050,-0.225,-0.089
0.106,-0.264,-0.028
0.170,-0.274,-0.027
0.183,-0.253,-0.090
0.143,-0.213,-0.209
0.087,-0.189,-0.359
0.050,-0.225,-0.493
0.031,-0.336,-0.553
0.024,-0.479,-0.501
0.033,-0.582,-0.351
0.069,-0.595,-0.166
0.130,-0.533,-0.024
0.182,-0.455,0.022
0.197,-0.414,-0.039
0.177,-0.414,-0.185
0.150,-0.425,-0.359
0.142,-0.419,-0.479
0.150,-0.387,-0.469
0.162,-0.339,-0.309
0.177,-0.284,-0.052
0.213,-0.238,0.194
0.284,-0.213,0.330
0.380,-0.217,0.315
0.466,-0.232,0.189
0.505,-0.226,0.032
0.479,-0.172,-0.086
0.397,-0.074,-0.150
0.293,0.034,-0.176
0.211,0.112,-0.163
0.184,0.151,-0.084
0.220,0.169,0.073
0.291,0.194,0.255
0.342,0.230,0.358
0.315,0.253,0.312
0.188,0.229,0.146
-0.005,0.158,-0.041
-0.193,0.071,-0.159
-0.317,0.010,-0.188
-0.364,-0.010,-0.166
-0.367,-0.005,-0.116
-0.362,0.010,-0.036
-0.361,0.038,0.083
-0.350,0.084,0.211
-0.308,0.119,0.290
-0.231,0.091,0.272
-0.136,-0.028,0.151
-0.044,-0.204,-0.042
0.035,-0.358,-0.260
0.103,-0.421,-0.440
0.160,-0.381,-0.516
0.186,-0.276,-0.448
0.163,-0.158,-0.259
0.092,-0.062,-0.035
-0.002,-0.010,0.118
-0.085,-0.027,0.132
-0.130,-0.129,0.008
-0.125,-0.312,-0.184
-0.069,-0.538,-0.355
0.014,-0.748,-0.444
0.088,-0.878,-0.452
0.115,-0.883,-0.424
0.087,-0.761,-0.386
0.033,-0.558,-0.307
-0.004,-0.345,-0.137
0.002,-0.189,0.102
0.054,-0.132,0.276
0.128,-0.185,0.257
0.185,-0.337,0.049
0.187,-0.550,-0.190
0.132,-0.764,-0.298
0.066,-0.913,-0.251
0.052,-0.965,-0.145
0.103,-0.939,-0.060
0.160,-0.878,0.014
0.153,-0.796,0.120
0.070,-0.675,0.226
-0.027,-0.507,0.236
-0.082,-0.347,0.104
-0.092,-0.266,-0.086
-0.095,-0.276,-0.194
-0.106,-0.298,-0.159
-0.105,-0.249,-0.055
-0.078,-0.134,-0.001
-0.044,-0.041,-0.041
-0.038,-0.039,-0.129
-0.056,-0.100,-0.196
-0.067,-0.140,-0.214
-0.073,-0.115,-0.188
-0.121,-0.054,-0.130
-0.253,-0.010,-0.062
-0.425,-0.010,-0.017
-0.522,-0.044,-0.016
-0.468,-0.099,-0.037
-0.293,-0.168,-0.023
-0.103,-0.230,0.054
0.029,-0.256,0.173
0.113,-0.248,0.281
0.184,-0.251,0.330
0.234,-0.312,0.294
0.225,-0.421,0.169
0.151,-0.509,-0.014
0.078,-0.501,-0.178
0.069,-0.373,-0.243
0.128,-0.163,-0.178
0.201,0.059,-0.018
0.247,0.217,0.167
0.288,0.251,0.309
0.361,0.138,0.354
0.457,-0.074,0.289
0.510,-0.285,0.145
0.460,-0.400,-0.003
0.315,-0.389,-0.089
0.137,-0.298,-0.095
-0.012,-0.198,-0.047
-0.122,-0.139,0.028
-0.217,-0.121,0.120
-0.305,-0.104,0.217
-0.355,-0.043,0.276
-0.329,0.068,0.257
-0.224,0.181,0.168
-0.080,0.234,0.061
0.061,0.204,-0.022
0.186,0.125,-0.089
0.289,0.045,-0.153
0.345,-0.019,-0.188
0.313,-0.076,-0.135
0.196,-0.128,0.011
0.065,-0.164,0.178
-0.003,-0.194,0.270
0.003,-0.259,0.235
0.029,-0.381,0.083
0.026,-0.523,-0.133
0.005,-0.613,-0.337
-0.001,-0.616,-0.446
0.022,-0.570,-0.419
0.061,-0.522,-0.295
0.105,-0.478,-0.159
0.150,-0.413,-0.068
0.186,-0.332,-0.013
0.192,-0.275,0.038
0.170,-0.274,0.086
0.150,-0.330,0.102
0.163,-0.425,0.063
0.203,-0.539,-0.028
0.240,-0.636,-0.148
0.246,-0.661,-0.263
0.212,-0.573,-0.328
0.145,-0.391,-0.313
0.054,-0.188,-0.229
-0.040,-0.028,-0.123
-0.116,0.069,-0.051
-0.164,0.112,-0.036
-0.188,0.103,-0.073
-0.192,0.045,-0.149
-0.170,-0.045,-0.253
-0.124,-0.139,-0.370
-0.073,-0.214,-0.456
-0.045,-0.262,-0.446
-0.057,-0.274,-0.309
-0.094,-0.248,-0.081
-0.122,-0.195,0.146
-0.110,-0.156,0.302
-0.064,-0.157,0.377
-0.014,-0.186,0.396
0.016,-0.194,0.359
0.030,-0.153,0.235
0.050,-0.083,0.024
0.085,-0.029,-0.204
0.123,-0.010,-0.346
0.148,-0.009,-0.334
0.157,0.005,-0.172
0.148,0.033,0.073
0.119,0.048,0.305
0.073,0.021,0.444
0.039,-0.048,0.461
0.050,-0.136,0.376
0.119,-0.217,0.222
0.228,-0.268,0.009
0.337,-0.268,-0.245
0.409,-0.203,-0.479
0.419,-0.071,-0.600
0.362,0.109,-0.550
0.254,0.307,-0.358
0.120,0.489,-0.124
-0.026,0.625,0.057
-0.186,0.696,0.139
-0.351,0.703,0.121
-0.482,0.660,0.032
-0.524,0.567,-0.083
-0.440,0.412,-0.173
-0.248,0.191,-0.199
-0.004,-0.058,-0.161
0.220,-0.268,-0.089
0.370,-0.393,-0.009
0.413,-0.435,0.064
0.350,-0.430,0.123
0.226,-0.406,0.140
0.110,-0.372,0.096
0.053,-0.329,0.002
0.056,-0.280,-0.088
0.078,-0.225,-0.130
0.093,-0.157,-0.115
0.112,-0.073,-0.075
0.152,0.009,-0.039
0.211,0.068,-0.030
0.268,0.101,-0.061
0.315,0.138,-0.137
0.352,0.213,-0.228
0.364,0.328,-0.286
0.326,0.450,-0.278
0.229,0.540,-0.227
0.104,0.569,-0.190
0.007,0.520,-0.203
-0.031,0.381,-0.256
-0.010,0.165,-0.312
0.048,-0.083,-0.349
0.123,-0.317,-0.364
0.191,-0.509,-0.351
0.232,-0.653,-0.284
0.239,-0.724,-0.150
0.235,-0.673,0.030
0.253,-0.471,0.198
0.305,-0.146,0.294
0.365,0.225,0.293
0.402,0.560,0.208
0.413,0.806,0.086
0.428,0.941,-0.020
0.471,0.962,-0.066
0.521,0.891,-0.039
0.537,0.781,0.042
0.488,0.709,0.130
0.387,0.722,0.173
0.269,0.809,0.150
0.158,0.904,0.078
0.064,0.923,-0.004
-0.012,0.807,-0.065
-0.071,0.553,-0.102
-0.117,0.204,-0.137
-0.170,-0.160,-0.201
-0.245,-0.455,-0.301
-0.345,-0.621,-0.403
-0.460,-0.639,-0.445
-0.577,-0.526,-0.390
-0.677,-0.323,-0.271
-0.735,-0.080,-0.168
-0.725,0.153,-0.130
-0.641,0.348,-0.140
-0.505,0.510,-0.152
-0.345,0.673,-0.137
-0.184,0.867,-0.099
-0.035,1.082,-0.038
0.086,1.271,0.050
0.178,1.384,0.152
0.262,1.397,0.221
0.367,1.305,0.208
0.499,1.108,0.102
0.635,0.810,-0.067
0.741,0.449,-0.234
0.794,0.104,-0.343
0.781,-0.143,-0.378
0.697,-0.263,-0.368
0.552,-0.275,-0.353
0.377,-0.212,-0.341
0.214,-0.083,-0.310
0.089,0.116,-0.236
0.012,0.373,-0.128
-0.017,0.628,-0.013
-0.002,0.800,0.088
0.050,0.826,0.172
0.135,0.695,0.233
0.243,0.450,0.261
0.351,0.153,0.244
0.416,-0.139,0.186
0.395,-0.382,0.105
0.265,-0.539,0.030
0.050,-0.581,-0.021
-0.201,-0.508,-0.053
-0.436,-0.343,-0.089
-0.630,-0.119,-0.140
-0.784,0.134,-0.180
-0.907,0.393,-0.161
-0.992,0.617,-0.074
-1.006,0.741,0.012
-0.907,0.699,-0.006
-0.688,0.460,-0.184
-0.395,0.063,-0.470
-0.105,-0.384,-0.749
0.107,-0.743,-0.921
0.213,-0.914,-0.951
0.214,-0.881,-0.841
0.135,-0.705,-0.615
0.022,-0.464,-0.326
-0.056,-0.203,-0.061
-0.033,0.060,0.093
0.111,0.304,0.107
0.328,0.492,0.028
0.543,0.603,-0.064
0.707,0.655,-0.119
0.809,0.684,-0.132
0.852,0.702,-0.127
0.823,0.707,-0.121
0.715,0.714,-0.106
0.551,0.777,-0.047
0.385,0.940,0.079
0.280,1.180,0.255
0.271,1.412,0.410
0.362,1.551,0.461
0.525,1.563,0.371
0.701,1.477,0.189
0.808,1.345,0.014
0.767,1.227,-0.081
0.539,1.169,-0.091
0.148,1.188,-0.056
-0.320,1.264,-0.011
-0.760,1.348,0.034
-1.084,1.375,0.073
-1.255,1.282,0.076
-1.287,1.016,0.003
-1.219,0.558,-0.161
-1.087,-0.050,-0.381
-0.914,-0.698,-0.581
-0.719,-1.240,-0.683
-0.519,-1.562,-0.652
-0.340,-1.615,-0.518
-0.210,-1.431,-0.353
-0.151,-1.091,-0.219
-0.172,-0.689,-0.143
-0.256,-0.302,-0.126
-0.362,0.020,-0.162
-0.446,0.253,-0.236
-0.470,0.396,-0.319
-0.412,0.473,-0.360
-0.260,0.531,-0.315
-0.025,0.619,-0.175
0.244,0.758,0.024
0.473,0.925,0.218
0.595,1.068,0.341
0.583,1.151,0.369
0.453,1.173,0.325
0.244,1.169,0.266
0.008,1.179,0.233
-0.194,1.216,0.223
-0.312,1.260,0.207
-0.330,1.265,0.167
-0.269,1.183,0.111
-0.158,0.980,0.054
-0.013,0.656,-0.014
0.154,0.243,-0.118
0.309,-0.199,-0.262
0.399,-0.591,-0.409
0.387,-0.849,-0.499
0.275,-0.906,-0.499
0.098,-0.748,-0.417
-0.099,-0.423,-0.288
-0.273,-0.024,-0.142
-0.378,0.354,0.001
-0.376,0.649,0.122
-0.266,0.832,0.196
-0.093,0.897,0.205
0.065,0.854,0.147
0.148,0.734,0.034
0.145,0.590,-0.108
0.089,0.471,-0.242
0.030,0.399,-0.337
-0.000,0.360,-0.380
-0.013,0.319,-0.378
-0.044,0.251,-0.346
-0.125,0.155,-0.294
-0.255,0.053,-0.226
-0.399,-0.018,-0.139
-0.518,-0.021,-0.023
-0.586,0.070,0.125
-0.595,0.251,0.274
-0.538,0.481,0.358
-0.417,0.691,0.326
-0.262,0.819,0.193
-0.123,0.841,0.039
-0.037,0.782,-0.056
-0.010,0.700,-0.061
-0.028,0.645,0.002
-0.078,0.640,0.105
-0.132,0.677,0.231
-0.135,0.733,0.367
-0.028,0.781,0.475
0.188,0.789,0.501
0.429,0.727,0.410
0.577,0.585,0.217
0.562,0.398,-0.004
0.400,0.233,-0.167
0.169,0.147,-0.228
-0.041,0.151,-0.210
-0.161,0.212,-0.162
-0.166,0.278,-0.110
-0.074,0.314,-0.046
0.063,0.309,0.037
0.180,0.276,0.112
0.224,0.245,0.129
0.153,0.243,0.069
-0.041,0.285,-0.036
-0.315,0.372,-0.126
-0.567,0.493,-0.155
-0.694,0.635,-0.112
-0.646,0.779,-0.014
-0.456,0.904,0.111
-0.204,1.004,0.250
0.028,1.092,0.391
0.184,1.177,0.513
0.242,1.247,0.576
0.227,1.263,0.544
0.199,1.187,0.432
0.210,1.010,0.304
0.275,0.757,0.229
0.362,0.469,0.219
0.425,0.194,0.232
0.423,-0.018,0.225
0.319,-0.126,0.204
0.097,-0.103,0.212
-0.208,0.042,0.263
-0.507,0.257,0.315
-0.698,0.444,0.298
-0.736,0.504,0.181
-0.650,0.401,0.001
-0.500,0.189,-0.167
-0.336,-0.023,-0.263
-0.184,-0.149,-0.271
-0.066,-0.173,-0.215
-0.002,-0.135,-0.141
0.016,-0.083,-0.083
0.020,-0.044,-0.048
0.041,-0.023,-0.009
0.076,-0.016,0.057
0.099,0.000,0.147
0.099,0.063,0.239
0.089,0.199,0.324
0.094,0.401,0.423
0.122,0.620,0.544
0.171,0.798,0.648
0.242,0.887,0.673
0.339,0.856,0.596
0.450,0.698,0.466
0.552,0.442,0.363
0.615,0.159,0.328
0.627,-0.075,0.333
0.592,-0.219,0.317
0.509,-0.277,0.251
0.370,-0.274,0.158
0.173,-0.230,0.085
-0.060,-0.155,0.039
-0.287,-0.072,-0.009
-0.473,-0.015,-0.086
-0.610,-0.002,-0.171
-0.713,-0.007,-0.210
-0.787,0.027,-0.174
-0.824,0.141,-0.080
-0.816,0.319,0.022
-0.775,0.496,0.096
-0.714,0.602,0.131
-0.631,0.616,0.138
-0.521,0.570,0.149
-0.401,0.509,0.196
-0.299,0.458,0.286
-0.230,0.431,0.391
-0.175,0.436,0.474
-0.105,0.487,0.526
-0.022,0.576,0.559
0.048,0.672,0.569
0.095,0.733,0.539
0.129,0.732,0.457
0.164,0.658,0.333
0.206,0.512,0.196
0.259,0.299,0.082
0.330,0.042,0.021
0.414,-0.219,0.022
0.480,-0.438,0.059
0.485,-0.567,0.094
0.402,-0.578,0.112
0.230,-0.472,0.133
0.005,-0.288,0.168
-0.209,-0.086,0.195
-0.346,0.076,0.173
-0.376,0.170,0.094
-0.329,0.203,-0.011
-0.253,0.212,-0.089
-0.177,0.241,-0.100
-0.100,0.312,-0.036
-0.021,0.405,0.084
0.044,0.477,0.220
0.088,0.504,0.330
0.121,0.503,0.394
0.163,0.508,0.406
0.216,0.545,0.374
0.267,0.610,0.324
0.300,0.677,0.295
0.300,0.710,0.318
0.255,0.681,0.376
0.165,0.576,0.409
0.044,0.409,0.365
-0.074,0.210,0.255
-0.154,0.019,0.137
-0.171,-0.126,0.061
-0.120,-0.199,0.028
-0.014,-0.205,-0.003
0.115,-0.188,-0.061
0.238,-0.204,-0.128
0.333,-0.267,-0.157
0.394,-0.344,-0.111
0.423,-0.393,0.003
0.416,-0.399,0.141
0.366,-0.376,0.255
0.279,-0.329,0.317
0.186,-0.249,0.330
0.125,-0.140,0.311
0.121,-0.034,0.266
0.161,0.030,0.186
0.202,0.046,0.074
0.203,0.045,-0.033
0.144,0.058,-0.069
0.041,0.097,0.010
-0.073,0.145,0.176
-0.158,0.170,0.340
-0.196,0.148,0.419
-0.193,0.075,0.394
-0.180,-0.019,0.305
-0.192,-0.085,0.201
-0.252,-0.088,0.108
-0.362,-0.024,0.035
-0.501,0.076,-0.010
-0.630,0.188,-0.016
-0.698,0.299,0.011
-0.659,0.393,0.048
-0.501,0.440,0.061
-0.268,0.410,0.026
-0.044,0.292,-0.062
0.095,0.114,-0.179
0.128,-0.074,-0.272
0.093,-0.223,-0.289
0.055,-0.309,-0.223
0.077,-0.330,-0.119
0.201,-0.304,-0.041
0.413,-0.251,-0.016
0.646,-0.192,-0.029
0.805,-0.143,-0.039
0.832,-0.114,-0.014
0.738,-0.113,0.047
0.589,-0.137,0.111
0.446,-0.167,0.142
0.328,-0.163,0.132
0.218,-0.089,0.107
0.100,0.066,0.093
-0.009,0.272,0.092
-0.078,0.466,0.088
-0.092,0.591,0.073
-0.059,0.612,0.058
-0.009,0.539,0.058
0.022,0.408,0.075
-0.003,0.263,0.101
-0.103,0.123,0.128
-0.263,-0.012,0.151
-0.431,-0.141,0.167
-0.547,-0.255,0.163
-0.585,-0.341,0.133
-0.560,-0.393,0.076
-0.500,-0.417,0.003
-0.428,-0.412,-0.077
-0.354,-0.372,-0.151
-0.281,-0.292,-0.204
-0.216,-0.183,-0.217
-0.159,-0.065,-0.170
-0.105,0.049,-0.061
-0.049,0.160,0.085
0.010,0.276,0.217
0.067,0.403,0.286
0.113,0.533,0.274
0.146,0.647,0.205
0.173,0.718,0.123
0.202,0.724,0.060
0.232,0.666,0.025
0.246,0.570,0.017
0.229,0.477,0.033
0.186,0.419,0.076
0.137,0.406,0.137
0.108,0.410,0.182
0.102,0.381,0.171
0.110,0.276,0.083
0.124,0.086,-0.063
0.144,-0.157,-0.215
0.171,-0.400,-0.311
0.204,-0.600,-0.327
0.238,-0.735,-0.288
0.270,-0.801,-0.242
0.293,-0.791,-0.211
0.291,-0.707,-0.172
0.245,-0.560,-0.089
0.163,-0.376,0.029
0.079,-0.186,0.121
0.040,-0.025,0.128
0.076,0.073,0.051
0.186,0.094,-0.051
0.335,0.061,-0.116
0.476,0.030,-0.125
0.552,0.050,-0.091
0.524,0.121,-0.027
0.387,0.202,0.064
0.182,0.254,0.170
-0.020,0.265,0.249
-0.152,0.242,0.255
-0.189,0.189,0.182
-0.155,0.104,0.074
-0.104,-0.001,-0.013
-0.076,-0.105,-0.051
-0.083,-0.192,-0.055
-0.105,-0.279,-0.056
-0.123,-0.397,-0.081
-0.125,-0.559,-0.134
-0.119,-0.726,-0.210
-0.119,-0.843,-0.301
-0.140,-0.878,-0.388
-0.190,-0.846,-0.435
-0.257,-0.787,-0.407
-0.308,-0.719,-0.310
-0.311,-0.634,-0.192
-0.269,-0.520,-0.106
-0.222,-0.389,-0.071
-0.215,-0.267,-0.063
-0.251,-0.166,-0.068
-0.284,-0.081,-0.089
-0.261,-0.011,-0.135
-0.160,0.024,-0.188
-0.003,0.006,-0.202
0.182,-0.053,-0.148
0.370,-0.112,-0.042
0.539,-0.143,0.062
0.662,-0.150,0.118
0.718,-0.152,0.124
0.711,-0.144,0.121
0.675,-0.102,0.158
0.636,-0.016,0.240
0.597,0.093,0.323
0.533,0.182,0.352
0.419,0.232,0.313
0.262,0.260,0.241
0.094,0.298,0.184
-0.038,0.365,0.149
-0.109,0.449,0.114
-0.119,0.515,0.062
-0.089,0.533,0.005
-0.039,0.507,-0.032
0.016,0.460,-0.040
0.067,0.411,-0.020
0.106,0.362,0.026
0.121,0.305,0.092
0.109,0.243,0.150
0.081,0.190,0.163
0.048,0.145,0.119
0.009,0.083,0.052
-0.044,-0.028,0.007
-0.106,-0.188,0.000
-0.153,-0.364,0.008
-0.164,-0.512,-0.006
-0.149,-0.611,-0.053
-0.145,-0.656,-0.113
-0.176,-0.659,-0.160
-0.228,-0.639,-0.185
-0.257,-0.629,-0.194
-0.234,-0.666,-0.194
-0.160,-0.750,-0.180
-0.059,-0.832,-0.144
0.048,-0.844,-0.087
0.140,-0.756,-0.026
0.199,-0.604,0.022
0.208,-0.454,0.057
0.171,-0.352,0.087
0.128,-0.294,0.108
0.128,-0.254,0.105
0.188,-0.218,0.072
0.280,-0.192,0.020
0.365,-0.187,-0.033
0.427,-0.192,-0.085
0.468,-0.183,-0.145
0.485,-0.139,-0.205
0.455,-0.064,-0.241
0.367,0.012,-0.230
0.253,0.052,-0.180
0.178,0.033,-0.131
0.184,-0.046,-0.124
0.261,-0.165,-0.164
0.353,-0.280,-0.216
0.396,-0.341,-0.232
0.354,-0.314,-0.194
0.229,-0.210,-0.130
0.069,-0.082,-0.073
-0.066,0.010,-0.031
-0.130,0.042,-0.001
-0.105,0.035,0.009
0.001,0.034,-0.027
0.157,0.063,-0.109
0.313,0.114,-0.185
0.408,0.165,-0.186
0.417,0.201,-0.097
0.357,0.218,0.031
0.271,0.201,0.127
0.188,0.130,0.154
0.115,0.005,0.126
0.063,-0.130,0.074
0.050,-0.212,0.016
0.083,-0.208,-0.040
0.132,-0.146,-0.075
0.156,-0.082,-0.069
0.139,-0.053,-0.020
0.103,-0.057,0.039
0.083,-0.085,0.064
0.089,-0.143,0.042
0.109,-0.236,0.002
0.126,-0.345,-0.019
0.135,-0.432,-0.022
0.125,-0.481,-0.041
0.082,-0.509,-0.102
0.002,-0.550,-0.198
-0.081,-0.605,-0.285
-0.104,-0.638,-0.314
-0.023,-0.609,-0.264
0.145,-0.514,-0.159
0.323,-0.384,-0.055
0.438,-0.260,-0.000
0.464,-0.166,-0.001
0.422,-0.104,-0.026
0.349,-0.067,-0.052
0.269,-0.046,-0.087
0.192,-0.027,-0.143
0.125,0.012,-0.205
0.064,0.088,-0.229
0.007,0.205,-0.187
-0.052,0.343,-0.089
-0.116,0.459,0.014
-0.183,0.501,0.071
-0.243,0.437,0.055
-0.276,0.281,-0.027
-0.260,0.094,-0.135
-0.190,-0.052,-0.218
-0.090,-0.110,-0.246
0.007,-0.080,-0.220
0.080,0.000,-0.159
0.128,0.072,-0.074
0.155,0.085,0.030
0.165,0.018,0.131
0.166,-0.104,0.189
0.173,-0.235,0.166
0.199,-0.324,0.072
0.239,-0.347,-0.039
0.274,-0.299,-0.101
0.286,-0.191,-0.084
0.271,-0.056,-0.020
0.237,0.063,0.030
0.193,0.124,0.018
0.142,0.123,-0.059
0.083,0.093,-0.156
0.018,0.073,-0.214
-0.043,0.076,-0.206
-0.085,0.086,-0.153
-0.100,0.076,-0.106
-0.095,0.041,-0.105
-0.088,-0.008,-0.139
-0.094,-0.051,-0.164
-0.119,-0.071,-0.146
-0.164,-0.066,-0.096
-0.226,-0.053,-0.044
-0.295,-0.054,-0.002
-0.350,-0.088,0.040
-0.363,-0.151,0.085
-0.320,-0.223,0.105
-0.237,-0.285,0.061
-0.163,-0.333,-0.050
-0.145,-0.367,-0.176
-0.196,-0.376,-0.251
-0.281,-0.338,-0.240
-0.348,-0.250,-0.167
-0.364,-0.140,-0.077
-0.336,-0.060,-0.012
-0.296,-0.038,0.016
-0.268,-0.060,0.022
-0.267,-0.087,0.035
-0.295,-0.093,0.067
-0.349,-0.080,0.101
-0.412,-0.063,0.098
-0.467,-0.048,0.044
-0.499,-0.027,-0.031
-0.508,0.003,-0.080
-0.490,0.042,-0.083
-0.439,0.091,-0.057
-0.354,0.153,-0.030
-0.257,0.219,-0.012
-0.182,0.271,0.007
-0.149,0.293,0.042
-0.150,0.281,0.110
-0.169,0.241,0.221
-0.196,0.194,0.349
-0.221,0.166,0.437
-0.232,0.185,0.432
-0.219,0.258,0.341
-0.187,0.361,0.229
-0.155,0.452,0.156
-0.132,0.494,0.131
-0.118,0.473,0.115
-0.114,0.391,0.077
-0.121,0.269,0.028
-0.143,0.145,0.000
-0.166,0.069,0.017
-0.179,0.068,0.065
-0.193,0.122,0.109
-0.239,0.180,0.116
-0.338,0.207,0.081
-0.481,0.206,0.030
-0.631,0.207,0.005
-0.743,0.225,0.024
-0.791,0.246,0.076
-0.776,0.249,0.126
-0.720,0.231,0.144
-0.655,0.215,0.126
-0.604,0.223,0.094
-0.578,0.262,0.074
-0.574,0.313,0.080
-0.581,0.344,0.098
-0.583,0.340,0.114
-0.569,0.302,0.128
-0.536,0.250,0.156
-0.496,0.206,0.205
-0.455,0.178,0.259
-0.412,0.162,0.284
-0.362,0.140,0.260
-0.304,0.101,0.193
-0.242,0.042,0.115
-0.177,-0.022,0.058
-0.104,-0.082,0.028
-0.021,-0.135,0.006
0.053,-0.182,-0.022
0.089,-0.215,-0.054
0.065,-0.213,-0.066
-0.010,-0.158,-0.043
-0.105,-0.059,0.011
-0.191,0.050,0.080
-0.257,0.123,0.134
-0.303,0.134,0.156
-0.334,0.085,0.152
-0.354,0.001,0.151
-0.374,-0.082,0.177
-0.405,-0.137,0.224
-0.450,-0.145,0.256
-0.497,-0.106,0.246
-0.535,-0.034,0.199
-0.570,0.048,0.148
-0.623,0.119,0.119
-0.708,0.168,0.116
-0.827,0.191,0.125
-0.961,0.190,0.137
-1.086,0.170,0.153
-1.173,0.145,0.171
-1.194,0.129,0.178
-1.141,0.130,0.148
-1.033,0.136,0.072
-0.913,0.129,-0.031
-0.820,0.105,-0.118
-0.774,0.079,-0.153
-0.769,0.074,-0.137
-0.779,0.101,-0.106
-0.781,0.152,-0.092
-0.751,0.210,-0.093
-0.679,0.261,-0.082
-0.571,0.304,-0.036
-0.449,0.341,0.035
-0.344,0.365,0.110
-0.278,0.356,0.174
-0.253,0.299,0.220
-0.249,0.210,0.250
-0.236,0.132,0.266
-0.201,0.105,0.273
-0.155,0.132,0.282
-0.119,0.184,0.295
-0.100,0.224,0.304
-0.090,0.239,0.304
-0.074,0.235,0.292
-0.060,0.227,0.274
-0.063,0.226,0.255
-0.097,0.239,0.244
-0.155,0.269,0.241
-0.221,0.301,0.244
-0.279,0.313,0.243
-0.317,0.289,0.237
-0.332,0.225,0.221
-0.325,0.139,0.191
-0.306,0.048,0.144
-0.287,-0.027,0.085
-0.280,-0.074,0.033
-0.283,-0.090,0.009
-0.281,-0.081,0.023
-0.263,-0.061,0.064
-0.224,-0.048,0.104
-0.178,-0.053,0.121
-0.149,-0.083,0.108
-0.163,-0.131,0.086
-0.231,-0.178,0.077
-0.344,-0.201,0.092
-0.467,-0.197,0.121
-0.563,-0.180,0.147
-0.615,-0.167,0.160
-0.637,-0.164,0.160
-0.651,-0.154,0.167
-0.666,-0.121,0.199
-0.673,-0.069,0.260
-0.657,-0.009,0.337
-0.613,0.046,0.396
-0.547,0.093,0.410
-0.475,0.131,0.366
-0.416,0.147,0.270
-0.385,0.129,0.148
-0.391,0.069,0.038
-0.432,-0.017,-0.026
-0.479,-0.097,-0.034
-0.493,-0.144,-0.003
-0.448,-0.147,0.038
-0.339,-0.120,0.065
-0.193,-0.091,0.070
-0.045,-0.086,0.063
0.073,-0.114,0.062
0.133,-0.168,0.070
0.119,-0.232,0.083
0.035,-0.290,0.089
-0.081,-0.330,0.085
-0.181,-0.341,0.075
-0.229,-0.313,0.054
-0.222,-0.245,0.017
-0.175,-0.148,-0.024
-0.116,-0.050,-0.037
-0.063,0.022,0.007
-0.024,0.053,0.094
-0.001,0.039,0.183
0.014,-0.005,0.235
0.022,-0.061,0.247
0.024,-0.104,0.244
0.020,-0.118,0.238
0.016,-0.102,0.220
0.013,-0.077,0.175
0.002,-0.068,0.109
-0.031,-0.083,0.063
-0.094,-0.104,0.071
-0.175,-0.102,0.125
-0.253,-0.065,0.167
-0.319,-0.015,0.145
-0.372,0.010,0.062
-0.409,-0.012,-0.030
-0.419,-0.069,-0.085
-0.391,-0.134,-0.110
-0.331,-0.183,-0.138
-0.270,-0.218,-0.176
-0.240,-0.247,-0.186
-0.252,-0.265,-0.127
-0.294,-0.249,-0.006
-0.347,-0.183,0.118
-0.407,-0.078,0.184
-0.476,0.028,0.181
-0.541,0.111,0.153
-0.569,0.170,0.144
-0.532,0.214,0.161
-0.439,0.231,0.173
-0.327,0.195,0.152
-0.230,0.093,0.102
-0.149,-0.042,0.056
-0.063,-0.154,0.043
0.034,-0.205,0.057
0.128,-0.201,0.065
0.194,-0.169,0.041
0.227,-0.129,-0.004
0.237,-0.086,-0.040
0.248,-0.042,-0.054
0.272,-0.009,-0.059
0.310,-0.005,-0.071
0.349,-0.039,-0.086
0.378,-0.102,-0.086
0.392,-0.165,-0.065
0.386,-0.194,-0.042
0.352,-0.173,-0.046
0.281,-0.112,-0.084
0.173,-0.029,-0.128
0.040,0.065,-0.136
-0.098,0.166,-0.091
-0.220,0.268,-0.009
-0.311,0.354,0.075
-0.356,0.410,0.149
-0.349,0.427,0.220
-0.295,0.409,0.280
-0.215,0.364,0.294
-0.140,0.294,0.230
-0.109,0.204,0.104
-0.148,0.101,-0.027
-0.249,0.006,-0.104
-0.366,-0.056,-0.111
-0.442,-0.080,-0.082
-0.446,-0.088,-0.056
-0.387,-0.108,-0.056
-0.287,-0.148,-0.082
-0.166,-0.192,-0.119
-0.034,-0.219,-0.153
0.091,-0.227,-0.180
0.177,-0.223,-0.205
0.203,-0.203,-0.230
0.181,-0.148,-0.249
0.145,-0.047,-0.244
0.129,0.085,-0.204
0.150,0.214,-0.142
0.207,0.311,-0.083
0.294,0.366,-0.047
0.406,0.380,-0.033
0.525,0.352,-0.030
0.624,0.285,-0.025
0.686,0.192,-0.010
0.710,0.092,0.011
0.706,0.006,0.028
0.677,-0.050,0.030
0.617,-0.067,0.015
0.526,-0.048,-0.005
0.416,-0.010,-0.019
0.307,0.019,-0.024
0.212,0.019,-0.038
0.126,-0.007,-0.080
0.044,-0.035,-0.162
-0.030,-0.039,-0.265
-0.078,-0.009,-0.349
-0.085,0.042,-0.377
-0.052,0.091,-0.342
0.006,0.110,-0.274
0.069,0.088,-0.213
0.123,0.036,-0.176
0.167,-0.017,-0.163
0.204,-0.039,-0.169
0.239,-0.017,-0.190
0.265,0.037,-0.216
0.275,0.093,-0.223
0.268,0.126,-0.201
0.252,0.130,-0.160
0.246,0.109,-0.130
0.262,0.071,-0.139
0.302,0.025,-0.191
0.363,-0.010,-0.267
0.426,-0.009,-0.319
0.466,0.042,-0.308
0.464,0.140,-0.231
0.423,0.255,-0.140
0.374,0.358,-0.099
0.350,0.427,-0.121
0.365,0.459,-0.160
0.416,0.468,-0.162
0.490,0.470,-0.122
0.578,0.470,-0.078
0.661,0.450,-0.052
0.721,0.386,-0.033
0.755,0.279,-0.005
0.778,0.165,0.015
0.810,0.087,-0.000
0.841,0.061,-0.044
0.846,0.076,-0.070
0.817,0.127,-0.041
0.776,0.218,0.026
0.755,0.336,0.079
0.764,0.434,0.083
0.780,0.458,0.052
0.785,0.400,0.018
0.779,0.303,-0.003
0.767,0.218,-0.031
0.740,0.163,-0.095
0.675,0.122,-0.198
0.567,0.076,-0.309
0.441,0.028,-0.384
0.341,-0.009,-0.406
0.289,-0.033,-0.390
0.270,-0.043,-0.362
0.254,-0.030,-0.333
0.229,0.025,-0.296
0.204,0.132,-0.240
0.196,0.269,-0.173
0.205,0.391,-0.126
0.222,0.459,-0.133
0.244,0.462,-0.196
0.283,0.420,-0.277
0.348,0.367,-0.315
0.425,0.332,-0.279
0.486,0.329,-0.196
0.514,0.353,-0.127
0.518,0.384,-0.108
0.521,0.399,-0.121
0.543,0.394,-0.122
0.596,0.382,-0.104
0.689,0.378,-0.098
0.809,0.382,-0.132
0.913,0.371,-0.181
0.957,0.335,-0.193
0.932,0.287,-0.147
0.881,0.253,-0.076
0.858,0.234,-0.030
0.873,0.198,-0.032
0.891,0.117,-0.064
0.875,0.007,-0.104
0.831,-0.087,-0.142
0.797,-0.129,-0.179
0.807,-0.120,-0.206
0.862,-0.075,-0.207
0.945,0.001,-0.173
1.031,0.114,-0.119
1.100,0.245,-0.073
1.125,0.356,-0.058
1.089,0.413,-0.075
1.001,0.419,-0.105
0.892,0.407,-0.125
0.797,0.410,-0.126
0.730,0.434,-0.122
0.684,0.461,-0.134
0.646,0.478,-0.161
0.609,0.479,-0.174
0.573,0.474,-0.146
0.546,0.477,-0.085
0.533,0.494,-0.036
0.535,0.521,-0.031
0.551,0.552,-0.058
0.575,0.584,-0.074
0.597,0.621,-0.055
0.608,0.651,-0.021
0.599,0.645,-0.011
0.574,0.568,-0.042
0.549,0.427,-0.096
0.540,0.269,-0.148
0.549,0.159,-0.190
0.563,0.132,-0.227
0.559,0.179,-0.251
0.524,0.255,-0.238
0.467,0.322,-0.177
0.410,0.364,-0.099
0.371,0.391,-0.057
0.342,0.416,-0.077
0.303,0.446,-0.129
0.254,0.479,-0.156
0.225,0.506,-0.127
0.253,0.517,-0.067
0.340,0.494,-0.033
0.442,0.427,-0.075
0.513,0.324,-0.192
0.543,0.223,-0.329
0.546,0.171,-0.410
0.541,0.194,-0.399
0.529,0.285,-0.321
0.513,0.412,-0.234
0.503,0.540,-0.182
0.509,0.644,-0.160
0.529,0.707,-0.143
0.546,0.724,-0.122
0.544,0.694,-0.106
0.520,0.619,-0.113
0.492,0.503,-0.142
0.491,0.365,-0.178
0.535,0.236,-0.206
0.610,0.146,-0.216
0.673,0.104,-0.213
0.689,0.099,-0.210
0.651,0.111,-0.216
0.587,0.128,-0.223
0.531,0.156,-0.219
0.497,0.207,-0.205
0.476,0.291,-0.192
0.446,0.405,-0.184
0.392,0.529,-0.170
0.310,0.635,-0.137
0.212,0.701,-0.102
0.121,0.723,-0.100
0.059,0.704,-0.153
0.033,0.654,-0.243
0.029,0.591,-0.333
0.032,0.557,-0.389
0.027,0.599,-0.397
0.008,0.731,-0.351
-0.023,0.919,-0.253
-0.052,1.095,-0.113
-0.057,1.206,0.042
-0.027,1.230,0.169
0.018,1.173,0.220
0.039,1.055,0.178
0.012,0.905,0.076
-0.055,0.741,-0.023
-0.123,0.569,-0.075
-0.143,0.382,-0.091
-0.093,0.187,-0.112
0.014,0.014,-0.160
0.139,-0.094,-0.216
0.249,-0.105,-0.242
0.338,-0.022,-0.219
0.414,0.114,-0.169
0.480,0.248,-0.128
0.529,0.331,-0.121
0.554,0.352,-0.148
0.554,0.342,-0.188
0.531,0.341,-0.226
0.481,0.371,-0.261
0.396,0.422,-0.296
0.281,0.477,-0.314
0.153,0.532,-0.291
0.030,0.590,-0.222
-0.083,0.651,-0.139
-0.185,0.703,-0.080
-0.277,0.728,-0.054
-0.358,0.715,-0.028
-0.421,0.672,0.021
-0.458,0.621,0.076
-0.476,0.577,0.083
-0.506,0.539,0.016
-0.591,0.494,-0.087
-0.748,0.442,-0.162
-0.944,0.395,-0.180
-1.113,0.363,-0.163
-1.199,0.335,-0.149
-1.191,0.298,-0.153
-1.106,0.269,-0.167
-0.971,0.285,-0.199
-0.806,0.370,-0.272
-0.643,0.492,-0.395
-0.514,0.593,-0.534
-0.431,0.646,-0.630
-0.355,0.670,-0.638
-0.228,0.693,-0.559
-0.010,0.712,-0.428
0.280,0.694,-0.288
0.587,0.626,-0.161
0.853,0.535,-0.057
1.050,0.455,0.018
1.175,0.390,0.062
1.227,0.316,0.080
1.199,0.207,0.093
1.103,0.063,0.126
0.974,-0.098,0.193
0.859,-0.247,0.270
0.774,-0.348,0.312
0.680,-0.372,0.285
0.509,-0.296,0.205
0.216,-0.120,0.120
-0.181,0.123,0.063
-0.607,0.375,0.016
-0.975,0.571,-0.062
-1.218,0.668,-0.170
-1.309,0.666,-0.262
-1.244,0.602,-0.286
-1.043,0.521,-0.247
-0.759,0.439,-0.201
-0.479,0.346,-0.199
-0.294,0.222,-0.246
-0.244,0.074,-0.302
-0.301,-0.063,-0.324
-0.399,-0.157,-0.309
-0.477,-0.200,-0.285
-0.500,-0.205,-0.274
-0.449,-0.175,-0.270
-0.311,-0.092,-0.246
-0.091,0.065,-0.182
0.175,0.290,-0.088
0.423,0.531,0.014
0.587,0.722,0.099
0.629,0.820,0.137
0.550,0.830,0.106
0.362,0.791,0.014
0.074,0.748,-0.097
-0.291,0.721,-0.174
-0.668,0.706,-0.185
-0.955,0.683,-0.142
-1.076,0.628,-0.086
-1.024,0.524,-0.067
-0.859,0.370,-0.114
-0.663,0.185,-0.207
-0.507,-0.004,-0.282
-0.437,-0.166,-0.268
-0.459,-0.271,-0.141
-0.528,-0.284,0.057
-0.563,-0.184,0.251
-0.516,0.007,0.393
-0.408,0.224,0.461
-0.312,0.394,0.450
-0.285,0.483,0.355
-0.333,0.495,0.197
-0.423,0.440,0.031
-0.505,0.326,-0.085
-0.542,0.171,-0.144
-0.522,0.010,-0.194
-0.481,-0.118,-0.294
-0.490,-0.202,-0.452
-0.608,-0.245,-0.623
-0.831,-0.246,-0.747
-1.089,-0.207,-0.786
-1.289,-0.154,-0.735
-1.362,-0.141,-0.612
-1.279,-0.213,-0.451
-1.047,-0.370,-0.284
-0.694,-0.558,-0.129
-0.268,-0.708,0.018
0.173,-0.766,0.173
0.572,-0.701,0.352
0.880,-0.507,0.544
1.057,-0.207,0.719
1.071,0.147,0.841
0.924,0.492,0.887
0.655,0.776,0.864
0.343,0.975,0.787
0.066,1.083,0.678
-0.139,1.097,0.552
-0.289,1.009,0.416
-0.425,0.811,0.258
-0.566,0.508,0.058
-0.690,0.121,-0.173
-0.769,-0.308,-0.387
-0.799,-0.732,-0.522
-0.817,-1.104,-0.555
-0.861,-1.382,-0.518
-0.939,-1.549,-0.464
-1.018,-1.604,-0.419
-1.057,-1.557,-0.376
-1.030,-1.410,-0.300
-0.940,-1.174,-0.174
-0.804,-0.887,-0.014
-0.640,-0.621,0.127
-0.471,-0.448,0.192
-0.324,-0.391,0.160
-0.219,-0.402,0.056
-0.156,-0.405,-0.070
-0.118,-0.336,-0.170
-0.092,-0.178,-0.212
-0.078,0.038,-0.178
-0.079,0.263,-0.068
-0.084,0.451,0.094
-0.065,0.566,0.265
-0.005,0.585,0.398
0.077,0.495,0.463
0.132,0.302,0.446
0.110,0.036,0.344
-0.007,-0.254,0.164
-0.200,-0.521,-0.059
-0.414,-0.733,-0.251
-0.586,-0.867,-0.325
-0.668,-0.901,-0.236
-0.645,-0.830,-0.024
-0.545,-0.676,0.208
-0.423,-0.489,0.367
-0.337,-0.326,0.421
-0.317,-0.210,0.399
-0.357,-0.129,0.348
-0.425,-0.053,0.281
-0.488,0.031,0.189
-0.525,0.117,0.065
-0.527,0.198,-0.066
-0.491,0.271,-0.166
-0.434,0.340,-0.220
-0.407,0.387,-0.250
-0.484,0.376,-0.285
-0.706,0.270,-0.328
-1.034,0.069,-0.348
-1.350,-0.188,-0.324
-1.526,-0.444,-0.272
-1.500,-0.653,-0.233
-1.294,-0.794,-0.231
-0.978,-0.869,-0.248
-0.625,-0.893,-0.241
-0.292,-0.884,-0.180
-0.026,-0.854,-0.065
0.151,-0.813,0.073
0.256,-0.771,0.199
0.344,-0.733,0.287
0.462,-0.691,0.323
0.607,-0.626,0.310
0.733,-0.520,0.268
0.794,-0.371,0.235
0.791,-0.203,0.261
0.760,-0.059,0.364
0.728,0.030,0.512
0.673,0.059,0.631
0.545,0.046,0.653
0.313,0.019,0.559
-0.001,-0.008,0.387
-0.320,-0.029,0.196
-0.559,-0.049,0.034
-0.677,-0.071,-0.076
-0.695,-0.099,-0.126
-0.670,-0.138,-0.124
-0.643,-0.195,-0.083
-0.613,-0.281,-0.020
-0.553,-0.408,0.055
-0.446,-0.574,0.129
-0.307,-0.748,0.192
-0.173,-0.875,0.234
-0.089,-0.912,0.249
-0.089,-0.856,0.227
-0.187,-0.740,0.164
-0.370,-0.608,0.072
-0.605,-0.484,-0.013
-0.854,-0.376,-0.050
-1.078,-0.279,-0.027
-1.251,-0.188,0.022
-1.353,-0.102,0.046
-1.377,-0.030,0.011
-1.321,0.012,-0.079
-1.180,0.010,-0.186
-0.947,-0.040,-0.260
-0.632,-0.124,-0.267
-0.272,-0.225,-0.207
0.070,-0.328,-0.113
0.335,-0.416,-0.020
0.501,-0.475,0.056
0.588,-0.494,0.126
0.650,-0.475,0.195
0.735,-0.423,0.260
0.856,-0.350,0.307
0.977,-0.265,0.322
1.034,-0.179,0.300
0.969,-0.100,0.242
0.762,-0.026,0.161
0.432,0.056,0.078
0.026,0.160,0.020
-0.399,0.296,0.002
-0.792,0.459,0.027
-1.108,0.632,0.087
-1.314,0.776,0.173
-1.395,0.847,0.263
-1.346,0.811,0.322
-1.179,0.666,0.318
-0.931,0.438,0.254
-0.665,0.161,0.172
-0.450,-0.138,0.120
-0.323,-0.441,0.104
-0.274,-0.733,0.085
-0.265,-0.997,0.024
-0.252,-1.216,-0.058
-0.202,-1.363,-0.103
-0.086,-1.407,-0.069
0.109,-1.335,0.024
0.362,-1.174,0.112
0.612,-0.986,0.145
0.798,-0.828,0.128
0.889,-0.721,0.102
0.903,-0.654,0.093
0.871,-0.612,0.095
0.808,-0.584,0.081
0.710,-0.551,0.047
0.576,-0.470,0.021
0.423,-0.291,0.034
0.268,-0.007,0.083
0.110,0.322,0.132
-0.071,0.593,0.151
-0.284,0.719,0.151
-0.502,0.676,0.167
-0.671,0.509,0.216
-0.748,0.291,0.274
-0.732,0.080,0.302
-0.650,-0.102,0.282
-0.527,-0.256,0.229
-0.365,-0.392,0.176
-0.162,-0.516,0.147
0.062,-0.633,0.145
0.261,-0.739,0.150
0.398,-0.819,0.141
0.473,-0.848,0.113
0.518,-0.805,0.083
0.562,-0.685,0.080
0.610,-0.496,0.124
0.648,-0.259,0.207
0.661,0.000,0.293
0.639,0.239,0.333
0.574,0.404,0.297
0.451,0.457,0.197
0.274,0.393,0.079
0.072,0.245,-0.012
-0.111,0.073,-0.057
-0.242,-0.064,-0.064
-0.319,-0.127,-0.040
-0.351,-0.108,0.016
-0.343,-0.036,0.106
-0.289,0.038,0.207
-0.195,0.067,0.278
-0.092,0.032,0.286
-0.020,-0.044,0.229
0.000,-0.113,0.136
-0.015,-0.130,0.057
-0.034,-0.083,0.025
-0.028,0.002,0.041
0.014,0.078,0.076
0.091,0.106,0.093
0.199,0.065,0.077
0.328,-0.041,0.048
0.464,-0.194,0.027
0.587,-0.367,0.015
0.675,-0.535,-0.010
0.712,-0.675,-0.055
0.682,-0.760,-0.094
0.578,-0.768,-0.086
0.420,-0.691,-0.018
0.251,-0.546,0.083
0.110,-0.378,0.161
0.012,-0.236,0.172
-0.059,-0.145,0.112
-0.122,-0.085,0.019
-0.173,-0.021,-0.053
-0.197,0.067,-0.071
-0.188,0.173,-0.035
-0.154,0.280,0.024
-0.113,0.375,0.068
-0.078,0.455,0.078
-0.055,0.512,0.052
-0.043,0.539,0.006
-0.032,0.530,-0.041
-0.008,0.494,-0.072
0.035,0.439,-0.067
0.093,0.367,-0.014
0.154,0.269,0.083
0.214,0.134,0.202
0.272,-0.043,0.309
0.329,-0.249,0.375
0.380,-0.449,0.383
0.408,-0.604,0.340
0.397,-0.688,0.274
0.341,-0.703,0.221
0.258,-0.667,0.207
0.180,-0.591,0.233
0.132,-0.471,0.271
0.116,-0.301,0.294
0.117,-0.089,0.289
0.117,0.141,0.257
0.118,0.356,0.196
0.130,0.531,0.095
0.162,0.650,-0.037
0.216,0.704,-0.161
0.289,0.690,-0.224
0.384,0.617,-0.203
0.500,0.497,-0.123
0.613,0.344,-0.041
0.688,0.176,-0.006
0.687,0.016,-0.028
0.600,-0.110,-0.073
0.444,-0.188,-0.090
0.258,-0.223,-0.063
0.085,-0.237,-0.024
-0.037,-0.246,-0.021
-0.093,-0.253,-0.055
-0.104,-0.244,-0.074
-0.105,-0.208,-0.034
-0.115,-0.147,0.052
-0.119,-0.076,0.121
-0.093,-0.018,0.132
-0.030,0.014,0.099
0.057,0.026,0.066
0.155,0.043,0.068
0.257,0.079,0.118
0.343,0.112,0.205
0.385,0.110,0.290
0.367,0.073,0.317
0.307,0.039,0.261
0.237,0.042,0.155
0.182,0.068,0.072
0.153,0.074,0.050
0.155,0.028,0.071
0.175,-0.069,0.087
0.181,-0.193,0.069
0.132,-0.319,0.014
0.012,-0.417,-0.067
-0.155,-0.449,-0.158
-0.327,-0.390,-0.237
-0.473,-0.244,-0.282
-0.573,-0.046,-0.280
-0.621,0.168,-0.229
-0.610,0.363,-0.132
-0.542,0.508,-0.008
-0.425,0.576,0.106
-0.278,0.566,0.179
-0.135,0.516,0.206
-0.034,0.474,0.210
0.008,0.474,0.216
0.010,0.518,0.222
0.017,0.575,0.207
0.074,0.602,0.158
0.205,0.553,0.096
0.400,0.415,0.064
0.630,0.217,0.088
0.844,0.018,0.147
0.992,-0.137,0.188
1.041,-0.241,0.164
0.993,-0.321,0.078
0.872,-0.397,-0.017
0.713,-0.466,-0.067
0.550,-0.510,-0.071
0.407,-0.512,-0.068
0.285,-0.468,-0.093
0.164,-0.376,-0.131
0.022,-0.231,-0.126
-0.141,-0.028,-0.046
-0.291,0.219,0.085
-0.382,0.475,0.198
-0.391,0.696,0.248
-0.324,0.854,0.242
-0.209,0.956,0.229
-0.076,1.026,0.245
0.055,1.073,0.283
0.173,1.077,0.315
0.270,1.017,0.330
0.334,0.900,0.343
0.350,0.766,0.355
0.311,0.659,0.326
0.222,0.594,0.211
0.096,0.542,0.019
-0.055,0.464,-0.169
-0.210,0.352,-0.267
-0.332,0.231,-0.249
-0.384,0.137,-0.168
-0.353,0.071,-0.097
-0.264,0.009,-0.074
-0.164,-0.065,-0.087
-0.086,-0.145,-0.110
-0.040,-0.212,-0.128
-0.012,-0.270,-0.139
0.020,-0.336,-0.136
0.082,-0.410,-0.104
0.195,-0.458,-0.042
0.361,-0.438,0.024
0.544,-0.339,0.060
0.688,-0.187,0.053
0.753,-0.024,0.027
0.746,0.118,0.021
0.703,0.234,0.051
0.653,0.328,0.096
0.589,0.400,0.114
0.494,0.449,0.073
0.374,0.474,-0.012
0.265,0.490,-0.088
0.198,0.513,-0.100
0.172,0.549,-0.032
0.166,0.585,0.083
0.169,0.590,0.194
0.190,0.541,0.259
0.237,0.436,0.267
0.289,0.307,0.230
0.305,0.202,0.173
0.261,0.158,0.112
0.171,0.180,0.061
0.074,0.240,0.028
0.000,0.304,0.028
-0.045,0.350,0.061
-0.065,0.368,0.101
-0.056,0.348,0.106
-0.007,0.278,0.057
0.075,0.159,-0.028
0.164,0.013,-0.110
0.233,-0.115,-0.172
0.277,-0.190,-0.224
0.302,-0.199,-0.279
0.307,-0.155,-0.323
0.275,-0.077,-0.323
0.194,0.030,-0.257
0.071,0.168,-0.137
-0.059,0.330,-0.001
-0.155,0.485,0.118
-0.188,0.603,0.203
-0.161,0.669,0.248
-0.095,0.694,0.240
-0.025,0.697,0.171
0.016,0.682,0.057
0.009,0.647,-0.043
-0.039,0.593,-0.060
-0.094,0.536,0.026
-0.112,0.485,0.166
-0.078,0.427,0.276
-0.013,0.334,0.304
0.048,0.197,0.252
0.092,0.042,0.167
0.126,-0.078,0.088
0.151,-0.125,0.026
0.145,-0.094,-0.033
0.094,-0.015,-0.100
0.023,0.082,-0.163
-0.024,0.171,-0.198
-0.021,0.231,-0.199
0.018,0.249,-0.190
0.055,0.228,-0.206
0.062,0.198,-0.253
0.035,0.201,-0.298
-0.004,0.268,-0.301
-0.036,0.395,-0.251
-0.052,0.539,-0.182
-0.052,0.646,-0.135
-0.043,0.675,-0.135
-0.028,0.623,-0.167
-0.009,0.522,-0.215
0.010,0.417,-0.262
0.016,0.339,-0.302
0.001,0.289,-0.317
-0.035,0.260,-0.293
-0.082,0.254,-0.224
-0.128,0.287,-0.119
-0.168,0.369,0.005
-0.196,0.491,0.125
-0.201,0.615,0.209
-0.169,0.703,0.228
-0.088,0.731,0.173
0.041,0.707,0.071
0.196,0.661,-0.026
0.335,0.624,-0.076
0.425,0.613,-0.070
0.462,0.630,-0.029
0.473,0.664,0.016
0.487,0.709,0.051
0.508,0.757,0.076
0.513,0.802,0.090
0.473,0.833,0.074
0.382,0.835,0.003
0.257,0.794,-0.114
0.132,0.708,-0.223
0.041,0.596,-0.261
0.010,0.489,-0.218
0.033,0.416,-0.145
0.071,0.388,-0.099
0.061,0.391,-0.088
-0.032,0.409,-0.071
-0.192,0.443,-0.016
-0.353,0.501,0.059
-0.448,0.578,0.106
-0.459,0.637,0.104
-0.411,0.642,0.071
-0.345,0.587,0.039
-0.284,0.507,0.025
-0.235,0.442,0.025
-0.204,0.407,0.025
-0.191,0.396,0.015
-0.179,0.408,-0.006
-0.145,0.452,-0.024
-0.087,0.528,-0.024
-0.036,0.607,-0.010
-0.030,0.653,-0.000
-0.074,0.643,-0.009
-0.136,0.579,-0.027
-0.162,0.476,-0.047
-0.123,0.352,-0.077
-0.031,0.231,-0.130
0.067,0.142,-0.187
0.113,0.104,-0.200
0.076,0.121,-0.138
-0.028,0.181,-0.027
-0.156,0.261,0.066
-0.264,0.339,0.096
-0.328,0.403,0.073
-0.348,0.457,0.041
-0.328,0.521,0.029
-0.283,0.601,0.028
-0.232,0.666,0.017
-0.196,0.663,-0.011
-0.176,0.563,-0.041
-0.159,0.395,-0.069
-0.135,0.221,-0.114
-0.118,0.097,-0.191
-0.135,0.047,-0.282
-0.201,0.066,-0.344
-0.290,0.142,-0.343
-0.357,0.250,-0.282
-0.375,0.352,-0.198
-0.356,0.399,-0.126
-0.336,0.374,-0.092
-0.344,0.300,-0.097
-0.381,0.232,-0.125
-0.427,0.216,-0.145
-0.460,0.255,-0.136
-0.458,0.324,-0.099
-0.397,0.393,-0.054
-0.277,0.449,-0.025
-0.123,0.501,-0.022
0.014,0.555,-0.036
0.092,0.620,-0.046
0.104,0.696,-0.026
0.077,0.770,0.026
0.046,0.815,0.089
0.028,0.813,0.128
0.013,0.769,0.125
-0.021,0.709,0.096
-0.082,0.664,0.069
-0.149,0.652,0.055
-0.194,0.672,0.042
-0.204,0.705,0.020
-0.200,0.718,-0.005
-0.209,0.682,-0.018
-0.230,0.589,-0.018
-0.237,0.454,-0.023
-0.208,0.306,-0.044
-0.143,0.173,-0.074
-0.065,0.076,-0.084
-0.004,0.026,-0.055
0.020,0.016,0.001
-0.008,0.021,0.047
-0.083,0.007,0.051
-0.182,-0.037,0.018
-0.279,-0.098,-0.014
-0.356,-0.149,-0.013
-0.417,-0.179,0.015
-0.470,-0.193,0.033
-0.524,-0.199,0.010
-0.574,-0.194,-0.042
-0.606,-0.164,-0.085
-0.601,-0.097,-0.087
-0.555,-0.001,-0.053
-0.492,0.099,-0.018
-0.454,0.172,-0.013
-0.466,0.207,-0.042
-0.525,0.220,-0.074
-0.607,0.242,-0.076
-0.692,0.292,-0.040
-0.766,0.360,0.005
-0.817,0.424,0.025
-0.833,0.457,0.009
-0.810,0.448,-0.021
-0.758,0.396,-0.043
-0.686,0.309,-0.052
-0.596,0.196,-0.060
-0.489,0.076,-0.071
-0.378,-0.031,-0.070
-0.274,-0.108,-0.043
-0.182,-0.149,0.010
-0.100,-0.167,0.074
-0.030,-0.194,0.122
0.017,-0.253,0.139
0.034,-0.340,0.120
0.029,-0.416,0.078
0.017,-0.438,0.036
0.006,-0.386,0.015
-0.003,-0.278,0.022
-0.003,-0.157,0.039
0.020,-0.061,0.037
0.071,-0.014,0.003
0.135,-0.024,-0.048
0.179,-0.079,-0.085
0.178,-0.148,-0.093
0.123,-0.197,-0.082
0.024,-0.207,-0.075
-0.107,-0.175,-0.081
-0.251,-0.110,-0.091
-0.385,-0.026,-0.091
-0.487,0.062,-0.078
-0.551,0.130,-0.061
-0.591,0.160,-0.052
-0.624,0.153,-0.055
-0.649,0.131,-0.061
-0.650,0.114,-0.053
-0.619,0.103,-0.024
-0.573,0.090,0.009
-0.541,0.071,0.019
-0.539,0.057,-0.005
-0.547,0.055,-0.037
-0.528,0.063,-0.039
-0.456,0.073,-0.002
-0.332,0.069,0.048
-0.187,0.042,0.080
-0.068,-0.016,0.087
-0.009,-0.108,0.087
-0.014,-0.215,0.090
-0.053,-0.315,0.088
-0.086,-0.391,0.071
-0.087,-0.441,0.043
-0.060,-0.469,0.021
-0.026,-0.465,0.005
-0.002,-0.421,-0.020
-0.002,-0.347,-0.056
-0.031,-0.272,-0.083
-0.090,-0.224,-0.077
-0.160,-0.205,-0.033
-0.214,-0.204,0.022
-0.236,-0.214,0.061
-0.233,-0.236,0.073
-0.219,-0.260,0.069
-0.201,-0.262,0.057
-0.173,-0.224,0.048
-0.141,-0.154,0.058
-0.128,-0.087,0.100
-0.154,-0.049,0.165
-0.210,-0.039,0.225
-0.259,-0.037,0.251
-0.267,-0.037,0.233
-0.232,-0.046,0.184
-0.179,-0.070,0.121
-0.134,-0.102,0.065
-0.111,-0.126,0.028
-0.117,-0.141,0.014
-0.155,-0.154,0.016
-0.216,-0.170,0.027
-0.274,-0.186,0.043
-0.298,-0.198,0.061
-0.266,-0.205,0.071
-0.188,-0.206,0.067
-0.093,-0.192,0.053
-0.016,-0.153,0.055
0.021,-0.090,0.098
0.023,-0.024,0.181
0.013,0.022,0.268
0.014,0.031,0.314
0.026,0.006,0.302
0.033,-0.037,0.251
0.020,-0.073,0.186
-0.014,-0.086,0.121
-0.050,-0.078,0.059
-0.074,-0.074,0.004
-0.080,-0.095,-0.031
-0.063,-0.146,-0.032
-0.023,-0.207,0.007
0.031,-0.255,0.074
0.082,-0.288,0.136
0.110,-0.321,0.153
0.116,-0.373,0.110
0.108,-0.448,0.021
0.086,-0.534,-0.080
0.041,-0.605,-0.167
-0.029,-0.637,-0.223
-0.115,-0.616,-0.233
-0.201,-0.549,-0.187
-0.267,-0.451,-0.094
-0.294,-0.343,0.006
-0.275,-0.244,0.070
-0.222,-0.177,0.080
-0.164,-0.160,0.063
-0.126,-0.192,0.059
-0.112,-0.246,0.093
-0.107,-0.292,0.155
-0.096,-0.321,0.216
-0.073,-0.352,0.246
-0.037,-0.401,0.236
0.007,-0.458,0.199
0.045,-0.497,0.155
0.056,-0.499,0.110
0.026,-0.469,0.066
-0.033,-0.423,0.035
-0.096,-0.370,0.040
-0.134,-0.315,0.089
-0.135,-0.258,0.160
-0.106,-0.206,0.215
-0.069,-0.167,0.232
-0.047,-0.145,0.216
-0.038,-0.129,0.185
-0.019,-0.104,0.149
0.040,-0.070,0.119
0.137,-0.044,0.110
0.233,-0.051,0.130
0.285,-0.094,0.160
0.272,-0.156,0.171
0.210,-0.211,0.145
0.123,-0.253,0.098
0.031,-0.286,0.062
-0.046,-0.310,0.051
-0.095,-0.317,0.058
-0.108,-0.315,0.065
-0.100,-0.329,0.059
-0.087,-0.380,0.041
-0.072,-0.455,0.013
-0.046,-0.510,-0.016
-0.003,-0.507,-0.026
0.038,-0.438,0.001
0.056,-0.326,0.065
0.051,-0.203,0.143
0.045,-0.099,0.198
0.055,-0.042,0.212
0.081,-0.044,0.184
0.110,-0.091,0.134
0.132,-0.145,0.083
0.143,-0.167,0.045
0.141,-0.146,0.018
0.131,-0.089,-0.005
0.116,-0.012,-0.020
0.104,0.067,-0.007
0.095,0.125,0.046
0.085,0.128,0.129
0.073,0.061,0.207
0.063,-0.066,0.246
0.058,-0.218,0.233
0.063,-0.355,0.175
0.080,-0.449,0.084
0.102,-0.493,-0.021
0.110,-0.500,-0.121
0.091,-0.495,-0.199
0.052,-0.496,-0.238
0.017,-0.492,-0.222
0.007,-0.462,-0.146
0.018,-0.396,-0.031
0.035,-0.309,0.075
0.056,-0.227,0.127
0.089,-0.169,0.117
0.139,-0.141,0.076
0.202,-0.139,0.044
0.269,-0.151,0.035
0.331,-0.166,0.037
0.374,-0.186,0.037
0.385,-0.218,0.034
0.362,-0.266,0.033
0.316,-0.311,0.035
0.267,-0.334,0.032
0.220,-0.332,0.012
0.171,-0.323,-0.026
0.122,-0.328,-0.072
0.090,-0.348,-0.109
0.098,-0.373,-0.123
0.153,-0.395,-0.115
0.240,-0.411,-0.089
0.327,-0.416,-0.049
0.386,-0.402,0.010
0.404,-0.370,0.084
0.385,-0.325,0.149
0.340,-0.275,0.175
0.272,-0.226,0.148
0.183,-0.177,0.083
0.076,-0.125,0.007
-0.027,-0.068,-0.058
-0.102,-0.005,-0.102
-0.132,0.056,-0.115
-0.113,0.102,-0.088
-0.057,0.130,-0.023
0.015,0.142,0.057
0.074,0.145,0.123
0.091,0.130,0.152
0.059,0.089,0.144
0.010,0.020,0.114
-0.010,-0.058,0.079
0.025,-0.122,0.044
0.098,-0.164,0.003
0.156,-0.188,-0.044
0.153,-0.208,-0.082
0.082,-0.229,-0.087
-0.020,-0.259,-0.057
-0.096,-0.296,-0.021
-0.106,-0.333,-0.014
-0.055,-0.356,-0.046
0.028,-0.358,-0.098
0.112,-0.335,-0.145
0.184,-0.283,-0.177
0.242,-0.212,-0.193
0.289,-0.146,-0.178
0.330,-0.115,-0.110
0.377,-0.135,0.008
0.438,-0.197,0.127
0.509,-0.278,0.174
0.569,-0.362,0.114
0.604,-0.442,-0.023
0.618,-0.503,-0.162
0.628,-0.516,-0.234
0.637,-0.453,-0.219
0.623,-0.317,-0.143
0.560,-0.144,-0.047
0.444,0.024,0.041
0.315,0.156,0.108
0.237,0.233,0.149
0.246,0.244,0.152
0.320,0.184,0.106
0.399,0.061,0.020
0.425,-0.085,-0.087
0.380,-0.204,-0.183
0.291,-0.262,-0.245
0.196,-0.251,-0.262
0.125,-0.193,-0.231
0.085,-0.115,-0.162
0.074,-0.041,-0.078
0.086,0.014,-0.015
0.115,0.038,-0.003
0.156,0.028,-0.048
0.204,-0.014,-0.125
0.259,-0.079,-0.195
0.314,-0.153,-0.232
0.354,-0.220,-0.234
0.360,-0.268,-0.215
0.326,-0.289,-0.194
0.272,-0.285,-0.184
0.235,-0.268,-0.180
0.232,-0.259,-0.176
0.254,-0.276,-0.164
0.275,-0.324,-0.154
0.282,-0.382,-0.155
0.284,-0.419,-0.160
0.299,-0.413,-0.152
0.332,-0.365,-0.116
0.372,-0.296,-0.063
0.399,-0.228,-0.024
0.398,-0.172,-0.022
0.362,-0.134,-0.050
0.295,-0.113,-0.079
0.218,-0.104,-0.082
0.156,-0.101,-0.054
0.130,-0.108,-0.013
0.134,-0.134,0.014
0.145,-0.175,0.003
0.145,-0.208,-0.045
0.131,-0.207,-0.108
0.119,-0.164,-0.150
0.121,-0.097,-0.156
0.137,-0.038,-0.141
0.160,-0.005,-0.141
0.184,0.004,-0.168
0.201,0.004,-0.200
0.207,0.013,-0.196
0.207,0.043,-0.134
0.211,0.093,-0.037
0.231,0.144,0.047
0.266,0.172,0.075
0.305,0.168,0.044
0.329,0.146,-0.015
0.338,0.124,-0.065
0.351,0.108,-0.092
0.388,0.087,-0.104
0.451,0.048,-0.109
0.522,0.000,-0.101
0.580,-0.036,-0.073
0.619,-0.044,-0.033
0.641,-0.024,-0.008
0.639,0.005,-0.022
0.610,0.028,-0.076
0.561,0.048,-0.139
0.515,0.079,-0.174
0.489,0.129,-0.163
0.479,0.188,-0.115
0.468,0.229,-0.055
0.442,0.235,-0.001
0.409,0.210,0.033
0.382,0.170,0.042
0.371,0.135,0.029
0.369,0.115,-0.003
0.365,0.110,-0.052
0.349,0.117,-0.126
0.321,0.130,-0.220
0.284,0.145,-0.305
0.240,0.157,-0.333
0.188,0.167,-0.279
0.135,0.176,-0.169
0.095,0.190,-0.069
0.078,0.207,-0.037
0.072,0.224,-0.080
0.062,0.237,-0.157
0.041,0.253,-0.209
0.020,0.274,-0.202
0.011,0.292,-0.145
0.012,0.294,-0.078
0.012,0.281,-0.037
0.007,0.272,-0.024
0.010,0.293,-0.020
0.037,0.350,-0.010
0.090,0.425,-0.004
0.155,0.488,-0.019
0.213,0.517,-0.055
0.248,0.509,-0.097
0.262,0.480,-0.130
0.265,0.448,-0.145
0.271,0.415,-0.137
0.289,0.373,-0.101
0.320,0.312,-0.041
0.362,0.232,0.015
0.399,0.143,0.025
0.410,0.054,-0.031
0.380,-0.036,-0.129
0.314,-0.121,-0.222
0.244,-0.185,-0.271
0.201,-0.201,-0.270
0.196,-0.162,-0.224
0.216,-0.078,-0.147
0.240,0.029,-0.062
0.262,0.147,-0.005
0.283,0.267,0.002
0.302,0.376,-0.026
0.313,0.459,-0.052
0.313,0.513,-0.043
0.303,0.549,-0.003
0.289,0.577,0.040
0.266,0.593,0.059
0.227,0.582,0.043
0.173,0.546,0.002
0.114,0.507,-0.037
0.059,0.490,-0.053
0.014,0.494,-0.056
-0.014,0.502,-0.070
-0.022,0.493,-0.110
-0.018,0.463,-0.157
-0.007,0.420,-0.182
0.006,0.382,-0.175
0.025,0.358,-0.154
0.059,0.352,-0.138
0.104,0.360,-0.117
0.153,0.377,-0.073
0.196,0.405,-0.010
0.228,0.439,0.040
0.246,0.458,0.043
0.246,0.444,0.001
0.233,0.400,-0.044
0.218,0.362,-0.051
0.213,0.374,-0.021
0.223,0.440,0.013
0.229,0.526,0.019
0.206,0.584,-0.009
0.147,0.599,-0.057
0.082,0.587,-0.108
0.053,0.570,-0.144
0.073,0.557,-0.145
0.116,0.548,-0.105
0.143,0.554,-0.050
0.137,0.588,-0.021
0.109,0.641,-0.026
0.074,0.678,-0.028
0.040,0.664,0.009
0.022,0.596,0.068
0.039,0.496,0.089
0.084,0.389,0.041
0.114,0.293,-0.037
0.086,0.225,-0.084
0.005,0.215,-0.080
-0.078,0.278,-0.051
-0.125,0.389,-0.028
-0.142,0.492,-0.017
-0.154,0.558,-0.003
-0.163,0.605,0.021
-0.146,0.665,0.056
-0.094,0.732,0.094
-0.026,0.771,0.122
0.027,0.759,0.124
0.063,0.715,0.107
0.093,0.667,0.098
0.121,0.628,0.115
0.132,0.593,0.146
0.110,0.558,0.150
0.054,0.534,0.105
-0.022,0.525,0.023
-0.098,0.529,-0.059
-0.155,0.538,-0.116
-0.188,0.551,-0.143
-0.200,0.561,-0.145
-0.207,0.557,-0.135
-0.216,0.533,-0.118
-0.222,0.497,-0.093
-0.210,0.467,-0.058
-0.173,0.460,-0.022
-0.120,0.479,-0.012
-0.071,0.522,-0.035
-0.045,0.585,-0.066
-0.050,0.653,-0.059
-0.069,0.705,0.004
-0.069,0.727,0.090
-0.026,0.719,0.144
0.055,0.689,0.138
0.142,0.649,0.087
0.201,0.608,0.030
0.223,0.579,0.004
0.218,0.563,0.018
0.197,0.546,0.056
0.165,0.509,0.088
0.130,0.450,0.097
0.104,0.395,0.087
0.090,0.376,0.074
0.073,0.405,0.063
0.035,0.470,0.055
-0.033,0.546,0.051
-0.127,0.613,0.057
-0.227,0.658,0.068
-0.309,0.670,0.071
-0.362,0.649,0.055
-0.389,0.603,0.026
-0.401,0.548,0.000
-0.405,0.506,-0.015
-0.398,0.491,-0.021
-0.374,0.509,-0.017
-0.336,0.545,0.010
-0.302,0.580,0.080
-0.281,0.604,0.185
-0.271,0.614,0.283
-0.262,0.617,0.332
-0.252,0.610,0.318
-0.249,0.593,0.269
-0.255,0.577,0.219
-0.257,0.578,0.181
-0.239,0.596,0.141
-0.205,0.608,0.091
-0.174,0.591,0.042
-0.155,0.547,0.018
-0.138,0.505,0.028
-0.110,0.491,0.060
-0.076,0.507,0.088
-0.061,0.536,0.096
-0.084,0.564,0.086
-0.144,0.593,0.078
-0.217,0.621,0.087
-0.280,0.642,0.113
-0.317,0.640,0.139
-0.320,0.612,0.153
-0.292,0.565,0.158
-0.248,0.516,0.164
-0.204,0.482,0.169
-0.177,0.475,0.159
-0.171,0.494,0.128
-0.188,0.520,0.097
-0.219,0.537,0.096
-0.257,0.543,0.135
-0.294,0.551,0.180
-0.323,0.573,0.190
-0.344,0.598,0.151
-0.354,0.601,0.089
-0.345,0.565,0.043
-0.317,0.503,0.033
-0.282,0.440,0.048
-0.260,0.400,0.065
-0.270,0.396,0.075
-0.308,0.429,0.086
-0.359,0.494,0.114
-0.411,0.570,0.162
-0.462,0.626,0.214
-0.516,0.632,0.241
-0.565,0.584,0.226
-0.596,0.503,0.172
-0.590,0.421,0.104
-0.546,0.360,0.048
-0.476,0.325,0.013
-0.399,0.314,-0.002
-0.329,0.321,-0.003
-0.275,0.345,0.007
-0.242,0.385,0.023
-0.236,0.443,0.044
-0.265,0.512,0.072
-0.326,0.575,0.110
-0.401,0.612,0.155
-0.463,0.614,0.190
-0.492,0.588,0.201
-0.492,0.548,0.188
-0.474,0.497,0.159
-0.444,0.436,0.122
-0.398,0.361,0.074
-0.336,0.275,0.015
-0.267,0.187,-0.035
-0.206,0.120,-0.053
-0.167,0.101,-0.025
-0.159,0.141,0.027
-0.186,0.227,0.068
-0.244,0.325,0.078
-0.327,0.409,0.068
-0.427,0.482,0.065
-0.525,0.559,0.079
-0.601,0.646,0.095
-0.637,0.719,0.087
-0.631,0.747,0.052
-0.599,0.711,0.003
-0.560,0.630,-0.036
-0.526,0.542,-0.053
-0.506,0.481,-0.044
-0.506,0.460,-0.007
-0.526,0.472,0.059
-0.541,0.509,0.147
-0.516,0.561,0.237
-0.429,0.610,0.303
-0.304,0.629,0.329
-0.192,0.593,0.316
-0.137,0.500,0.282
-0.145,0.379,0.239
-0.191,0.273,0.190
-0.245,0.207,0.141
-0.280,0.173,0.100
-0.280,0.150,0.078
-0.239,0.117,0.072
-0.173,0.070,0.069
-0.117,0.017,0.057
-0.106,-0.034,0.035
-0.152,-0.072,0.017
-0.231,-0.083,0.014
-0.299,-0.065,0.032
-0.319,-0.031,0.061
-0.292,-0.008,0.078
-0.244,-0.012,0.063
-0.212,-0.039,0.022
-0.213,-0.069,-0.021
-0.242,-0.087,-0.044
-0.274,-0.087,-0.033
-0.280,-0.071,0.010
-0.252,-0.046,0.073
-0.205,-0.017,0.136
-0.166,0.006,0.173
-0.151,0.018,0.164
-0.157,0.012,0.117
-0.167,-0.005,0.065
-0.165,-0.020,0.044
-0.153,-0.014,0.069
-0.143,0.026,0.118
-0.156,0.097,0.153
-0.209,0.177,0.158
-0.300,0.236,0.147
-0.402,0.256,0.146
-0.472,0.236,0.157
-0.477,0.184,0.161
-0.423,0.107,0.144
-0.355,0.012,0.109
-0.314,-0.082,0.071
-0.311,-0.145,0.041
-0.329,-0.161,0.024
-0.356,-0.143,0.026
-0.389,-0.120,0.037
-0.423,-0.112,0.033
-0.438,-0.115,-0.008
-0.419,-0.117,-0.076
-0.371,-0.111,-0.137
-0.317,-0.097,-0.167
-0.274,-0.069,-0.166
-0.248,-0.017,-0.139
-0.235,0.060,-0.072
-0.233,0.146,0.044
-0.240,0.216,0.180
-0.242,0.251,0.269
-0.227,0.234,0.264
-0.197,0.162,0.178
-0.171,0.053,0.075
-0.167,-0.044,0.018
-0.188,-0.081,0.032
-0.219,-0.055,0.097
-0.249,-0.016,0.172
-0.283,-0.030,0.212
-0.330,-0.124,0.186
-0.390,-0.266,0.095
-0.446,-0.401,-0.021
-0.478,-0.488,-0.102
-0.476,-0.518,-0.101
-0.435,-0.503,-0.022
-0.353,-0.470,0.082
-0.240,-0.444,0.147
-0.127,-0.440,0.129
-0.059,-0.455,0.039
-0.059,-0.471,-0.069
-0.106,-0.467,-0.132
-0.158,-0.434,-0.126
-0.175,-0.377,-0.077
-0.152,-0.321,-0.031
-0.107,-0.288,-0.016
-0.060,-0.287,-0.021
-0.022,-0.302,-0.018
-0.001,-0.304,0.016
-0.007,-0.274,0.085
-0.042,-0.217,0.169
-0.095,-0.147,0.230
-0.141,-0.085,0.237
-0.158,-0.047,0.182
-0.144,-0.044,0.089
-0.109,-0.080,-0.004
-0.067,-0.144,-0.061
-0.026,-0.215,-0.067
0.008,-0.272,-0.031
0.033,-0.309,0.021
0.048,-0.333,0.060
0.054,-0.364,0.077
0.053,-0.413,0.078
0.042,-0.477,0.070
0.014,-0.541,0.047
-0.036,-0.579,-0.002
-0.105,-0.575,-0.070
-0.178,-0.532,-0.123
-0.238,-0.469,-0.122
-0.273,-0.412,-0.060
-0.281,-0.380,0.023
-0.265,-0.380,0.073
-0.228,-0.400,0.068
-0.180,-0.430,0.027
-0.130,-0.458,-0.014
-0.084,-0.480,-0.046
-0.047,-0.497,-0.084
-0.024,-0.512,-0.134
-0.023,-0.525,-0.172
-0.039,-0.532,-0.157
-0.054,-0.526,-0.083
-0.047,-0.516,0.011
-0.011,-0.535,0.066
0.039,-0.611,0.051
0.084,-0.737,-0.009
0.114,-0.856,-0.053
0.130,-0.897,-0.043
0.137,-0.834,0.010
0.129,-0.692,0.071
0.093,-0.525,0.109
0.023,-0.376,0.121
-0.062,-0.257,0.114
-0.133,-0.167,0.092
-0.172,-0.101,0.065
-0.181,-0.064,0.048
-0.167,-0.061,0.042
-0.125,-0.096,0.027
-0.046,-0.161,-0.018
0.052,-0.244,-0.080
0.131,-0.327,-0.123
0.163,-0.393,-0.119
0.156,-0.431,-0.083
0.139,-0.446,-0.055
0.118,-0.453,-0.062
0.083,-0.472,-0.094
0.038,-0.508,-0.119
0.018,-0.553,-0.114
0.062,-0.597,-0.084
0.164,-0.640,-0.052
0.267,-0.685,-0.038
0.307,-0.726,-0.037
0.262,-0.741,-0.032
0.161,-0.714,-0.014
0.055,-0.642,0.009
-0.020,-0.550,0.018
-0.051,-0.461,0.001
-0.044,-0.395,-0.033
-0.018,-0.359,-0.065
0.005,-0.353,-0.084
0.011,-0.372,-0.089
0.002,-0.408,-0.079
-0.002,-0.453,-0.052
0.021,-0.497,-0.012
0.080,-0.534,0.022
0.154,-0.559,0.026
0.207,-0.576,-0.004
0.212,-0.594,-0.051
0.175,-0.613,-0.087
0.131,-0.619,-0.089
0.123,-0.599,-0.057
0.167,-0.551,-0.003
0.251,-0.494,0.044
0.353,-0.452,0.064
0.441,-0.442,0.045
0.489,-0.466,-0.012
0.473,-0.512,-0.092
0.393,-0.562,-0.164
0.271,-0.601,-0.188
0.140,-0.622,-0.147
0.033,-0.630,-0.072
-0.035,-0.634,-0.018
-0.063,-0.641,-0.025
-0.062,-0.653,-0.080
-0.042,-0.660,-0.137
-0.008,-0.649,-0.159
0.037,-0.608,-0.142
0.085,-0.542,-0.100
0.117,-0.468,-0.050
0.124,-0.401,-0.012
0.116,-0.338,0.002
0.111,-0.267,-0.003
0.116,-0.185,-0.007
0.123,-0.105,0.007
0.126,-0.044,0.026
0.134,-0.016,0.019
0.162,-0.027,-0.029
0.207,-0.085,-0.092
0.251,-0.183,-0.128
0.276,-0.289,-0.123
0.281,-0.363,-0.092
0.276,-0.385,-0.067
0.262,-0.365,-0.063
0.237,-0.326,-0.070
0.200,-0.288,-0.068
0.162,-0.260,-0.049
0.132,-0.258,-0.032
0.116,-0.298,-0.046
0.113,-0.377,-0.102
0.121,-0.466,-0.174
0.136,-0.527,-0.218
0.156,-0.536,-0.210
0.173,-0.494,-0.162
0.173,-0.422,-0.106
0.139,-0.348,-0.058
0.077,-0.292,-0.018
0.016,-0.258,0.016
-0.013,-0.242,0.038
0.000,-0.247,0.036
0.032,-0.283,0.008
0.055,-0.350,-0.038
0.059,-0.424,-0.086
0.051,-0.472,-0.121
0.033,-0.473,-0.130
0.006,-0.435,-0.114
-0.026,-0.372,-0.083
-0.049,-0.296,-0.049
-0.057,-0.218,-0.013
-0.059,-0.157,0.020
-0.067,-0.138,0.038
-0.076,-0.164,0.028
-0.061,-0.223,-0.012
0.003,-0.296,-0.067
0.118,-0.365,-0.125
0.256,-0.416,-0.179
0.375,-0.432,-0.224
0.438,-0.404,-0.249
0.431,-0.340,-0.244
0.373,-0.257,-0.215
0.299,-0.164,-0.176
0.237,-0.063,-0.144
0.194,0.045,-0.125
0.164,0.156,-0.125
0.143,0.255,-0.137
0.134,0.328,-0.145
0.148,0.362,-0.126
0.185,0.355,-0.067
0.235,0.319,0.011
0.283,0.278,0.062
0.313,0.243,0.052
0.314,0.204,-0.004
0.287,0.141,-0.061
0.241,0.050,-0.085
0.192,-0.052,-0.094
0.156,-0.147,-0.122
0.135,-0.236,-0.175
0.114,-0.326,-0.216
0.082,-0.417,-0.210
0.048,-0.494,-0.169
0.037,-0.544,-0.133
0.056,-0.573,-0.129
0.085,-0.584,-0.144
0.094,-0.565,-0.151
0.075,-0.490,-0.151
0.051,-0.360,-0.167
0.046,-0.217,-0.214
0.069,-0.121,-0.271
0.107,-0.100,-0.301
0.153,-0.130,-0.285
0.205,-0.168,-0.235
0.253,-0.190,-0.183
0.274,-0.196,-0.156
0.248,-0.184,-0.151
0.181,-0.145,-0.143
0.107,-0.071,-0.110
0.064,0.019,-0.059
0.058,0.093,-0.019
0.067,0.125,-0.014
0.066,0.114,-0.042
0.053,0.082,-0.077
0.044,0.047,-0.101
0.054,0.018,-0.111
0.081,-0.014,-0.112
0.117,-0.061,-0.104
0.157,-0.120,-0.079
0.198,-0.170,-0.045
0.232,-0.183,-0.029
0.245,-0.147,-0.056
0.219,-0.074,-0.115
0.155,0.015,-0.161
0.070,0.110,-0.154
0.000,0.203,-0.096
-0.027,0.277,-0.030
-0.004,0.306,-0.005
0.059,0.279,-0.035
0.137,0.219,-0.099
0.208,0.171,-0.157
0.254,0.167,-0.182
0.262,0.206,-0.169
0.235,0.259,-0.142
0.190,0.298,-0.126
0.155,0.306,-0.132
0.147,0.279,-0.147
0.160,0.221,-0.165
0.177,0.147,-0.194
0.178,0.082,-0.238
0.156,0.044,-0.279
0.124,0.030,-0.289
0.098,0.023,-0.262
0.096,0.017,-0.220
0.115,0.014,-0.191
0.139,0.023,-0.175
0.150,0.042,-0.152
0.148,0.068,-0.109
0.160,0.104,-0.057
0.210,0.153,-0.014
0.306,0.203,0.002
0.428,0.236,-0.008
0.537,0.247,-0.035
0.596,0.244,-0.060
0.592,0.239,-0.070
0.534,0.230,-0.064
0.457,0.216,-0.055
0.392,0.210,-0.050
0.351,0.230,-0.048
0.323,0.281,-0.044
0.283,0.344,-0.043
0.216,0.396,-0.061
0.131,0.419,-0.103
0.054,0.408,-0.143
0.011,0.367,-0.150
0.012,0.309,-0.119
0.043,0.245,-0.091
0.080,0.184,-0.117
0.098,0.119,-0.207
0.086,0.046,-0.312
0.055,-0.029,-0.364
0.034,-0.086,-0.338
0.057,-0.113,-0.260
0.131,-0.110,-0.185
0.229,-0.083,-0.145
0.310,-0.030,-0.135
0.345,0.064,-0.127
0.339,0.199,-0.104
0.312,0.346,-0.070
0.288,0.462,-0.039
0.285,0.511,-0.019
0.313,0.496,-0.004
0.378,0.442,0.004
0.472,0.371,-0.009
0.579,0.289,-0.057
0.682,0.190,-0.132
0.767,0.088,-0.201
0.821,0.019,-0.229
0.827,0.022,-0.201
0.769,0.118,-0.123
0.643,0.285,-0.023
0.472,0.478,0.063
0.302,0.650,0.109
0.178,0.775,0.108
0.116,0.841,0.083
0.096,0.848,0.058
0.082,0.802,0.031
0.054,0.713,-0.026
0.014,0.592,-0.130
-0.028,0.450,-0.252
-0.067,0.309,-0.333
-0.104,0.199,-0.334
-0.136,0.145,-0.281
-0.148,0.146,-0.236
-0.138,0.175,-0.239
-0.114,0.201,-0.271
-0.085,0.217,-0.280
-0.044,0.236,-0.239
0.022,0.267,-0.175
0.104,0.299,-0.137
0.166,0.307,-0.150
0.179,0.286,-0.187
0.160,0.254,-0.200
0.161,0.234,-0.165
0.217,0.234,-0.104
0.315,0.240,-0.060
0.410,0.239,-0.056
0.474,0.233,-0.069
0.520,0.237,-0.059
0.581,0.259,-0.014
0.671,0.293,0.037
0.766,0.329,0.051
0.823,0.354,0.018
0.813,0.372,-0.026
0.739,0.392,-0.038
0.637,0.425,-0.011
0.542,0.466,0.024
0.467,0.494,0.034
0.398,0.489,0.016
0.317,0.449,-0.012
0.218,0.390,-0.038
0.119,0.331,-0.059
0.039,0.280,-0.075
-0.006,0.243,-0.083
-0.019,0.232,-0.088
-0.013,0.259,-0.096
-0.010,0.319,-0.110
-0.038,0.389,-0.122
-0.107,0.440,-0.124
-0.201,0.468,-0.123
-0.281,0.490,-0.135
-0.309,0.521,-0.156
-0.274,0.554,-0.172
-0.193,0.568,-0.166
-0.094,0.542,-0.142
0.004,0.474,-0.121
0.083,0.368,-0.115
0.130,0.242,-0.125
0.143,0.123,-0.144
0.137,0.047,-0.170
0.138,0.034,-0.198
0.162,0.072,-0.212
0.205,0.123,-0.201
0.256,0.156,-0.173
0.307,0.165,-0.153
0.355,0.168,-0.157
0.391,0.186,-0.169
0.398,0.230,-0.155
0.363,0.309,-0.097
0.293,0.419,-0.012
0.216,0.545,0.066
0.166,0.651,0.117
0.171,0.707,0.139
0.234,0.709,0.142
0.332,0.677,0.136
0.419,0.634,0.123
0.455,0.586,0.095
0.425,0.540,0.047
0.334,0.503,-0.012
0.208,0.484,-0.063
0.078,0.473,-0.090
-0.022,0.446,-0.095
-0.073,0.387,-0.093
-0.082,0.304,-0.104
-0.075,0.223,-0.130
-0.072,0.180,-0.153
-0.075,0.193,-0.149
-0.076,0.260,-0.112
-0.071,0.352,-0.062
-0.063,0.429,-0.032
-0.059,0.471,-0.040
-0.057,0.484,-0.069
-0.060,0.498,-0.082
-0.067,0.535,-0.060
-0.070,0.600,-0.011
-0.057,0.677,0.034
-0.032,0.743,0.060
-0.019,0.784,0.071
-0.030,0.796,0.085
-0.051,0.781,0.112
-0.055,0.740,0.143
-0.030,0.669,0.153
0.011,0.570,0.126
0.045,0.461,0.073
0.065,0.366,0.030
0.085,0.302,0.023
0.114,0.264,0.042
0.150,0.237,0.055
0.178,0.205,0.042
0.180,0.166,0.010
0.149,0.133,-0.019
0.089,0.119,-0.032
0.020,0.134,-0.033
-0.039,0.175,-0.030
-0.078,0.227,-0.028
-0.100,0.276,-0.030
-0.119,0.321,-0.037
-0.153,0.365,-0.054
-0.208,0.410,-0.083
-0.273,0.453,-0.119
-0.328,0.496,-0.148
-0.359,0.546,-0.145
-0.365,0.609,-0.095
-0.350,0.680,-0.013
-0.318,0.740,0.061
-0.275,0.769,0.091
-0.227,0.752,0.076
-0.181,0.688,0.045
-0.139,0.592,0.028
-0.094,0.492,0.032
-0.045,0.412,0.047
0.004,0.351,0.058
0.043,0.298,0.059
0.068,0.248,0.054
0.081,0.205,0.057
0.080,0.179,0.072
0.062,0.174,0.089
0.026,0.191,0.090
-0.018,0.234,0.063
-0.058,0.305,0.022
-0.090,0.396,-0.009
-0.112,0.497,-0.017
-0.127,0.594,-0.004
-0.132,0.681,0.026
-0.127,0.755,0.080
-0.115,0.817,0.155
-0.104,0.872,0.223
-0.099,0.923,0.237
-0.104,0.962,0.179
-0.127,0.969,0.082
-0.165,0.935,0.003
-0.204,0.866,-0.022
-0.223,0.787,-0.003
-0.211,0.710,0.037
-0.181,0.633,0.088
-0.157,0.549,0.151
-0.151,0.462,0.209
-0.149,0.385,0.232
-0.139,0.324,0.200
-0.128,0.273,0.130
-0.140,0.233,0.064
-0.178,0.215,0.033
-0.223,0.225,0.038
-0.240,0.255,0.052
-0.218,0.282,0.054
-0.174,0.294,0.047
-0.138,0.304,0.048
-0.132,0.336,0.067
-0.157,0.400,0.087
-0.198,0.474,0.082
-0.235,0.522,0.045
-0.244,0.526,0.003
-0.213,0.495,-0.008
-0.137,0.458,0.016
-0.030,0.436,0.040
0.066,0.431,0.037
0.104,0.431,0.026
0.057,0.435,0.053
-0.061,0.454,0.137
-0.202,0.503,0.242
-0.323,0.573,0.302
-0.408,0.639,0.294
-0.462,0.673,0.243
-0.487,0.673,0.196
-0.476,0.657,0.177
-0.433,0.633,0.173
-0.385,0.587,0.156
-0.365,0.510,0.112
-0.378,0.416,0.059
-0.403,0.337,0.034
-0.411,0.293,0.064
-0.391,0.272,0.128
-0.350,0.256,0.156
-0.298,0.245,0.098
-0.248,0.257,-0.025
-0.207,0.307,-0.121
-0.178,0.385,-0.109
-0.149,0.465,0.002
-0.104,0.513,0.123
-0.041,0.503,0.167
0.019,0.434,0.123
0.046,0.338,0.044
0.038,0.272,-0.014
0.022,0.280,-0.033
0.022,0.350,-0.016
0.036,0.434,0.034
0.034,0.494,0.121
0.002,0.534,0.234
-0.050,0.570,0.343
-0.102,0.595,0.414
-0.149,0.574,0.429
-0.202,0.488,0.392
-0.254,0.360,0.323
-0.288,0.239,0.246
-0.293,0.153,0.177
-0.284,0.098,0.121
-0.294,0.055,0.075
-0.331,0.013,0.033
-0.377,-0.018,-0.001
-0.402,-0.026,-0.012
-0.398,0.002,0.012
-0.377,0.071,0.067
-0.350,0.173,0.130
-0.309,0.287,0.178
-0.241,0.379,0.198
-0.150,0.424,0.192
-0.059,0.422,0.176
0.010,0.393,0.164
0.044,0.364,0.163
0.046,0.356,0.168
0.015,0.375,0.166
-0.042,0.409,0.155
-0.112,0.435,0.148
-0.164,0.433,0.165
-0.173,0.393,0.204
-0.138,0.326,0.251
-0.094,0.247,0.291
-0.086,0.173,0.319
-0.134,0.116,0.331
-0.219,0.083,0.313
-0.307,0.072,0.253
-0.371,0.070,0.162
-0.414,0.055,0.083
-0.439,0.018,0.057
-0.437,-0.037,0.080
-0.398,-0.090,0.114
-0.326,-0.130,0.123
-0.248,-0.153,0.120
-0.188,-0.155,0.137
-0.153,-0.124,0.186
-0.134,-0.063,0.237
-0.126,0.003,0.251
-0.142,0.040,0.218
-0.192,0.041,0.161
-0.269,0.029,0.125
-0.346,0.036,0.136
-0.399,0.073,0.188
-0.415,0.123,0.251
-0.396,0.162,0.287
-0.347,0.182,0.276
-0.275,0.184,0.226
-0.203,0.166,0.164
-0.161,0.116,0.120
-0.171,0.029,0.111
-0.225,-0.079,0.138
-0.289,-0.171,0.187
-0.333,-0.206,0.237
-0.348,-0.166,0.269
-0.343,-0.063,0.269
-0.330,0.063,0.235
-0.312,0.173,0.173
-0.297,0.245,0.096
-0.301,0.275,0.020
-0.335,0.277,-0.030
-0.385,0.271,-0.030
-0.419,0.268,0.026
-0.408,0.268,0.111
-0.350,0.256,0.178
-0.270,0.223,0.195
-0.199,0.170,0.175
-0.156,0.107,0.164
-0.142,0.044,0.189
-0.146,-0.016,0.237
-0.163,-0.072,0.264
-0.198,-0.123,0.247
-0.252,-0.158,0.197
-0.314,-0.166,0.151
-0.356,-0.137,0.129
-0.359,-0.084,0.125
-0.336,-0.037,0.112
-0.324,-0.023,0.080
-0.346,-0.050,0.039
-0.391,-0.096,0.016
-0.432,-0.134,0.018
-0.452,-0.151,0.028
-0.460,-0.150,0.034
-0.468,-0.142,0.045
-0.471,-0.130,0.079
-0.442,-0.125,0.133
-0.361,-0.142,0.174
-0.234,-0.193,0.175
-0.104,-0.271,0.141
-0.016,-0.346,0.097
0.006,-0.379,0.059
-0.026,-0.346,0.021
-0.096,-0.256,-0.009
-0.193,-0.147,-0.005
-0.309,-0.055,0.061
-0.414,0.010,0.173
-0.468,0.054,0.277
-0.438,0.067,0.324
-0.338,0.028,0.308
-0.210,-0.073,0.263
-0.097,-0.203,0.219
-0.022,-0.309,0.177
0.002,-0.364,0.126
-0.033,-0.385,0.080
-0.128,-0.396,0.068
-0.253,-0.395,0.097
-0.352,-0.366,0.137
-0.391,-0.317,0.145
-0.385,-0.288,0.111
-0.388,-0.310,0.053
-0.430,-0.370,-0.005
-0.484,-0.421,-0.056
-0.499,-0.429,-0.096
-0.460,-0.405,-0.110
-0.403,-0.369,-0.086
-0.365,-0.313,-0.022
-0.348,-0.212,0.058
-0.326,-0.066,0.126
-0.284,0.086,0.162
-0.238,0.193,0.160
-0.211,0.235,0.130
-0.205,0.224,0.087
-0.208,0.180,0.045
-0.210,0.114,0.014
-0.213,0.030,-0.004
-0.214,-0.052,-0.007
-0.207,-0.111,0.011
-0.185,-0.139,0.048
-0.158,-0.145,0.088
-0.145,-0.145,0.102
-0.151,-0.151,0.074
-0.165,-0.164,0.020
-0.168,-0.187,-0.030
-0.152,-0.218,-0.053
-0.127,-0.256,-0.048
-0.110,-0.297,-0.029
-0.114,-0.335,-0.005
-0.142,-0.361,0.025
-0.182,-0.364,0.055
-0.221,-0.341,0.068
-0.256,-0.304,0.042
-0.292,-0.274,-0.030
-0.336,-0.274,-0.119
-0.388,-0.313,-0.178
-0.435,-0.378,-0.160
-0.458,-0.442,-0.063
-0.444,-0.483,0.069
-0.396,-0.488,0.171
-0.328,-0.461,0.199
-0.262,-0.413,0.155
-0.220,-0.359,0.074
-0.219,-0.311,-0.005
-0.267,-0.279,-0.062
-0.356,-0.271,-0.085
-0.456,-0.291,-0.073
-0.518,-0.333,-0.032
-0.502,-0.383,0.020
-0.418,-0.423,0.064
-0.318,-0.441,0.082
-0.265,-0.430,0.063
-0.285,-0.392,0.004
-0.353,-0.340,-0.078
-0.418,-0.295,-0.143
-0.438,-0.277,-0.147
-0.401,-0.290,-0.082
-0.316,-0.317,0.020
-0.209,-0.330,0.105
-0.106,-0.322,0.140
-0.022,-0.314,0.123
0.039,-0.337,0.072
0.082,-0.400,0.005
0.101,-0.487,-0.057
0.078,-0.569,-0.094
0.003,-0.622,-0.096
-0.108,-0.630,-0.074
-0.209,-0.583,-0.051
-0.249,-0.481,-0.027
-0.207,-0.347,0.009
-0.109,-0.216,0.059
-0.010,-0.122,0.090
0.041,-0.087,0.067
0.018,-0.115,-0.017
-0.059,-0.194,-0.118
-0.145,-0.296,-0.171
-0.190,-0.378,-0.137
-0.171,-0.409,-0.035
-0.111,-0.380,0.074
-0.062,-0.310,0.130
-0.071,-0.230,0.121
-0.149,-0.167,0.083
-0.260,-0.141,0.045
-0.344,-0.164,0.007
-0.361,-0.234,-0.045
-0.315,-0.331,-0.104
-0.245,-0.418,-0.137
-0.193,-0.461,-0.131
-0.170,-0.449,-0.108
-0.166,-0.410,-0.095
-0.167,-0.393,-0.095
-0.164,-0.433,-0.090
-0.145,-0.522,-0.078
-0.097,-0.617,-0.080
-0.032,-0.675,-0.113
0.010,-0.688,-0.158
-0.002,-0.671,-0.180
-0.055,-0.634,-0.157
-0.093,-0.575,-0.098
-0.075,-0.503,-0.026
-0.025,-0.444,0.034
-0.009,-0.416,0.065
-0.066,-0.406,0.058
-0.173,-0.388,0.022
-0.268,-0.352,-0.010
-0.301,-0.315,-0.007
-0.262,-0.294,0.028
-0.170,-0.285,0.059
-0.058,-0.276,0.050
0.030,-0.273,0.008
0.051,-0.292,-0.024
-0.003,-0.341,-0.011
-0.093,-0.402,0.041
-0.156,-0.457,0.093
-0.153,-0.497,0.104
-0.102,-0.524,0.065
-0.051,-0.533,-0.009
-0.040,-0.520,-0.084
-0.068,-0.481,-0.123
-0.106,-0.437,-0.110
-0.121,-0.405,-0.054
-0.092,-0.397,0.019
-0.026,-0.404,0.084
0.049,-0.417,0.128
0.098,-0.436,0.132
0.100,-0.463,0.086
0.065,-0.497,0.005
0.022,-0.516,-0.065
0.000,-0.496,-0.076
0.005,-0.420,-0.024
0.024,-0.310,0.044
0.041,-0.216,0.076
0.044,-0.186,0.055
0.035,-0.229,0.008
0.028,-0.299,-0.035
0.044,-0.344,-0.069
0.089,-0.343,-0.108
0.149,-0.321,-0.146
0.196,-0.322,-0.156
0.215,-0.360,-0.120
0.213,-0.413,-0.055
0.200,-0.449,0.009
0.172,-0.449,0.057
0.114,-0.417,0.098
0.037,-0.367,0.130
-0.022,-0.307,0.132
-0.032,-0.240,0.082
-0.012,-0.176,-0.001
-0.010,-0.125,-0.070
-0.040,-0.096,-0.094
-0.064,-0.094,-0.077
-0.035,-0.123,-0.043
0.048,-0.191,-0.015
0.141,-0.296,-0.007
0.209,-0.406,-0.032
0.251,-0.473,-0.095
0.277,-0.476,-0.180
0.284,-0.433,-0.245
0.262,-0.379,-0.246
0.218,-0.331,-0.170
0.180,-0.288,-0.048
0.170,-0.254,0.061
0.186,-0.244,0.101
0.203,-0.268,0.061
0.200,-0.305,-0.020
0.166,-0.323,-0.087
0.109,-0.298,-0.104
0.052,-0.236,-0.084
0.019,-0.156,-0.057
0.026,-0.078,-0.037
0.075,-0.013,-0.007
0.160,0.031,0.050
0.264,0.053,0.122
0.361,0.049,0.172
0.416,0.020,0.175
0.407,-0.025,0.144
0.341,-0.071,0.120
0.251,-0.104,0.127
0.169,-0.126,0.146
0.107,-0.158,0.132
0.054,-0.217,0.068
-0.005,-0.292,-0.016
-0.076,-0.347,-0.063
-0.148,-0.346,-0.054
-0.200,-0.290,-0.017
-0.218,-0.215,0.004
-0.199,-0.162,-0.003
-0.160,-0.139,-0.016
-0.105,-0.121,-0.016
-0.035,-0.082,-0.009
0.044,-0.026,-0.014
0.114,0.007,-0.044
0.151,-0.015,-0.086
0.150,-0.086,-0.123
0.126,-0.163,-0.139
0.094,-0.208,-0.125
0.060,-0.215,-0.091
0.033,-0.205,-0.054
0.034,-0.198,-0.035
0.076,-0.196,-0.039
0.148,-0.190,-0.051
0.219,-0.171,-0.046
0.265,-0.130,-0.012
0.290,-0.064,0.045
0.317,0.018,0.110
0.364,0.104,0.168
0.422,0.173,0.219
0.465,0.212,0.270
0.471,0.221,0.311
0.439,0.206,0.323
0.395,0.177,0.283
0.366,0.142,0.198
0.361,0.105,0.101
0.367,0.071,0.031
0.362,0.045,0.005
0.328,0.025,0.011
0.263,-0.002,0.022
0.176,-0.056,0.022
0.086,-0.140,0.007
0.016,-0.232,-0.018
-0.031,-0.296,-0.045
-0.071,-0.309,-0.067
-0.121,-0.271,-0.082
-0.167,-0.198,-0.092
-0.176,-0.115,-0.096
-0.126,-0.042,-0.079
-0.030,0.002,-0.033
0.080,0.013,0.019
0.183,-0.001,0.039
0.273,-0.021,0.013
0.339,-0.027,-0.022
0.359,-0.003,-0.015
0.332,0.062,0.037
0.286,0.157,0.085
0.258,0.247,0.081
0.253,0.287,0.033
0.248,0.261,-0.005
0.232,0.205,0.007
0.222,0.170,0.057
0.234,0.175,0.106
0.259,0.188,0.133
0.270,0.169,0.141
0.266,0.115,0.139
0.276,0.058,0.124
0.317,0.018,0.089
0.367,-0.005,0.043
0.382,-0.022,0.016
0.344,-0.030,0.026
0.290,-0.016,0.058
0.267,0.009,0.073
0.291,0.021,0.044
0.329,0.007,-0.017
0.341,-0.014,-0.070
0.321,-0.011,-0.088
0.291,0.023,-0.072
0.268,0.070,-0.041
0.248,0.107,-0.009
0.219,0.141,0.019
0.187,0.201,0.036
0.171,0.304,0.039
0.178,0.430,0.039
0.193,0.526,0.050
0.199,0.556,0.071
0.200,0.518,0.084
0.216,0.444,0.071
0.257,0.367,0.030
0.305,0.300,-0.025
0.334,0.251,-0.082
0.333,0.233,-0.133
0.305,0.255,-0.175
0.259,0.307,-0.197
0.200,0.358,-0.181
0.138,0.373,-0.115
0.098,0.336,-0.012
0.114,0.250,0.095
0.196,0.126,0.178
0.313,-0.011,0.231
0.412,-0.134,0.257
0.457,-0.211,0.239
0.449,-0.220,0.147
0.412,-0.163,-0.014
0.364,-0.057,-0.175
0.311,0.082,-0.250
0.268,0.248,-0.209
0.256,0.429,-0.109
0.288,0.586,-0.037
0.341,0.664,-0.021
0.375,0.636,-0.020
0.367,0.528,0.020
0.323,0.404,0.090
0.268,0.314,0.135
0.211,0.264,0.119
0.146,0.232,0.076
0.080,0.215,0.067
0.051,0.231,0.109
0.098,0.296,0.162
0.214,0.385,0.185
0.335,0.455,0.181
0.403,0.488,0.177
0.423,0.507,0.179
0.451,0.541,0.172
0.518,0.579,0.153
0.591,0.576,0.144
0.618,0.509,0.157
0.594,0.408,0.167
0.552,0.324,0.134
0.503,0.270,0.046
0.415,0.214,-0.058
0.262,0.139,-0.136
0.083,0.078,-0.179
-0.040,0.078,-0.218
-0.056,0.147,-0.287
0.018,0.242,-0.384
0.132,0.321,-0.481
0.264,0.381,-0.554
0.419,0.439,-0.598
0.585,0.496,-0.610
0.705,0.531,-0.572
0.723,0.534,-0.462
0.648,0.526,-0.295
0.557,0.540,-0.130
0.511,0.576,-0.012
0.506,0.602,0.059
0.490,0.588,0.106
0.437,0.548,0.137
0.366,0.518,0.136
0.300,0.509,0.103
0.227,0.490,0.071
0.129,0.423,0.079
0.022,0.306,0.136
-0.051,0.183,0.209
-0.067,0.087,0.253
-0.046,0.019,0.231
-0.016,-0.032,0.137
0.019,-0.056,0.006
0.073,-0.026,-0.104
0.143,0.060,-0.137
0.203,0.172,-0.091
0.228,0.283,-0.007
0.218,0.388,0.063
0.200,0.490,0.100
0.207,0.578,0.114
0.265,0.632,0.105
0.372,0.644,0.052
0.491,0.625,-0.061
0.561,0.590,-0.201
0.538,0.548,-0.307
0.426,0.510,-0.341
0.277,0.494,-0.315
0.147,0.507,-0.271
0.066,0.533,-0.237
0.036,0.546,-0.216
0.057,0.541,-0.209
0.125,0.536,-0.204
0.214,0.545,-0.172
0.288,0.553,-0.085
0.326,0.528,0.047
0.347,0.458,0.171
0.376,0.361,0.239
0.408,0.269,0.249
0.410,0.208,0.229
0.371,0.194,0.191
0.323,0.230,0.123
0.308,0.292,0.025
0.324,0.337,-0.064
0.339,0.337,-0.106
0.338,0.305,-0.101
0.339,0.283,-0.087
0.361,0.298,-0.099
0.388,0.345,-0.138
0.380,0.409,-0.174
0.316,0.479,-0.178
0.221,0.547,-0.144
0.132,0.589,-0.100
0.068,0.584,-0.085
0.023,0.527,-0.119
-0.018,0.442,-0.184
-0.063,0.359,-0.238
-0.113,0.295,-0.256
-0.156,0.259,-0.245
-0.179,0.247,-0.233
-0.164,0.252,-0.240
-0.100,0.269,-0.259
0.007,0.300,-0.262
0.130,0.346,-0.233
0.233,0.396,-0.172
0.301,0.422,-0.087
0.336,0.401,0.016
0.352,0.348,0.123
0.357,0.302,0.203
0.359,0.301,0.223
0.362,0.346,0.182
0.357,0.409,0.125
0.327,0.464,0.098
0.270,0.501,0.099
0.211,0.526,0.084
0.189,0.533,0.027
0.220,0.507,-0.051
0.285,0.452,-0.105
0.354,0.397,-0.121
0.403,0.376,-0.121
0.421,0.393,-0.127
0.397,0.419,-0.139
0.333,0.430,-0.145
0.250,0.428,-0.149
0.180,0.420,-0.164
0.135,0.399,-0.185
0.094,0.350,-0.183
0.035,0.280,-0.130
-0.033,0.221,-0.039
-0.076,0.190,0.035
-0.063,0.162,0.040
0.003,0.094,-0.028
0.085,-0.025,-0.126
0.143,-0.148,-0.204
0.153,-0.214,-0.242
0.121,-0.198,-0.249
0.063,-0.119,-0.242
0.001,-0.003,-0.232
-0.044,0.140,-0.219
-0.055,0.307,-0.201
-0.029,0.479,-0.180
0.014,0.623,-0.168
0.048,0.710,-0.179
0.063,0.739,-0.213
0.070,0.728,-0.252
0.081,0.693,-0.268
0.093,0.634,-0.248
0.090,0.542,-0.199
0.063,0.417,-0.147
0.031,0.269,-0.115
0.035,0.111,-0.111
0.093,-0.035,-0.108
0.183,-0.140,-0.071
0.260,-0.173,0.014
0.296,-0.127,0.125
0.298,-0.024,0.220
0.283,0.094,0.284
0.260,0.203,0.316
0.237,0.293,0.303
0.229,0.363,0.218
0.246,0.400,0.063
0.262,0.385,-0.096
0.229,0.316,-0.173
0.122,0.221,-0.137
-0.024,0.146,-0.031
-0.144,0.113,0.066
-0.194,0.112,0.110
-0.173,0.123,0.102
-0.091,0.152,0.059
0.047,0.219,-0.007
0.225,0.324,-0.102
0.394,0.429,-0.234
0.495,0.489,-0.396
0.505,0.498,-0.543
0.451,0.481,-0.610
0.378,0.457,-0.556
0.309,0.417,-0.404
0.231,0.350,-0.234
0.137,0.258,-0.121
0.047,0.155,-0.089
0.004,0.050,-0.123
0.032,-0.063,-0.194
0.110,-0.185,-0.278
0.184,-0.311,-0.352
0.206,-0.415,-0.388
0.173,-0.466,-0.363
0.121,-0.440,-0.275
0.098,-0.339,-0.147
0.132,-0.202,-0.014
0.220,-0.085,0.091
0.332,-0.019,0.146
0.416,0.001,0.152
0.426,-0.000,0.126
0.348,-0.001,0.087
0.219,0.009,0.039
0.102,0.036,-0.017
0.050,0.085,-0.070
0.063,0.155,-0.093
0.106,0.237,-0.064
0.145,0.326,0.010
0.166,0.414,0.096
0.169,0.481,0.149
0.147,0.492,0.146
0.098,0.425,0.085
0.028,0.295,-0.021
-0.047,0.151,-0.149
-0.124,0.041,-0.266
-0.208,-0.024,-0.336
-0.289,-0.052,-0.341
-0.332,-0.052,-0.293
-0.293,-0.037,-0.233
-0.165,-0.033,-0.201
0.019,-0.067,-0.212
0.204,-0.141,-0.250
0.341,-0.217,-0.288
0.408,-0.252,-0.308
0.411,-0.231,-0.307
0.373,-0.172,-0.292
0.316,-0.099,-0.264
0.257,-0.022,-0.217
0.200,0.060,-0.152
0.154,0.138,-0.083
0.123,0.188,-0.040
0.111,0.181,-0.053
0.121,0.103,-0.124
0.153,-0.028,-0.213
0.192,-0.170,-0.258
0.205,-0.279,-0.222
0.173,-0.325,-0.130
0.104,-0.302,-0.038
0.039,-0.223,0.019
0.020,-0.118,0.048
0.060,-0.018,0.069
0.145,0.060,0.088
0.238,0.115,0.092
0.287,0.149,0.076
0.254,0.167,0.060
0.141,0.176,0.063
0.002,0.193,0.089
-0.087,0.229,0.115
-0.093,0.272,0.118
-0.041,0.307,0.086
0.012,0.323,0.021
0.032,0.334,-0.062
0.025,0.346,-0.142
0.017,0.340,-0.193
0.029,0.283,-0.198
0.072,0.162,-0.163
0.148,0.002,-0.112
0.250,-0.154,-0.075
0.343,-0.270,-0.073
0.383,-0.336,-0.102
0.348,-0.362,-0.145
0.266,-0.365,-0.183
0.193,-0.362,-0.200
0.166,-0.368,-0.202
0.174,-0.390,-0.203
0.178,-0.425,-0.214
0.154,-0.459,-0.235
0.105,-0.471,-0.266
0.053,-0.448,-0.292
0.005,-0.385,-0.281
-0.048,-0.294,-0.196
-0.107,-0.188,-0.042
-0.160,-0.080,0.114
-0.189,0.011,0.180
-0.196,0.058,0.117
-0.193,0.034,-0.021
-0.193,-0.053,-0.141
-0.194,-0.156,-0.188
-0.194,-0.220,-0.177
-0.214,-0.217,-0.153
-0.277,-0.164,-0.134
-0.388,-0.091,-0.102
-0.500,-0.018,-0.046
-0.546,0.048,0.017
-0.487,0.096,0.047
-0.351,0.109,0.025
-0.205,0.088,-0.029
-0.101,0.058,-0.073
-0.044,0.049,-0.078
-0.007,0.064,-0.048
0.032,0.079,-0.011
0.072,0.077,0.001
0.109,0.073,-0.015
0.146,0.107,-0.035
0.184,0.200,-0.024
0.219,0.328,0.021
0.242,0.430,0.069
0.250,0.450,0.087
0.243,0.365,0.072
0.220,0.194,0.051
0.177,-0.013,0.034
0.113,-0.202,-0.003
0.040,-0.339,-0.086
-0.030,-0.419,-0.201
-0.089,-0.456,-0.293
-0.138,-0.455,-0.313
-0.188,-0.414,-0.258
-0.257,-0.341,-0.169
-0.346,-0.268,-0.093
-0.434,-0.227,-0.059
-0.474,-0.221,-0.065
-0.437,-0.219,-0.087
-0.333,-0.190,-0.093
-0.213,-0.129,-0.072
-0.129,-0.057,-0.046
-0.106,0.000,-0.043
-0.135,0.026,-0.066
-0.193,0.013,-0.085
-0.257,-0.030,-0.072
-0.309,-0.082,-0.031
-0.337,-0.117,0.009
-0.345,-0.120,0.033
-0.338,-0.098,0.048
-0.315,-0.067,0.067
-0.268,-0.046,0.082
-0.196,-0.042,0.069
-0.123,-0.058,0.020
-0.094,-0.078,-0.043
-0.130,-0.078,-0.077
-0.216,-0.039,-0.053
-0.302,0.027,0.023
-0.344,0.076,0.121
-0.325,0.069,0.192
-0.262,0.001,0.200
-0.186,-0.089,0.139
-0.133,-0.157,0.042
-0.131,-0.179,-0.032
-0.183,-0.153,-0.045
-0.257,-0.095,0.000
-0.302,-0.027,0.071
-0.287,0.021,0.141
-0.224,0.028,0.195
-0.163,-0.008,0.223
-0.143,-0.063,0.204
-0.161,-0.116,0.129
-0.181,-0.159,0.018
-0.165,-0.195,-0.088
-0.093,-0.224,-0.147
0.024,-0.238,-0.146
0.151,-0.237,-0.104
0.241,-0.234,-0.063
0.260,-0.238,-0.061
0.199,-0.242,-0.102
0.078,-0.229,-0.155
-0.074,-0.180,-0.190
-0.238,-0.097,-0.211
-0.402,0.002,-0.235
-0.559,0.091,-0.254
-0.694,0.149,-0.229
-0.783,0.180,-0.143
-0.796,0.202,-0.028
-0.721,0.242,0.056
-0.587,0.310,0.076
-0.454,0.393,0.050
-0.372,0.480,0.015
-0.344,0.561,-0.004
-0.340,0.617,0.005
-0.338,0.612,0.047
-0.342,0.521,0.111
-0.354,0.357,0.165
-0.361,0.171,0.178
-0.341,0.004,0.148
-0.298,-0.136,0.107
-0.259,-0.260,0.077
-0.250,-0.362,0.050
-0.271,-0.415,0.009
-0.316,-0.406,-0.040
-0.375,-0.352,-0.068
-0.428,-0.270,-0.052
-0.445,-0.174,0.010
-0.400,-0.071,0.089
-0.304,0.021,0.154
-0.201,0.081,0.178
-0.138,0.102,0.152
-0.128,0.093,0.084
-0.150,0.058,-0.003
-0.177,-0.007,-0.080
-0.201,-0.087,-0.117
-0.233,-0.142,-0.102
-0.283,-0.132,-0.043
-0.348,-0.054,0.029
-0.413,0.054,0.084
-0.469,0.142,0.101
-0.512,0.180,0.073
-0.537,0.169,0.005
-0.535,0.136,-0.077
-0.506,0.112,-0.140
-0.459,0.119,-0.154
-0.404,0.162,-0.118
-0.336,0.231,-0.055
-0.246,0.305,0.009
-0.145,0.370,0.059
-0.073,0.423,0.098
-0.068,0.469,0.126
-0.135,0.513,0.141
-0.244,0.548,0.143
-0.348,0.556,0.141
-0.412,0.524,0.155
-0.432,0.462,0.194
-0.419,0.398,0.246
-0.396,0.360,0.290
-0.384,0.354,0.305
-0.396,0.367,0.280
-0.431,0.375,0.216
-0.474,0.360,0.128
-0.504,0.322,0.046
-0.510,0.271,-0.002
-0.489,0.219,-0.010
-0.444,0.178,0.014
-0.382,0.149,0.058
-0.314,0.125,0.117
-0.253,0.086,0.179
-0.207,0.024,0.211
-0.179,-0.056,0.179
-0.174,-0.134,0.078
-0.196,-0.187,-0.050
-0.247,-0.199,-0.150
-0.314,-0.162,-0.192
-0.380,-0.084,-0.184
-0.432,0.010,-0.147
-0.473,0.088,-0.088
-0.499,0.137,0.001
-0.503,0.170,0.121
-0.483,0.205,0.252
-0.449,0.239,0.356
-0.427,0.247,0.401
-0.428,0.214,0.378
-0.449,0.155,0.307
-0.469,0.110,0.221
-0.471,0.117,0.146
-0.457,0.188,0.100
-0.439,0.306,0.086
-0.433,0.434,0.109
-0.443,0.527,0.172
-0.467,0.552,0.258
-0.497,0.500,0.326
-0.531,0.396,0.328
-0.561,0.272,0.240
-0.576,0.157,0.087
-0.567,0.073,-0.067
-0.535,0.034,-0.169
-0.496,0.046,-0.204
-0.464,0.091,-0.195
-0.448,0.135,-0.166
-0.439,0.153,-0.124
-0.417,0.150,-0.059
-0.357,0.155,0.035
-0.250,0.189,0.148
-0.119,0.247,0.248
-0.008,0.306,0.305
0.040,0.349,0.311
0.007,0.376,0.291
-0.089,0.394,0.287
-0.212,0.403,0.318
-0.324,0.403,0.365
-0.400,0.396,0.395
-0.435,0.384,0.385
-0.450,0.375,0.346
-0.468,0.372,0.298
-0.499,0.374,0.259
-0.530,0.370,0.220
-0.542,0.350,0.161
-0.530,0.318,0.084
-0.507,0.297,0.024
-0.498,0.318,0.029
-0.517,0.389,0.101
-0.557,0.482,0.184
-0.598,0.548,0.207
-0.617,0.548,0.147
-0.604,0.483,0.045
-0.558,0.391,-0.047
-0.481,0.318,-0.108
-0.387,0.287,-0.138
-0.311,0.284,-0.130
-0.285,0.283,-0.066
-0.313,0.278,0.049
-0.360,0.285,0.175
-0.387,0.311,0.263
-0.393,0.338,0.289
-0.403,0.330,0.265
-0.430,0.274,0.219
-0.456,0.189,0.182
-0.460,0.110,0.171
-0.445,0.061,0.193
-0.427,0.054,0.237
-0.406,0.092,0.288
-0.368,0.166,0.339
-0.311,0.251,0.392
-0.257,0.315,0.436
-0.227,0.334,0.444
-0.221,0.303,0.390
-0.219,0.227,0.277
-0.207,0.117,0.147
-0.194,0.000,0.047
-0.200,-0.080,0.005
-0.233,-0.093,0.026
-0.293,-0.035,0.099
-0.376,0.066,0.201
-0.476,0.178,0.287
-0.571,0.274,0.317
-0.634,0.341,0.283
-0.653,0.369,0.227
-0.633,0.371,0.203
-0.580,0.375,0.233
-0.501,0.401,0.288
-0.404,0.432,0.329
-0.307,0.423,0.339
-0.234,0.345,0.330
-0.191,0.214,0.314
-0.173,0.082,0.294
-0.178,-0.007,0.262
-0.218,-0.038,0.220
-0.299,-0.018,0.182
-0.403,0.035,0.155
-0.488,0.102,0.140
-0.520,0.157,0.140
-0.503,0.188,0.176
-0.472,0.209,0.260
-0.451,0.246,0.360
-0.436,0.321,0.412
-0.404,0.420,0.379
-0.359,0.509,0.300
-0.330,0.562,0.243
-0.331,0.585,0.230
-0.339,0.600,0.234
-0.318,0.612,0.237
-0.266,0.599,0.272
-0.207,0.544,0.363
-0.148,0.464,0.471
-0.077,0.391,0.512
0.005,0.332,0.452
0.053,0.250,0.337
0.024,0.127,0.235
-0.068,-0.003,0.171
-0.161,-0.084,0.118
-0.214,-0.105,0.057
-0.242,-0.103,-0.009
-0.284,-0.106,-0.058
-0.339,-0.093,-0.074
-0.372,-0.028,-0.040
-0.359,0.074,0.045
-0.310,0.155,0.146
-0.246,0.175,0.208
-0.175,0.148,0.202
-0.097,0.119,0.161
-0.028,0.127,0.142
0.000,0.201,0.167
-0.029,0.363,0.218
-0.107,0.603,0.276
-0.205,0.866,0.344
-0.288,1.076,0.423
-0.332,1.185,0.489
-0.330,1.185,0.506
-0.291,1.089,0.457
-0.238,0.910,0.359
-0.180,0.671,0.245
-0.118,0.412,0.147
-0.056,0.171,0.091
-0.014,-0.036,0.087
-0.014,-0.213,0.119
-0.063,-0.352,0.154
-0.144,-0.435,0.169
-0.236,-0.461,0.164
-0.318,-0.448,0.156
-0.374,-0.414,0.154
-0.393,-0.357,0.146
-0.373,-0.268,0.125
-0.325,-0.146,0.093
-0.262,-0.007,0.063
-0.186,0.140,0.038
-0.095,0.296,0.021
-0.003,0.451,0.033
0.058,0.585,0.114
0.064,0.679,0.270
0.028,0.723,0.451
-0.014,0.716,0.570
-0.031,0.645,0.578
-0.026,0.507,0.500
-0.016,0.333,0.388
-0.007,0.186,0.264
0.006,0.111,0.119
0.016,0.114,-0.041
-0.003,0.163,-0.164
-0.070,0.227,-0.188
-0.166,0.292,-0.105
-0.248,0.348,0.028
-0.281,0.360,0.128
-0.268,0.300,0.150
-0.229,0.176,0.110
-0.175,0.047,0.050
-0.095,-0.017,-0.012
0.024,0.005,-0.092
0.166,0.077,-0.188
0.287,0.140,-0.254
0.341,0.162,-0.221
0.320,0.156,-0.067
0.252,0.148,0.157
0.173,0.137,0.353
0.103,0.096,0.444
0.052,0.003,0.416
0.040,-0.123,0.307
0.074,-0.235,0.164
0.133,-0.299,0.020
0.167,-0.309,-0.119
0.147,-0.276,-0.235
0.100,-0.200,-0.286
0.078,-0.073,-0.229
0.108,0.100,-0.068
0.169,0.289,0.122
0.222,0.455,0.249
0.246,0.571,0.274
0.238,0.622,0.235
0.210,0.607,0.186
0.174,0.540,0.145
0.145,0.432,0.098
0.135,0.294,0.039
0.144,0.134,-0.019
0.160,-0.023,-0.066
0.170,-0.139,-0.108
0.163,-0.184,-0.154
0.133,-0.170,-0.190
0.074,-0.130,-0.188
-0.009,-0.083,-0.141
-0.094,-0.015,-0.081
-0.143,0.094,-0.063
-0.125,0.231,-0.104
-0.040,0.351,-0.151
0.074,0.412,-0.117
0.167,0.410,0.022
0.212,0.374,0.192
0.212,0.325,0.287
0.173,0.261,0.277
0.105,0.175,0.227
0.028,0.083,0.202
-0.015,0.024,0.184
0.007,0.016,0.099
0.076,0.027,-0.083
0.138,0.014,-0.291
0.168,-0.032,-0.412
0.194,-0.069,-0.392
0.252,-0.061,-0.264
0.327,-0.030,-0.100
0.359,-0.035,0.042
0.314,-0.094,0.128
0.232,-0.162,0.134
0.188,-0.175,0.058
0.214,-0.123,-0.073
0.270,-0.045,-0.210
0.299,0.024,-0.306
0.283,0.086,-0.328
0.252,0.155,-0.262
0.235,0.224,-0.119
0.241,0.267,0.061
0.262,0.267,0.229
0.301,0.229,0.347
0.355,0.169,0.388
0.404,0.104,0.323
0.410,0.048,0.144
0.357,0.014,-0.101
0.265,0.003,-0.314
0.182,0.004,-0.411
0.141,-0.003,-0.382
0.134,-0.026,-0.279
0.130,-0.067,-0.155
0.108,-0.122,-0.032
0.082,-0.180,0.071
0.092,-0.223,0.112
0.149,-0.241,0.044
0.222,-0.249,-0.126
0.252,-0.265,-0.330
0.215,-0.285,-0.472
0.140,-0.271,-0.493
0.080,-0.196,-0.395
0.062,-0.075,-0.226
0.078,0.050,-0.050
0.109,0.156,0.092
0.143,0.248,0.188
0.178,0.335,0.244
0.212,0.405,0.260
0.239,0.433,0.233
0.256,0.403,0.162
0.260,0.321,0.071
0.252,0.201,-0.009
0.231,0.063,-0.065
0.209,-0.070,-0.104
0.200,-0.177,-0.132
0.208,-0.250,-0.150
0.226,-0.296,-0.166
0.248,-0.320,-0.202
0.273,-0.325,-0.277
0.302,-0.318,-0.369
0.327,-0.313,-0.435
0.336,-0.305,-0.444
0.327,-0.274,-0.402
0.307,-0.203,-0.338
0.279,-0.113,-0.275
0.240,-0.046,-0.224
0.198,-0.032,-0.182
0.165,-0.063,-0.140
0.154,-0.108,-0.100
0.160,-0.145,-0.073
0.168,-0.164,-0.078
0.166,-0.154,-0.112
0.157,-0.110,-0.151
0.149,-0.033,-0.174
0.144,0.064,-0.176
0.136,0.169,-0.156
0.120,0.264,-0.104
0.100,0.323,-0.015
0.092,0.314,0.085
0.108,0.227,0.149
0.145,0.071,0.142
0.182,-0.124,0.069
0.203,-0.325,-0.030
0.208,-0.492,-0.129
0.207,-0.588,-0.225
0.214,-0.599,-0.320
0.233,-0.553,-0.393
0.261,-0.491,-0.399
0.289,-0.428,-0.323
0.310,-0.343,-0.193
0.321,-0.214,-0.068
0.320,-0.060,0.016
0.309,0.078,0.060
0.292,0.173,0.071
0.287,0.236,0.039
0.296,0.283,-0.052
0.302,0.304,-0.180
0.278,0.274,-0.285
0.220,0.193,-0.316
0.164,0.090,-0.274
0.153,-0.001,-0.204
0.194,-0.080,-0.158
0.252,-0.160,-0.160
0.285,-0.241,-0.203
0.274,-0.293,-0.260
0.225,-0.298,-0.299
0.147,-0.278,-0.305
0.052,-0.278,-0.285
-0.034,-0.321,-0.261
-0.075,-0.384,-0.250
-0.055,-0.432,-0.247
0.013,-0.446,-0.233
0.097,-0.430,-0.199
0.174,-0.393,-0.149
0.238,-0.342,-0.099
0.288,-0.288,-0.055
0.319,-0.243,-0.013
0.325,-0.214,0.039
0.318,-0.195,0.089
0.325,-0.178,0.110
0.369,-0.161,0.075
0.442,-0.145,0.003
0.504,-0.123,-0.063
0.514,-0.087,-0.089
0.460,-0.040,-0.081
0.363,-0.004,-0.068
0.247,-0.010,-0.078
0.133,-0.066,-0.126
0.041,-0.147,-0.214
-0.009,-0.210,-0.319
-0.011,-0.236,-0.395
0.004,-0.235,-0.403
0.003,-0.229,-0.357
-0.024,-0.222,-0.320
-0.058,-0.210,-0.345
-0.081,-0.200,-0.420
-0.093,-0.204,-0.483
-0.098,-0.221,-0.485
-0.096,-0.230,-0.430
-0.087,-0.221,-0.367
-0.081,-0.210,-0.337
-0.096,-0.222,-0.338
-0.126,-0.257,-0.336
-0.141,-0.293,-0.296
-0.097,-0.313,-0.215
0.014,-0.324,-0.121
0.158,-0.341,-0.055
0.277,-0.358,-0.039
0.335,-0.362,-0.062
0.343,-0.352,-0.101
0.335,-0.342,-0.144
0.336,-0.350,-0.198
0.346,-0.379,-0.268
0.352,-0.418,-0.335
0.359,-0.453,-0.364
0.376,-0.472,-0.327
0.404,-0.466,-0.228
0.432,-0.432,-0.108
0.447,-0.375,-0.025
0.443,-0.307,-0.021
0.410,-0.227,-0.099
0.329,-0.123,-0.223
0.206,0.007,-0.333
0.078,0.137,-0.381
-0.001,0.220,-0.358
-0.002,0.218,-0.297
0.065,0.126,-0.244
0.166,-0.027,-0.222
0.270,-0.199,-0.215
0.352,-0.352,-0.204
0.387,-0.458,-0.190
0.362,-0.512,-0.203
0.283,-0.528,-0.257
0.180,-0.527,-0.326
0.098,-0.521,-0.351
0.064,-0.504,-0.297
0.086,-0.472,-0.188
0.149,-0.438,-0.091
0.218,-0.425,-0.062
0.263,-0.444,-0.107
0.276,-0.477,-0.193
0.283,-0.489,-0.281
0.317,-0.454,-0.350
0.379,-0.380,-0.396
0.431,-0.291,-0.416
0.438,-0.204,-0.400
0.404,-0.123,-0.347
0.368,-0.053,-0.281
0.352,-0.014,-0.240
0.337,-0.021,-0.245
0.279,-0.072,-0.272
0.154,-0.147,-0.277
-0.002,-0.228,-0.248
-0.118,-0.312,-0.216
-0.137,-0.404,-0.223
-0.058,-0.497,-0.274
0.060,-0.560,-0.333
0.149,-0.559,-0.349
0.176,-0.483,-0.303
0.151,-0.367,-0.223
0.109,-0.273,-0.164
0.079,-0.253,-0.163
0.083,-0.306,-0.203
0.125,-0.389,-0.231
0.195,-0.449,-0.214
